Time (s),Ankle Position (deg),Ankle Velocity (deg/s),Cable 1 Tension,Cable 2 Tension,Motor Position (rad),Motor Velocity (rad/s),Motor Torque (Nm),Motor Temperature (C)
1.1083029676228762e-05,0.0,0.0,0.0,0.0,0.0,0.0,0.0,0
1.5117286250460893,0.0,0.0,0.0,0.0,0.4339284896850586,0.120880126953125,-0.03296661376953125,65
1.6490873750299215,0.0,0.0,2.2048351764678955,0.035457875579595566,0.4339284896850586,0.3846168518066406,-0.05494499206542969,65
1.739634958037641,0.0,0.0,2.2048351764678955,0.035457875579595566,0.4339284896850586,-0.1868133544921875,-0.05494499206542969,65
1.7949798330082558,0.0,0.0,2.2072527408599854,0.035457875579595566,0.4339284896850586,-0.07692337036132812,0.010989189147949219,65
1.885697333025746,0.0,0.0,2.208864450454712,0.035457875579595566,0.4339284896850586,0.2967033386230469,-0.03296661376953125,65
1.940191958041396,0.0,0.0,2.2217581272125244,0.035457875579595566,0.4339284896850586,0.16483688354492188,0.010989189147949219,65
2.0283884170348756,0.0,0.0,2.2104761600494385,0.035457875579595566,0.4339284896850586,0.3626365661621094,0.01831531524658203,65
2.0847331670229323,0.0,0.0,2.212087869644165,0.036263737827539444,0.4339284896850586,-0.16483688354492188,0.010989189147949219,65
2.1750722500146367,0.0,0.0,2.205641031265259,0.035457875579595566,0.4339284896850586,0.07692337036132812,0.010989189147949219,65
2.232731792028062,0.0,0.0,2.2169229984283447,0.035457875579595566,0.4339284896850586,0.2967033386230469,0.010989189147949219,65
2.3217031250242144,0.0,0.0,2.209670305252075,0.035457875579595566,0.4339284896850586,0.14285659790039062,-0.047618865966796875,65
2.3685278330231085,0.0,0.0,2.2048351764678955,0.035457875579595566,0.4339284896850586,0.14285659790039062,-0.047618865966796875,65
2.4465830420376733,0.0,0.0,2.2128937244415283,0.036263737827539444,0.4339284896850586,0.0549468994140625,0.025641441345214844,65
2.492475208011456,0.0,0.0,2.2072527408599854,0.035457875579595566,0.4339284896850586,0.010990142822265625,0.0036630630493164062,65
2.5718998750089668,0.0,0.0,2.2072527408599854,0.035457875579595566,0.4339284896850586,-0.0549468994140625,0.01831531524658203,65
2.6204183750087395,0.0,0.0,2.209670305252075,0.035457875579595566,0.4339284896850586,0.09889984130859375,-0.04029273986816406,65
2.703363917011302,0.0,0.0,2.2104761600494385,0.035457875579595566,0.4339284896850586,0.1868133544921875,0.01831531524658203,65
2.752266708004754,0.0,0.0,2.209670305252075,0.035457875579595566,0.4339284896850586,0.40659332275390625,-0.0036630630493164062,65
2.835330750036519,0.0,0.0,2.208864450454712,0.035457875579595566,0.4339284896850586,0.010990142822265625,-0.0036630630493164062,65
2.9199432079913095,0.0,0.0,2.2128937244415283,0.035457875579595566,0.4335470199584961,-0.3186798095703125,-0.047618865966796875,65
2.9702619170420803,0.0,0.0,2.215311288833618,0.035457875579595566,0.4335470199584961,-0.1868133544921875,-0.010989189147949219,65
3.060307500010822,0.0,0.0,2.206446647644043,0.035457875579595566,0.4339284896850586,0.07692337036132812,-0.03296661376953125,65
3.113771042029839,0.0,0.0,2.206446647644043,0.035457875579595566,0.4339284896850586,0.07692337036132812,-0.03296661376953125,65
3.199101625010371,0.0,0.0,2.2072527408599854,0.035457875579595566,0.4339284896850586,0.07692337036132812,-0.03296661376953125,65
3.250623500032816,0.0,0.0,2.2080585956573486,0.036263737827539444,0.4339284896850586,0.03296661376953125,-0.047618865966796875,65
3.334823167009745,0.0,0.0,2.2104761600494385,0.035457875579595566,0.4335470199584961,-0.25274658203125,0.0036630630493164062,65
3.3857145830406807,0.0,0.0,2.2104761600494385,0.035457875579595566,0.4335470199584961,-0.25274658203125,0.0036630630493164062,65
3.4689015420153737,0.0,0.0,2.212087869644165,0.035457875579595566,0.4339284896850586,-0.120880126953125,-0.03296661376953125,65
3.519708875042852,0.0,0.0,2.2136995792388916,0.036263737827539444,0.4339284896850586,-0.14285659790039062,-0.04029273986816406,65
3.605483416991774,0.0,0.0,2.2112820148468018,0.03465201333165169,0.4339284896850586,-0.010990142822265625,-0.01831531524658203,65
3.6601374170277268,0.0,0.0,2.2136995792388916,0.035457875579595566,0.4339284896850586,-0.16483688354492188,-0.047618865966796875,65
3.74499833304435,0.0,0.0,2.197582244873047,0.035457875579595566,0.4339284896850586,0.27472686767578125,-0.025641441345214844,65
3.7981847500195727,0.0,0.0,2.203223466873169,0.035457875579595566,0.4339284896850586,-0.03296661376953125,0.0036630630493164062,65
3.884230124996975,0.0,0.0,2.2072527408599854,0.035457875579595566,0.4339284896850586,0.010990142822265625,-0.047618865966796875,65
3.9373116670176387,0.0,0.0,2.2072527408599854,0.035457875579595566,0.4339284896850586,-0.010990142822265625,-0.03296661376953125,65
4.022437208041083,0.0,0.0,2.206446647644043,0.036263737827539444,0.4339284896850586,-0.07692337036132812,-0.0036630630493164062,65
4.077044250036124,0.0,0.0,2.214505434036255,0.035457875579595566,0.4339284896850586,0.010990142822265625,-0.04029273986816406,65
4.167765292047989,0.0,0.0,2.2354578971862793,0.035457875579595566,0.4339284896850586,-0.120880126953125,-0.0036630630493164062,65
4.222617167048156,0.0,0.0,2.2104761600494385,0.035457875579595566,0.4339284896850586,-0.120880126953125,-0.0036630630493164062,65
4.311603875015862,0.0,0.0,2.203223466873169,0.035457875579595566,0.4339284896850586,-0.03296661376953125,0.0036630630493164062,65
4.367860333004501,0.0,0.0,2.209670305252075,0.036263737827539444,0.4339284896850586,-0.03296661376953125,-0.01831531524658203,65
4.455959042010363,0.0,0.0,2.2161171436309814,0.035457875579595566,0.4339284896850586,-0.010990142822265625,0.0036630630493164062,65
4.511005542008206,0.0,0.0,2.2338459491729736,0.036263737827539444,0.4339284896850586,0.14285659790039062,-0.04029273986816406,65
4.589262666995637,0.0,0.0,2.2161171436309814,0.035457875579595566,0.4339284896850586,-0.07692337036132812,0.01831531524658203,65
4.6348509170347825,0.0,0.0,2.2161171436309814,0.035457875579595566,0.4339284896850586,-0.07692337036132812,0.01831531524658203,65
4.715486333006993,0.0,0.0,2.2104761600494385,0.035457875579595566,0.4335470199584961,-0.27472686767578125,-0.010989189147949219,65
4.762501917022746,0.0,0.0,2.2104761600494385,0.036263737827539444,0.4339284896850586,0.14285659790039062,-0.047618865966796875,65
4.841794542036951,0.0,0.0,2.2072527408599854,0.035457875579595566,0.4339284896850586,0.14285659790039062,-0.047618865966796875,65
4.888116916990839,0.0,0.0,2.2128937244415283,0.036263737827539444,0.4335470199584961,-0.5164833068847656,-0.047618865966796875,65
4.967299792042468,0.0,0.0,2.2128937244415283,0.035457875579595566,0.4339284896850586,0.14285659790039062,-0.04029273986816406,65
5.013583375024609,0.0,0.0,2.217728853225708,0.036263737827539444,0.4339284896850586,-0.03296661376953125,-0.04029273986816406,65
5.094925083045382,0.0,0.0,2.212087869644165,0.035457875579595566,0.4339284896850586,-0.07692337036132812,-0.010989189147949219,65
5.143473542004358,0.0,0.0,2.2128937244415283,0.036263737827539444,0.4339284896850586,-0.07692337036132812,-0.010989189147949219,65
5.2256287499913014,0.0,0.0,2.2185347080230713,0.035457875579595566,0.4339284896850586,0.3626365661621094,-0.047618865966796875,65
5.2741562080336735,0.0,0.0,2.2128937244415283,0.03384615108370781,0.4335470199584961,-0.27472686767578125,-0.047618865966796875,65
5.3562672919943,0.0,0.0,2.240293025970459,0.035457875579595566,0.4339284896850586,0.0549468994140625,-0.0036630630493164062,65
5.4047932919929735,0.0,0.0,2.206446647644043,0.03384615108370781,0.4335470199584961,-0.25274658203125,-0.047618865966796875,65
5.485838750028051,0.0,0.0,2.209670305252075,0.036263737827539444,0.4339284896850586,0.09889984130859375,-0.04029273986816406,65
5.533745875000022,0.0,0.0,2.205641031265259,0.035457875579595566,0.4339284896850586,-0.03296661376953125,-0.05494499206542969,65
5.613876125018578,0.0,0.0,2.208864450454712,0.035457875579595566,0.4339284896850586,0.16483688354492188,0.0036630630493164062,65
5.6612845830386505,0.0,0.0,2.2136995792388916,0.03384615108370781,0.4335470199584961,-0.40659332275390625,-0.05494499206542969,65
5.740736542036757,0.0,0.0,2.208864450454712,0.035457875579595566,0.4339284896850586,0.07692337036132812,-0.03296661376953125,65
5.789020833035465,0.0,0.0,2.200000047683716,0.035457875579595566,0.4335470199584961,-0.1868133544921875,0.01831531524658203,65
5.8687390420236625,0.0,0.0,2.209670305252075,0.036263737827539444,0.4339284896850586,0.16483688354492188,0.010989189147949219,65
5.916347167047206,0.0,0.0,2.209670305252075,0.036263737827539444,0.4339284896850586,-0.03296661376953125,-0.0036630630493164062,65
5.996375916991383,0.0,0.0,2.2128937244415283,0.036263737827539444,0.4339284896850586,0.09889984130859375,-0.010989189147949219,65
6.043494250043295,0.0,0.0,2.2225639820098877,0.036263737827539444,0.4339284896850586,0.09889984130859375,-0.010989189147949219,65
6.12550895800814,0.0,0.0,2.203223466873169,0.035457875579595566,0.4339284896850586,-0.010990142822265625,0.010989189147949219,65
6.176266000024043,0.0,0.0,2.2104761600494385,0.035457875579595566,0.4335470199584961,-0.20878982543945312,0.0036630630493164062,65
6.260169500019401,0.0,0.0,2.2136995792388916,0.035457875579595566,0.4339284896850586,0.03296661376953125,-0.0036630630493164062,65
6.309722208010498,0.0,0.0,2.212087869644165,0.035457875579595566,0.4339284896850586,-0.010990142822265625,-0.03296661376953125,65
6.392257917032111,0.0,0.0,2.206446647644043,0.035457875579595566,0.4339284896850586,-0.010990142822265625,-0.010989189147949219,65
6.44150187500054,0.0,0.0,2.22337007522583,0.035457875579595566,0.4339284896850586,-0.03296661376953125,0.010989189147949219,65
6.524007000029087,0.0,0.0,2.2040293216705322,0.036263737827539444,0.4339284896850586,0.010990142822265625,-0.04029273986816406,65
6.574268833035603,0.0,0.0,2.2104761600494385,0.035457875579595566,0.4335470199584961,-0.25274658203125,-0.025641441345214844,65
6.6606465830118395,0.0,0.0,2.2112820148468018,0.035457875579595566,0.4335470199584961,-0.2967033386230469,-0.04029273986816406,65
6.746867958048824,0.0,0.0,2.209670305252075,0.035457875579595566,0.4339284896850586,-0.23077011108398438,-0.03296661376953125,65
6.804006499995012,0.0,0.0,2.205641031265259,0.035457875579595566,0.4339284896850586,0.14285659790039062,-0.047618865966796875,65
6.894209875026718,0.0,0.0,2.2048351764678955,0.035457875579595566,0.4339284896850586,-0.0549468994140625,0.0036630630493164062,65
6.981407750048675,0.0,0.0,2.209670305252075,0.035457875579595566,0.4339284896850586,0.25274658203125,-0.047618865966796875,65
7.031800708035007,0.0,0.0,2.209670305252075,0.035457875579595566,0.4339284896850586,0.25274658203125,-0.047618865966796875,65
7.116916458006017,0.0,0.0,2.2330403327941895,0.035457875579595566,0.4339284896850586,-0.07692337036132812,-0.047618865966796875,65
7.16908758302452,0.0,0.0,2.2330403327941895,0.035457875579595566,0.4339284896850586,-0.07692337036132812,-0.047618865966796875,65
7.2532258330029435,0.0,0.0,2.2169229984283447,0.035457875579595566,0.4335470199584961,-0.20878982543945312,0.01831531524658203,65
7.305922417028341,0.0,0.0,2.2128937244415283,0.035457875579595566,0.4339284896850586,-0.03296661376953125,-0.025641441345214844,65
7.390700958028901,0.0,0.0,2.209670305252075,0.036263737827539444,0.4339284896850586,-0.16483688354492188,0.010989189147949219,65
7.443216542014852,0.0,0.0,2.209670305252075,0.035457875579595566,0.4339284896850586,0.09889984130859375,-0.0036630630493164062,65
7.527955166995525,0.0,0.0,2.2104761600494385,0.036263737827539444,0.4339284896850586,0.07692337036132812,-0.010989189147949219,65
7.578919332998339,0.0,0.0,2.2112820148468018,0.036263737827539444,0.4339284896850586,-0.010990142822265625,0.01831531524658203,65
7.663616792007815,0.0,0.0,2.215311288833618,0.035457875579595566,0.4339284896850586,0.09889984130859375,-0.04029273986816406,65
7.715174917015247,0.0,0.0,2.2104761600494385,0.036263737827539444,0.4339284896850586,0.07692337036132812,-0.05494499206542969,65
7.801233000005595,0.0,0.0,2.2112820148468018,0.035457875579595566,0.4339284896850586,0.1868133544921875,0.01831531524658203,65
7.852793542027939,0.0,0.0,2.2128937244415283,0.035457875579595566,0.4335470199584961,-0.120880126953125,-0.03296661376953125,65
7.939095625013579,0.0,0.0,2.2128937244415283,0.035457875579595566,0.4339284896850586,0.16483688354492188,-0.0036630630493164062,65
7.990171375044156,0.0,0.0,2.215311288833618,0.03465201333165169,0.4335470199584961,-0.25274658203125,-0.01831531524658203,65
8.075606375001371,0.0,0.0,2.215311288833618,0.036263737827539444,0.4339284896850586,0.0549468994140625,0.010989189147949219,65
8.129385333042592,0.0,0.0,2.212087869644165,0.035457875579595566,0.4339284896850586,-0.07692337036132812,-0.01831531524658203,65
8.216910207993351,0.0,0.0,2.208864450454712,0.035457875579595566,0.4335470199584961,-0.07692337036132812,-0.0036630630493164062,65
8.270395542029291,0.0,0.0,2.22337007522583,0.036263737827539444,0.4335470199584961,-0.07692337036132812,-0.0036630630493164062,65
8.358404708036687,0.0,0.0,2.214505434036255,0.035457875579595566,0.4339284896850586,0.09889984130859375,0.010989189147949219,65
8.41485866700532,0.0,0.0,2.214505434036255,0.035457875579595566,0.4339284896850586,0.03296661376953125,0.010989189147949219,65
8.503189667011611,0.0,0.0,2.2104761600494385,0.035457875579595566,0.4335470199584961,-0.1868133544921875,-0.047618865966796875,65
8.55729666701518,0.0,0.0,2.2136995792388916,0.036263737827539444,0.4335470199584961,-0.1868133544921875,-0.047618865966796875,65
8.645671708043665,0.0,0.0,2.2282052040100098,0.035457875579595566,0.4339284896850586,-0.120880126953125,-0.047618865966796875,65
8.700899667048361,0.0,0.0,2.212087869644165,0.036263737827539444,0.4335470199584961,-0.14285659790039062,-0.0036630630493164062,65
8.787847875035368,0.0,0.0,2.2169229984283447,0.035457875579595566,0.4335470199584961,-0.14285659790039062,-0.0036630630493164062,65
8.840654250001535,0.0,0.0,2.2128937244415283,0.035457875579595566,0.4335470199584961,-0.34066009521484375,-0.0036630630493164062,65
8.927273667010013,0.0,0.0,2.215311288833618,0.03465201333165169,0.4335470199584961,-0.1868133544921875,0.01831531524658203,65
8.980569458042737,0.0,0.0,2.209670305252075,0.036263737827539444,0.4339284896850586,-0.120880126953125,0.01831531524658203,65
9.067870208004024,0.0,0.0,2.2048351764678955,0.035457875579595566,0.4339284896850586,0.14285659790039062,0.0036630630493164062,65
9.113351958047133,0.0,0.0,2.2048351764678955,0.035457875579595566,0.4339284896850586,0.14285659790039062,0.0036630630493164062,65
9.192424125038087,0.0,0.0,2.215311288833618,0.036263737827539444,0.4339284896850586,0.010990142822265625,0.010989189147949219,65
9.239386708009988,0.0,0.0,2.2080585956573486,0.036263737827539444,0.4339284896850586,0.0549468994140625,-0.01831531524658203,65
9.317724124994129,0.0,0.0,2.215311288833618,0.03465201333165169,0.4335470199584961,-0.2967033386230469,0.01831531524658203,65
9.363497875048779,0.0,0.0,2.229011058807373,0.035457875579595566,0.4339284896850586,0.09889984130859375,-0.0036630630493164062,65
9.442002375028096,0.0,0.0,2.22337007522583,0.03465201333165169,0.4335470199584961,-0.16483688354492188,-0.025641441345214844,65
9.487549042038154,0.0,0.0,2.2128937244415283,0.035457875579595566,0.4339284896850586,-0.14285659790039062,0.010989189147949219,65
9.565687499998603,0.0,0.0,2.205641031265259,0.036263737827539444,0.4339284896850586,0.20878982543945312,0.01831531524658203,65
9.611011292028707,0.0,0.0,2.2112820148468018,0.035457875579595566,0.4339284896850586,0.1868133544921875,0.010989189147949219,65
9.690685417037457,0.0,0.0,2.2136995792388916,0.035457875579595566,0.4339284896850586,0.14285659790039062,0.010989189147949219,65
9.736239375022706,0.0,0.0,2.2136995792388916,0.035457875579595566,0.4339284896850586,0.626373291015625,0.0036630630493164062,65
9.8155854580109,0.0,0.0,2.2112820148468018,0.037069596350193024,0.4339284896850586,0.120880126953125,-0.047618865966796875,65
9.86145695799496,0.0,0.0,2.208864450454712,0.035457875579595566,0.4339284896850586,0.120880126953125,-0.047618865966796875,65
9.940033374994528,0.0,0.0,2.2136995792388916,0.035457875579595566,0.4335470199584961,-0.2967033386230469,0.0036630630493164062,65
9.986653458036017,0.0,0.0,2.2080585956573486,0.035457875579595566,0.4335470199584961,-0.2967033386230469,0.0036630630493164062,65
10.065686208021361,0.0,0.0,2.2136995792388916,0.035457875579595566,0.4335470199584961,-0.07692337036132812,-0.010989189147949219,65
10.111955625005066,0.0,0.0,2.2104761600494385,0.035457875579595566,0.4339284896850586,0.010990142822265625,-0.047618865966796875,65
10.19141812500311,0.0,0.0,2.214505434036255,0.036263737827539444,0.4339284896850586,-0.23077011108398438,0.01831531524658203,65
10.238146957999561,0.0,0.0,2.2024173736572266,0.035457875579595566,0.4339284896850586,0.010990142822265625,-0.03296661376953125,65
10.31803054199554,0.0,0.0,2.212087869644165,0.036263737827539444,0.4335470199584961,-0.3626365661621094,0.025641441345214844,65
10.363641750009265,0.0,0.0,2.206446647644043,0.036263737827539444,0.4339284896850586,-0.010990142822265625,-0.047618865966796875,65
10.442769457993563,0.0,0.0,2.2112820148468018,0.036263737827539444,0.4339284896850586,0.07692337036132812,-0.03296661376953125,65
10.488805458007846,0.0,0.0,2.208864450454712,0.035457875579595566,0.4339284896850586,0.07692337036132812,-0.03296661376953125,65
10.569025417033117,0.0,0.0,2.2040293216705322,0.035457875579595566,0.4339284896850586,0.14285659790039062,-0.01831531524658203,65
10.614521333016455,0.0,0.0,2.200805902481079,0.036263737827539444,0.4339284896850586,-0.120880126953125,-0.0036630630493164062,65
10.696955082996283,0.0,0.0,2.208864450454712,0.035457875579595566,0.4339284896850586,-0.14285659790039062,-0.0036630630493164062,65
10.748954875045456,0.0,0.0,2.2112820148468018,0.035457875579595566,0.4339284896850586,0.0549468994140625,-0.0036630630493164062,65
10.835678292030934,0.0,0.0,2.2169229984283447,0.036263737827539444,0.4339284896850586,0.0549468994140625,-0.025641441345214844,65
10.925457042001653,0.0,0.0,2.2024173736572266,0.036263737827539444,0.4339284896850586,0.0549468994140625,-0.025641441345214844,65
11.00989008299075,0.0,0.0,2.200000047683716,0.036263737827539444,0.4339284896850586,-0.09889984130859375,0.01831531524658203,65
11.08819974999642,0.0,0.0,2.2104761600494385,0.035457875579595566,0.4339284896850586,0.120880126953125,0.010989189147949219,65
11.167608208023012,0.0,0.0,2.2185347080230713,0.036263737827539444,0.4335470199584961,-0.3626365661621094,0.01831531524658203,65
11.247358958004043,0.0,0.0,2.2080585956573486,0.035457875579595566,0.4339284896850586,-0.120880126953125,-0.025641441345214844,65
11.329962957999669,0.0,0.0,2.203223466873169,0.035457875579595566,0.4339284896850586,0.010990142822265625,-0.025641441345214844,65
11.381021667039022,0.0,0.0,2.2048351764678955,0.036263737827539444,0.4339284896850586,-0.14285659790039062,0.01831531524658203,65
11.467206542030908,0.0,0.0,2.2080585956573486,0.036263737827539444,0.4339284896850586,0.03296661376953125,0.0036630630493164062,65
11.516394958016463,0.0,0.0,2.209670305252075,0.036263737827539444,0.4339284896850586,0.07692337036132812,-0.03296661376953125,65
11.601406750036404,0.0,0.0,2.214505434036255,0.036263737827539444,0.4335470199584961,-0.20878982543945312,0.01831531524658203,65
11.650174125039484,0.0,0.0,2.2104761600494385,0.035457875579595566,0.4339284896850586,0.0549468994140625,-0.010989189147949219,65
11.734809999994468,0.0,0.0,2.2161171436309814,0.035457875579595566,0.4339284896850586,-0.2967033386230469,0.010989189147949219,65
11.78177450003568,0.0,0.0,2.2161171436309814,0.035457875579595566,0.4339284896850586,-0.2967033386230469,0.010989189147949219,65
11.862945375032723,0.0,0.0,2.2104761600494385,0.035457875579595566,0.4339284896850586,0.010990142822265625,0.01831531524658203,65
11.91007924999576,0.0,0.0,2.2161171436309814,0.03465201333165169,0.4339284896850586,0.3626365661621094,0.010989189147949219,65
11.991762083023787,0.0,0.0,2.2048351764678955,0.036263737827539444,0.4339284896850586,-0.23077011108398438,-0.04029273986816406,65
12.037962750007864,0.0,0.0,2.2048351764678955,0.036263737827539444,0.4339284896850586,0.27472686767578125,0.010989189147949219,65
12.116855333035346,0.0,0.0,2.206446647644043,0.036263737827539444,0.4339284896850586,0.25274658203125,0.010989189147949219,65
12.16350158303976,0.0,0.0,2.2072527408599854,0.035457875579595566,0.4339284896850586,0.16483688354492188,0.010989189147949219,65
12.243209292006213,0.0,0.0,2.296703338623047,0.035457875579595566,0.4339284896850586,0.0549468994140625,0.010989189147949219,65
12.288921917031985,0.0,0.0,2.296703338623047,0.035457875579595566,0.4339284896850586,0.0549468994140625,0.010989189147949219,65
12.369030208035838,0.0,0.0,2.4208059310913086,0.036263737827539444,0.4339284896850586,-0.120880126953125,0.0036630630493164062,65
12.415223582996987,0.0,0.0,2.407912015914917,0.035457875579595566,0.4339284896850586,-0.16483688354492188,-0.04029273986816406,65
12.494743250019383,0.0,0.0,2.6254944801330566,0.035457875579595566,0.4339284896850586,0.07692337036132812,-0.03296661376953125,65
12.540763458004221,0.0,0.0,2.6561172008514404,0.036263737827539444,0.4335470199584961,0.1868133544921875,-0.01831531524658203,65
12.619054125039838,0.0,0.0,2.657728910446167,0.035457875579595566,0.4335470199584961,0.14285659790039062,-0.0036630630493164062,65
12.667095250042621,0.0,0.0,2.6569230556488037,0.035457875579595566,0.4335470199584961,0.14285659790039062,-0.0036630630493164062,65
12.745601583039388,0.0,0.0,2.652087926864624,0.035457875579595566,0.4335470199584961,-0.09889984130859375,-0.010989189147949219,65
12.791074375039898,0.0,0.0,2.6657874584198,0.03465201333165169,0.4335470199584961,-0.09889984130859375,-0.010989189147949219,65
12.869836167024914,0.0,0.0,2.6770694255828857,0.035457875579595566,0.4331655502319336,-0.34066009521484375,0.0036630630493164062,65
12.91544045804767,0.0,0.0,2.7552380561828613,0.035457875579595566,0.4335470199584961,-0.03296661376953125,-0.047618865966796875,65
12.994794458034448,0.0,0.0,2.7528204917907715,0.035457875579595566,0.4331655502319336,-0.120880126953125,0.010989189147949219,65
13.040338833001442,0.0,0.0,2.7528204917907715,0.035457875579595566,0.4331655502319336,-0.120880126953125,0.010989189147949219,65
13.119801166991238,0.0,0.0,2.7536263465881348,0.035457875579595566,0.4335470199584961,0.0549468994140625,0.010989189147949219,65
13.166259000019636,0.0,0.0,2.7592673301696777,0.036263737827539444,0.4331655502319336,-0.2967033386230469,-0.03296661376953125,65
13.244816875027027,0.0,0.0,2.7608790397644043,0.036263737827539444,0.4335470199584961,0.03296661376953125,-0.047618865966796875,65
13.291400082991458,0.0,0.0,2.69802188873291,0.035457875579595566,0.4331655502319336,-0.120880126953125,0.010989189147949219,65
13.369772333011497,0.0,0.0,2.590036630630493,0.035457875579595566,0.4335470199584961,-0.07692337036132812,0.01831531524658203,65
13.41585849999683,0.0,0.0,2.5626373291015625,0.035457875579595566,0.4331655502319336,-0.20878982543945312,-0.01831531524658203,65
13.494803375040647,0.0,0.0,2.557802200317383,0.03465201333165169,0.4331655502319336,-0.3186798095703125,-0.04029273986816406,65
13.540830667014234,0.0,0.0,2.5110621452331543,0.035457875579595566,0.4335470199584961,0.09889984130859375,0.010989189147949219,65
13.619799667038023,0.0,0.0,2.496556520462036,0.035457875579595566,0.4335470199584961,0.120880126953125,-0.04029273986816406,65
13.665348417009227,0.0,0.0,2.498974323272705,0.035457875579595566,0.4335470199584961,0.25274658203125,-0.010989189147949219,65
13.744496500003152,0.0,0.0,2.478827714920044,0.03465201333165169,0.4335470199584961,-0.1868133544921875,-0.010989189147949219,65
13.790397000033408,0.0,0.0,2.481245517730713,0.035457875579595566,0.4335470199584961,0.120880126953125,0.010989189147949219,65
13.869750583020505,0.0,0.0,2.449816942214966,0.035457875579595566,0.4335470199584961,-0.010990142822265625,0.01831531524658203,65
13.915436750045046,0.0,0.0,2.449816942214966,0.035457875579595566,0.4335470199584961,-0.010990142822265625,0.01831531524658203,65
13.994651250017341,0.0,0.0,2.441758155822754,0.035457875579595566,0.4335470199584961,0.120880126953125,0.01831531524658203,65
14.045826167042833,0.0,0.0,2.45062255859375,0.035457875579595566,0.4331655502319336,-0.25274658203125,-0.04029273986816406,65
14.126164417015389,0.0,0.0,2.447399139404297,0.035457875579595566,0.4331655502319336,0.03296661376953125,-0.0036630630493164062,65
14.173015042033512,0.0,0.0,2.449816942214966,0.035457875579595566,0.4331655502319336,-0.16483688354492188,0.0036630630493164062,65
14.253130833036266,0.0,0.0,2.430476188659668,0.035457875579595566,0.4331655502319336,-0.14285659790039062,-0.025641441345214844,65
14.311403417028487,0.0,0.0,2.4151647090911865,0.035457875579595566,0.4331655502319336,-0.03296661376953125,-0.01831531524658203,65
14.356594083015807,0.0,0.0,2.379706859588623,0.036263737827539444,0.4331655502319336,0.14285659790039062,0.010989189147949219,65
14.43646841699956,0.0,0.0,2.3192672729492188,0.035457875579595566,0.4331655502319336,0.07692337036132812,-0.04029273986816406,65
14.48230054200394,0.0,0.0,2.296703338623047,0.036263737827539444,0.4331655502319336,-0.14285659790039062,0.010989189147949219,65
14.565191500005312,0.0,0.0,2.2443222999572754,0.036263737827539444,0.4331655502319336,-0.1868133544921875,-0.0036630630493164062,65
14.611607250000816,0.0,0.0,2.226593255996704,0.035457875579595566,0.4335470199584961,0.27472686767578125,-0.03296661376953125,65
14.690680750005413,0.0,0.0,2.2040293216705322,0.036263737827539444,0.4331655502319336,-0.09889984130859375,-0.0036630630493164062,65
14.769018666993361,0.0,0.0,2.200000047683716,0.035457875579595566,0.4331655502319336,0.07692337036132812,0.0036630630493164062,65
14.815294000029098,0.0,0.0,2.2080585956573486,0.035457875579595566,0.4331655502319336,-0.120880126953125,0.0036630630493164062,65
14.895919667033013,0.0,0.0,2.2080585956573486,0.035457875579595566,0.4331655502319336,0.0549468994140625,0.010989189147949219,65
14.94244987500133,0.0,0.0,2.215311288833618,0.035457875579595566,0.4331655502319336,-0.010990142822265625,0.0036630630493164062,65
15.02162508299807,0.0,0.0,2.209670305252075,0.035457875579595566,0.4331655502319336,-0.09889984130859375,-0.01831531524658203,65
15.102583708008751,0.0,0.0,2.2128937244415283,0.035457875579595566,0.4331655502319336,-0.03296661376953125,-0.025641441345214844,65
15.148281750036404,0.0,0.0,2.2217581272125244,0.03465201333165169,0.4331655502319336,-0.09889984130859375,-0.047618865966796875,65
15.226507292012684,0.0,0.0,2.2136995792388916,0.035457875579595566,0.4331655502319336,-0.07692337036132812,0.0036630630493164062,65
15.272379375004675,0.0,0.0,2.215311288833618,0.035457875579595566,0.4331655502319336,0.14285659790039062,-0.025641441345214844,65
15.352150582999457,0.0,0.0,2.2112820148468018,0.035457875579595566,0.4331655502319336,0.14285659790039062,-0.025641441345214844,65
15.398192292021122,0.0,0.0,2.2136995792388916,0.03384615108370781,0.4331655502319336,0.0549468994140625,-0.010989189147949219,65
15.477534500008915,0.0,0.0,2.2217581272125244,0.036263737827539444,0.4331655502319336,-0.23077011108398438,0.010989189147949219,65
15.523997250013053,0.0,0.0,2.217728853225708,0.035457875579595566,0.4331655502319336,0.16483688354492188,-0.047618865966796875,65
15.603037208027672,0.0,0.0,2.2588276863098145,0.035457875579595566,0.4331655502319336,-0.010990142822265625,0.010989189147949219,65
15.649241583014373,0.0,0.0,2.2958974838256836,0.035457875579595566,0.4331655502319336,-0.120880126953125,0.010989189147949219,65
15.728319499990903,0.0,0.0,2.342637300491333,0.035457875579595566,0.4331655502319336,0.07692337036132812,-0.010989189147949219,65
15.809010875003878,0.0,0.0,2.342637300491333,0.035457875579595566,0.4331655502319336,0.07692337036132812,-0.04029273986816406,65
15.855705166992266,0.0,0.0,2.5336263179779053,0.035457875579595566,0.4331655502319336,-0.010990142822265625,-0.047618865966796875,65
15.93551275000209,0.0,0.0,2.606153964996338,0.035457875579595566,0.4331655502319336,-0.03296661376953125,0.0036630630493164062,65
15.981555000005756,0.0,0.0,2.660146474838257,0.035457875579595566,0.4331655502319336,0.03296661376953125,-0.010989189147949219,65
16.0602300830069,0.0,0.0,2.66336989402771,0.035457875579595566,0.4331655502319336,-0.1868133544921875,-0.047618865966796875,65
16.12023170804605,0.0,0.0,2.669816732406616,0.036263737827539444,0.4331655502319336,-0.1868133544921875,-0.047618865966796875,65
16.202409207995515,0.0,0.0,2.6786813735961914,0.035457875579595566,0.4331655502319336,-0.0549468994140625,0.010989189147949219,65
16.248783458024263,0.0,0.0,2.671428680419922,0.035457875579595566,0.4331655502319336,-0.0549468994140625,0.010989189147949219,65
16.32879895804217,0.0,0.0,2.5658607482910156,0.035457875579595566,0.4327840805053711,0.14285659790039062,0.0036630630493164062,65
16.375133708002977,0.0,0.0,2.5658607482910156,0.035457875579595566,0.4327840805053711,0.14285659790039062,0.0036630630493164062,65
16.454891500005033,0.0,0.0,2.52476167678833,0.035457875579595566,0.4327840805053711,0.09889984130859375,-0.010989189147949219,65
16.501153542019892,0.0,0.0,2.4973626136779785,0.035457875579595566,0.4327840805053711,-0.16483688354492188,0.010989189147949219,65
16.580350292031653,0.0,0.0,2.4917216300964355,0.036263737827539444,0.4327840805053711,0.09889984130859375,-0.010989189147949219,65
16.626936833024956,0.0,0.0,2.4151647090911865,0.036263737827539444,0.4327840805053711,-0.03296661376953125,-0.0036630630493164062,65
16.71118149999529,0.0,0.0,2.308791160583496,0.035457875579595566,0.4327840805053711,0.1868133544921875,0.01831531524658203,65
16.757529708032962,0.0,0.0,2.2733333110809326,0.035457875579595566,0.4327840805053711,-0.23077011108398438,-0.03296661376953125,65
16.838621583010536,0.0,0.0,2.197582244873047,0.035457875579595566,0.4327840805053711,0.03296661376953125,0.010989189147949219,65
16.88456691702595,0.0,0.0,2.1959707736968994,0.035457875579595566,0.4320211410522461,-0.03296661376953125,-0.010989189147949219,65
16.964182583033107,0.0,0.0,2.172600746154785,0.035457875579595566,0.4320211410522461,-0.1868133544921875,0.0036630630493164062,65
17.010528500017244,0.0,0.0,2.155677556991577,0.036263737827539444,0.4324026107788086,-0.010990142822265625,-0.01831531524658203,65
17.092007750004996,0.0,0.0,2.0879852771759033,0.035457875579595566,0.4324026107788086,-0.07692337036132812,-0.0036630630493164062,65
17.137819750001654,0.0,0.0,2.0372159481048584,0.036263737827539444,0.4324026107788086,0.3186798095703125,0.0036630630493164062,65
17.217869500047527,0.0,0.0,2.0090107917785645,0.035457875579595566,0.4324026107788086,-0.010990142822265625,-0.03296661376953125,65
17.264608125027735,0.0,0.0,2.001758337020874,0.035457875579595566,0.4324026107788086,0.3846168518066406,0.010989189147949219,65
17.345836958033033,0.0,0.0,2.0033698081970215,0.036263737827539444,0.4324026107788086,-0.1868133544921875,0.010989189147949219,65
17.392661791993305,0.0,0.0,2.0033698081970215,0.036263737827539444,0.4324026107788086,-0.1868133544921875,0.010989189147949219,65
17.473786832997575,0.0,0.0,2.078315019607544,0.035457875579595566,0.4324026107788086,-0.010990142822265625,-0.03296661376953125,65
17.521210375009105,0.0,0.0,2.1460072994232178,0.035457875579595566,0.4324026107788086,0.27472686767578125,-0.025641441345214844,65
17.603152083000168,0.0,0.0,2.135531187057495,0.037069596350193024,0.4324026107788086,-0.16483688354492188,0.01831531524658203,65
17.649883958045393,0.0,0.0,2.1387546062469482,0.036263737827539444,0.4324026107788086,0.23077011108398438,0.010989189147949219,65
17.72882675001165,0.0,0.0,2.143589735031128,0.036263737827539444,0.4324026107788086,0.1868133544921875,-0.047618865966796875,65
17.77462366700638,0.0,0.0,2.160512685775757,0.035457875579595566,0.4320211410522461,-0.23077011108398438,-0.0036630630493164062,65
17.855653167003766,0.0,0.0,2.324908494949341,0.03465201333165169,0.4324026107788086,-0.16483688354492188,-0.01831531524658203,65
17.903205250040628,0.0,0.0,2.37406587600708,0.035457875579595566,0.4324026107788086,0.03296661376953125,0.01831531524658203,65
17.982279458025005,0.0,0.0,2.5424909591674805,0.036263737827539444,0.4324026107788086,-0.120880126953125,-0.047618865966796875,65
18.028733875020407,0.0,0.0,2.544908285140991,0.036263737827539444,0.4324026107788086,-0.120880126953125,-0.047618865966796875,65
18.109097917040344,0.0,0.0,2.5989010334014893,0.035457875579595566,0.4324026107788086,0.2967033386230469,0.01831531524658203,65
18.156688250019215,0.0,0.0,2.672234296798706,0.035457875579595566,0.4324026107788086,-0.120880126953125,0.010989189147949219,65
18.236451583041344,0.0,0.0,2.6738460063934326,0.035457875579595566,0.4324026107788086,0.120880126953125,0.010989189147949219,65
18.315625667048153,0.0,0.0,2.6682050228118896,0.035457875579595566,0.4324026107788086,-0.120880126953125,0.010989189147949219,65
18.363171458011493,0.0,0.0,2.6053478717803955,0.035457875579595566,0.4320211410522461,-0.20878982543945312,0.01831531524658203,65
18.442113875003997,0.0,0.0,2.532820463180542,0.035457875579595566,0.4320211410522461,-0.25274658203125,0.01831531524658203,65
18.488965791999362,0.0,0.0,2.5134799480438232,0.035457875579595566,0.4320211410522461,-0.16483688354492188,0.0036630630493164062,65
18.56782233301783,0.0,0.0,2.51025652885437,0.036263737827539444,0.4320211410522461,-0.16483688354492188,-0.0036630630493164062,65
18.614035542006604,0.0,0.0,2.512673854827881,0.035457875579595566,0.4324026107788086,0.07692337036132812,-0.0036630630493164062,65
18.694032083032653,0.0,0.0,2.5086445808410645,0.035457875579595566,0.4324026107788086,-0.120880126953125,-0.0036630630493164062,65
18.772919167007785,0.0,0.0,2.5005860328674316,0.035457875579595566,0.4324026107788086,-0.120880126953125,0.010989189147949219,65
18.81990612501977,0.0,0.0,2.5054214000701904,0.035457875579595566,0.4324026107788086,-0.010990142822265625,-0.01831531524658203,65
18.900002083042637,0.0,0.0,2.504615306854248,0.035457875579595566,0.4324026107788086,0.23077011108398438,0.010989189147949219,65
18.945943291997537,0.0,0.0,2.501391887664795,0.035457875579595566,0.4324026107788086,0.23077011108398438,0.010989189147949219,65
19.026973750034813,0.0,0.0,2.504615306854248,0.035457875579595566,0.4324026107788086,0.0549468994140625,0.0036630630493164062,65
19.073559333046433,0.0,0.0,2.5110621452331543,0.036263737827539444,0.4324026107788086,0.010990142822265625,-0.04029273986816406,65
19.153091542015318,0.0,0.0,2.504615306854248,0.035457875579595566,0.4324026107788086,0.09889984130859375,0.0036630630493164062,65
19.20002570800716,0.0,0.0,2.504615306854248,0.035457875579595566,0.4324026107788086,0.09889984130859375,0.0036630630493164062,65
19.280569125025067,0.0,0.0,2.504615306854248,0.035457875579595566,0.4324026107788086,-0.010990142822265625,0.010989189147949219,65
19.328148125030566,0.0,0.0,2.518315076828003,0.03465201333165169,0.4320211410522461,-0.07692337036132812,0.010989189147949219,65
19.40726587502286,0.0,0.0,2.5167031288146973,0.035457875579595566,0.4320211410522461,-0.23077011108398438,-0.010989189147949219,65
19.45428362500388,0.0,0.0,2.515897274017334,0.035457875579595566,0.4320211410522461,-0.010990142822265625,-0.0036630630493164062,65
19.534717083035503,0.0,0.0,2.495750904083252,0.035457875579595566,0.4320211410522461,-0.07692337036132812,-0.0036630630493164062,65
19.58105570799671,0.0,0.0,2.5054214000701904,0.036263737827539444,0.4320211410522461,0.1868133544921875,-0.04029273986816406,65
19.661244292045012,0.0,0.0,2.5086445808410645,0.035457875579595566,0.4320211410522461,0.1868133544921875,-0.04029273986816406,65
19.707866707991343,0.0,0.0,2.5086445808410645,0.035457875579595566,0.4320211410522461,0.1868133544921875,-0.04029273986816406,65
19.78945650003152,0.0,0.0,2.5030035972595215,0.035457875579595566,0.4324026107788086,0.07692337036132812,-0.03296661376953125,65
19.835979958006646,0.0,0.0,2.5038094520568848,0.035457875579595566,0.4320211410522461,-0.25274658203125,0.0036630630493164062,65
19.91498970799148,0.0,0.0,2.507032871246338,0.035457875579595566,0.4320211410522461,-0.010990142822265625,0.010989189147949219,65
19.960859542014077,0.0,0.0,2.5110621452331543,0.035457875579595566,0.4320211410522461,-0.23077011108398438,0.01831531524658203,65
20.041676125023514,0.0,0.0,2.5054214000701904,0.035457875579595566,0.4320211410522461,-0.0549468994140625,-0.05494499206542969,65
20.089040375023615,0.0,0.0,2.5054214000701904,0.035457875579595566,0.4320211410522461,0.03296661376953125,-0.04029273986816406,65
20.173904333030805,0.0,0.0,2.5118680000305176,0.035457875579595566,0.4320211410522461,-0.07692337036132812,-0.03296661376953125,65
20.222214542038273,0.0,0.0,2.509450674057007,0.03465201333165169,0.4320211410522461,-0.120880126953125,0.01831531524658203,65
20.305277583014686,0.0,0.0,2.5038094520568848,0.035457875579595566,0.4320211410522461,-0.09889984130859375,0.010989189147949219,65
20.352238374995068,0.0,0.0,2.507838726043701,0.035457875579595566,0.4320211410522461,-0.20878982543945312,0.0036630630493164062,65
20.432191250030883,0.0,0.0,2.509450674057007,0.035457875579595566,0.4320211410522461,0.07692337036132812,-0.025641441345214844,65
20.47922587499488,0.0,0.0,2.507838726043701,0.035457875579595566,0.4320211410522461,-0.14285659790039062,0.010989189147949219,65
20.558318542025518,0.0,0.0,2.5086445808410645,0.03465201333165169,0.4324026107788086,0.07692337036132812,-0.01831531524658203,65
20.60521362500731,0.0,0.0,2.5279853343963623,0.035457875579595566,0.4324026107788086,0.14285659790039062,0.0036630630493164062,65
20.685645333025604,0.0,0.0,2.4917216300964355,0.035457875579595566,0.4320211410522461,-0.010990142822265625,-0.03296661376953125,65
20.73242970800493,0.0,0.0,2.5062270164489746,0.035457875579595566,0.4324026107788086,0.0549468994140625,-0.025641441345214844,65
20.811400083010085,0.0,0.0,2.5086445808410645,0.03465201333165169,0.4320211410522461,-0.120880126953125,-0.05494499206542969,65
20.85794050002005,0.0,0.0,2.5062270164489746,0.035457875579595566,0.4320211410522461,0.010990142822265625,0.0036630630493164062,65
20.93751316703856,0.0,0.0,2.5062270164489746,0.036263737827539444,0.4324026107788086,0.09889984130859375,-0.0036630630493164062,65
20.983950458001345,0.0,0.0,2.5207324028015137,0.035457875579595566,0.4320211410522461,0.09889984130859375,0.0036630630493164062,65
21.064086625003256,0.0,0.0,2.5054214000701904,0.036263737827539444,0.4324026107788086,-0.010990142822265625,-0.0036630630493164062,65
21.110052292002365,0.0,0.0,2.5086445808410645,0.035457875579595566,0.4320211410522461,-0.1868133544921875,0.01831531524658203,65
21.189303042017855,0.0,0.0,2.501391887664795,0.036263737827539444,0.4320211410522461,-0.07692337036132812,0.0036630630493164062,65
21.23568887502188,0.0,0.0,2.501391887664795,0.036263737827539444,0.4320211410522461,-0.07692337036132812,0.0036630630493164062,65
21.317379000014625,0.0,0.0,2.509450674057007,0.035457875579595566,0.4320211410522461,-0.120880126953125,-0.04029273986816406,65
21.39716650004266,0.0,0.0,2.504615306854248,0.03465201333165169,0.4320211410522461,0.0549468994140625,-0.010989189147949219,65
21.443461167044006,0.0,0.0,2.5142858028411865,0.036263737827539444,0.4320211410522461,-0.0549468994140625,0.010989189147949219,65
21.523882167006377,0.0,0.0,2.5054214000701904,0.036263737827539444,0.4320211410522461,-0.23077011108398438,0.0036630630493164062,65
21.570880167011637,0.0,0.0,2.507032871246338,0.035457875579595566,0.4320211410522461,0.07692337036132812,-0.04029273986816406,65
21.650937042024452,0.0,0.0,2.5038094520568848,0.035457875579595566,0.4324026107788086,0.03296661376953125,-0.025641441345214844,65
21.702662500028964,0.0,0.0,2.5336263179779053,0.035457875579595566,0.4324026107788086,0.16483688354492188,0.010989189147949219,65
21.786432875029277,0.0,0.0,2.504615306854248,0.035457875579595566,0.4320211410522461,0.010990142822265625,-0.0036630630493164062,65
21.835466624994297,0.0,0.0,2.5086445808410645,0.035457875579595566,0.4320211410522461,-0.4505500793457031,0.0036630630493164062,65
21.91730800003279,0.0,0.0,2.5110621452331543,0.035457875579595566,0.4320211410522461,0.010990142822265625,0.010989189147949219,65
21.998896250035614,0.0,0.0,2.502197742462158,0.035457875579595566,0.4324026107788086,0.0549468994140625,0.01831531524658203,65
22.04650220804615,0.0,0.0,2.502197742462158,0.035457875579595566,0.4324026107788086,0.0549468994140625,0.01831531524658203,65
22.128059125039726,0.0,0.0,2.5038094520568848,0.035457875579595566,0.4324026107788086,0.07692337036132812,0.010989189147949219,65
22.175001958035864,0.0,0.0,2.5118680000305176,0.036263737827539444,0.4320211410522461,-0.03296661376953125,-0.0036630630493164062,65
22.255390333011746,0.0,0.0,2.509450674057007,0.036263737827539444,0.4324026107788086,0.23077011108398438,0.0036630630493164062,65
22.3021947920206,0.0,0.0,2.507032871246338,0.036263737827539444,0.4324026107788086,0.25274658203125,0.010989189147949219,65
22.382561083009932,0.0,0.0,2.5054214000701904,0.035457875579595566,0.4320211410522461,-0.23077011108398438,0.01831531524658203,65
22.42951849999372,0.0,0.0,2.507838726043701,0.035457875579595566,0.4320211410522461,-0.09889984130859375,-0.01831531524658203,65
22.509252917021513,0.0,0.0,2.5054214000701904,0.03465201333165169,0.4320211410522461,-0.03296661376953125,-0.0036630630493164062,65
22.568630708032288,0.0,0.0,2.507032871246338,0.036263737827539444,0.4320211410522461,0.03296661376953125,-0.025641441345214844,65
22.647623708005995,0.0,0.0,2.507838726043701,0.035457875579595566,0.4320211410522461,-0.09889984130859375,0.0036630630493164062,65
22.69466487504542,0.0,0.0,2.507032871246338,0.036263737827539444,0.4320211410522461,0.03296661376953125,0.010989189147949219,65
22.77535633300431,0.0,0.0,2.5142858028411865,0.035457875579595566,0.4320211410522461,-0.120880126953125,0.010989189147949219,65
22.821670167031698,0.0,0.0,2.5142858028411865,0.035457875579595566,0.4320211410522461,-0.120880126953125,0.010989189147949219,65
22.90167220804142,0.0,0.0,2.5062270164489746,0.036263737827539444,0.4324026107788086,0.09889984130859375,0.01831531524658203,65
22.948631458042655,0.0,0.0,2.501391887664795,0.035457875579595566,0.4324026107788086,0.25274658203125,0.010989189147949219,65
23.02906804200029,0.0,0.0,2.5054214000701904,0.035457875579595566,0.4324026107788086,0.47252655029296875,0.010989189147949219,65
23.075145667011384,0.0,0.0,2.509450674057007,0.035457875579595566,0.4320211410522461,-0.07692337036132812,0.010989189147949219,65
23.15430254203966,0.0,0.0,2.5062270164489746,0.036263737827539444,0.4324026107788086,0.16483688354492188,0.01831531524658203,65
23.200492542004213,0.0,0.0,2.5336263179779053,0.035457875579595566,0.4320211410522461,-0.3626365661621094,-0.04029273986816406,65
23.28098208300071,0.0,0.0,2.5062270164489746,0.035457875579595566,0.4320211410522461,-0.20878982543945312,-0.0036630630493164062,65
23.32714054203825,0.0,0.0,2.5062270164489746,0.035457875579595566,0.4320211410522461,-0.20878982543945312,-0.0036630630493164062,65
23.407159792026505,0.0,0.0,2.504615306854248,0.035457875579595566,0.4320211410522461,-0.40659332275390625,0.01831531524658203,65
23.454072625027038,0.0,0.0,2.504615306854248,0.035457875579595566,0.4320211410522461,-0.40659332275390625,0.01831531524658203,65
23.534057667013258,0.0,0.0,2.5030035972595215,0.035457875579595566,0.4324026107788086,0.14285659790039062,-0.025641441345214844,65
23.58163162501296,0.0,0.0,2.5336263179779053,0.035457875579595566,0.4324026107788086,0.14285659790039062,0.010989189147949219,65
23.661373333015945,0.0,0.0,2.4941391944885254,0.035457875579595566,0.4324026107788086,0.27472686767578125,-0.01831531524658203,65
23.708740000030957,0.0,0.0,2.5038094520568848,0.035457875579595566,0.4320211410522461,-0.0549468994140625,-0.0036630630493164062,65
23.788576457998715,0.0,0.0,2.5062270164489746,0.035457875579595566,0.4324026107788086,0.14285659790039062,-0.03296661376953125,65
23.835597083030734,0.0,0.0,2.5086445808410645,0.035457875579595566,0.4324026107788086,0.120880126953125,-0.0036630630493164062,65
23.916451625002082,0.0,0.0,2.5054214000701904,0.03465201333165169,0.4320211410522461,0.0549468994140625,-0.047618865966796875,65
23.96323933301028,0.0,0.0,2.5062270164489746,0.035457875579595566,0.4324026107788086,0.25274658203125,-0.03296661376953125,65
24.043151542020496,0.0,0.0,2.509450674057007,0.035457875579595566,0.4320211410522461,-0.09889984130859375,0.010989189147949219,65
24.09030750003876,0.0,0.0,2.504615306854248,0.03465201333165169,0.4324026107788086,0.14285659790039062,-0.03296661376953125,65
24.171174750023056,0.0,0.0,2.507032871246338,0.036263737827539444,0.4320211410522461,0.07692337036132812,-0.01831531524658203,65
24.21909933304414,0.0,0.0,2.5086445808410645,0.036263737827539444,0.4320211410522461,-0.07692337036132812,-0.0036630630493164062,65
24.300000167044345,0.0,0.0,2.5062270164489746,0.035457875579595566,0.4320211410522461,-0.07692337036132812,-0.0036630630493164062,65
24.34708216699073,0.0,0.0,2.51025652885437,0.036263737827539444,0.4324026107788086,-0.09889984130859375,0.01831531524658203,65
24.427400208020117,0.0,0.0,2.507838726043701,0.035457875579595566,0.4320211410522461,-0.09889984130859375,-0.03296661376953125,65
24.474202042038087,0.0,0.0,2.507838726043701,0.035457875579595566,0.4320211410522461,-0.09889984130859375,-0.03296661376953125,65
24.554092833015602,0.0,0.0,2.5086445808410645,0.035457875579595566,0.4320211410522461,-0.14285659790039062,0.0036630630493164062,65
24.601037583022844,0.0,0.0,2.5062270164489746,0.035457875579595566,0.4320211410522461,-0.16483688354492188,-0.010989189147949219,65
24.681431083008647,0.0,0.0,2.502197742462158,0.035457875579595566,0.4320211410522461,-0.07692337036132812,-0.03296661376953125,65
24.728354374994524,0.0,0.0,2.5038094520568848,0.035457875579595566,0.4324026107788086,0.25274658203125,-0.04029273986816406,65
24.80760320799891,0.0,0.0,2.5030035972595215,0.035457875579595566,0.4320211410522461,-0.20878982543945312,0.0036630630493164062,65
24.855374292004853,0.0,0.0,2.5005860328674316,0.036263737827539444,0.4320211410522461,-0.14285659790039062,0.01831531524658203,65
24.939641958044376,0.0,0.0,2.5086445808410645,0.035457875579595566,0.4320211410522461,-0.25274658203125,-0.025641441345214844,65
24.986333208042197,0.0,0.0,2.5086445808410645,0.035457875579595566,0.4320211410522461,-0.25274658203125,-0.025641441345214844,65
25.067128250026144,0.0,0.0,2.5054214000701904,0.035457875579595566,0.4324026107788086,0.0549468994140625,-0.01831531524658203,65
25.114972292038146,0.0,0.0,2.5054214000701904,0.03465201333165169,0.4320211410522461,0.010990142822265625,-0.0036630630493164062,65
25.19651033304399,0.0,0.0,2.5134799480438232,0.036263737827539444,0.4320211410522461,-0.07692337036132812,-0.010989189147949219,65
25.245222375029698,0.0,0.0,2.5030035972595215,0.036263737827539444,0.4320211410522461,0.0549468994140625,-0.0036630630493164062,65
25.32568337500561,0.0,0.0,2.5086445808410645,0.036263737827539444,0.4324026107788086,0.16483688354492188,-0.03296661376953125,65
25.372098750027362,0.0,0.0,2.5038094520568848,0.035457875579595566,0.4320211410522461,-0.09889984130859375,-0.025641441345214844,65
25.452228792011738,0.0,0.0,2.51025652885437,0.035457875579595566,0.4320211410522461,-0.23077011108398438,-0.0036630630493164062,65
25.498770208039787,0.0,0.0,2.51025652885437,0.035457875579595566,0.4320211410522461,-0.23077011108398438,-0.0036630630493164062,65
25.578007208008785,0.0,0.0,2.5062270164489746,0.03465201333165169,0.4324026107788086,0.4285697937011719,-0.01831531524658203,65
25.62528887501685,0.0,0.0,2.5118680000305176,0.03465201333165169,0.4320211410522461,-0.010990142822265625,-0.010989189147949219,65
25.704259833029937,0.0,0.0,2.507032871246338,0.03465201333165169,0.4320211410522461,0.40659332275390625,-0.025641441345214844,65
25.786399208009243,0.0,0.0,2.507838726043701,0.035457875579595566,0.4320211410522461,-0.20878982543945312,0.0036630630493164062,65
25.833272957999725,0.0,0.0,2.509450674057007,0.035457875579595566,0.4320211410522461,0.010990142822265625,0.0036630630493164062,65
25.91320262500085,0.0,0.0,2.501391887664795,0.036263737827539444,0.4320211410522461,0.03296661376953125,-0.04029273986816406,65
25.95948712504469,0.0,0.0,2.504615306854248,0.035457875579595566,0.4320211410522461,-0.07692337036132812,-0.03296661376953125,65
26.039877542003524,0.0,0.0,2.5030035972595215,0.035457875579595566,0.4320211410522461,0.0549468994140625,-0.0036630630493164062,65
26.086294250038918,0.0,0.0,2.507838726043701,0.035457875579595566,0.4320211410522461,0.0549468994140625,0.010989189147949219,65
26.167161750025116,0.0,0.0,2.515897274017334,0.035457875579595566,0.4320211410522461,-0.23077011108398438,-0.03296661376953125,65
26.214216249994934,0.0,0.0,2.515897274017334,0.035457875579595566,0.4320211410522461,-0.23077011108398438,-0.03296661376953125,65
26.294684958003927,0.0,0.0,2.507032871246338,0.036263737827539444,0.4320211410522461,0.09889984130859375,0.0036630630493164062,65
26.341743833036162,0.0,0.0,2.507838726043701,0.035457875579595566,0.4320211410522461,-0.0549468994140625,0.0036630630493164062,65
26.42316883301828,0.0,0.0,2.504615306854248,0.035457875579595566,0.4320211410522461,-0.3186798095703125,-0.03296661376953125,65
26.503017667040695,0.0,0.0,2.5062270164489746,0.035457875579595566,0.4320211410522461,-0.25274658203125,0.010989189147949219,65
26.550245375023223,0.0,0.0,2.507838726043701,0.035457875579595566,0.4320211410522461,-0.14285659790039062,-0.0036630630493164062,65
26.63006120803766,0.0,0.0,2.504615306854248,0.036263737827539444,0.4320211410522461,0.16483688354492188,-0.01831531524658203,65
26.676678292045835,0.0,0.0,2.502197742462158,0.036263737827539444,0.4324026107788086,0.09889984130859375,-0.04029273986816406,65
26.757136458007153,0.0,0.0,2.501391887664795,0.035457875579595566,0.4320211410522461,-0.03296661376953125,-0.04029273986816406,65
26.804200874990784,0.0,0.0,2.507032871246338,0.03465201333165169,0.4320211410522461,-0.07692337036132812,0.010989189147949219,65
26.884193125006277,0.0,0.0,2.5062270164489746,0.035457875579595566,0.4320211410522461,-0.120880126953125,-0.047618865966796875,65
26.931464583030902,0.0,0.0,2.5118680000305176,0.035457875579595566,0.4320211410522461,-0.120880126953125,-0.047618865966796875,65
27.011414250009693,0.0,0.0,2.5038094520568848,0.036263737827539444,0.4324026107788086,0.2967033386230469,0.0036630630493164062,65
27.06075454200618,0.0,0.0,2.51025652885437,0.036263737827539444,0.4320211410522461,-0.0549468994140625,-0.025641441345214844,65
27.14160095801344,0.0,0.0,2.51025652885437,0.036263737827539444,0.4320211410522461,-0.0549468994140625,-0.025641441345214844,65
27.188852999999654,0.0,0.0,2.5005860328674316,0.035457875579595566,0.4320211410522461,-0.20878982543945312,-0.0036630630493164062,65
27.269030833034776,0.0,0.0,2.5086445808410645,0.035457875579595566,0.4324026107788086,0.07692337036132812,-0.04029273986816406,65
27.31570825004019,0.0,0.0,2.5175092220306396,0.035457875579595566,0.4324026107788086,0.010990142822265625,-0.01831531524658203,65
27.39677579200361,0.0,0.0,2.5030035972595215,0.037069596350193024,0.4320211410522461,-0.47252655029296875,0.010989189147949219,65
27.44367070804583,0.0,0.0,2.5086445808410645,0.03465201333165169,0.4320211410522461,0.09889984130859375,0.0036630630493164062,65
27.52382983302232,0.0,0.0,2.5142858028411865,0.036263737827539444,0.4324026107788086,0.2967033386230469,0.01831531524658203,65
27.57075012504356,0.0,0.0,2.507838726043701,0.035457875579595566,0.4324026107788086,0.010990142822265625,0.0036630630493164062,65
27.652511042018887,0.0,0.0,2.507838726043701,0.035457875579595566,0.4320211410522461,-0.25274658203125,0.0036630630493164062,65
27.699778583017178,0.0,0.0,2.504615306854248,0.035457875579595566,0.4324026107788086,0.16483688354492188,-0.03296661376953125,65
27.780938083014917,0.0,0.0,2.504615306854248,0.035457875579595566,0.4320211410522461,0.0549468994140625,0.01831531524658203,65
27.828069417038932,0.0,0.0,2.5030035972595215,0.035457875579595566,0.4320211410522461,-0.1868133544921875,0.010989189147949219,65
27.908764167048503,0.0,0.0,2.5062270164489746,0.035457875579595566,0.4320211410522461,-0.34066009521484375,0.01831531524658203,65
27.955639375024475,0.0,0.0,2.5062270164489746,0.035457875579595566,0.4320211410522461,-0.34066009521484375,0.01831531524658203,65
28.03568525001174,0.0,0.0,2.507838726043701,0.035457875579595566,0.4320211410522461,-0.14285659790039062,0.0036630630493164062,65
28.082827875041403,0.0,0.0,2.5086445808410645,0.036263737827539444,0.4324026107788086,0.0549468994140625,0.0036630630493164062,65
28.162748000002466,0.0,0.0,2.504615306854248,0.03465201333165169,0.4320211410522461,-0.20878982543945312,-0.047618865966796875,65
28.209638250002172,0.0,0.0,2.509450674057007,0.035457875579595566,0.4320211410522461,0.20878982543945312,-0.010989189147949219,65
28.29002420802135,0.0,0.0,2.5086445808410645,0.035457875579595566,0.4320211410522461,-0.16483688354492188,-0.047618865966796875,65
28.336375000013504,0.0,0.0,2.5038094520568848,0.035457875579595566,0.4320211410522461,-0.0549468994140625,0.0036630630493164062,65
28.417071083036717,0.0,0.0,2.507032871246338,0.035457875579595566,0.4324026107788086,0.03296661376953125,0.010989189147949219,65
28.463860500021838,0.0,0.0,2.495750904083252,0.03465201333165169,0.4324026107788086,0.14285659790039062,-0.025641441345214844,65
28.54895625001518,0.0,0.0,2.4997801780700684,0.036263737827539444,0.4320211410522461,-0.1868133544921875,0.0036630630493164062,65
28.596962042036466,0.0,0.0,2.498974323272705,0.035457875579595566,0.4320211410522461,0.20878982543945312,0.0036630630493164062,65
28.677994750032667,0.0,0.0,2.5054214000701904,0.035457875579595566,0.4324026107788086,0.120880126953125,-0.0036630630493164062,65
28.725188333017286,0.0,0.0,2.496556520462036,0.035457875579595566,0.4320211410522461,0.120880126953125,-0.01831531524658203,65
28.80479845800437,0.0,0.0,2.4997801780700684,0.035457875579595566,0.4320211410522461,-0.07692337036132812,0.0036630630493164062,65
28.851437583041843,0.0,0.0,2.4997801780700684,0.035457875579595566,0.4320211410522461,-0.07692337036132812,0.0036630630493164062,65
28.93209941702662,0.0,0.0,2.509450674057007,0.035457875579595566,0.4320211410522461,0.010990142822265625,-0.047618865966796875,65
28.981508416996803,0.0,0.0,2.5005860328674316,0.035457875579595566,0.4320211410522461,-0.09889984130859375,0.010989189147949219,65
29.06459399999585,0.0,0.0,2.5062270164489746,0.035457875579595566,0.4320211410522461,-0.03296661376953125,0.010989189147949219,65
29.11239641701104,0.0,0.0,2.5054214000701904,0.035457875579595566,0.4324026107788086,0.0549468994140625,-0.01831531524658203,65
29.191983167023864,0.0,0.0,2.5005860328674316,0.035457875579595566,0.4320211410522461,0.3186798095703125,0.010989189147949219,65
29.23956062499201,0.0,0.0,2.504615306854248,0.035457875579595566,0.4324026107788086,0.0549468994140625,0.01831531524658203,65
29.319651833036914,0.0,0.0,2.5062270164489746,0.035457875579595566,0.4320211410522461,0.07692337036132812,0.0036630630493164062,65
29.366299999994226,0.0,0.0,2.5062270164489746,0.035457875579595566,0.4320211410522461,0.07692337036132812,0.0036630630493164062,65
29.449910124996677,0.0,0.0,2.5005860328674316,0.035457875579595566,0.4320211410522461,-0.07692337036132812,-0.04029273986816406,65
29.49800454202341,0.0,0.0,2.51025652885437,0.035457875579595566,0.4324026107788086,0.23077011108398438,-0.047618865966796875,65
29.578450833039824,0.0,0.0,2.507032871246338,0.035457875579595566,0.4324026107788086,0.03296661376953125,0.010989189147949219,65
29.624864833022002,0.0,0.0,2.507032871246338,0.035457875579595566,0.4324026107788086,0.09889984130859375,-0.010989189147949219,65
29.705250042025,0.0,0.0,2.51025652885437,0.036263737827539444,0.4320211410522461,0.0549468994140625,0.0036630630493164062,65
29.75194295804249,0.0,0.0,2.501391887664795,0.035457875579595566,0.4324026107788086,0.23077011108398438,0.0036630630493164062,65
29.832124292035587,0.0,0.0,2.5030035972595215,0.035457875579595566,0.4320211410522461,-0.120880126953125,0.010989189147949219,65
29.879045917012263,0.0,0.0,2.501391887664795,0.035457875579595566,0.4324026107788086,0.09889984130859375,-0.03296661376953125,65
29.958337792020757,0.0,0.0,2.504615306854248,0.035457875579595566,0.4320211410522461,-0.23077011108398438,0.010989189147949219,65
30.005478083039634,0.0,0.0,2.5005860328674316,0.03465201333165169,0.4320211410522461,0.120880126953125,0.010989189147949219,65
30.085381957993377,0.0,0.0,2.4997801780700684,0.036263737827539444,0.4324026107788086,0.2967033386230469,-0.04029273986816406,65
30.132106417033356,0.0,0.0,2.5110621452331543,0.036263737827539444,0.4324026107788086,0.20878982543945312,-0.01831531524658203,65
30.212122625031043,0.0,0.0,2.5005860328674316,0.036263737827539444,0.4324026107788086,-0.03296661376953125,0.025641441345214844,65
30.259299833036494,0.0,0.0,2.5030035972595215,0.035457875579595566,0.4324026107788086,-0.03296661376953125,0.025641441345214844,65
30.340456417005043,0.0,0.0,2.502197742462158,0.035457875579595566,0.4320211410522461,-0.25274658203125,-0.03296661376953125,65
30.389452333038207,0.0,0.0,2.4973626136779785,0.03465201333165169,0.4320211410522461,-0.25274658203125,-0.03296661376953125,65
30.47132100001909,0.0,0.0,2.507838726043701,0.035457875579595566,0.4324026107788086,0.14285659790039062,0.01831531524658203,65
30.519265542039648,0.0,0.0,2.501391887664795,0.035457875579595566,0.4320211410522461,-0.20878982543945312,0.010989189147949219,65
30.598950208048336,0.0,0.0,2.5054214000701904,0.035457875579595566,0.4320211410522461,-0.0549468994140625,-0.04029273986816406,65
30.6779827499995,0.0,0.0,2.5030035972595215,0.035457875579595566,0.4324026107788086,0.34066009521484375,0.010989189147949219,65
30.725419458001852,0.0,0.0,2.5005860328674316,0.035457875579595566,0.4320211410522461,0.16483688354492188,0.0036630630493164062,65
30.805640583042987,0.0,0.0,2.5054214000701904,0.035457875579595566,0.4320211410522461,0.25274658203125,0.01831531524658203,65
30.852515583042987,0.0,0.0,2.5030035972595215,0.035457875579595566,0.4320211410522461,0.16483688354492188,0.010989189147949219,65
30.932834208011627,0.0,0.0,2.498168468475342,0.036263737827539444,0.4324026107788086,-0.010990142822265625,-0.04029273986816406,65
31.01130725000985,0.0,0.0,2.501391887664795,0.036263737827539444,0.4324026107788086,0.25274658203125,0.0036630630493164062,65
31.062204624991864,0.0,0.0,2.4941391944885254,0.035457875579595566,0.4320211410522461,0.16483688354492188,-0.047618865966796875,65
31.143498458026443,0.0,0.0,2.507838726043701,0.035457875579595566,0.4324026107788086,0.14285659790039062,-0.0036630630493164062,65
31.190508583036717,0.0,0.0,2.507838726043701,0.035457875579595566,0.4324026107788086,0.14285659790039062,-0.0036630630493164062,65
31.27142649999587,0.0,0.0,2.5030035972595215,0.035457875579595566,0.4320211410522461,0.0549468994140625,0.010989189147949219,65
31.318226292030886,0.0,0.0,2.504615306854248,0.035457875579595566,0.4320211410522461,0.03296661376953125,0.010989189147949219,65
31.398564417031594,0.0,0.0,2.5005860328674316,0.035457875579595566,0.4320211410522461,-0.03296661376953125,-0.010989189147949219,65
31.44559720804682,0.0,0.0,2.5062270164489746,0.035457875579595566,0.4320211410522461,0.0549468994140625,-0.04029273986816406,65
31.525919958017766,0.0,0.0,2.4949450492858887,0.035457875579595566,0.4320211410522461,-0.03296661376953125,-0.0036630630493164062,65
31.573217917000875,0.0,0.0,2.5062270164489746,0.035457875579595566,0.4320211410522461,-0.27472686767578125,-0.010989189147949219,65
31.655703583033755,0.0,0.0,2.4973626136779785,0.035457875579595566,0.4320211410522461,-0.03296661376953125,-0.04029273986816406,65
31.702629250008613,0.0,0.0,2.509450674057007,0.035457875579595566,0.4320211410522461,0.16483688354492188,-0.0036630630493164062,65
31.782517250045203,0.0,0.0,2.521538496017456,0.036263737827539444,0.4320211410522461,0.0549468994140625,-0.010989189147949219,65
31.83485320804175,0.0,0.0,2.5030035972595215,0.035457875579595566,0.4320211410522461,-0.20878982543945312,-0.04029273986816406,65
31.91964579204796,0.0,0.0,2.504615306854248,0.03465201333165169,0.4320211410522461,-0.0549468994140625,-0.047618865966796875,65
31.967495000048075,0.0,0.0,2.5030035972595215,0.035457875579595566,0.4320211410522461,-0.16483688354492188,-0.010989189147949219,65
32.05017358303303,0.0,0.0,2.498974323272705,0.036263737827539444,0.4320211410522461,0.14285659790039062,0.010989189147949219,65
32.10003879200667,0.0,0.0,2.507838726043701,0.036263737827539444,0.4320211410522461,0.14285659790039062,0.010989189147949219,65
32.1832169170375,0.0,0.0,2.507838726043701,0.036263737827539444,0.4320211410522461,0.07692337036132812,-0.0036630630493164062,65
32.232821582991164,0.0,0.0,2.5062270164489746,0.03465201333165169,0.4320211410522461,-0.0549468994140625,-0.01831531524658203,65
32.314818208047654,0.0,0.0,2.5005860328674316,0.035457875579595566,0.4320211410522461,-0.07692337036132812,-0.0036630630493164062,65
32.36331508302828,0.0,0.0,2.5005860328674316,0.035457875579595566,0.4320211410522461,-0.07692337036132812,-0.0036630630493164062,65
32.444625917007215,0.0,0.0,2.5038094520568848,0.035457875579595566,0.4320211410522461,0.14285659790039062,0.010989189147949219,65
32.49309250002261,0.0,0.0,2.495750904083252,0.035457875579595566,0.4320211410522461,0.120880126953125,-0.010989189147949219,65
32.574661208025645,0.0,0.0,2.5005860328674316,0.035457875579595566,0.4320211410522461,-0.0549468994140625,0.0036630630493164062,65
32.6219568750239,0.0,0.0,2.4997801780700684,0.035457875579595566,0.4320211410522461,-0.40659332275390625,0.025641441345214844,65
32.702886417042464,0.0,0.0,2.501391887664795,0.035457875579595566,0.4324026107788086,0.16483688354492188,-0.03296661376953125,65
32.750344083004165,0.0,0.0,2.504615306854248,0.035457875579595566,0.4320211410522461,-0.09889984130859375,0.010989189147949219,65
32.83150808303617,0.0,0.0,2.498974323272705,0.036263737827539444,0.4320211410522461,-0.2967033386230469,0.0036630630493164062,65
32.87884566700086,0.0,0.0,2.5038094520568848,0.036263737827539444,0.4320211410522461,-0.010990142822265625,-0.047618865966796875,65
32.959594333020505,0.0,0.0,2.5038094520568848,0.035457875579595566,0.4320211410522461,-0.16483688354492188,0.01831531524658203,65
33.00690816703718,0.0,0.0,2.504615306854248,0.035457875579595566,0.4320211410522461,-0.120880126953125,0.010989189147949219,65
33.08648625004571,0.0,0.0,2.5054214000701904,0.035457875579595566,0.4320211410522461,0.120880126953125,-0.06959724426269531,65
33.13329316704767,0.0,0.0,2.498168468475342,0.035457875579595566,0.4320211410522461,-0.20878982543945312,0.0036630630493164062,65
33.21321045799414,0.0,0.0,2.5038094520568848,0.036263737827539444,0.4320211410522461,-0.0549468994140625,0.01831531524658203,65
33.261715750035364,0.0,0.0,2.5038094520568848,0.036263737827539444,0.4320211410522461,-0.0549468994140625,0.01831531524658203,65
33.34282758302288,0.0,0.0,2.5005860328674316,0.036263737827539444,0.4320211410522461,0.09889984130859375,-0.0036630630493164062,65
33.39006683300249,0.0,0.0,2.4949450492858887,0.036263737827539444,0.4320211410522461,0.20878982543945312,0.01831531524658203,65
33.46961391699733,0.0,0.0,2.5030035972595215,0.035457875579595566,0.4320211410522461,0.09889984130859375,-0.047618865966796875,65
33.51704870804679,0.0,0.0,2.5005860328674316,0.035457875579595566,0.4320211410522461,0.16483688354492188,0.010989189147949219,65
33.59787029202562,0.0,0.0,2.5054214000701904,0.035457875579595566,0.4320211410522461,-0.16483688354492188,0.010989189147949219,65
33.64567145804176,0.0,0.0,2.502197742462158,0.035457875579595566,0.4324026107788086,0.3626365661621094,0.010989189147949219,65
33.72613437502878,0.0,0.0,2.5005860328674316,0.03384615108370781,0.4320211410522461,-0.120880126953125,-0.04029273986816406,65
33.77366995799821,0.0,0.0,2.498974323272705,0.035457875579595566,0.4320211410522461,-0.120880126953125,-0.04029273986816406,65
33.85472204204416,0.0,0.0,2.501391887664795,0.035457875579595566,0.4320211410522461,-0.09889984130859375,0.010989189147949219,65
33.90225745801581,0.0,0.0,2.5005860328674316,0.035457875579595566,0.4320211410522461,-0.09889984130859375,0.010989189147949219,65
33.98354145803023,0.0,0.0,2.4997801780700684,0.035457875579595566,0.4320211410522461,-0.03296661376953125,0.0036630630493164062,65
34.02993808302563,0.0,0.0,2.5030035972595215,0.035457875579595566,0.4320211410522461,0.0549468994140625,-0.03296661376953125,65
34.1107370830141,0.0,0.0,2.496556520462036,0.036263737827539444,0.4320211410522461,-0.07692337036132812,-0.010989189147949219,65
34.157723333046306,0.0,0.0,2.496556520462036,0.036263737827539444,0.4320211410522461,-0.07692337036132812,-0.010989189147949219,65
34.23923150001792,0.0,0.0,2.4925272464752197,0.035457875579595566,0.4320211410522461,0.07692337036132812,-0.04029273986816406,65
34.31962783302879,0.0,0.0,2.504615306854248,0.035457875579595566,0.4320211410522461,0.07692337036132812,0.01831531524658203,65
34.4029387080227,0.0,0.0,2.5142858028411865,0.036263737827539444,0.4320211410522461,-0.25274658203125,-0.04029273986816406,65
34.48561775003327,0.0,0.0,2.509450674057007,0.035457875579595566,0.4320211410522461,-0.0549468994140625,-0.047618865966796875,65
34.56816341704689,0.0,0.0,2.5054214000701904,0.035457875579595566,0.4320211410522461,-0.3186798095703125,0.0036630630493164062,65
34.65062679204857,0.0,0.0,2.5054214000701904,0.035457875579595566,0.4320211410522461,-0.16483688354492188,-0.04029273986816406,65
34.73210470803315,0.0,0.0,2.502197742462158,0.035457875579595566,0.4320211410522461,-0.16483688354492188,-0.04029273986816406,65
34.81745112501085,0.0,0.0,2.5287909507751465,0.035457875579595566,0.4320211410522461,0.07692337036132812,0.0036630630493164062,65
34.90048058301909,0.0,0.0,2.502197742462158,0.035457875579595566,0.4320211410522461,-0.120880126953125,0.01831531524658203,65
34.982093875005376,0.0,0.0,2.4973626136779785,0.035457875579595566,0.4320211410522461,-0.010990142822265625,-0.010989189147949219,65
35.06532250001328,0.0,0.0,2.5054214000701904,0.035457875579595566,0.4320211410522461,0.16483688354492188,0.0036630630493164062,65
35.14838095800951,0.0,0.0,2.5279853343963623,0.035457875579595566,0.4320211410522461,0.0549468994140625,0.010989189147949219,65
35.2319381670095,0.0,0.0,2.495750904083252,0.035457875579595566,0.4320211410522461,0.03296661376953125,-0.04029273986816406,65
35.315227917046286,0.0,0.0,2.51025652885437,0.035457875579595566,0.4320211410522461,-0.23077011108398438,0.01831531524658203,65
35.39768983301474,0.0,0.0,2.5287909507751465,0.036263737827539444,0.4320211410522461,-0.03296661376953125,-0.03296661376953125,65
35.480717417027336,0.0,0.0,2.6359705924987793,0.035457875579595566,0.4320211410522461,0.03296661376953125,0.0036630630493164062,65
35.56384325004183,0.0,0.0,2.688351631164551,0.036263737827539444,0.4320211410522461,0.14285659790039062,-0.047618865966796875,65
35.645678250002675,0.0,0.0,2.7020511627197266,0.035457875579595566,0.4320211410522461,-0.03296661376953125,0.010989189147949219,65
35.72752858302556,0.0,0.0,2.69802188873291,0.035457875579595566,0.4324026107788086,0.4505500793457031,-0.04029273986816406,65
35.81418037501862,0.0,0.0,2.4949450492858887,0.035457875579595566,0.4320211410522461,-0.03296661376953125,0.010989189147949219,65
35.89604829199379,0.0,0.0,2.3063735961914062,0.035457875579595566,0.4320211410522461,0.0549468994140625,-0.01831531524658203,65
35.977916458039545,0.0,0.0,2.220952272415161,0.036263737827539444,0.4320211410522461,-0.09889984130859375,-0.04029273986816406,65
36.06063387502218,0.0,0.0,2.073479652404785,0.036263737827539444,0.4320211410522461,0.0549468994140625,0.025641441345214844,65
36.14247449999675,0.0,0.0,2.0630037784576416,0.036263737827539444,0.4320211410522461,-0.16483688354492188,0.010989189147949219,65
36.22564975003479,0.0,0.0,2.0509157180786133,0.036263737827539444,0.4324026107788086,0.4285697937011719,-0.04029273986816406,65
36.30877208302263,0.0,0.0,2.055750846862793,0.035457875579595566,0.4320211410522461,-0.23077011108398438,0.0036630630493164062,65
36.390421457996126,0.0,0.0,2.1645419597625732,0.035457875579595566,0.4320211410522461,0.09889984130859375,0.01831531524658203,65
36.473235750047024,0.0,0.0,2.169377088546753,0.035457875579595566,0.4320211410522461,-0.16483688354492188,0.010989189147949219,65
36.55568904202664,0.0,0.0,2.1758241653442383,0.035457875579595566,0.4320211410522461,-0.14285659790039062,-0.010989189147949219,65
36.6384073329973,0.0,0.0,2.2934799194335938,0.036263737827539444,0.4320211410522461,-0.0549468994140625,0.010989189147949219,65
36.720984292041976,0.0,0.0,2.2588276863098145,0.035457875579595566,0.4320211410522461,-0.1868133544921875,-0.03296661376953125,65
36.801758208021056,0.0,0.0,2.2620511054992676,0.035457875579595566,0.4320211410522461,0.09889984130859375,-0.03296661376953125,65
36.883222625008784,0.0,0.0,2.2588276863098145,0.036263737827539444,0.4320211410522461,-0.4285697937011719,-0.0036630630493164062,65
36.96542987501016,0.0,0.0,2.2588276863098145,0.035457875579595566,0.4320211410522461,-0.20878982543945312,0.0036630630493164062,65
37.04772575001698,0.0,0.0,2.254798412322998,0.035457875579595566,0.4320211410522461,0.2967033386230469,0.010989189147949219,65
37.13099058304215,0.0,0.0,2.2507691383361816,0.035457875579595566,0.4320211410522461,0.25274658203125,-0.0036630630493164062,65
37.21317350002937,0.0,0.0,2.2564103603363037,0.035457875579595566,0.4320211410522461,-0.27472686767578125,-0.010989189147949219,65
37.29599666700233,0.0,0.0,2.2636630535125732,0.035457875579595566,0.4320211410522461,0.0549468994140625,-0.0036630630493164062,65
37.37895229202695,0.0,0.0,2.2588276863098145,0.035457875579595566,0.4320211410522461,0.07692337036132812,-0.04029273986816406,65
37.461417375016026,0.0,0.0,2.257215976715088,0.035457875579595566,0.4324026107788086,0.0549468994140625,-0.01831531524658203,65
37.54409708303865,0.0,0.0,2.262856960296631,0.035457875579595566,0.4320211410522461,-0.03296661376953125,-0.047618865966796875,65
37.62543595803436,0.0,0.0,2.26043963432312,0.035457875579595566,0.4320211410522461,-0.23077011108398438,0.010989189147949219,65
37.707198000047356,0.0,0.0,2.2588276863098145,0.035457875579595566,0.4324026107788086,0.40659332275390625,-0.0036630630493164062,65
37.79041200003121,0.0,0.0,2.252380847930908,0.036263737827539444,0.4320211410522461,0.03296661376953125,0.0036630630493164062,65
37.872207375010476,0.0,0.0,2.254798412322998,0.035457875579595566,0.4320211410522461,0.0549468994140625,0.0036630630493164062,65
37.95495441701496,0.0,0.0,2.2620511054992676,0.035457875579595566,0.4320211410522461,0.25274658203125,0.0036630630493164062,65
38.0361826250446,0.0,0.0,2.26043963432312,0.035457875579595566,0.4320211410522461,-0.09889984130859375,-0.010989189147949219,65
38.11774283304112,0.0,0.0,2.254798412322998,0.035457875579595566,0.4320211410522461,0.010990142822265625,-0.01831531524658203,65
38.19986049999716,0.0,0.0,2.252380847930908,0.035457875579595566,0.4320211410522461,-0.1868133544921875,0.01831531524658203,65
38.282036958029494,0.0,0.0,2.257215976715088,0.035457875579595566,0.4320211410522461,-0.09889984130859375,0.01831531524658203,65
38.36318416701397,0.0,0.0,2.2556045055389404,0.035457875579595566,0.4320211410522461,-0.14285659790039062,-0.025641441345214844,65
38.444602000003215,0.0,0.0,2.257215976715088,0.035457875579595566,0.4320211410522461,0.2967033386230469,0.0036630630493164062,65
38.525699833000544,0.0,0.0,2.271721601486206,0.035457875579595566,0.4320211410522461,-0.07692337036132812,0.0036630630493164062,65
38.606582208012696,0.0,0.0,2.262856960296631,0.035457875579595566,0.4320211410522461,0.03296661376953125,-0.04029273986816406,65
38.68841237499146,0.0,0.0,2.257215976715088,0.036263737827539444,0.4320211410522461,0.03296661376953125,-0.04029273986816406,65
38.769553625024855,0.0,0.0,2.252380847930908,0.036263737827539444,0.4320211410522461,0.07692337036132812,-0.04029273986816406,65
38.85049533302663,0.0,0.0,2.262856960296631,0.036263737827539444,0.4320211410522461,-0.03296661376953125,-0.03296661376953125,65
38.93205375003163,0.0,0.0,2.259633779525757,0.036263737827539444,0.4320211410522461,-0.16483688354492188,-0.01831531524658203,65
39.014232417044695,0.0,0.0,2.2620511054992676,0.03465201333165169,0.4320211410522461,-0.010990142822265625,-0.04029273986816406,65
39.09583654202288,0.0,0.0,2.257215976715088,0.035457875579595566,0.4320211410522461,-0.5164833068847656,-0.04029273986816406,65
39.176873499993235,0.0,0.0,2.2539925575256348,0.035457875579595566,0.4320211410522461,0.010990142822265625,0.010989189147949219,65
39.25812658300856,0.0,0.0,2.2983148097991943,0.036263737827539444,0.4320211410522461,-0.20878982543945312,-0.0036630630493164062,65
39.33915033302037,0.0,0.0,2.2612454891204834,0.036263737827539444,0.4320211410522461,-0.25274658203125,-0.010989189147949219,65
39.42567979200976,0.0,0.0,2.2644689083099365,0.036263737827539444,0.4320211410522461,0.0549468994140625,-0.05494499206542969,65
39.506996167008765,0.0,0.0,2.257215976715088,0.035457875579595566,0.4320211410522461,-0.03296661376953125,-0.025641441345214844,65
39.587651500012726,0.0,0.0,2.2531867027282715,0.035457875579595566,0.4320211410522461,0.1868133544921875,0.010989189147949219,65
39.66955566703109,0.0,0.0,2.2612454891204834,0.035457875579595566,0.4320211410522461,-0.1868133544921875,0.010989189147949219,65
39.751059792004526,0.0,0.0,2.2612454891204834,0.036263737827539444,0.4320211410522461,-0.2967033386230469,0.025641441345214844,65
39.83348329202272,0.0,0.0,2.2636630535125732,0.035457875579595566,0.4320211410522461,-0.14285659790039062,0.010989189147949219,65
39.91514004202327,0.0,0.0,2.2636630535125732,0.035457875579595566,0.4320211410522461,-0.25274658203125,0.0036630630493164062,65
39.99569524999242,0.0,0.0,2.26043963432312,0.035457875579595566,0.4324026107788086,0.25274658203125,0.010989189147949219,65
40.07759012503084,0.0,0.0,2.2539925575256348,0.035457875579595566,0.4320211410522461,-0.09889984130859375,0.0036630630493164062,65
40.15932920802152,0.0,0.0,2.2620511054992676,0.036263737827539444,0.4320211410522461,0.010990142822265625,0.010989189147949219,65
40.24042800004827,0.0,0.0,2.2612454891204834,0.035457875579595566,0.4320211410522461,-0.07692337036132812,-0.04029273986816406,65
40.32249929202953,0.0,0.0,2.258021831512451,0.035457875579595566,0.4320211410522461,-0.20878982543945312,-0.0036630630493164062,65
40.40288920799503,0.0,0.0,2.2564103603363037,0.036263737827539444,0.4320211410522461,0.07692337036132812,0.010989189147949219,65
40.48427795799216,0.0,0.0,2.26043963432312,0.035457875579595566,0.4320211410522461,0.09889984130859375,0.01831531524658203,65
40.56649241701234,0.0,0.0,2.258021831512451,0.035457875579595566,0.4320211410522461,-0.16483688354492188,-0.025641441345214844,65
40.647766625043005,0.0,0.0,2.2588276863098145,0.035457875579595566,0.4320211410522461,0.010990142822265625,-0.01831531524658203,65
40.72929775004741,0.0,0.0,2.26043963432312,0.035457875579595566,0.4320211410522461,0.07692337036132812,0.010989189147949219,65
40.81120166700566,0.0,0.0,2.2419047355651855,0.035457875579595566,0.4320211410522461,-0.010990142822265625,0.01831531524658203,65
40.893943208036944,0.0,0.0,2.2564103603363037,0.035457875579595566,0.4320211410522461,-0.16483688354492188,-0.047618865966796875,65
40.97487066703616,0.0,0.0,2.2620511054992676,0.035457875579595566,0.4320211410522461,-0.07692337036132812,-0.03296661376953125,65
41.056120083027054,0.0,0.0,2.262856960296631,0.036263737827539444,0.4320211410522461,-0.0549468994140625,-0.010989189147949219,65
41.13882970804116,0.0,0.0,2.262856960296631,0.035457875579595566,0.4320211410522461,0.120880126953125,-0.010989189147949219,65
41.22272729204269,0.0,0.0,2.259633779525757,0.03465201333165169,0.4320211410522461,0.03296661376953125,-0.0036630630493164062,65
41.30593675002456,0.0,0.0,2.2636630535125732,0.035457875579595566,0.4320211410522461,0.03296661376953125,-0.01831531524658203,65
41.388068333035335,0.0,0.0,2.258021831512451,0.035457875579595566,0.4320211410522461,0.25274658203125,-0.025641441345214844,65
41.46958974999143,0.0,0.0,2.257215976715088,0.035457875579595566,0.4320211410522461,0.03296661376953125,-0.010989189147949219,65
41.551219333021436,0.0,0.0,2.259633779525757,0.035457875579595566,0.4324026107788086,0.3186798095703125,0.010989189147949219,65
41.63204020803096,0.0,0.0,2.2564103603363037,0.035457875579595566,0.4320211410522461,0.0549468994140625,-0.025641441345214844,65
41.71420250000665,0.0,0.0,2.262856960296631,0.035457875579595566,0.4320211410522461,-0.14285659790039062,0.010989189147949219,65
41.79735708300723,0.0,0.0,2.258021831512451,0.035457875579595566,0.4320211410522461,0.1868133544921875,-0.025641441345214844,65
41.87784225004725,0.0,0.0,2.2588276863098145,0.036263737827539444,0.4324026107788086,0.120880126953125,-0.01831531524658203,65
41.959429583046585,0.0,0.0,2.2620511054992676,0.036263737827539444,0.4320211410522461,-0.23077011108398438,-0.04029273986816406,65
42.04690716700861,0.0,0.0,2.2556045055389404,0.035457875579595566,0.4320211410522461,0.14285659790039062,-0.0036630630493164062,65
42.13536487502279,0.0,0.0,2.2636630535125732,0.035457875579595566,0.4320211410522461,-0.03296661376953125,0.010989189147949219,65
42.22078254201915,0.0,0.0,2.262856960296631,0.036263737827539444,0.4324026107788086,0.3186798095703125,0.010989189147949219,65
42.30470441700891,0.0,0.0,2.252380847930908,0.035457875579595566,0.4320211410522461,-0.010990142822265625,0.010989189147949219,65
42.39033416699385,0.0,0.0,2.259633779525757,0.035457875579595566,0.4320211410522461,-0.07692337036132812,0.0036630630493164062,65
42.47488049999811,0.0,0.0,2.262856960296631,0.036263737827539444,0.4324026107788086,0.16483688354492188,0.010989189147949219,65
42.55933320801705,0.0,0.0,2.2588276863098145,0.035457875579595566,0.4320211410522461,0.010990142822265625,0.0036630630493164062,65
42.64037770801224,0.0,0.0,2.2620511054992676,0.035457875579595566,0.4320211410522461,0.120880126953125,0.01831531524658203,65
42.72205591702368,0.0,0.0,2.266080379486084,0.035457875579595566,0.4320211410522461,-0.4505500793457031,0.010989189147949219,65
42.803962042031344,0.0,0.0,2.2644689083099365,0.036263737827539444,0.4320211410522461,-0.1868133544921875,0.01831531524658203,65
42.88619983301032,0.0,0.0,2.259633779525757,0.035457875579595566,0.4320211410522461,-0.120880126953125,0.01831531524658203,65
42.96721750003053,0.0,0.0,2.259633779525757,0.036263737827539444,0.4320211410522461,-0.2967033386230469,0.010989189147949219,65
43.048603750008624,0.0,0.0,2.252380847930908,0.035457875579595566,0.4320211410522461,0.09889984130859375,0.01831531524658203,65
43.13201308302814,0.0,0.0,2.26043963432312,0.036263737827539444,0.4320211410522461,-0.20878982543945312,-0.0036630630493164062,65
43.2145567080006,0.0,0.0,2.26043963432312,0.035457875579595566,0.4320211410522461,0.010990142822265625,0.0036630630493164062,65
43.296885542047676,0.0,0.0,2.2636630535125732,0.035457875579595566,0.4324026107788086,0.23077011108398438,-0.010989189147949219,65
43.37923716701334,0.0,0.0,2.2588276863098145,0.035457875579595566,0.4320211410522461,0.0549468994140625,0.01831531524658203,65
43.46097204199759,0.0,0.0,2.259633779525757,0.035457875579595566,0.4320211410522461,0.09889984130859375,-0.0036630630493164062,65
43.543035667040385,0.0,0.0,2.258021831512451,0.035457875579595566,0.4320211410522461,-0.03296661376953125,-0.025641441345214844,65
43.624895000015385,0.0,0.0,2.257215976715088,0.035457875579595566,0.4320211410522461,-0.03296661376953125,-0.03296661376953125,65
43.70567854202818,0.0,0.0,2.2539925575256348,0.036263737827539444,0.4320211410522461,-0.2967033386230469,0.010989189147949219,65
43.78749150002841,0.0,0.0,2.262856960296631,0.035457875579595566,0.4320211410522461,0.0549468994140625,-0.03296661376953125,65
43.86953595804516,0.0,0.0,2.249157428741455,0.03465201333165169,0.4320211410522461,0.16483688354492188,0.010989189147949219,65
43.949765375000425,0.0,0.0,2.2620511054992676,0.036263737827539444,0.4320211410522461,-0.20878982543945312,-0.047618865966796875,65
44.031089666998014,0.0,0.0,2.2612454891204834,0.035457875579595566,0.4320211410522461,0.16483688354492188,-0.025641441345214844,65
44.11284170800354,0.0,0.0,2.271721601486206,0.035457875579595566,0.4320211410522461,-0.0549468994140625,0.010989189147949219,65
44.19450279203011,0.0,0.0,2.2701098918914795,0.036263737827539444,0.4320211410522461,-0.09889984130859375,-0.010989189147949219,65
44.275682333041914,0.0,0.0,2.3378021717071533,0.035457875579595566,0.4320211410522461,0.09889984130859375,-0.047618865966796875,65
44.35843208304141,0.0,0.0,2.5690841674804688,0.036263737827539444,0.4320211410522461,0.120880126953125,-0.0036630630493164062,65
44.440329708042555,0.0,0.0,2.785860776901245,0.0378754548728466,0.4324026107788086,0.3626365661621094,0.010989189147949219,65
44.5219455420156,0.0,0.0,2.8406593799591064,0.036263737827539444,0.4320211410522461,-0.5164833068847656,0.025641441345214844,65
44.602694375033025,0.0,0.0,2.8487179279327393,0.035457875579595566,0.4308767318725586,-0.23077011108398438,-0.010989189147949219,65
44.685209000017494,0.0,0.0,2.881758213043213,0.035457875579595566,0.3679332733154297,-1.3076934814453125,0.0036630630493164062,65
44.76845441700425,0.0,0.0,2.8857874870300293,0.035457875579595566,0.08335208892822266,-4.450550079345703,-0.0036630630493164062,65
44.85030325001571,0.0,0.0,2.8785347938537598,0.035457875579595566,0.036049842834472656,-4.956043243408203,-0.04029273986816406,65
44.93390683300095,0.0,0.0,2.8632233142852783,0.03465201333165169,-0.514801025390625,-3.9890098571777344,-0.03296661376953125,65
45.01478508301079,0.0,0.0,2.856776475906372,0.036263737827539444,-0.6811246871948242,-4.076923370361328,-0.010989189147949219,65
45.0956828329945,0.0,0.0,2.8205127716064453,0.035457875579595566,-0.8627071380615234,-2.1868133544921875,-0.06959724426269531,65
45.17569116700906,0.0,0.0,2.7761905193328857,0.035457875579595566,-0.8840694427490234,-2.0109901428222656,0.010989189147949219,65
45.25702487502713,0.0,0.0,2.6109890937805176,0.035457875579595566,-0.9573125839233398,-1.0879135131835938,-0.0036630630493164062,65
45.33823845803272,0.0,0.0,2.493333339691162,0.036263737827539444,-0.9843978881835938,-0.09889984130859375,0.0036630630493164062,65
45.41948337503709,0.0,0.0,2.404688596725464,0.035457875579595566,-0.9843978881835938,0.0549468994140625,0.0036630630493164062,65
45.500816332991235,0.0,0.0,2.385348081588745,0.037069596350193024,-0.9851608276367188,-0.2967033386230469,0.01831531524658203,65
45.58191062504193,0.0,0.0,2.3805129528045654,0.035457875579595566,-0.9847793579101562,-0.010990142822265625,0.010989189147949219,65
45.667508625017945,0.0,0.0,2.3756775856018066,0.035457875579595566,-0.9851608276367188,-0.40659332275390625,0.010989189147949219,65
45.7599545000121,0.0,0.0,2.385348081588745,0.036263737827539444,-0.9847793579101562,0.16483688354492188,-0.025641441345214844,65
45.85121229203651,0.0,0.0,2.3837361335754395,0.035457875579595566,-0.9847793579101562,0.010990142822265625,-0.010989189147949219,65
45.947813917009626,0.0,0.0,2.399047613143921,0.036263737827539444,-0.9847793579101562,0.010990142822265625,-0.010989189147949219,65
46.04464358300902,0.0,0.0,2.3917946815490723,0.035457875579595566,-0.9851608276367188,-0.20878982543945312,0.010989189147949219,65
46.142382792022545,0.0,0.0,2.3861536979675293,0.035457875579595566,-0.9851608276367188,-0.2967033386230469,-0.025641441345214844,65
46.22670154203661,0.0,0.0,2.379706859588623,0.035457875579595566,-0.9851608276367188,-0.16483688354492188,-0.04029273986816406,65
46.3095811670064,0.0,0.0,2.377289295196533,0.035457875579595566,-0.9847793579101562,-0.120880126953125,-0.01831531524658203,65
46.39133945800131,0.0,0.0,2.3668131828308105,0.036263737827539444,-0.9847793579101562,0.03296661376953125,-0.01831531524658203,65
46.47271079203347,0.0,0.0,2.377289295196533,0.035457875579595566,-0.9847793579101562,-0.09889984130859375,0.0036630630493164062,65
46.55323629203485,0.0,0.0,2.3660073280334473,0.035457875579595566,-0.9847793579101562,0.14285659790039062,0.010989189147949219,65
46.634384333039634,0.0,0.0,2.365201473236084,0.035457875579595566,-0.9847793579101562,-0.07692337036132812,0.010989189147949219,65
46.716165749996435,0.0,0.0,2.3660073280334473,0.035457875579595566,-0.9851608276367188,-0.09889984130859375,0.0036630630493164062,65
46.80282641702797,0.0,0.0,2.350695848464966,0.035457875579595566,-0.9851608276367188,-0.4285697937011719,-0.010989189147949219,65
46.884492750046775,0.0,0.0,2.252380847930908,0.035457875579595566,-0.9847793579101562,0.4285697937011719,-0.0036630630493164062,65
46.96531220799079,0.0,0.0,2.1661536693573,0.035457875579595566,-0.9847793579101562,0.07692337036132812,-0.010989189147949219,65
47.04658333299449,0.0,0.0,2.1024909019470215,0.035457875579595566,-0.9847793579101562,0.2967033386230469,-0.0036630630493164062,65
47.127288791991305,0.0,0.0,2.001758337020874,0.036263737827539444,-0.9843978881835938,-0.120880126953125,-0.025641441345214844,65
47.21049695799593,0.0,0.0,1.9912819862365723,0.035457875579595566,-0.9840164184570312,0.47252655029296875,0.0036630630493164062,65
47.29170800000429,0.0,0.0,1.878461480140686,0.035457875579595566,-0.9832534790039062,0.03296661376953125,0.010989189147949219,65
47.37176095799077,0.0,0.0,1.7970695495605469,0.035457875579595566,-0.9802017211914062,0.14285659790039062,-0.025641441345214844,65
47.451784958015196,0.0,0.0,1.7978754043579102,0.035457875579595566,-0.9786758422851562,0.120880126953125,0.0036630630493164062,65
47.531273292028345,0.0,0.0,1.7245421409606934,0.035457875579595566,-0.9760055541992188,0.2967033386230469,-0.05494499206542969,65
47.612789208011236,0.0,0.0,1.6487911939620972,0.03465201333165169,-0.9027614593505859,1.5054931640625,-0.0036630630493164062,65
47.69374537502881,0.0,0.0,1.6342856884002686,0.035457875579595566,-0.8035783767700195,2.3186798095703125,-0.05494499206542969,65
47.77477458299836,0.0,0.0,1.5939925909042358,0.035457875579595566,-0.7253761291503906,2.5604400634765625,-0.0622711181640625,65
47.855680917040445,0.0,0.0,1.593186855316162,0.035457875579595566,-0.3686962127685547,2.626373291015625,-0.01831531524658203,65
47.93660487502348,0.0,0.0,1.593186855316162,0.035457875579595566,-0.13370704650878906,2.6483497619628906,-0.025641441345214844,65
48.017248667019885,0.0,0.0,1.5819047689437866,0.035457875579595566,0.01811981201171875,2.25274658203125,-0.03296661376953125,65
48.09870279202005,0.0,0.0,1.5947984457015991,0.035457875579595566,0.21038341522216797,2.7142868041992188,0.0622711181640625,65
48.17877504200442,0.0,0.0,1.5964101552963257,0.035457875579595566,0.3995952606201172,3.417583465576172,-0.0036630630493164062,65
48.25880808301736,0.0,0.0,1.6931134462356567,0.035457875579595566,0.6395435333251953,1.0659332275390625,0.01831531524658203,65
48.34031500003766,0.0,0.0,1.7398533821105957,0.035457875579595566,0.6548023223876953,0.010990142822265625,-0.047618865966796875,65
48.421417083009146,0.0,0.0,1.7664469480514526,0.035457875579595566,0.6544208526611328,-0.25274658203125,0.010989189147949219,65
48.501825125014875,0.0,0.0,1.7624175548553467,0.035457875579595566,0.6544208526611328,-0.25274658203125,0.010989189147949219,65
48.58298366703093,0.0,0.0,1.7833698987960815,0.035457875579595566,0.6532764434814453,-0.010990142822265625,-0.010989189147949219,65
48.6648850000347,0.0,0.0,1.7898168563842773,0.035457875579595566,0.6532764434814453,-0.25274658203125,-0.010989189147949219,65
48.744449082994834,0.0,0.0,1.794651985168457,0.035457875579595566,0.6532764434814453,0.120880126953125,-0.0036630630493164062,65
48.82559820800088,0.0,0.0,1.8010989427566528,0.035457875579595566,0.6532764434814453,0.07692337036132812,-0.0036630630493164062,65
48.905654125032015,0.0,0.0,1.8212454319000244,0.036263737827539444,0.6532764434814453,0.09889984130859375,-0.0036630630493164062,65
48.98735437501455,0.0,0.0,1.8293039798736572,0.035457875579595566,0.6532764434814453,0.0549468994140625,0.0036630630493164062,65
49.0679012920009,0.0,0.0,1.9912819862365723,0.035457875579595566,0.6532764434814453,0.14285659790039062,-0.0036630630493164062,65
49.148626625014,0.0,0.0,2.04769229888916,0.036263737827539444,0.6532764434814453,-0.1868133544921875,-0.010989189147949219,65
49.22894845803967,0.0,0.0,2.0718681812286377,0.03465201333165169,0.6532764434814453,-0.0549468994140625,0.010989189147949219,65
49.3101074169972,0.0,0.0,2.081538200378418,0.036263737827539444,0.6532764434814453,0.03296661376953125,0.010989189147949219,65
49.390287832997274,0.0,0.0,2.08476185798645,0.035457875579595566,0.6532764434814453,0.20878982543945312,-0.010989189147949219,65
49.471847042033914,0.0,0.0,2.0791208744049072,0.036263737827539444,0.6532764434814453,0.07692337036132812,0.0036630630493164062,65
49.55259804200614,0.0,0.0,2.08476185798645,0.036263737827539444,0.6532764434814453,0.010990142822265625,-0.0036630630493164062,65
49.63256850000471,0.0,0.0,2.083956003189087,0.035457875579595566,0.6532764434814453,0.09889984130859375,0.0036630630493164062,65
49.71265470801154,0.0,0.0,2.0855677127838135,0.036263737827539444,0.6532764434814453,-0.23077011108398438,0.0036630630493164062,65
49.79268341703573,0.0,0.0,2.0775089263916016,0.036263737827539444,0.6532764434814453,-0.0549468994140625,-0.04029273986816406,65
49.872666417039,0.0,0.0,2.083956003189087,0.035457875579595566,0.6532764434814453,0.120880126953125,-0.0036630630493164062,65
49.954021833022125,0.0,0.0,2.092820405960083,0.035457875579595566,0.6532764434814453,0.03296661376953125,-0.03296661376953125,65
50.03480145800859,0.0,0.0,2.08959698677063,0.036263737827539444,0.6532764434814453,0.03296661376953125,0.010989189147949219,65
50.11527870799182,0.0,0.0,2.0863735675811768,0.035457875579595566,0.6532764434814453,0.1868133544921875,-0.0036630630493164062,65
50.19618299999274,0.0,0.0,2.0968496799468994,0.035457875579595566,0.6532764434814453,0.16483688354492188,-0.047618865966796875,65
50.2770822920138,0.0,0.0,2.0855677127838135,0.035457875579595566,0.6532764434814453,0.16483688354492188,-0.047618865966796875,65
50.35815833299421,0.0,0.0,2.0863735675811768,0.036263737827539444,0.6532764434814453,0.27472686767578125,-0.025641441345214844,65
50.43891158304177,0.0,0.0,2.1081318855285645,0.036263737827539444,0.6528949737548828,-0.3186798095703125,0.010989189147949219,65
50.519520958012436,0.0,0.0,2.0855677127838135,0.035457875579595566,0.6532764434814453,-0.010990142822265625,-0.0036630630493164062,65
50.59960595803568,0.0,0.0,2.092820405960083,0.035457875579595566,0.6532764434814453,0.120880126953125,-0.010989189147949219,65
50.679624832991976,0.0,0.0,2.08959698677063,0.03465201333165169,0.6532764434814453,-0.14285659790039062,0.0036630630493164062,65
50.75961770804133,0.0,0.0,2.0920145511627197,0.035457875579595566,0.6536579132080078,0.4945068359375,-0.047618865966796875,65
50.84028191701509,0.0,0.0,2.1113553047180176,0.036263737827539444,0.6532764434814453,-0.14285659790039062,-0.010989189147949219,65
50.92138491704827,0.0,0.0,2.0920145511627197,0.035457875579595566,0.6532764434814453,-0.07692337036132812,-0.0036630630493164062,65
51.00234079203801,0.0,0.0,2.0920145511627197,0.036263737827539444,0.6532764434814453,0.07692337036132812,-0.010989189147949219,65
51.0835130000487,0.0,0.0,2.0912086963653564,0.036263737827539444,0.6532764434814453,0.07692337036132812,-0.010989189147949219,65
51.16437254199991,0.0,0.0,2.0920145511627197,0.03384615108370781,0.6532764434814453,-0.0549468994140625,0.010989189147949219,65
51.24654100002954,0.0,0.0,2.0831501483917236,0.035457875579595566,0.6532764434814453,-0.09889984130859375,0.0036630630493164062,65
51.32662283303216,0.0,0.0,2.08717942237854,0.036263737827539444,0.6532764434814453,-0.09889984130859375,0.0036630630493164062,65
51.40694250003435,0.0,0.0,2.08476185798645,0.035457875579595566,0.6532764434814453,-0.20878982543945312,0.0036630630493164062,65
51.48872233304428,0.0,0.0,2.0863735675811768,0.035457875579595566,0.6532764434814453,0.010990142822265625,0.01831531524658203,65
51.56895174999954,0.0,0.0,2.098461627960205,0.035457875579595566,0.6532764434814453,0.010990142822265625,0.01831531524658203,65
51.65678262501024,0.0,0.0,2.0855677127838135,0.035457875579595566,0.6528949737548828,-0.23077011108398438,-0.0036630630493164062,65
51.74452945799567,0.0,0.0,2.0887911319732666,0.036263737827539444,0.6532764434814453,0.20878982543945312,0.0036630630493164062,65
51.82770145800896,0.0,0.0,2.095238208770752,0.035457875579595566,0.6532764434814453,0.03296661376953125,-0.0036630630493164062,65
51.90909662499325,0.0,0.0,2.1194138526916504,0.035457875579595566,0.6532764434814453,0.4285697937011719,-0.01831531524658203,65
51.990267000044696,0.0,0.0,2.08959698677063,0.035457875579595566,0.6532764434814453,0.03296661376953125,-0.0036630630493164062,65
52.071319375012536,0.0,0.0,2.095238208770752,0.035457875579595566,0.6532764434814453,0.09889984130859375,-0.0036630630493164062,65
52.15337404201273,0.0,0.0,2.095238208770752,0.036263737827539444,0.6532764434814453,-0.16483688354492188,0.01831531524658203,65
52.23881141701713,0.0,0.0,2.0968496799468994,0.035457875579595566,0.6532764434814453,0.03296661376953125,0.0036630630493164062,65
52.326850125042256,0.0,0.0,2.0904030799865723,0.036263737827539444,0.6528949737548828,-0.40659332275390625,-0.0036630630493164062,65
52.408285707992036,0.0,0.0,2.1000730991363525,0.036263737827539444,0.6532764434814453,-0.0549468994140625,-0.01831531524658203,65
52.49301650002599,0.0,0.0,2.0904030799865723,0.035457875579595566,0.6532764434814453,0.1868133544921875,-0.0622711181640625,65
52.57568916701712,0.0,0.0,2.092820405960083,0.035457875579595566,0.6528949737548828,-0.1868133544921875,-0.01831531524658203,65
52.65819691703655,0.0,0.0,2.0944323539733887,0.035457875579595566,0.6532764434814453,0.14285659790039062,-0.047618865966796875,65
52.74148512503598,0.0,0.0,2.092820405960083,0.035457875579595566,0.6532764434814453,-0.0549468994140625,-0.010989189147949219,65
52.825653708016034,0.0,0.0,2.0831501483917236,0.035457875579595566,0.6532764434814453,-0.0549468994140625,-0.0036630630493164062,65
52.90712250000797,0.0,0.0,2.0976555347442627,0.036263737827539444,0.6532764434814453,-0.0549468994140625,-0.0036630630493164062,65
52.98716633301228,0.0,0.0,2.0904030799865723,0.036263737827539444,0.6532764434814453,-0.0549468994140625,-0.047618865966796875,65
53.06718458299292,0.0,0.0,2.1169962882995605,0.035457875579595566,0.6532764434814453,-0.010990142822265625,-0.0036630630493164062,65
53.14736670802813,0.0,0.0,2.096043825149536,0.035457875579595566,0.6532764434814453,0.010990142822265625,0.0036630630493164062,65
53.23058445804054,0.0,0.0,2.0976555347442627,0.035457875579595566,0.6532764434814453,-0.0549468994140625,-0.010989189147949219,65
53.31102250004187,0.0,0.0,2.0904030799865723,0.03465201333165169,0.6532764434814453,0.09889984130859375,-0.04029273986816406,65
53.39143362501636,0.0,0.0,2.096043825149536,0.035457875579595566,0.6532764434814453,-0.0549468994140625,0.0036630630493164062,65
53.47193837503437,0.0,0.0,2.092820405960083,0.035457875579595566,0.6532764434814453,-0.09889984130859375,-0.03296661376953125,65
53.55274204199668,0.0,0.0,2.092820405960083,0.035457875579595566,0.6532764434814453,-0.23077011108398438,-0.010989189147949219,65
53.63342016702518,0.0,0.0,2.08476185798645,0.036263737827539444,0.6528949737548828,-0.27472686767578125,0.0036630630493164062,65
53.7137926670257,0.0,0.0,2.0944323539733887,0.035457875579595566,0.6532764434814453,0.07692337036132812,-0.047618865966796875,65
53.79442725004628,0.0,0.0,2.101684808731079,0.035457875579595566,0.6532764434814453,-0.120880126953125,0.010989189147949219,65
53.87543837499106,0.0,0.0,2.078315019607544,0.037069596350193024,0.6532764434814453,-0.09889984130859375,0.0036630630493164062,65
53.955724958039355,0.0,0.0,2.08717942237854,0.035457875579595566,0.6532764434814453,-0.07692337036132812,-0.0036630630493164062,65
54.03725945804035,0.0,0.0,2.083956003189087,0.036263737827539444,0.6532764434814453,-0.07692337036132812,0.0036630630493164062,65
54.117638708034065,0.0,0.0,2.08959698677063,0.035457875579595566,0.6532764434814453,0.16483688354492188,-0.047618865966796875,65
54.19713054201566,0.0,0.0,2.0775089263916016,0.03465201333165169,0.6532764434814453,0.14285659790039062,-0.01831531524658203,65
54.27777000004426,0.0,0.0,2.08476185798645,0.03384615108370781,0.6532764434814453,0.07692337036132812,0.0036630630493164062,65
54.358382000005804,0.0,0.0,2.096043825149536,0.036263737827539444,0.6532764434814453,-0.0549468994140625,-0.0036630630493164062,65
54.43933145800838,0.0,0.0,2.0904030799865723,0.036263737827539444,0.6532764434814453,-0.0549468994140625,0.010989189147949219,65
54.51939008303452,0.0,0.0,2.129889965057373,0.035457875579595566,0.6532764434814453,0.010990142822265625,-0.010989189147949219,65
54.59966300002998,0.0,0.0,2.08959698677063,0.03384615108370781,0.6532764434814453,0.1868133544921875,-0.010989189147949219,65
54.68037583300611,0.0,0.0,2.0904030799865723,0.035457875579595566,0.6532764434814453,0.14285659790039062,-0.025641441345214844,65
54.761127792007755,0.0,0.0,2.08959698677063,0.035457875579595566,0.6532764434814453,-0.120880126953125,-0.010989189147949219,65
54.84263545804424,0.0,0.0,2.08717942237854,0.036263737827539444,0.6532764434814453,0.25274658203125,-0.0036630630493164062,65
54.92284925002605,0.0,0.0,2.0944323539733887,0.03384615108370781,0.6532764434814453,-0.09889984130859375,0.0036630630493164062,65
55.00270825001644,0.0,0.0,2.0855677127838135,0.035457875579595566,0.6532764434814453,0.1868133544921875,0.0036630630493164062,65
55.08295933302725,0.0,0.0,2.0799267292022705,0.035457875579595566,0.6532764434814453,-0.25274658203125,-0.010989189147949219,65
55.164162458037026,0.0,0.0,2.095238208770752,0.035457875579595566,0.6532764434814453,0.16483688354492188,0.010989189147949219,65
55.24438437499339,0.0,0.0,2.0879852771759033,0.035457875579595566,0.6532764434814453,-0.25274658203125,-0.047618865966796875,65
55.3270480420324,0.0,0.0,2.0912086963653564,0.035457875579595566,0.6532764434814453,0.23077011108398438,-0.0036630630493164062,65
55.41086541704135,0.0,0.0,2.08476185798645,0.035457875579595566,0.6528949737548828,-0.3846168518066406,0.0036630630493164062,65
55.49165600002743,0.0,0.0,2.0855677127838135,0.035457875579595566,0.6532764434814453,-0.07692337036132812,-0.010989189147949219,65
55.571973000012804,0.0,0.0,2.0863735675811768,0.035457875579595566,0.6532764434814453,0.27472686767578125,0.0036630630493164062,65
55.65246900002239,0.0,0.0,2.08476185798645,0.035457875579595566,0.6532764434814453,0.23077011108398438,-0.03296661376953125,65
55.73187662503915,0.0,0.0,2.095238208770752,0.035457875579595566,0.6532764434814453,0.09889984130859375,-0.025641441345214844,65
55.81320362503175,0.0,0.0,2.08476185798645,0.036263737827539444,0.6532764434814453,-0.1868133544921875,0.010989189147949219,65
55.89438404201064,0.0,0.0,2.0879852771759033,0.035457875579595566,0.6532764434814453,0.0549468994140625,-0.025641441345214844,65
55.97775654203724,0.0,0.0,2.0912086963653564,0.03465201333165169,0.6532764434814453,-0.1868133544921875,-0.03296661376953125,65
56.05994291702518,0.0,0.0,2.08476185798645,0.035457875579595566,0.6532764434814453,-0.120880126953125,-0.010989189147949219,65
56.14165591704659,0.0,0.0,2.0879852771759033,0.036263737827539444,0.6532764434814453,-0.25274658203125,-0.0036630630493164062,65
56.22166891704546,0.0,0.0,2.095238208770752,0.035457875579595566,0.6532764434814453,-0.07692337036132812,-0.01831531524658203,65
56.30165620800108,0.0,0.0,2.0944323539733887,0.036263737827539444,0.6532764434814453,0.010990142822265625,0.010989189147949219,65
56.38187891704729,0.0,0.0,2.104102611541748,0.035457875579595566,0.6532764434814453,0.16483688354492188,0.0036630630493164062,65
56.46175800001947,0.0,0.0,2.095238208770752,0.035457875579595566,0.6532764434814453,-0.1868133544921875,-0.0036630630493164062,65
56.541742750036065,0.0,0.0,2.0879852771759033,0.035457875579595566,0.6532764434814453,-0.03296661376953125,-0.0036630630493164062,65
56.62313287501456,0.0,0.0,2.0936262607574463,0.035457875579595566,0.6532764434814453,-0.14285659790039062,0.0036630630493164062,65
56.70392262499081,0.0,0.0,2.08959698677063,0.035457875579595566,0.6532764434814453,-0.010990142822265625,-0.01831531524658203,65
56.784917083045,0.0,0.0,2.0823442935943604,0.037069596350193024,0.6532764434814453,-0.010990142822265625,-0.01831531524658203,65
56.86521633301163,0.0,0.0,2.0904030799865723,0.036263737827539444,0.6532764434814453,0.07692337036132812,0.0036630630493164062,65
56.94568712502951,0.0,0.0,2.0912086963653564,0.035457875579595566,0.6532764434814453,-0.14285659790039062,-0.03296661376953125,65
57.0266414170037,0.0,0.0,2.096043825149536,0.035457875579595566,0.6528949737548828,-0.47252655029296875,-0.025641441345214844,65
57.110379333025776,0.0,0.0,2.1049082279205322,0.03465201333165169,0.6532764434814453,0.07692337036132812,0.010989189147949219,65
57.190190833003726,0.0,0.0,2.0855677127838135,0.036263737827539444,0.6532764434814453,-0.03296661376953125,0.010989189147949219,65
57.27015312499134,0.0,0.0,2.0968496799468994,0.035457875579595566,0.6532764434814453,-0.010990142822265625,0.010989189147949219,65
57.349814792047255,0.0,0.0,2.08959698677063,0.035457875579595566,0.6532764434814453,0.120880126953125,-0.047618865966796875,65
57.43120066699339,0.0,0.0,2.08717942237854,0.036263737827539444,0.6532764434814453,-0.1868133544921875,0.0036630630493164062,65
57.51102912501665,0.0,0.0,2.098461627960205,0.036263737827539444,0.6532764434814453,-0.1868133544921875,0.0036630630493164062,65
57.591271083045285,0.0,0.0,2.0791208744049072,0.036263737827539444,0.6532764434814453,-0.16483688354492188,0.010989189147949219,65
57.67298850003863,0.0,0.0,2.0887911319732666,0.035457875579595566,0.6532764434814453,0.07692337036132812,0.010989189147949219,65
57.76498666702537,0.0,0.0,2.0904030799865723,0.036263737827539444,0.6532764434814453,-0.03296661376953125,0.0036630630493164062,65
57.846926041995175,0.0,0.0,2.08959698677063,0.035457875579595566,0.6532764434814453,0.0549468994140625,0.010989189147949219,65
57.92769829201279,0.0,0.0,2.100878953933716,0.035457875579595566,0.6532764434814453,-0.120880126953125,-0.0036630630493164062,65
58.00804012501612,0.0,0.0,2.078315019607544,0.036263737827539444,0.6532764434814453,0.03296661376953125,-0.04029273986816406,65
58.09109437500592,0.0,0.0,2.08476185798645,0.035457875579595566,0.6532764434814453,-0.09889984130859375,-0.03296661376953125,65
58.17146066704299,0.0,0.0,2.0887911319732666,0.036263737827539444,0.6532764434814453,0.120880126953125,0.0036630630493164062,65
58.251939583045896,0.0,0.0,2.0887911319732666,0.035457875579595566,0.6532764434814453,0.07692337036132812,0.010989189147949219,65
58.33338291704422,0.0,0.0,2.0887911319732666,0.036263737827539444,0.6532764434814453,-0.34066009521484375,-0.010989189147949219,65
58.41401741700247,0.0,0.0,2.083956003189087,0.035457875579595566,0.6532764434814453,0.27472686767578125,-0.0036630630493164062,65
58.49433225003304,0.0,0.0,2.08717942237854,0.035457875579595566,0.6532764434814453,0.0549468994140625,0.010989189147949219,65
58.57570675003808,0.0,0.0,2.0855677127838135,0.035457875579595566,0.6532764434814453,-0.120880126953125,0.010989189147949219,65
58.65686212503351,0.0,0.0,2.083956003189087,0.035457875579595566,0.6532764434814453,0.010990142822265625,0.010989189147949219,65
58.73808058304712,0.0,0.0,2.08476185798645,0.035457875579595566,0.6532764434814453,0.010990142822265625,0.010989189147949219,65
58.81912162504159,0.0,0.0,2.0863735675811768,0.036263737827539444,0.6532764434814453,0.14285659790039062,-0.03296661376953125,65
58.9000977500109,0.0,0.0,2.08476185798645,0.035457875579595566,0.6532764434814453,-0.120880126953125,-0.010989189147949219,65
58.98084945802111,0.0,0.0,2.092820405960083,0.035457875579595566,0.6532764434814453,0.0549468994140625,0.010989189147949219,65
59.06104633299401,0.0,0.0,2.083956003189087,0.036263737827539444,0.6532764434814453,-0.010990142822265625,-0.03296661376953125,65
59.14214879204519,0.0,0.0,2.0799267292022705,0.03465201333165169,0.6532764434814453,-0.0549468994140625,0.010989189147949219,65
59.22279912501108,0.0,0.0,2.0855677127838135,0.036263737827539444,0.6532764434814453,0.010990142822265625,0.01831531524658203,65
59.30342570802895,0.0,0.0,2.0944323539733887,0.03465201333165169,0.6532764434814453,-0.27472686767578125,-0.047618865966796875,65
59.38446708302945,0.0,0.0,2.0904030799865723,0.035457875579595566,0.6532764434814453,0.03296661376953125,-0.025641441345214844,65
59.465188166999724,0.0,0.0,2.072673797607422,0.035457875579595566,0.6532764434814453,0.03296661376953125,0.010989189147949219,65
59.54568408301566,0.0,0.0,2.08476185798645,0.036263737827539444,0.6532764434814453,0.0549468994140625,0.0036630630493164062,65
59.62598141701892,0.0,0.0,2.0823442935943604,0.035457875579595566,0.6532764434814453,-0.14285659790039062,-0.0036630630493164062,65
59.706861292012036,0.0,0.0,2.08717942237854,0.035457875579595566,0.6532764434814453,-0.120880126953125,0.0036630630493164062,65
59.78800508304266,0.0,0.0,2.0863735675811768,0.03465201333165169,0.6532764434814453,-0.1868133544921875,0.0036630630493164062,65
59.86970120802289,0.0,0.0,2.08959698677063,0.035457875579595566,0.6532764434814453,-0.14285659790039062,0.0036630630493164062,65
59.95183520804858,0.0,0.0,2.096043825149536,0.035457875579595566,0.6532764434814453,0.1868133544921875,0.010989189147949219,65
60.034161625022534,0.0,0.0,2.08476185798645,0.036263737827539444,0.6532764434814453,0.20878982543945312,-0.03296661376953125,65
60.11646900000051,0.0,0.0,2.121025562286377,0.037069596350193024,0.6532764434814453,-0.07692337036132812,-0.01831531524658203,65
60.19770200003404,0.0,0.0,2.0920145511627197,0.035457875579595566,0.6532764434814453,-0.27472686767578125,-0.010989189147949219,65
60.279789499996696,0.0,0.0,2.0855677127838135,0.036263737827539444,0.6532764434814453,0.07692337036132812,-0.04029273986816406,65
60.36210062500322,0.0,0.0,2.08476185798645,0.036263737827539444,0.6532764434814453,0.14285659790039062,-0.01831531524658203,65
60.44317479204619,0.0,0.0,2.0920145511627197,0.035457875579595566,0.6532764434814453,0.14285659790039062,-0.01831531524658203,65
60.52346420800313,0.0,0.0,2.121025562286377,0.036263737827539444,0.6532764434814453,-0.120880126953125,-0.025641441345214844,65
60.604074667033274,0.0,0.0,2.08717942237854,0.036263737827539444,0.6532764434814453,0.1868133544921875,0.010989189147949219,65
60.685482208034955,0.0,0.0,2.0887911319732666,0.03304029256105423,0.6532764434814453,0.23077011108398438,0.010989189147949219,65
60.766352875041775,0.0,0.0,2.092820405960083,0.036263737827539444,0.6532764434814453,-0.20878982543945312,-0.010989189147949219,65
60.84763437503716,0.0,0.0,2.0912086963653564,0.035457875579595566,0.6532764434814453,0.120880126953125,-0.01831531524658203,65
60.927681583038066,0.0,0.0,2.100878953933716,0.03384615108370781,0.6532764434814453,-0.120880126953125,0.0036630630493164062,65
61.00848679203773,0.0,0.0,2.0920145511627197,0.036263737827539444,0.6532764434814453,-0.07692337036132812,-0.03296661376953125,65
61.08925525000086,0.0,0.0,2.08476185798645,0.035457875579595566,0.6532764434814453,-0.0549468994140625,0.0036630630493164062,65
61.169358999992255,0.0,0.0,2.0863735675811768,0.035457875579595566,0.6532764434814453,-0.03296661376953125,-0.04029273986816406,65
61.24965620803414,0.0,0.0,2.08959698677063,0.036263737827539444,0.6532764434814453,0.09889984130859375,-0.04029273986816406,65
61.330232042004354,0.0,0.0,2.0904030799865723,0.035457875579595566,0.6536579132080078,0.3846168518066406,-0.0036630630493164062,65
61.410260750039015,0.0,0.0,2.0879852771759033,0.03304029256105423,0.6532764434814453,0.14285659790039062,-0.03296661376953125,65
61.49171216704417,0.0,0.0,2.0887911319732666,0.037069596350193024,0.6532764434814453,-0.0549468994140625,-0.010989189147949219,65
61.57158545800485,0.0,0.0,2.0855677127838135,0.035457875579595566,0.6536579132080078,0.2967033386230469,-0.010989189147949219,65
61.65219929203158,0.0,0.0,2.0775089263916016,0.03465201333165169,0.6532764434814453,-0.120880126953125,0.010989189147949219,65
61.73206720803864,0.0,0.0,2.0831501483917236,0.035457875579595566,0.6532764434814453,-0.03296661376953125,0.010989189147949219,65
61.81228341703536,0.0,0.0,2.08476185798645,0.036263737827539444,0.6532764434814453,-0.120880126953125,-0.03296661376953125,65
61.89371375000337,0.0,0.0,2.0831501483917236,0.03465201333165169,0.6532764434814453,0.0549468994140625,0.010989189147949219,65
61.97411837504478,0.0,0.0,2.0920145511627197,0.03465201333165169,0.6532764434814453,-0.07692337036132812,-0.01831531524658203,65
62.05518975004088,0.0,0.0,2.08959698677063,0.035457875579595566,0.6532764434814453,-0.010990142822265625,-0.01831531524658203,65
62.13632874999894,0.0,0.0,2.0863735675811768,0.036263737827539444,0.6532764434814453,-0.4285697937011719,-0.01831531524658203,65
62.21698179200757,0.0,0.0,2.0855677127838135,0.035457875579595566,0.6532764434814453,-0.4285697937011719,0.010989189147949219,65
62.29857816704316,0.0,0.0,2.080732583999634,0.035457875579595566,0.6532764434814453,0.23077011108398438,-0.025641441345214844,65
62.385925417009275,0.0,0.0,2.0912086963653564,0.036263737827539444,0.6532764434814453,-0.3626365661621094,-0.04029273986816406,65
62.47347741702106,0.0,0.0,2.0855677127838135,0.035457875579595566,0.6532764434814453,0.0549468994140625,0.01831531524658203,65
62.5573537920136,0.0,0.0,2.083956003189087,0.035457875579595566,0.6532764434814453,0.20878982543945312,-0.0036630630493164062,65
62.63994229200762,0.0,0.0,2.1387546062469482,0.035457875579595566,0.6532764434814453,0.16483688354492188,-0.0036630630493164062,65
62.7228192500188,0.0,0.0,2.158095121383667,0.03465201333165169,0.6532764434814453,-0.07692337036132812,-0.03296661376953125,65
62.80540175002534,0.0,0.0,2.277362585067749,0.035457875579595566,0.6532764434814453,-0.14285659790039062,-0.010989189147949219,65
62.88597937504528,0.0,0.0,2.422417640686035,0.035457875579595566,0.6532764434814453,-0.120880126953125,-0.01831531524658203,65
62.9671040000394,0.0,0.0,2.573113441467285,0.036263737827539444,0.6532764434814453,-0.120880126953125,-0.01831531524658203,65
63.04787462501554,0.0,0.0,2.669816732406616,0.035457875579595566,0.6506061553955078,-0.25274658203125,-0.04029273986816406,65
63.12898816703819,0.0,0.0,2.807619094848633,0.036263737827539444,0.6284809112548828,-0.25274658203125,0.025641441345214844,65
63.209674999990966,0.0,0.0,2.793919324874878,0.035457875579595566,0.6120777130126953,-0.8461532592773438,0.0036630630493164062,65
63.29097479203483,0.0,0.0,2.827765703201294,0.036263737827539444,0.50030517578125,-2.3626365661621094,-0.010989189147949219,65
63.37349929200718,0.0,0.0,2.828571319580078,0.035457875579595566,0.3187227249145508,-3.373626708984375,-0.047618865966796875,65
63.45513816701714,0.0,0.0,2.844688653945923,0.036263737827539444,-0.21801280975341797,-3.923076629638672,0.010989189147949219,65
63.53467270801775,0.0,0.0,2.8753111362457275,0.035457875579595566,-0.3542003631591797,-4.5604400634765625,-0.03296661376953125,65
63.6177669170429,0.0,0.0,2.8043956756591797,0.035457875579595566,-0.7387275695800781,-4.0549468994140625,0.01831531524658203,65
63.69847629201831,0.0,0.0,2.6625640392303467,0.036263737827539444,-1.119821548461914,-0.0549468994140625,-0.010989189147949219,65
63.77911387500353,0.0,0.0,2.350695848464966,0.035457875579595566,-1.119058609008789,-0.1868133544921875,-0.047618865966796875,65
63.86052049999125,0.0,0.0,2.3241026401519775,0.035457875579595566,-1.1186771392822266,0.07692337036132812,0.010989189147949219,65
63.94116166699678,0.0,0.0,2.311208724975586,0.035457875579595566,-1.1186771392822266,-0.07692337036132812,-0.025641441345214844,65
64.02197187504498,0.0,0.0,2.316849708557129,0.036263737827539444,-1.1186771392822266,0.27472686767578125,-0.01831531524658203,65
64.1022478750092,0.0,0.0,2.313626289367676,0.035457875579595566,-1.1186771392822266,0.14285659790039062,0.010989189147949219,65
64.18179579201387,0.0,0.0,2.3120148181915283,0.036263737827539444,-1.1186771392822266,0.09889984130859375,0.0036630630493164062,65
64.2652598330169,0.0,0.0,2.220146417617798,0.035457875579595566,-1.1186771392822266,0.16483688354492188,-0.03296661376953125,65
64.34712316701189,0.0,0.0,2.2249815464019775,0.035457875579595566,-1.1186771392822266,0.4285697937011719,-0.010989189147949219,65
64.42874370800564,0.0,0.0,2.245934009552002,0.036263737827539444,-1.1186771392822266,-0.0549468994140625,-0.0036630630493164062,65
64.5093982500257,0.0,0.0,2.242710590362549,0.035457875579595566,-1.1186771392822266,-0.0549468994140625,-0.04029273986816406,65
64.58978187502362,0.0,0.0,2.237069606781006,0.035457875579595566,-1.1186771392822266,0.09889984130859375,0.010989189147949219,65
64.66930695803603,0.0,0.0,2.240293025970459,0.035457875579595566,-1.1186771392822266,0.1868133544921875,-0.04029273986816406,65
64.7504191250191,0.0,0.0,2.2410988807678223,0.035457875579595566,-1.119058609008789,-0.4505500793457031,-0.03296661376953125,65
64.83042704203399,0.0,0.0,2.2419047355651855,0.036263737827539444,-1.1186771392822266,0.010990142822265625,0.010989189147949219,65
64.91035679203924,0.0,0.0,2.243516445159912,0.035457875579595566,-1.1186771392822266,0.09889984130859375,-0.03296661376953125,65
64.99011745804455,0.0,0.0,2.2330403327941895,0.035457875579595566,-1.1186771392822266,-0.010990142822265625,-0.03296661376953125,65
65.07060329202795,0.0,0.0,2.2217581272125244,0.036263737827539444,-1.1186771392822266,-0.120880126953125,-0.04029273986816406,65
65.15163050004048,0.0,0.0,2.209670305252075,0.036263737827539444,-1.119058609008789,-0.25274658203125,0.0036630630493164062,65
65.23210612504045,0.0,0.0,2.112967014312744,0.035457875579595566,-1.119058609008789,-0.2967033386230469,0.0036630630493164062,65
65.31300254201051,0.0,0.0,2.0509157180786133,0.035457875579595566,-1.1186771392822266,-0.14285659790039062,-0.03296661376953125,65
65.39517291699303,0.0,0.0,1.9880586862564087,0.035457875579595566,-1.1186771392822266,-0.14285659790039062,-0.03296661376953125,65
65.47678141703364,0.0,0.0,1.9276190996170044,0.035457875579595566,-1.118295669555664,-0.1868133544921875,-0.01831531524658203,65
65.55676370800938,0.0,0.0,1.8494505882263184,0.035457875579595566,-1.1095218658447266,0.4285697937011719,-0.0036630630493164062,65
65.63704187504482,0.0,0.0,1.8325273990631104,0.035457875579595566,-1.093881607055664,0.3626365661621094,-0.03296661376953125,65
65.71823783300351,0.0,0.0,1.828498125076294,0.035457875579595566,-1.0549707412719727,0.47252655029296875,0.01831531524658203,65
65.79955875000451,0.0,0.0,1.8365566730499268,0.035457875579595566,-0.9897384643554688,0.7142868041992188,0.010989189147949219,65
65.88051183300558,0.0,0.0,1.9413186311721802,0.036263737827539444,-0.9840164184570312,0.4285697937011719,-0.047618865966796875,65
65.96095970802708,0.0,0.0,2.178241729736328,0.035457875579595566,-0.9840164184570312,-0.07692337036132812,-0.0036630630493164062,65
66.04145937500289,0.0,0.0,2.2185347080230713,0.035457875579595566,-0.9843978881835938,-0.3626365661621094,-0.01831531524658203,65
66.12229637504788,0.0,0.0,2.285421133041382,0.036263737827539444,-0.9840164184570312,-0.010990142822265625,0.010989189147949219,65
66.20261562499218,0.0,0.0,2.254798412322998,0.035457875579595566,-0.9840164184570312,0.0549468994140625,0.0036630630493164062,65
66.28327600000193,0.0,0.0,2.26043963432312,0.035457875579595566,-0.9840164184570312,0.07692337036132812,0.0036630630493164062,65
66.36514883302152,0.0,0.0,2.2531867027282715,0.035457875579595566,-0.9840164184570312,0.20878982543945312,0.0036630630493164062,65
66.44540354202036,0.0,0.0,2.249157428741455,0.035457875579595566,-0.9840164184570312,0.20878982543945312,0.0036630630493164062,65
66.52548987499904,0.0,0.0,2.2362637519836426,0.035457875579595566,-0.9840164184570312,-0.1868133544921875,0.010989189147949219,65
66.60551475000102,0.0,0.0,2.2072527408599854,0.036263737827539444,-0.9840164184570312,0.07692337036132812,0.01831531524658203,65
66.68594137503533,0.0,0.0,2.046886444091797,0.036263737827539444,-0.9840164184570312,0.010990142822265625,-0.03296661376953125,65
66.76672412501648,0.0,0.0,1.9284248352050781,0.03465201333165169,-0.9840164184570312,0.16483688354492188,-0.01831531524658203,65
66.85021895804675,0.0,0.0,1.8631502389907837,0.035457875579595566,-0.9836349487304688,0.1868133544921875,-0.01831531524658203,65
66.93070512503618,0.0,0.0,1.8188278675079346,0.035457875579595566,-0.9836349487304688,-0.5604400634765625,-0.04029273986816406,65
67.01092091703322,0.0,0.0,1.7334065437316895,0.035457875579595566,-0.9832534790039062,-0.3846168518066406,-0.0622711181640625,65
67.0923668750329,0.0,0.0,1.7092307806015015,0.036263737827539444,-0.9809646606445312,0.5824165344238281,-0.010989189147949219,65
67.1723920830409,0.0,0.0,1.6576557159423828,0.035457875579595566,-0.9782943725585938,0.07692337036132812,-0.05494499206542969,65
67.25261591700837,0.0,0.0,1.6778022050857544,0.035457875579595566,-0.9760055541992188,0.09889984130859375,0.0036630630493164062,65
67.33440483303275,0.0,0.0,1.8051282167434692,0.035457875579595566,-0.9672307968139648,-0.3626365661621094,-0.0036630630493164062,65
67.41505483299261,0.0,0.0,2.0307693481445312,0.036263737827539444,-0.9660863876342773,-0.20878982543945312,-0.010989189147949219,65
67.49532229203032,0.0,0.0,2.1371426582336426,0.03465201333165169,-0.9660863876342773,-0.1868133544921875,-0.025641441345214844,65
67.57648741704179,0.0,0.0,2.163736343383789,0.035457875579595566,-0.9657049179077148,0.1868133544921875,0.0036630630493164062,65
67.65671370801283,0.0,0.0,2.163736343383789,0.035457875579595566,-0.9657049179077148,0.0549468994140625,-0.0036630630493164062,65
67.74772775004385,0.0,0.0,2.1734066009521484,0.036263737827539444,-0.9657049179077148,-0.20878982543945312,-0.010989189147949219,65
67.83079279202502,0.0,0.0,2.1758241653442383,0.035457875579595566,-0.9657049179077148,0.14285659790039062,0.0036630630493164062,65
67.91484620800475,0.0,0.0,2.1798534393310547,0.035457875579595566,-0.9657049179077148,-0.09889984130859375,-0.01831531524658203,65
67.99988495802972,0.0,0.0,2.171794891357422,0.035457875579595566,-0.9653234481811523,-0.07692337036132812,-0.0036630630493164062,65
68.0818029170041,0.0,0.0,2.1564834117889404,0.035457875579595566,-0.9657049179077148,-0.1868133544921875,-0.03296661376953125,65
68.16389670799254,0.0,0.0,1.9743589162826538,0.035457875579595566,-0.9653234481811523,0.1868133544921875,0.0036630630493164062,65
68.24569395801518,0.0,0.0,1.7672526836395264,0.035457875579595566,-0.9653234481811523,0.0549468994140625,-0.010989189147949219,65
