  0
SECTION
  2
HEADER
  9
$ANGBASE
  50
0.0
  9
$ANGDIR
  70
1
  9
$MEASUREMENT
  70
1
  0
ENDSEC
  0
SECTION
  2
TABLES
  0
TABLE
  2
LTYPE
  70
4
  0
LTYPE
  5
40F
  2
CONTINUOUS
  70
0
  3
Solid line
  72
65
  73
0
  40
0.0
  0
LTYPE
  5
410
  2
DASHDOT
 70
0
  3
Dash Dot ____ _ ____ _
 72
65
 73
4
 40
2.0
 49
1.25
 49
-0.25
 49
0.25
 49
-0.25
  0
LTYPE
  5
411
  2
DASHED
 70
0
  3
Dashed __ __ __ __ __
 72
65
 73
2
 40
0.75
 49
0.5
 49
-0.25
  0
LTYPE
  5
43B
  2
DOTTED
 70
0
  3
Dotted .  .  .  .
 72
65
 73
2
 40
0.2
 49
0.0
 49
-0.2
  0
ENDTAB
  0
TABLE
  2
STYLE
  70
4
  0
STYLE
  2
KICAD
  70
0
  40
0
  41
1
  42
1
  50
0
  71
0
  3
isocp.shx
  0
STYLE
  2
KICADB
  70
0
  40
0
  41
1
  42
1
  50
0
  71
0
  3
isocp.shx
  0
STYLE
  2
KICADI
  70
0
  40
0
  41
1
  42
1
  50
15
  71
0
  3
isocp.shx
  0
STYLE
  2
KICADBI
  70
0
  40
0
  41
1
  42
1
  50
15
  71
0
  3
isocp.shx
  0
ENDTAB
  0
TABLE
  2
LAYER
  70
1
  0
LAYER
  2
BLACK
  70
0
  62
7
  6
CONTINUOUS
  0
ENDTAB
  0
ENDSEC
  0
SECTION
  2
ENTITIES
0
LINE
8
BLACK
6
CONTINUOUS
10
180.5572849999999789
20
-126.2401659999999879
11
180.7944420000000036
21
-126.3037119999999902
0
LINE
8
BLACK
6
CONTINUOUS
10
180.7944420000000036
20
-126.3037119999999902
11
181.0212760000000003
21
-126.3976699999999909
0
LINE
8
BLACK
6
CONTINUOUS
10
181.0212760000000003
20
-126.3976699999999909
11
181.2339049999999929
21
-126.5204319999999996
0
LINE
8
BLACK
6
CONTINUOUS
10
181.2339049999999929
20
-126.5204319999999996
11
181.4286919999999839
21
-126.6698969999999917
0
LINE
8
BLACK
6
CONTINUOUS
10
181.4286919999999839
20
-126.6698969999999917
11
181.6023029999999778
21
-126.8435079999999999
0
LINE
8
BLACK
6
CONTINUOUS
10
181.6023029999999778
20
-126.8435079999999999
11
181.7517679999999984
21
-127.0382949999999909
0
LINE
8
BLACK
6
CONTINUOUS
10
181.7517679999999984
20
-127.0382949999999909
11
181.8745299999999929
21
-127.2509239999999977
0
LINE
8
BLACK
6
CONTINUOUS
10
181.8745299999999929
20
-127.2509239999999977
11
181.9684879999999794
21
-127.4777579999999944
0
LINE
8
BLACK
6
CONTINUOUS
10
181.9684879999999794
20
-127.4777579999999944
11
182.0320339999999817
21
-127.7149149999999906
0
LINE
8
BLACK
6
CONTINUOUS
10
182.0320339999999817
20
-127.7149149999999906
11
182.0640809999999874
21
-127.9583379999999977
0
LINE
8
BLACK
6
CONTINUOUS
10
182.0640809999999874
20
-127.9583379999999977
11
182.0640809999999874
21
-128.2038619999999867
0
LINE
8
BLACK
6
CONTINUOUS
10
182.0640809999999874
20
-128.2038619999999867
11
182.0320339999999817
21
-128.4472849999999937
0
LINE
8
BLACK
6
CONTINUOUS
10
182.0320339999999817
20
-128.4472849999999937
11
181.9684879999999794
21
-128.68444199999999
0
LINE
8
BLACK
6
CONTINUOUS
10
181.9684879999999794
20
-128.68444199999999
11
181.8745299999999929
21
-128.9112759999999867
0
LINE
8
BLACK
6
CONTINUOUS
10
181.8745299999999929
20
-128.9112759999999867
11
181.7517679999999984
21
-129.1239050000000077
0
LINE
8
BLACK
6
CONTINUOUS
10
181.7517679999999984
20
-129.1239050000000077
11
181.6023029999999778
21
-129.3186919999999986
0
LINE
8
BLACK
6
CONTINUOUS
10
181.6023029999999778
20
-129.3186919999999986
11
181.4286919999999839
21
-129.4923029999999926
0
LINE
8
BLACK
6
CONTINUOUS
10
181.4286919999999839
20
-129.4923029999999926
11
181.2339049999999929
21
-129.6417679999999848
0
LINE
8
BLACK
6
CONTINUOUS
10
181.2339049999999929
20
-129.6417679999999848
11
181.0212760000000003
21
-129.7645300000000077
0
LINE
8
BLACK
6
CONTINUOUS
10
181.0212760000000003
20
-129.7645300000000077
11
180.7944420000000036
21
-129.8584879999999941
0
LINE
8
BLACK
6
CONTINUOUS
10
180.7944420000000036
20
-129.8584879999999941
11
180.5572849999999789
21
-129.9220339999999965
0
LINE
8
BLACK
6
CONTINUOUS
10
180.5572849999999789
20
-129.9220339999999965
11
180.3138620000000003
21
-129.9540810000000022
0
LINE
8
BLACK
6
CONTINUOUS
10
180.3138620000000003
20
-129.9540810000000022
11
180.0683379999999829
21
-129.9540810000000022
0
LINE
8
BLACK
6
CONTINUOUS
10
180.0683379999999829
20
-129.9540810000000022
11
179.8249150000000043
21
-129.9220339999999965
0
LINE
8
BLACK
6
CONTINUOUS
10
179.8249150000000043
20
-129.9220339999999965
11
179.5877579999999796
21
-129.8584879999999941
0
LINE
8
BLACK
6
CONTINUOUS
10
179.5877579999999796
20
-129.8584879999999941
11
179.3609239999999829
21
-129.7645300000000077
0
LINE
8
BLACK
6
CONTINUOUS
10
179.3609239999999829
20
-129.7645300000000077
11
179.1482949999999903
21
-129.6417679999999848
0
LINE
8
BLACK
6
CONTINUOUS
10
179.1482949999999903
20
-129.6417679999999848
11
178.9535079999999994
21
-129.4923029999999926
0
LINE
8
BLACK
6
CONTINUOUS
10
178.9535079999999994
20
-129.4923029999999926
11
178.7798970000000054
21
-129.3186919999999986
0
LINE
8
BLACK
6
CONTINUOUS
10
178.7798970000000054
20
-129.3186919999999986
11
178.6304319999999848
21
-129.1239050000000077
0
LINE
8
BLACK
6
CONTINUOUS
10
178.6304319999999848
20
-129.1239050000000077
11
178.5076699999999903
21
-128.9112759999999867
0
LINE
8
BLACK
6
CONTINUOUS
10
178.5076699999999903
20
-128.9112759999999867
11
178.4137120000000039
21
-128.68444199999999
0
LINE
8
BLACK
6
CONTINUOUS
10
178.4137120000000039
20
-128.68444199999999
11
178.3501660000000015
21
-128.4472849999999937
0
LINE
8
BLACK
6
CONTINUOUS
10
178.3501660000000015
20
-128.4472849999999937
11
178.3181189999999958
21
-128.2038619999999867
0
LINE
8
BLACK
6
CONTINUOUS
10
178.3181189999999958
20
-128.2038619999999867
11
178.3181189999999958
21
-127.9583379999999977
0
LINE
8
BLACK
6
CONTINUOUS
10
178.3181189999999958
20
-127.9583379999999977
11
178.3187729999999931
21
-127.9533670000000001
0
LINE
8
BLACK
6
CONTINUOUS
10
178.3187729999999931
20
-127.9533670000000001
11
178.3501660000000015
21
-127.7149149999999906
0
LINE
8
BLACK
6
CONTINUOUS
10
178.3501660000000015
20
-127.7149149999999906
11
178.4137120000000039
21
-127.4777579999999944
0
LINE
8
BLACK
6
CONTINUOUS
10
178.4137120000000039
20
-127.4777579999999944
11
178.5076699999999903
21
-127.2509239999999977
0
LINE
8
BLACK
6
CONTINUOUS
10
178.5076699999999903
20
-127.2509239999999977
11
178.6304319999999848
21
-127.0382949999999909
0
LINE
8
BLACK
6
CONTINUOUS
10
178.6304319999999848
20
-127.0382949999999909
11
178.7798970000000054
21
-126.8435079999999999
0
LINE
8
BLACK
6
CONTINUOUS
10
178.7798970000000054
20
-126.8435079999999999
11
178.9535079999999994
21
-126.6698969999999917
0
LINE
8
BLACK
6
CONTINUOUS
10
178.9535079999999994
20
-126.6698969999999917
11
179.1482949999999903
21
-126.5204319999999996
0
LINE
8
BLACK
6
CONTINUOUS
10
179.1482949999999903
20
-126.5204319999999996
11
179.3609239999999829
21
-126.3976699999999909
0
LINE
8
BLACK
6
CONTINUOUS
10
179.3609239999999829
20
-126.3976699999999909
11
179.5877579999999796
21
-126.3037119999999902
0
LINE
8
BLACK
6
CONTINUOUS
10
179.5877579999999796
20
-126.3037119999999902
11
179.8249150000000043
21
-126.2401659999999879
0
LINE
8
BLACK
6
CONTINUOUS
10
179.8249150000000043
20
-126.2401659999999879
11
180.0683379999999829
21
-126.2081189999999964
0
LINE
8
BLACK
6
CONTINUOUS
10
180.0683379999999829
20
-126.2081189999999964
11
180.3138620000000003
21
-126.2081189999999964
0
LINE
8
BLACK
6
CONTINUOUS
10
180.3138620000000003
20
-126.2081189999999964
11
180.5572849999999789
21
-126.2401659999999879
0
LINE
8
BLACK
6
CONTINUOUS
10
178.5680999999999869
20
-128.2088329999999985
11
178.6080629999999871
21
-128.4611529999999959
0
LINE
8
BLACK
6
CONTINUOUS
10
178.6080629999999871
20
-128.4611529999999959
11
178.6870069999999942
21
-128.7041159999999991
0
LINE
8
BLACK
6
CONTINUOUS
10
178.6870069999999942
20
-128.7041159999999991
11
178.8029860000000042
21
-128.9317379999999957
0
LINE
8
BLACK
6
CONTINUOUS
10
178.8029860000000042
20
-128.9317379999999957
11
178.9531449999999779
21
-129.1384139999999832
0
LINE
8
BLACK
6
CONTINUOUS
10
178.9531449999999779
20
-129.1384139999999832
11
179.1337859999999864
21
-129.3190549999999917
0
LINE
8
BLACK
6
CONTINUOUS
10
179.1337859999999864
20
-129.3190549999999917
11
179.3404620000000023
21
-129.4692139999999938
0
LINE
8
BLACK
6
CONTINUOUS
10
179.3404620000000023
20
-129.4692139999999938
11
179.5680839999999989
21
-129.5851930000000038
0
LINE
8
BLACK
6
CONTINUOUS
10
179.5680839999999989
20
-129.5851930000000038
11
179.8110470000000021
21
-129.6641369999999824
0
LINE
8
BLACK
6
CONTINUOUS
10
179.8110470000000021
20
-129.6641369999999824
11
180.0633669999999995
21
-129.7040999999999826
0
LINE
8
BLACK
6
CONTINUOUS
10
180.0633669999999995
20
-129.7040999999999826
11
180.3188329999999837
21
-129.7040999999999826
0
LINE
8
BLACK
6
CONTINUOUS
10
180.3188329999999837
20
-129.7040999999999826
11
180.5711529999999811
21
-129.6641369999999824
0
LINE
8
BLACK
6
CONTINUOUS
10
180.5711529999999811
20
-129.6641369999999824
11
180.8141159999999843
21
-129.5851930000000038
0
LINE
8
BLACK
6
CONTINUOUS
10
180.8141159999999843
20
-129.5851930000000038
11
181.041737999999981
21
-129.4692139999999938
0
LINE
8
BLACK
6
CONTINUOUS
10
181.041737999999981
20
-129.4692139999999938
11
181.2484139999999968
21
-129.3190549999999917
0
LINE
8
BLACK
6
CONTINUOUS
10
181.2484139999999968
20
-129.3190549999999917
11
181.4290550000000053
21
-129.1384139999999832
0
LINE
8
BLACK
6
CONTINUOUS
10
181.4290550000000053
20
-129.1384139999999832
11
181.579213999999979
21
-128.9317379999999957
0
LINE
8
BLACK
6
CONTINUOUS
10
181.579213999999979
20
-128.9317379999999957
11
181.6951929999999891
21
-128.7041159999999991
0
LINE
8
BLACK
6
CONTINUOUS
10
181.6951929999999891
20
-128.7041159999999991
11
181.7741369999999961
21
-128.4611529999999959
0
LINE
8
BLACK
6
CONTINUOUS
10
181.7741369999999961
20
-128.4611529999999959
11
181.8140999999999963
21
-128.2088329999999985
0
LINE
8
BLACK
6
CONTINUOUS
10
181.8140999999999963
20
-128.2088329999999985
11
181.8140999999999963
21
-127.9533670000000001
0
LINE
8
BLACK
6
CONTINUOUS
10
181.8140999999999963
20
-127.9533670000000001
11
181.7741369999999961
21
-127.7010469999999884
0
LINE
8
BLACK
6
CONTINUOUS
10
181.7741369999999961
20
-127.7010469999999884
11
181.6951929999999891
21
-127.4580839999999995
0
LINE
8
BLACK
6
CONTINUOUS
10
181.6951929999999891
20
-127.4580839999999995
11
181.579213999999979
21
-127.2304619999999886
0
LINE
8
BLACK
6
CONTINUOUS
10
181.579213999999979
20
-127.2304619999999886
11
181.4290550000000053
21
-127.0237860000000012
0
LINE
8
BLACK
6
CONTINUOUS
10
181.4290550000000053
20
-127.0237860000000012
11
181.2484139999999968
21
-126.8431449999999927
0
LINE
8
BLACK
6
CONTINUOUS
10
181.2484139999999968
20
-126.8431449999999927
11
181.041737999999981
21
-126.6929859999999906
0
LINE
8
BLACK
6
CONTINUOUS
10
181.041737999999981
20
-126.6929859999999906
11
180.8141159999999843
21
-126.5770069999999947
0
LINE
8
BLACK
6
CONTINUOUS
10
180.8141159999999843
20
-126.5770069999999947
11
180.5711529999999811
21
-126.4980629999999877
0
LINE
8
BLACK
6
CONTINUOUS
10
180.5711529999999811
20
-126.4980629999999877
11
180.3188329999999837
21
-126.4580999999999875
0
LINE
8
BLACK
6
CONTINUOUS
10
180.3188329999999837
20
-126.4580999999999875
11
180.0633669999999995
21
-126.4580999999999875
0
LINE
8
BLACK
6
CONTINUOUS
10
180.0633669999999995
20
-126.4580999999999875
11
179.8110470000000021
21
-126.4980629999999877
0
LINE
8
BLACK
6
CONTINUOUS
10
179.8110470000000021
20
-126.4980629999999877
11
179.5680839999999989
21
-126.5770069999999947
0
LINE
8
BLACK
6
CONTINUOUS
10
179.5680839999999989
20
-126.5770069999999947
11
179.3404620000000023
21
-126.6929859999999906
0
LINE
8
BLACK
6
CONTINUOUS
10
179.3404620000000023
20
-126.6929859999999906
11
179.1337859999999864
21
-126.8431449999999927
0
LINE
8
BLACK
6
CONTINUOUS
10
179.1337859999999864
20
-126.8431449999999927
11
178.9531449999999779
21
-127.0237860000000012
0
LINE
8
BLACK
6
CONTINUOUS
10
178.9531449999999779
20
-127.0237860000000012
11
178.8029860000000042
21
-127.2304619999999886
0
LINE
8
BLACK
6
CONTINUOUS
10
178.8029860000000042
20
-127.2304619999999886
11
178.6870069999999942
21
-127.4580839999999995
0
LINE
8
BLACK
6
CONTINUOUS
10
178.6870069999999942
20
-127.4580839999999995
11
178.6080629999999871
21
-127.7010469999999884
0
LINE
8
BLACK
6
CONTINUOUS
10
178.6080629999999871
20
-127.7010469999999884
11
178.5680999999999869
21
-127.9533670000000001
0
LINE
8
BLACK
6
CONTINUOUS
10
178.5680999999999869
20
-127.9533670000000001
11
178.5680999999999869
21
-128.2088329999999985
0
LINE
8
BLACK
6
CONTINUOUS
10
132.5572850000000074
20
-78.2401660000000021
11
132.7944420000000036
21
-78.3037119999999902
0
LINE
8
BLACK
6
CONTINUOUS
10
132.7944420000000036
20
-78.3037119999999902
11
133.0212760000000003
21
-78.3976699999999909
0
LINE
8
BLACK
6
CONTINUOUS
10
133.0212760000000003
20
-78.3976699999999909
11
133.2339049999999929
21
-78.5204319999999996
0
LINE
8
BLACK
6
CONTINUOUS
10
133.2339049999999929
20
-78.5204319999999996
11
133.4286919999999839
21
-78.6698969999999917
0
LINE
8
BLACK
6
CONTINUOUS
10
133.4286919999999839
20
-78.6698969999999917
11
133.6023030000000063
21
-78.8435079999999999
0
LINE
8
BLACK
6
CONTINUOUS
10
133.6023030000000063
20
-78.8435079999999999
11
133.7517679999999984
21
-79.0382949999999909
0
LINE
8
BLACK
6
CONTINUOUS
10
133.7517679999999984
20
-79.0382949999999909
11
133.8745299999999929
21
-79.2509239999999977
0
LINE
8
BLACK
6
CONTINUOUS
10
133.8745299999999929
20
-79.2509239999999977
11
133.9684880000000078
21
-79.4777579999999944
0
LINE
8
BLACK
6
CONTINUOUS
10
133.9684880000000078
20
-79.4777579999999944
11
134.0320339999999817
21
-79.7149149999999906
0
LINE
8
BLACK
6
CONTINUOUS
10
134.0320339999999817
20
-79.7149149999999906
11
134.0640809999999874
21
-79.9583379999999977
0
LINE
8
BLACK
6
CONTINUOUS
10
134.0640809999999874
20
-79.9583379999999977
11
134.0640809999999874
21
-80.2038620000000009
0
LINE
8
BLACK
6
CONTINUOUS
10
134.0640809999999874
20
-80.2038620000000009
11
134.0320339999999817
21
-80.4472849999999937
0
LINE
8
BLACK
6
CONTINUOUS
10
134.0320339999999817
20
-80.4472849999999937
11
133.9684880000000078
21
-80.68444199999999
0
LINE
8
BLACK
6
CONTINUOUS
10
133.9684880000000078
20
-80.68444199999999
11
133.8745299999999929
21
-80.9112760000000009
0
LINE
8
BLACK
6
CONTINUOUS
10
133.8745299999999929
20
-80.9112760000000009
11
133.7517679999999984
21
-81.1239049999999935
0
LINE
8
BLACK
6
CONTINUOUS
10
133.7517679999999984
20
-81.1239049999999935
11
133.6023030000000063
21
-81.3186919999999986
0
LINE
8
BLACK
6
CONTINUOUS
10
133.6023030000000063
20
-81.3186919999999986
11
133.4286919999999839
21
-81.4923029999999926
0
LINE
8
BLACK
6
CONTINUOUS
10
133.4286919999999839
20
-81.4923029999999926
11
133.2339049999999929
21
-81.641767999999999
0
LINE
8
BLACK
6
CONTINUOUS
10
133.2339049999999929
20
-81.641767999999999
11
133.0212760000000003
21
-81.7645299999999935
0
LINE
8
BLACK
6
CONTINUOUS
10
133.0212760000000003
20
-81.7645299999999935
11
132.7944420000000036
21
-81.8584879999999941
0
LINE
8
BLACK
6
CONTINUOUS
10
132.7944420000000036
20
-81.8584879999999941
11
132.5572850000000074
21
-81.9220339999999965
0
LINE
8
BLACK
6
CONTINUOUS
10
132.5572850000000074
20
-81.9220339999999965
11
132.3138620000000003
21
-81.9540810000000022
0
LINE
8
BLACK
6
CONTINUOUS
10
132.3138620000000003
20
-81.9540810000000022
11
132.0683379999999829
21
-81.9540810000000022
0
LINE
8
BLACK
6
CONTINUOUS
10
132.0683379999999829
20
-81.9540810000000022
11
131.8249150000000043
21
-81.9220339999999965
0
LINE
8
BLACK
6
CONTINUOUS
10
131.8249150000000043
20
-81.9220339999999965
11
131.587758000000008
21
-81.8584879999999941
0
LINE
8
BLACK
6
CONTINUOUS
10
131.587758000000008
20
-81.8584879999999941
11
131.3609239999999829
21
-81.7645299999999935
0
LINE
8
BLACK
6
CONTINUOUS
10
131.3609239999999829
20
-81.7645299999999935
11
131.1482949999999903
21
-81.641767999999999
0
LINE
8
BLACK
6
CONTINUOUS
10
131.1482949999999903
20
-81.641767999999999
11
130.9535079999999994
21
-81.4923029999999926
0
LINE
8
BLACK
6
CONTINUOUS
10
130.9535079999999994
20
-81.4923029999999926
11
130.7798970000000054
21
-81.3186919999999986
0
LINE
8
BLACK
6
CONTINUOUS
10
130.7798970000000054
20
-81.3186919999999986
11
130.6304319999999848
21
-81.1239049999999935
0
LINE
8
BLACK
6
CONTINUOUS
10
130.6304319999999848
20
-81.1239049999999935
11
130.5076699999999903
21
-80.9112760000000009
0
LINE
8
BLACK
6
CONTINUOUS
10
130.5076699999999903
20
-80.9112760000000009
11
130.4137120000000039
21
-80.68444199999999
0
LINE
8
BLACK
6
CONTINUOUS
10
130.4137120000000039
20
-80.68444199999999
11
130.3501660000000015
21
-80.4472849999999937
0
LINE
8
BLACK
6
CONTINUOUS
10
130.3501660000000015
20
-80.4472849999999937
11
130.3181189999999958
21
-80.2038620000000009
0
LINE
8
BLACK
6
CONTINUOUS
10
130.3181189999999958
20
-80.2038620000000009
11
130.3181189999999958
21
-79.9583379999999977
0
LINE
8
BLACK
6
CONTINUOUS
10
130.3181189999999958
20
-79.9583379999999977
11
130.3187729999999931
21
-79.9533670000000001
0
LINE
8
BLACK
6
CONTINUOUS
10
130.3187729999999931
20
-79.9533670000000001
11
130.3501660000000015
21
-79.7149149999999906
0
LINE
8
BLACK
6
CONTINUOUS
10
130.3501660000000015
20
-79.7149149999999906
11
130.4137120000000039
21
-79.4777579999999944
0
LINE
8
BLACK
6
CONTINUOUS
10
130.4137120000000039
20
-79.4777579999999944
11
130.5076699999999903
21
-79.2509239999999977
0
LINE
8
BLACK
6
CONTINUOUS
10
130.5076699999999903
20
-79.2509239999999977
11
130.6304319999999848
21
-79.0382949999999909
0
LINE
8
BLACK
6
CONTINUOUS
10
130.6304319999999848
20
-79.0382949999999909
11
130.7798970000000054
21
-78.8435079999999999
0
LINE
8
BLACK
6
CONTINUOUS
10
130.7798970000000054
20
-78.8435079999999999
11
130.9535079999999994
21
-78.6698969999999917
0
LINE
8
BLACK
6
CONTINUOUS
10
130.9535079999999994
20
-78.6698969999999917
11
131.1482949999999903
21
-78.5204319999999996
0
LINE
8
BLACK
6
CONTINUOUS
10
131.1482949999999903
20
-78.5204319999999996
11
131.3609239999999829
21
-78.3976699999999909
0
LINE
8
BLACK
6
CONTINUOUS
10
131.3609239999999829
20
-78.3976699999999909
11
131.587758000000008
21
-78.3037119999999902
0
LINE
8
BLACK
6
CONTINUOUS
10
131.587758000000008
20
-78.3037119999999902
11
131.8249150000000043
21
-78.2401660000000021
0
LINE
8
BLACK
6
CONTINUOUS
10
131.8249150000000043
20
-78.2401660000000021
11
132.0683379999999829
21
-78.2081189999999964
0
LINE
8
BLACK
6
CONTINUOUS
10
132.0683379999999829
20
-78.2081189999999964
11
132.3138620000000003
21
-78.2081189999999964
0
LINE
8
BLACK
6
CONTINUOUS
10
132.3138620000000003
20
-78.2081189999999964
11
132.5572850000000074
21
-78.2401660000000021
0
LINE
8
BLACK
6
CONTINUOUS
10
130.5680999999999869
20
-80.2088329999999985
11
130.6080629999999871
21
-80.4611529999999959
0
LINE
8
BLACK
6
CONTINUOUS
10
130.6080629999999871
20
-80.4611529999999959
11
130.6870069999999942
21
-80.7041159999999991
0
LINE
8
BLACK
6
CONTINUOUS
10
130.6870069999999942
20
-80.7041159999999991
11
130.8029860000000042
21
-80.9317379999999957
0
LINE
8
BLACK
6
CONTINUOUS
10
130.8029860000000042
20
-80.9317379999999957
11
130.9531450000000063
21
-81.1384139999999974
0
LINE
8
BLACK
6
CONTINUOUS
10
130.9531450000000063
20
-81.1384139999999974
11
131.1337859999999864
21
-81.3190549999999917
0
LINE
8
BLACK
6
CONTINUOUS
10
131.1337859999999864
20
-81.3190549999999917
11
131.3404620000000023
21
-81.4692139999999938
0
LINE
8
BLACK
6
CONTINUOUS
10
131.3404620000000023
20
-81.4692139999999938
11
131.5680839999999989
21
-81.5851929999999896
0
LINE
8
BLACK
6
CONTINUOUS
10
131.5680839999999989
20
-81.5851929999999896
11
131.8110470000000021
21
-81.6641369999999966
0
LINE
8
BLACK
6
CONTINUOUS
10
131.8110470000000021
20
-81.6641369999999966
11
132.0633669999999995
21
-81.7040999999999968
0
LINE
8
BLACK
6
CONTINUOUS
10
132.0633669999999995
20
-81.7040999999999968
11
132.3188329999999837
21
-81.7040999999999968
0
LINE
8
BLACK
6
CONTINUOUS
10
132.3188329999999837
20
-81.7040999999999968
11
132.5711529999999811
21
-81.6641369999999966
0
LINE
8
BLACK
6
CONTINUOUS
10
132.5711529999999811
20
-81.6641369999999966
11
132.8141159999999843
21
-81.5851929999999896
0
LINE
8
BLACK
6
CONTINUOUS
10
132.8141159999999843
20
-81.5851929999999896
11
133.041737999999981
21
-81.4692139999999938
0
LINE
8
BLACK
6
CONTINUOUS
10
133.041737999999981
20
-81.4692139999999938
11
133.2484139999999968
21
-81.3190549999999917
0
LINE
8
BLACK
6
CONTINUOUS
10
133.2484139999999968
20
-81.3190549999999917
11
133.4290550000000053
21
-81.1384139999999974
0
LINE
8
BLACK
6
CONTINUOUS
10
133.4290550000000053
20
-81.1384139999999974
11
133.5792140000000074
21
-80.9317379999999957
0
LINE
8
BLACK
6
CONTINUOUS
10
133.5792140000000074
20
-80.9317379999999957
11
133.6951929999999891
21
-80.7041159999999991
0
LINE
8
BLACK
6
CONTINUOUS
10
133.6951929999999891
20
-80.7041159999999991
11
133.7741369999999961
21
-80.4611529999999959
0
LINE
8
BLACK
6
CONTINUOUS
10
133.7741369999999961
20
-80.4611529999999959
11
133.8140999999999963
21
-80.2088329999999985
0
LINE
8
BLACK
6
CONTINUOUS
10
133.8140999999999963
20
-80.2088329999999985
11
133.8140999999999963
21
-79.9533670000000001
0
LINE
8
BLACK
6
CONTINUOUS
10
133.8140999999999963
20
-79.9533670000000001
11
133.7741369999999961
21
-79.7010470000000026
0
LINE
8
BLACK
6
CONTINUOUS
10
133.7741369999999961
20
-79.7010470000000026
11
133.6951929999999891
21
-79.4580839999999995
0
LINE
8
BLACK
6
CONTINUOUS
10
133.6951929999999891
20
-79.4580839999999995
11
133.5792140000000074
21
-79.2304620000000028
0
LINE
8
BLACK
6
CONTINUOUS
10
133.5792140000000074
20
-79.2304620000000028
11
133.4290550000000053
21
-79.0237860000000012
0
LINE
8
BLACK
6
CONTINUOUS
10
133.4290550000000053
20
-79.0237860000000012
11
133.2484139999999968
21
-78.8431449999999927
0
LINE
8
BLACK
6
CONTINUOUS
10
133.2484139999999968
20
-78.8431449999999927
11
133.041737999999981
21
-78.6929859999999906
0
LINE
8
BLACK
6
CONTINUOUS
10
133.041737999999981
20
-78.6929859999999906
11
132.8141159999999843
21
-78.5770069999999947
0
LINE
8
BLACK
6
CONTINUOUS
10
132.8141159999999843
20
-78.5770069999999947
11
132.5711529999999811
21
-78.4980630000000019
0
LINE
8
BLACK
6
CONTINUOUS
10
132.5711529999999811
20
-78.4980630000000019
11
132.3188329999999837
21
-78.4581000000000017
0
LINE
8
BLACK
6
CONTINUOUS
10
132.3188329999999837
20
-78.4581000000000017
11
132.0633669999999995
21
-78.4581000000000017
0
LINE
8
BLACK
6
CONTINUOUS
10
132.0633669999999995
20
-78.4581000000000017
11
131.8110470000000021
21
-78.4980630000000019
0
LINE
8
BLACK
6
CONTINUOUS
10
131.8110470000000021
20
-78.4980630000000019
11
131.5680839999999989
21
-78.5770069999999947
0
LINE
8
BLACK
6
CONTINUOUS
10
131.5680839999999989
20
-78.5770069999999947
11
131.3404620000000023
21
-78.6929859999999906
0
LINE
8
BLACK
6
CONTINUOUS
10
131.3404620000000023
20
-78.6929859999999906
11
131.1337859999999864
21
-78.8431449999999927
0
LINE
8
BLACK
6
CONTINUOUS
10
131.1337859999999864
20
-78.8431449999999927
11
130.9531450000000063
21
-79.0237860000000012
0
LINE
8
BLACK
6
CONTINUOUS
10
130.9531450000000063
20
-79.0237860000000012
11
130.8029860000000042
21
-79.2304620000000028
0
LINE
8
BLACK
6
CONTINUOUS
10
130.8029860000000042
20
-79.2304620000000028
11
130.6870069999999942
21
-79.4580839999999995
0
LINE
8
BLACK
6
CONTINUOUS
10
130.6870069999999942
20
-79.4580839999999995
11
130.6080629999999871
21
-79.7010470000000026
0
LINE
8
BLACK
6
CONTINUOUS
10
130.6080629999999871
20
-79.7010470000000026
11
130.5680999999999869
21
-79.9533670000000001
0
LINE
8
BLACK
6
CONTINUOUS
10
130.5680999999999869
20
-79.9533670000000001
11
130.5680999999999869
21
-80.2088329999999985
0
LINE
8
BLACK
6
CONTINUOUS
10
180.5572849999999789
20
-78.2401660000000021
11
180.7944420000000036
21
-78.3037119999999902
0
LINE
8
BLACK
6
CONTINUOUS
10
180.7944420000000036
20
-78.3037119999999902
11
181.0212760000000003
21
-78.3976699999999909
0
LINE
8
BLACK
6
CONTINUOUS
10
181.0212760000000003
20
-78.3976699999999909
11
181.2339049999999929
21
-78.5204319999999996
0
LINE
8
BLACK
6
CONTINUOUS
10
181.2339049999999929
20
-78.5204319999999996
11
181.4286919999999839
21
-78.6698969999999917
0
LINE
8
BLACK
6
CONTINUOUS
10
181.4286919999999839
20
-78.6698969999999917
11
181.6023029999999778
21
-78.8435079999999999
0
LINE
8
BLACK
6
CONTINUOUS
10
181.6023029999999778
20
-78.8435079999999999
11
181.7517679999999984
21
-79.0382949999999909
0
LINE
8
BLACK
6
CONTINUOUS
10
181.7517679999999984
20
-79.0382949999999909
11
181.8745299999999929
21
-79.2509239999999977
0
LINE
8
BLACK
6
CONTINUOUS
10
181.8745299999999929
20
-79.2509239999999977
11
181.9684879999999794
21
-79.4777579999999944
0
LINE
8
BLACK
6
CONTINUOUS
10
181.9684879999999794
20
-79.4777579999999944
11
182.0320339999999817
21
-79.7149149999999906
0
LINE
8
BLACK
6
CONTINUOUS
10
182.0320339999999817
20
-79.7149149999999906
11
182.0640809999999874
21
-79.9583379999999977
0
LINE
8
BLACK
6
CONTINUOUS
10
182.0640809999999874
20
-79.9583379999999977
11
182.0640809999999874
21
-80.2038620000000009
0
LINE
8
BLACK
6
CONTINUOUS
10
182.0640809999999874
20
-80.2038620000000009
11
182.0320339999999817
21
-80.4472849999999937
0
LINE
8
BLACK
6
CONTINUOUS
10
182.0320339999999817
20
-80.4472849999999937
11
181.9684879999999794
21
-80.68444199999999
0
LINE
8
BLACK
6
CONTINUOUS
10
181.9684879999999794
20
-80.68444199999999
11
181.8745299999999929
21
-80.9112760000000009
0
LINE
8
BLACK
6
CONTINUOUS
10
181.8745299999999929
20
-80.9112760000000009
11
181.7517679999999984
21
-81.1239049999999935
0
LINE
8
BLACK
6
CONTINUOUS
10
181.7517679999999984
20
-81.1239049999999935
11
181.6023029999999778
21
-81.3186919999999986
0
LINE
8
BLACK
6
CONTINUOUS
10
181.6023029999999778
20
-81.3186919999999986
11
181.4286919999999839
21
-81.4923029999999926
0
LINE
8
BLACK
6
CONTINUOUS
10
181.4286919999999839
20
-81.4923029999999926
11
181.2339049999999929
21
-81.641767999999999
0
LINE
8
BLACK
6
CONTINUOUS
10
181.2339049999999929
20
-81.641767999999999
11
181.0212760000000003
21
-81.7645299999999935
0
LINE
8
BLACK
6
CONTINUOUS
10
181.0212760000000003
20
-81.7645299999999935
11
180.7944420000000036
21
-81.8584879999999941
0
LINE
8
BLACK
6
CONTINUOUS
10
180.7944420000000036
20
-81.8584879999999941
11
180.5572849999999789
21
-81.9220339999999965
0
LINE
8
BLACK
6
CONTINUOUS
10
180.5572849999999789
20
-81.9220339999999965
11
180.3138620000000003
21
-81.9540810000000022
0
LINE
8
BLACK
6
CONTINUOUS
10
180.3138620000000003
20
-81.9540810000000022
11
180.0683379999999829
21
-81.9540810000000022
0
LINE
8
BLACK
6
CONTINUOUS
10
180.0683379999999829
20
-81.9540810000000022
11
179.8249150000000043
21
-81.9220339999999965
0
LINE
8
BLACK
6
CONTINUOUS
10
179.8249150000000043
20
-81.9220339999999965
11
179.5877579999999796
21
-81.8584879999999941
0
LINE
8
BLACK
6
CONTINUOUS
10
179.5877579999999796
20
-81.8584879999999941
11
179.3609239999999829
21
-81.7645299999999935
0
LINE
8
BLACK
6
CONTINUOUS
10
179.3609239999999829
20
-81.7645299999999935
11
179.1482949999999903
21
-81.641767999999999
0
LINE
8
BLACK
6
CONTINUOUS
10
179.1482949999999903
20
-81.641767999999999
11
178.9535079999999994
21
-81.4923029999999926
0
LINE
8
BLACK
6
CONTINUOUS
10
178.9535079999999994
20
-81.4923029999999926
11
178.7798970000000054
21
-81.3186919999999986
0
LINE
8
BLACK
6
CONTINUOUS
10
178.7798970000000054
20
-81.3186919999999986
11
178.6304319999999848
21
-81.1239049999999935
0
LINE
8
BLACK
6
CONTINUOUS
10
178.6304319999999848
20
-81.1239049999999935
11
178.5076699999999903
21
-80.9112760000000009
0
LINE
8
BLACK
6
CONTINUOUS
10
178.5076699999999903
20
-80.9112760000000009
11
178.4137120000000039
21
-80.68444199999999
0
LINE
8
BLACK
6
CONTINUOUS
10
178.4137120000000039
20
-80.68444199999999
11
178.3501660000000015
21
-80.4472849999999937
0
LINE
8
BLACK
6
CONTINUOUS
10
178.3501660000000015
20
-80.4472849999999937
11
178.3181189999999958
21
-80.2038620000000009
0
LINE
8
BLACK
6
CONTINUOUS
10
178.3181189999999958
20
-80.2038620000000009
11
178.3181189999999958
21
-79.9583379999999977
0
LINE
8
BLACK
6
CONTINUOUS
10
178.3181189999999958
20
-79.9583379999999977
11
178.3187729999999931
21
-79.9533670000000001
0
LINE
8
BLACK
6
CONTINUOUS
10
178.3187729999999931
20
-79.9533670000000001
11
178.3501660000000015
21
-79.7149149999999906
0
LINE
8
BLACK
6
CONTINUOUS
10
178.3501660000000015
20
-79.7149149999999906
11
178.4137120000000039
21
-79.4777579999999944
0
LINE
8
BLACK
6
CONTINUOUS
10
178.4137120000000039
20
-79.4777579999999944
11
178.5076699999999903
21
-79.2509239999999977
0
LINE
8
BLACK
6
CONTINUOUS
10
178.5076699999999903
20
-79.2509239999999977
11
178.6304319999999848
21
-79.0382949999999909
0
LINE
8
BLACK
6
CONTINUOUS
10
178.6304319999999848
20
-79.0382949999999909
11
178.7798970000000054
21
-78.8435079999999999
0
LINE
8
BLACK
6
CONTINUOUS
10
178.7798970000000054
20
-78.8435079999999999
11
178.9535079999999994
21
-78.6698969999999917
0
LINE
8
BLACK
6
CONTINUOUS
10
178.9535079999999994
20
-78.6698969999999917
11
179.1482949999999903
21
-78.5204319999999996
0
LINE
8
BLACK
6
CONTINUOUS
10
179.1482949999999903
20
-78.5204319999999996
11
179.3609239999999829
21
-78.3976699999999909
0
LINE
8
BLACK
6
CONTINUOUS
10
179.3609239999999829
20
-78.3976699999999909
11
179.5877579999999796
21
-78.3037119999999902
0
LINE
8
BLACK
6
CONTINUOUS
10
179.5877579999999796
20
-78.3037119999999902
11
179.8249150000000043
21
-78.2401660000000021
0
LINE
8
BLACK
6
CONTINUOUS
10
179.8249150000000043
20
-78.2401660000000021
11
180.0683379999999829
21
-78.2081189999999964
0
LINE
8
BLACK
6
CONTINUOUS
10
180.0683379999999829
20
-78.2081189999999964
11
180.3138620000000003
21
-78.2081189999999964
0
LINE
8
BLACK
6
CONTINUOUS
10
180.3138620000000003
20
-78.2081189999999964
11
180.5572849999999789
21
-78.2401660000000021
0
LINE
8
BLACK
6
CONTINUOUS
10
178.5680999999999869
20
-80.2088329999999985
11
178.6080629999999871
21
-80.4611529999999959
0
LINE
8
BLACK
6
CONTINUOUS
10
178.6080629999999871
20
-80.4611529999999959
11
178.6870069999999942
21
-80.7041159999999991
0
LINE
8
BLACK
6
CONTINUOUS
10
178.6870069999999942
20
-80.7041159999999991
11
178.8029860000000042
21
-80.9317379999999957
0
LINE
8
BLACK
6
CONTINUOUS
10
178.8029860000000042
20
-80.9317379999999957
11
178.9531449999999779
21
-81.1384139999999974
0
LINE
8
BLACK
6
CONTINUOUS
10
178.9531449999999779
20
-81.1384139999999974
11
179.1337859999999864
21
-81.3190549999999917
0
LINE
8
BLACK
6
CONTINUOUS
10
179.1337859999999864
20
-81.3190549999999917
11
179.3404620000000023
21
-81.4692139999999938
0
LINE
8
BLACK
6
CONTINUOUS
10
179.3404620000000023
20
-81.4692139999999938
11
179.5680839999999989
21
-81.5851929999999896
0
LINE
8
BLACK
6
CONTINUOUS
10
179.5680839999999989
20
-81.5851929999999896
11
179.8110470000000021
21
-81.6641369999999966
0
LINE
8
BLACK
6
CONTINUOUS
10
179.8110470000000021
20
-81.6641369999999966
11
180.0633669999999995
21
-81.7040999999999968
0
LINE
8
BLACK
6
CONTINUOUS
10
180.0633669999999995
20
-81.7040999999999968
11
180.3188329999999837
21
-81.7040999999999968
0
LINE
8
BLACK
6
CONTINUOUS
10
180.3188329999999837
20
-81.7040999999999968
11
180.5711529999999811
21
-81.6641369999999966
0
LINE
8
BLACK
6
CONTINUOUS
10
180.5711529999999811
20
-81.6641369999999966
11
180.8141159999999843
21
-81.5851929999999896
0
LINE
8
BLACK
6
CONTINUOUS
10
180.8141159999999843
20
-81.5851929999999896
11
181.041737999999981
21
-81.4692139999999938
0
LINE
8
BLACK
6
CONTINUOUS
10
181.041737999999981
20
-81.4692139999999938
11
181.2484139999999968
21
-81.3190549999999917
0
LINE
8
BLACK
6
CONTINUOUS
10
181.2484139999999968
20
-81.3190549999999917
11
181.4290550000000053
21
-81.1384139999999974
0
LINE
8
BLACK
6
CONTINUOUS
10
181.4290550000000053
20
-81.1384139999999974
11
181.579213999999979
21
-80.9317379999999957
0
LINE
8
BLACK
6
CONTINUOUS
10
181.579213999999979
20
-80.9317379999999957
11
181.6951929999999891
21
-80.7041159999999991
0
LINE
8
BLACK
6
CONTINUOUS
10
181.6951929999999891
20
-80.7041159999999991
11
181.7741369999999961
21
-80.4611529999999959
0
LINE
8
BLACK
6
CONTINUOUS
10
181.7741369999999961
20
-80.4611529999999959
11
181.8140999999999963
21
-80.2088329999999985
0
LINE
8
BLACK
6
CONTINUOUS
10
181.8140999999999963
20
-80.2088329999999985
11
181.8140999999999963
21
-79.9533670000000001
0
LINE
8
BLACK
6
CONTINUOUS
10
181.8140999999999963
20
-79.9533670000000001
11
181.7741369999999961
21
-79.7010470000000026
0
LINE
8
BLACK
6
CONTINUOUS
10
181.7741369999999961
20
-79.7010470000000026
11
181.6951929999999891
21
-79.4580839999999995
0
LINE
8
BLACK
6
CONTINUOUS
10
181.6951929999999891
20
-79.4580839999999995
11
181.579213999999979
21
-79.2304620000000028
0
LINE
8
BLACK
6
CONTINUOUS
10
181.579213999999979
20
-79.2304620000000028
11
181.4290550000000053
21
-79.0237860000000012
0
LINE
8
BLACK
6
CONTINUOUS
10
181.4290550000000053
20
-79.0237860000000012
11
181.2484139999999968
21
-78.8431449999999927
0
LINE
8
BLACK
6
CONTINUOUS
10
181.2484139999999968
20
-78.8431449999999927
11
181.041737999999981
21
-78.6929859999999906
0
LINE
8
BLACK
6
CONTINUOUS
10
181.041737999999981
20
-78.6929859999999906
11
180.8141159999999843
21
-78.5770069999999947
0
LINE
8
BLACK
6
CONTINUOUS
10
180.8141159999999843
20
-78.5770069999999947
11
180.5711529999999811
21
-78.4980630000000019
0
LINE
8
BLACK
6
CONTINUOUS
10
180.5711529999999811
20
-78.4980630000000019
11
180.3188329999999837
21
-78.4581000000000017
0
LINE
8
BLACK
6
CONTINUOUS
10
180.3188329999999837
20
-78.4581000000000017
11
180.0633669999999995
21
-78.4581000000000017
0
LINE
8
BLACK
6
CONTINUOUS
10
180.0633669999999995
20
-78.4581000000000017
11
179.8110470000000021
21
-78.4980630000000019
0
LINE
8
BLACK
6
CONTINUOUS
10
179.8110470000000021
20
-78.4980630000000019
11
179.5680839999999989
21
-78.5770069999999947
0
LINE
8
BLACK
6
CONTINUOUS
10
179.5680839999999989
20
-78.5770069999999947
11
179.3404620000000023
21
-78.6929859999999906
0
LINE
8
BLACK
6
CONTINUOUS
10
179.3404620000000023
20
-78.6929859999999906
11
179.1337859999999864
21
-78.8431449999999927
0
LINE
8
BLACK
6
CONTINUOUS
10
179.1337859999999864
20
-78.8431449999999927
11
178.9531449999999779
21
-79.0237860000000012
0
LINE
8
BLACK
6
CONTINUOUS
10
178.9531449999999779
20
-79.0237860000000012
11
178.8029860000000042
21
-79.2304620000000028
0
LINE
8
BLACK
6
CONTINUOUS
10
178.8029860000000042
20
-79.2304620000000028
11
178.6870069999999942
21
-79.4580839999999995
0
LINE
8
BLACK
6
CONTINUOUS
10
178.6870069999999942
20
-79.4580839999999995
11
178.6080629999999871
21
-79.7010470000000026
0
LINE
8
BLACK
6
CONTINUOUS
10
178.6080629999999871
20
-79.7010470000000026
11
178.5680999999999869
21
-79.9533670000000001
0
LINE
8
BLACK
6
CONTINUOUS
10
178.5680999999999869
20
-79.9533670000000001
11
178.5680999999999869
21
-80.2088329999999985
0
LINE
8
BLACK
6
CONTINUOUS
10
192.9506639999999891
20
-65.2980019999999968
11
192.9506649999999865
21
-65.2980029999999942
0
LINE
8
BLACK
6
CONTINUOUS
10
192.9506649999999865
20
-65.2980029999999942
11
192.9506669999999815
21
-65.2980029999999942
0
LINE
8
BLACK
6
CONTINUOUS
10
192.9506669999999815
20
-65.2980029999999942
11
192.9576639999999941
21
-65.3049999999999926
0
LINE
8
BLACK
6
CONTINUOUS
10
192.9576639999999941
20
-65.3049999999999926
11
192.964195999999987
21
-65.3115310000000022
0
LINE
8
BLACK
6
CONTINUOUS
10
192.964195999999987
20
-65.3115310000000022
11
192.964195999999987
21
-65.3115319999999997
0
LINE
8
BLACK
6
CONTINUOUS
10
192.964195999999987
20
-65.3115319999999997
11
192.9641969999999844
21
-65.3115329999999972
0
LINE
8
BLACK
6
CONTINUOUS
10
192.9641969999999844
20
-65.3115329999999972
11
192.9660999999999831
21
-65.3211000000000013
0
LINE
8
BLACK
6
CONTINUOUS
10
192.9660999999999831
20
-65.3211000000000013
11
192.9660999999999831
21
-144.6860999999999819
0
LINE
8
BLACK
6
CONTINUOUS
10
192.9660999999999831
20
-144.6860999999999819
11
192.9641969999999844
21
-144.695666999999986
0
LINE
8
BLACK
6
CONTINUOUS
10
192.9641969999999844
20
-144.695666999999986
11
192.9602999999999895
21
-144.699563999999981
0
LINE
8
BLACK
6
CONTINUOUS
10
192.9602999999999895
20
-144.699563999999981
11
192.950667999999979
21
-144.709196999999989
0
LINE
8
BLACK
6
CONTINUOUS
10
192.950667999999979
20
-144.709196999999989
11
192.9411010000000033
21
-144.7110999999999876
0
LINE
8
BLACK
6
CONTINUOUS
10
192.9411010000000033
20
-144.7110999999999876
11
103.6500009999999889
21
-144.7150000000000034
0
LINE
8
BLACK
6
CONTINUOUS
10
103.6500009999999889
20
-144.7150000000000034
11
103.6404339999999991
21
-144.7130970000000048
0
LINE
8
BLACK
6
CONTINUOUS
10
103.6404339999999991
20
-144.7130970000000048
11
103.6404330000000016
21
-144.7130960000000073
0
LINE
8
BLACK
6
CONTINUOUS
10
103.6404330000000016
20
-144.7130960000000073
11
103.6404299999999949
21
-144.7130960000000073
0
LINE
8
BLACK
6
CONTINUOUS
10
103.6404299999999949
20
-144.7130960000000073
11
103.633665999999991
21
-144.7063299999999799
0
LINE
8
BLACK
6
CONTINUOUS
10
103.633665999999991
20
-144.7063299999999799
11
103.6269029999999987
21
-144.6995679999999993
0
LINE
8
BLACK
6
CONTINUOUS
10
103.6269029999999987
20
-144.6995679999999993
11
103.6269029999999987
21
-144.6995650000000069
0
LINE
8
BLACK
6
CONTINUOUS
10
103.6269029999999987
20
-144.6995650000000069
11
103.6269020000000012
21
-144.699563999999981
0
LINE
8
BLACK
6
CONTINUOUS
10
103.6269020000000012
20
-144.699563999999981
11
103.625
21
-144.6899970000000053
0
LINE
8
BLACK
6
CONTINUOUS
10
103.625
20
-144.6899970000000053
11
103.6349999999999909
21
-65.3299959999999942
0
LINE
8
BLACK
6
CONTINUOUS
10
103.6349999999999909
20
-65.3299959999999942
11
103.6369019999999921
21
-65.3204399999999907
0
LINE
8
BLACK
6
CONTINUOUS
10
103.6369019999999921
20
-65.3204399999999907
11
103.6369019999999921
21
-65.3204350000000034
0
LINE
8
BLACK
6
CONTINUOUS
10
103.6369019999999921
20
-65.3204350000000034
11
103.6369029999999896
21
-65.3204329999999942
0
LINE
8
BLACK
6
CONTINUOUS
10
103.6369029999999896
20
-65.3204329999999942
11
103.6369040000000012
21
-65.3204300000000018
0
LINE
8
BLACK
6
CONTINUOUS
10
103.6369040000000012
20
-65.3204300000000018
11
103.6458049999999957
21
-65.3115310000000022
0
LINE
8
BLACK
6
CONTINUOUS
10
103.6458049999999957
20
-65.3115310000000022
11
103.6504309999999975
21
-65.306904000000003
0
LINE
8
BLACK
6
CONTINUOUS
10
103.6504309999999975
20
-65.306904000000003
11
103.6504329999999925
21
-65.3069029999999913
0
LINE
8
BLACK
6
CONTINUOUS
10
103.6504329999999925
20
-65.3069029999999913
11
103.6504359999999991
21
-65.3069009999999963
0
LINE
8
BLACK
6
CONTINUOUS
10
103.6504359999999991
20
-65.3069009999999963
11
103.6504460000000023
21
-65.3069009999999963
0
LINE
8
BLACK
6
CONTINUOUS
10
103.6504460000000023
20
-65.3069009999999963
11
103.6599980000000016
21
-65.3049999999999926
0
LINE
8
BLACK
6
CONTINUOUS
10
103.6599980000000016
20
-65.3049999999999926
11
192.941096999999985
21
-65.2960999999999956
0
LINE
8
BLACK
6
CONTINUOUS
10
192.941096999999985
20
-65.2960999999999956
11
192.9506639999999891
21
-65.2980019999999968
0
LINE
8
BLACK
6
CONTINUOUS
10
103.6849959999999982
20
-65.3549969999999973
11
103.6750029999999896
21
-144.6649979999999971
0
LINE
8
BLACK
6
CONTINUOUS
10
103.6750029999999896
20
-144.6649979999999971
11
192.9161000000000001
21
-144.6611010000000022
0
LINE
8
BLACK
6
CONTINUOUS
10
192.9161000000000001
20
-144.6611010000000022
11
192.9161000000000001
21
-65.3461020000000019
0
LINE
8
BLACK
6
CONTINUOUS
10
192.9161000000000001
20
-65.3461020000000019
11
103.6849959999999982
21
-65.3549969999999973
0
CIRCLE
8
BLACK
10
156.8299409999999909
20
-73.2499699999999905
40
0.25
0
CIRCLE
8
BLACK
10
161.8299409999999909
20
-73.1999699999999933
40
0.25
0
CIRCLE
8
BLACK
10
148.3149999999999977
20
-123.5499999999999972
40
0.5549999999999999
0
CIRCLE
8
BLACK
10
148.3149999999999977
20
-121.0099999999999909
40
0.5549999999999999
0
CIRCLE
8
BLACK
10
148.3149999999999977
20
-118.4699999999999989
40
0.5549999999999999
0
CIRCLE
8
BLACK
10
148.3149999999999977
20
-115.9299999999999926
40
0.5549999999999999
0
CIRCLE
8
BLACK
10
148.3149999999999977
20
-113.3900000000000006
40
0.5549999999999999
0
CIRCLE
8
BLACK
10
148.3149999999999977
20
-110.8499999999999943
40
0.5549999999999999
0
CIRCLE
8
BLACK
10
148.3149999999999977
20
-108.3099999999999881
40
0.5549999999999999
0
CIRCLE
8
BLACK
10
148.3149999999999977
20
-105.769999999999996
40
0.5549999999999999
0
CIRCLE
8
BLACK
10
148.3149999999999977
20
-103.2299999999999898
40
0.5549999999999999
0
CIRCLE
8
BLACK
10
148.3149999999999977
20
-100.6899999999999977
40
0.5549999999999999
0
CIRCLE
8
BLACK
10
148.3149999999999977
20
-98.1499999999999915
40
0.5549999999999999
0
CIRCLE
8
BLACK
10
148.3149999999999977
20
-95.6099999999999994
40
0.5549999999999999
0
CIRCLE
8
BLACK
10
148.3149999999999977
20
-93.0699999999999932
40
0.5549999999999999
0
CIRCLE
8
BLACK
10
148.3149999999999977
20
-90.5300000000000011
40
0.5549999999999999
0
CIRCLE
8
BLACK
10
148.3149999999999977
20
-87.9899999999999949
40
0.5549999999999999
0
CIRCLE
8
BLACK
10
133.0749999999999886
20
-87.9899999999999949
40
0.5549999999999999
0
CIRCLE
8
BLACK
10
133.0749999999999886
20
-90.5300000000000011
40
0.5549999999999999
0
CIRCLE
8
BLACK
10
133.0749999999999886
20
-93.0699999999999932
40
0.5549999999999999
0
CIRCLE
8
BLACK
10
133.0749999999999886
20
-95.6099999999999994
40
0.5549999999999999
0
CIRCLE
8
BLACK
10
133.0749999999999886
20
-98.1499999999999915
40
0.5549999999999999
0
CIRCLE
8
BLACK
10
133.0749999999999886
20
-100.6899999999999977
40
0.5549999999999999
0
CIRCLE
8
BLACK
10
133.0749999999999886
20
-103.2299999999999898
40
0.5549999999999999
0
CIRCLE
8
BLACK
10
133.0749999999999886
20
-105.769999999999996
40
0.5549999999999999
0
CIRCLE
8
BLACK
10
133.0749999999999886
20
-108.3099999999999881
40
0.5549999999999999
0
CIRCLE
8
BLACK
10
133.0749999999999886
20
-110.8499999999999943
40
0.5549999999999999
0
CIRCLE
8
BLACK
10
133.0749999999999886
20
-113.3900000000000006
40
0.5549999999999999
0
CIRCLE
8
BLACK
10
133.0749999999999886
20
-115.9299999999999926
40
0.5549999999999999
0
CIRCLE
8
BLACK
10
133.0749999999999886
20
-118.4699999999999989
40
0.5549999999999999
0
CIRCLE
8
BLACK
10
133.0749999999999886
20
-121.0099999999999909
40
0.5549999999999999
0
CIRCLE
8
BLACK
10
133.0749999999999886
20
-123.5499999999999972
40
0.5549999999999999
0
CIRCLE
8
BLACK
10
148.3149999999999977
20
-126.0899999999999892
40
0.825
0
CIRCLE
8
BLACK
10
133.0749999999999886
20
-126.0899999999999892
40
0.825
0
CIRCLE
8
BLACK
10
133.0749999999999886
20
-85.4500000000000028
40
0.825
0
CIRCLE
8
BLACK
10
148.3149999999999977
20
-85.4500000000000028
40
0.825
0
CIRCLE
8
BLACK
10
182.0099999999999909
20
-136.2199999999999989
40
1.3499999999999999
0
CIRCLE
8
BLACK
10
182.0099999999999909
20
-141.2199999999999989
40
1.3499999999999999
0
CIRCLE
8
BLACK
10
142.0799999999999841
20
-80.5775500000000022
40
0.4
0
CIRCLE
8
BLACK
10
142.0799999999999841
20
-70.4175499999999914
40
0.4
0
CIRCLE
8
BLACK
10
140.0999999999999943
20
-88.269999999999996
40
0.4
0
CIRCLE
8
BLACK
10
140.0999999999999943
20
-98.4299999999999926
40
0.4
0
CIRCLE
8
BLACK
10
139.7999700000000018
20
-142.1700589999999806
40
0.25
0
CIRCLE
8
BLACK
10
139.7499699999999905
20
-137.1700589999999806
40
0.25
0
CIRCLE
8
BLACK
10
167.875
20
-104.2449999999999903
40
0.7999999999999999
0
CIRCLE
8
BLACK
10
167.875
20
-89.0049999999999955
40
0.7999999999999999
0
CIRCLE
8
BLACK
10
157.6349400000000003
20
-124.8274199999999894
40
0.25
0
CIRCLE
8
BLACK
10
162.6349400000000003
20
-124.7774199999999922
40
0.25
0
CIRCLE
8
BLACK
10
156.6500000000000057
20
-78.5099999999999909
40
0.25
0
CIRCLE
8
BLACK
10
161.6500000000000057
20
-78.4599999999999937
40
0.25
0
CIRCLE
8
BLACK
10
170.6500000000000057
20
-123.1499999999999915
40
0.4
0
CIRCLE
8
BLACK
10
170.6500000000000057
20
-133.3100000000000023
40
0.4
0
CIRCLE
8
BLACK
10
127.9249999999999972
20
-130.9950000000000045
40
0.4
0
CIRCLE
8
BLACK
10
127.9249999999999972
20
-128.4549999999999841
40
0.4
0
CIRCLE
8
BLACK
10
127.9249999999999972
20
-125.914999999999992
40
0.4
0
CIRCLE
8
BLACK
10
127.9249999999999972
20
-123.375
40
0.4
0
CIRCLE
8
BLACK
10
127.9249999999999972
20
-97.9749999999999943
40
0.4
0
CIRCLE
8
BLACK
10
112.6849999999999881
20
-128.4549999999999841
40
0.4
0
CIRCLE
8
BLACK
10
127.9249999999999972
20
-120.8349999999999937
40
0.4
0
CIRCLE
8
BLACK
10
127.9249999999999972
20
-118.2950000000000017
40
0.4
0
CIRCLE
8
BLACK
10
127.9249999999999972
20
-115.7549999999999955
40
0.4
0
CIRCLE
8
BLACK
10
127.9249999999999972
20
-113.2149999999999892
40
0.4
0
CIRCLE
8
BLACK
10
127.9249999999999972
20
-110.6749999999999972
40
0.4
0
CIRCLE
8
BLACK
10
127.9249999999999972
20
-108.1349999999999909
40
0.4
0
CIRCLE
8
BLACK
10
127.9249999999999972
20
-105.5949999999999989
40
0.4
0
CIRCLE
8
BLACK
10
127.9249999999999972
20
-103.0549999999999926
40
0.4
0
CIRCLE
8
BLACK
10
127.9249999999999972
20
-100.5150000000000006
40
0.4
0
CIRCLE
8
BLACK
10
112.6849999999999881
20
-100.5150000000000006
40
0.4
0
CIRCLE
8
BLACK
10
112.6849999999999881
20
-103.0549999999999926
40
0.4
0
CIRCLE
8
BLACK
10
112.6849999999999881
20
-105.5949999999999989
40
0.4
0
CIRCLE
8
BLACK
10
112.6849999999999881
20
-108.1349999999999909
40
0.4
0
CIRCLE
8
BLACK
10
112.6849999999999881
20
-110.6749999999999972
40
0.4
0
CIRCLE
8
BLACK
10
112.6849999999999881
20
-113.2149999999999892
40
0.4
0
CIRCLE
8
BLACK
10
112.6849999999999881
20
-115.7549999999999955
40
0.4
0
CIRCLE
8
BLACK
10
112.6849999999999881
20
-118.2950000000000017
40
0.4
0
CIRCLE
8
BLACK
10
112.6849999999999881
20
-120.8349999999999937
40
0.4
0
CIRCLE
8
BLACK
10
112.6849999999999881
20
-123.375
40
0.4
0
CIRCLE
8
BLACK
10
112.6849999999999881
20
-125.914999999999992
40
0.4
0
CIRCLE
8
BLACK
10
127.9249999999999972
20
-95.4350000000000023
40
0.4
0
CIRCLE
8
BLACK
10
127.9249999999999972
20
-92.894999999999996
40
0.4
0
CIRCLE
8
BLACK
10
127.9249999999999972
20
-90.3549999999999898
40
0.4
0
CIRCLE
8
BLACK
10
127.9249999999999972
20
-87.8149999999999977
40
0.4
0
CIRCLE
8
BLACK
10
127.9249999999999972
20
-85.2749999999999915
40
0.4
0
CIRCLE
8
BLACK
10
127.9249999999999972
20
-82.7349999999999994
40
0.4
0
CIRCLE
8
BLACK
10
127.9249999999999972
20
-80.1949999999999932
40
0.4
0
CIRCLE
8
BLACK
10
127.9249999999999972
20
-77.6550000000000011
40
0.4
0
CIRCLE
8
BLACK
10
127.9249999999999972
20
-75.1149999999999949
40
0.4
0
CIRCLE
8
BLACK
10
112.6849999999999881
20
-75.1149999999999949
40
0.4
0
CIRCLE
8
BLACK
10
112.6849999999999881
20
-77.6550000000000011
40
0.4
0
CIRCLE
8
BLACK
10
112.6849999999999881
20
-80.1949999999999932
40
0.4
0
CIRCLE
8
BLACK
10
112.6849999999999881
20
-82.7349999999999994
40
0.4
0
CIRCLE
8
BLACK
10
112.6849999999999881
20
-85.2749999999999915
40
0.4
0
CIRCLE
8
BLACK
10
112.6849999999999881
20
-87.8149999999999977
40
0.4
0
CIRCLE
8
BLACK
10
112.6849999999999881
20
-90.3549999999999898
40
0.4
0
CIRCLE
8
BLACK
10
112.6849999999999881
20
-92.894999999999996
40
0.4
0
CIRCLE
8
BLACK
10
112.6849999999999881
20
-95.4350000000000023
40
0.4
0
CIRCLE
8
BLACK
10
127.9249999999999972
20
-133.5349999999999966
40
0.4
0
CIRCLE
8
BLACK
10
112.6849999999999881
20
-97.9749999999999943
40
0.4
0
CIRCLE
8
BLACK
10
112.6849999999999881
20
-130.9950000000000045
40
0.4
0
CIRCLE
8
BLACK
10
115.2249999999999943
20
-87.8149999999999977
40
0.4
0
CIRCLE
8
BLACK
10
117.7650000000000006
20
-87.8149999999999977
40
0.4
0
CIRCLE
8
BLACK
10
112.6849999999999881
20
-133.5349999999999966
40
0.4
0
CIRCLE
8
BLACK
10
122.3499999999999943
20
-75.9699999999999989
40
0.4
0
CIRCLE
8
BLACK
10
122.3499999999999943
20
-86.1299999999999955
40
0.4
0
CIRCLE
8
BLACK
10
106.9749999999999943
20
-106.9249999999999972
40
0.5
0
CIRCLE
8
BLACK
10
106.9749999999999943
20
-109.4649999999999892
40
0.5
0
CIRCLE
8
BLACK
10
106.9749999999999943
20
-112.0049999999999955
40
0.5
0
CIRCLE
8
BLACK
10
106.9749999999999943
20
-114.5450000000000017
40
0.5
0
CIRCLE
8
BLACK
10
106.9749999999999943
20
-117.0849999999999937
40
0.5
0
CIRCLE
8
BLACK
10
106.9749999999999943
20
-119.625
40
0.5
0
CIRCLE
8
BLACK
10
106.9749999999999943
20
-122.164999999999992
40
0.5
0
CIRCLE
8
BLACK
10
109.3499999999999943
20
-136.4549999999999841
40
0.4
0
CIRCLE
8
BLACK
10
109.3499999999999943
20
-126.2949999999999875
40
0.4
0
CIRCLE
8
BLACK
10
137.5000299999999811
20
-71.8299409999999909
40
0.25
0
CIRCLE
8
BLACK
10
137.5500299999999925
20
-76.8299409999999909
40
0.25
0
CIRCLE
8
BLACK
10
176.5999999999999943
20
-107.7749999999999915
40
0.5
0
CIRCLE
8
BLACK
10
181.5999999999999943
20
-107.7749999999999915
40
0.5
0
CIRCLE
8
BLACK
10
162.875
20
-96.875
40
0.4
0
CIRCLE
8
BLACK
10
162.875
20
-107.0349999999999966
40
0.4
0
CIRCLE
8
BLACK
10
189.4599999999999795
20
-68.5799999999999983
40
1.3499999999999999
0
CIRCLE
8
BLACK
10
189.4599999999999795
20
-73.5799999999999983
40
1.3499999999999999
0
CIRCLE
8
BLACK
10
153.
20
-139.0499999999999829
40
0.5
0
CIRCLE
8
BLACK
10
153.
20
-141.5900000000000034
40
0.5
0
CIRCLE
8
BLACK
10
150.4599999999999795
20
-139.0499999999999829
40
0.5
0
CIRCLE
8
BLACK
10
150.4599999999999795
20
-141.5900000000000034
40
0.5
0
CIRCLE
8
BLACK
10
147.9199999999999875
20
-139.0499999999999829
40
0.5
0
CIRCLE
8
BLACK
10
147.9199999999999875
20
-141.5900000000000034
40
0.5
0
CIRCLE
8
BLACK
10
145.3799999999999955
20
-139.0499999999999829
40
0.5
0
CIRCLE
8
BLACK
10
145.3799999999999955
20
-141.5900000000000034
40
0.5
0
CIRCLE
8
BLACK
10
184.1699999999999875
20
-117.0099999999999909
40
1.3499999999999999
0
CIRCLE
8
BLACK
10
184.1699999999999875
20
-122.0099999999999909
40
1.3499999999999999
0
CIRCLE
8
BLACK
10
117.6450600000000009
20
-139.7000299999999982
40
0.25
0
CIRCLE
8
BLACK
10
112.6450600000000009
20
-139.7500299999999811
40
0.25
0
CIRCLE
8
BLACK
10
115.0499999999999972
20
-125.8499999999999943
40
0.25
0
CIRCLE
8
BLACK
10
115.
20
-120.8499999999999943
40
0.25
0
CIRCLE
8
BLACK
10
158.1999999999999886
20
-82.1749999999999972
40
0.4
0
CIRCLE
8
BLACK
10
168.3599999999999852
20
-82.1749999999999972
40
0.4
0
CIRCLE
8
BLACK
10
136.3249700000000075
20
-142.0426099999999963
40
0.25
0
CIRCLE
8
BLACK
10
136.2749699999999962
20
-137.0426099999999963
40
0.25
0
CIRCLE
8
BLACK
10
108.4249999999999972
20
-142.3649999999999807
40
0.5
0
CIRCLE
8
BLACK
10
108.4249999999999972
20
-139.8249999999999886
40
0.5
0
CIRCLE
8
BLACK
10
162.7750000000000057
20
-93.2249999999999943
40
0.25
0
CIRCLE
8
BLACK
10
162.7249999999999943
20
-88.2249999999999943
40
0.25
0
CIRCLE
8
BLACK
10
169.1049999999999898
20
-114.2996139999999912
40
0.25
0
CIRCLE
8
BLACK
10
169.0549999999999784
20
-109.2996139999999912
40
0.25
0
CIRCLE
8
BLACK
10
106.875
20
-94.5999999999999943
40
0.5
0
CIRCLE
8
BLACK
10
106.875
20
-97.1400000000000006
40
0.5
0
CIRCLE
8
BLACK
10
106.875
20
-99.6799999999999926
40
0.5
0
CIRCLE
8
BLACK
10
106.875
20
-102.2199999999999989
40
0.5
0
CIRCLE
8
BLACK
10
118.3549999999999898
20
-109.0499999999999972
40
0.25
0
CIRCLE
8
BLACK
10
118.3049999999999926
20
-104.0499999999999972
40
0.25
0
CIRCLE
8
BLACK
10
123.9749999999999943
20
-108.8499999999999943
40
0.25
0
CIRCLE
8
BLACK
10
123.9249999999999972
20
-103.8499999999999943
40
0.25
0
CIRCLE
8
BLACK
10
182.5499999999999829
20
-68.5600000000000023
40
1.3499999999999999
0
CIRCLE
8
BLACK
10
182.5499999999999829
20
-73.5600000000000023
40
1.3499999999999999
0
CIRCLE
8
BLACK
10
125.375
20
-128.2999999999999829
40
0.25
0
CIRCLE
8
BLACK
10
125.3249999999999886
20
-123.2999999999999972
40
0.25
0
CIRCLE
8
BLACK
10
161.2999999999999829
20
-111.8449999999999989
40
0.5
0
CIRCLE
8
BLACK
10
161.2999999999999829
20
-114.3849999999999909
40
0.5
0
CIRCLE
8
BLACK
10
161.2999999999999829
20
-116.9249999999999972
40
0.5
0
CIRCLE
8
BLACK
10
156.0999999999999943
20
-69.8649999999999949
40
0.5
0
CIRCLE
8
BLACK
10
156.0999999999999943
20
-67.3250000000000028
40
0.5
0
CIRCLE
8
BLACK
10
158.6399999999999864
20
-69.8649999999999949
40
0.5
0
CIRCLE
8
BLACK
10
158.6399999999999864
20
-67.3250000000000028
40
0.5
0
CIRCLE
8
BLACK
10
161.1800000000000068
20
-69.8649999999999949
40
0.5
0
CIRCLE
8
BLACK
10
161.1800000000000068
20
-67.3250000000000028
40
0.5
0
CIRCLE
8
BLACK
10
163.7199999999999989
20
-69.8649999999999949
40
0.5
0
CIRCLE
8
BLACK
10
163.7199999999999989
20
-67.3250000000000028
40
0.5
0
CIRCLE
8
BLACK
10
151.6750299999999925
20
-106.2799409999999938
40
0.25
0
CIRCLE
8
BLACK
10
151.7250300000000038
20
-111.2799409999999938
40
0.25
0
CIRCLE
8
BLACK
10
155.2099699999999984
20
-96.0451189999999997
40
0.25
0
CIRCLE
8
BLACK
10
155.1599699999999871
20
-91.0451189999999997
40
0.25
0
CIRCLE
8
BLACK
10
106.6749999999999972
20
-77.3250000000000028
40
0.5
0
CIRCLE
8
BLACK
10
106.6749999999999972
20
-79.8649999999999949
40
0.5
0
CIRCLE
8
BLACK
10
106.875
20
-88.0899999999999892
40
0.5
0
CIRCLE
8
BLACK
10
106.875
20
-85.5499999999999972
40
0.5
0
CIRCLE
8
BLACK
10
157.7049999999999841
20
-135.5574499999999887
40
0.25
0
CIRCLE
8
BLACK
10
162.7049999999999841
20
-135.5074500000000057
40
0.25
0
CIRCLE
8
BLACK
10
175.4749999999999943
20
-76.8499999999999943
40
0.5
0
CIRCLE
8
BLACK
10
175.4749999999999943
20
-79.3900000000000006
40
0.5
0
CIRCLE
8
BLACK
10
175.4749999999999943
20
-81.9299999999999926
40
0.5
0
CIRCLE
8
BLACK
10
153.2049999999999841
20
-135.48245
40
0.4
0
CIRCLE
8
BLACK
10
153.2049999999999841
20
-125.3224499999999892
40
0.4
0
CIRCLE
8
BLACK
10
157.1749999999999829
20
-113.1749999999999972
40
0.25
0
CIRCLE
8
BLACK
10
157.2249999999999943
20
-118.1749999999999972
40
0.25
0
CIRCLE
8
BLACK
10
139.0649999999999977
20
-130.0499999999999829
40
0.5
0
CIRCLE
8
BLACK
10
136.5250000000000057
20
-130.0499999999999829
40
0.5
0
CIRCLE
8
BLACK
10
105.2950000000000017
20
-134.4503859999999804
40
0.25
0
CIRCLE
8
BLACK
10
105.3449999999999989
20
-139.4503859999999804
40
0.25
0
CIRCLE
8
BLACK
10
146.2049399999999935
20
-70.5099999999999909
40
0.25
0
CIRCLE
8
BLACK
10
151.2049399999999935
20
-70.4599999999999937
40
0.25
0
CIRCLE
8
BLACK
10
157.4549409999999909
20
-139.3249700000000075
40
0.25
0
CIRCLE
8
BLACK
10
162.4549409999999909
20
-139.2749699999999962
40
0.25
0
CIRCLE
8
BLACK
10
159.8499999999999943
20
-100.3299999999999983
40
0.4
0
CIRCLE
8
BLACK
10
159.8499999999999943
20
-90.1700000000000017
40
0.4
0
CIRCLE
8
BLACK
10
189.3299999999999841
20
-136.2599999999999909
40
1.3499999999999999
0
CIRCLE
8
BLACK
10
189.3299999999999841
20
-141.2599999999999909
40
1.3499999999999999
0
CIRCLE
8
BLACK
10
134.2999999999999829
20
-66.5499999999999972
40
0.4
0
CIRCLE
8
BLACK
10
134.2999999999999829
20
-76.7099999999999937
40
0.4
0
CIRCLE
8
BLACK
10
122.4749999999999943
20
-143.5049999999999955
40
0.4
0
CIRCLE
8
BLACK
10
122.4749999999999943
20
-133.3449999999999989
40
0.4
0
CIRCLE
8
BLACK
10
150.4549999999999841
20
-133.3249999999999886
40
0.4
0
CIRCLE
8
BLACK
10
140.2949999999999875
20
-133.3249999999999886
40
0.4
0
CIRCLE
8
BLACK
10
138.479881000000006
20
-67.1599700000000013
40
0.25
0
CIRCLE
8
BLACK
10
143.479881000000006
20
-67.1099699999999899
40
0.25
0
CIRCLE
8
BLACK
10
119.7099999999999937
20
-71.5900000000000034
40
0.25
0
CIRCLE
8
BLACK
10
114.7099999999999937
20
-71.6400000000000006
40
0.25
0
LINE
8
BLACK
6
CONTINUOUS
10
141.1092849999999999
20
-134.8677059999999983
11
141.1228549999999871
21
-134.8811959999999885
0
LINE
8
BLACK
6
CONTINUOUS
10
141.1228549999999871
20
-134.8811959999999885
11
141.1228810000000067
21
-134.8901610000000062
0
LINE
8
BLACK
6
CONTINUOUS
10
141.1228810000000067
20
-134.8901610000000062
11
141.1230469999999855
21
-134.8903259999999875
0
LINE
8
BLACK
6
CONTINUOUS
10
141.1230469999999855
20
-134.8903259999999875
11
141.1249699999999905
21
-134.8998890000000017
0
LINE
8
BLACK
6
CONTINUOUS
10
141.1249699999999905
20
-134.8998890000000017
11
141.1449700000000007
21
-144.7000079999999969
0
LINE
8
BLACK
6
CONTINUOUS
10
141.1449700000000007
20
-144.7000079999999969
11
141.1430859999999825
21
-144.7095779999999934
0
LINE
8
BLACK
6
CONTINUOUS
10
141.1430859999999825
20
-144.7095779999999934
11
141.1430349999999976
21
-144.7096279999999808
0
LINE
8
BLACK
6
CONTINUOUS
10
141.1430349999999976
20
-144.7096279999999808
11
141.1430349999999976
21
-144.7097029999999904
0
LINE
8
BLACK
6
CONTINUOUS
10
141.1430349999999976
20
-144.7097029999999904
11
141.1361409999999807
21
-144.7165509999999813
0
LINE
8
BLACK
6
CONTINUOUS
10
141.1361409999999807
20
-144.7165509999999813
11
141.1295839999999941
21
-144.7231359999999825
0
LINE
8
BLACK
6
CONTINUOUS
10
141.1295839999999941
20
-144.7231359999999825
11
141.1295130000000029
21
-144.7231359999999825
0
LINE
8
BLACK
6
CONTINUOUS
10
141.1295130000000029
20
-144.7231359999999825
11
141.1294609999999921
21
-144.7231879999999933
0
LINE
8
BLACK
6
CONTINUOUS
10
141.1294609999999921
20
-144.7231879999999933
11
141.1198870000000056
21
-144.7250589999999875
0
LINE
8
BLACK
6
CONTINUOUS
10
141.1198870000000056
20
-144.7250589999999875
11
138.4698869999999999
21
-144.7162490000000048
0
LINE
8
BLACK
6
CONTINUOUS
10
138.4698869999999999
20
-144.7162490000000048
11
138.4603259999999807
21
-144.7143140000000017
0
LINE
8
BLACK
6
CONTINUOUS
10
138.4603259999999807
20
-144.7143140000000017
11
138.4468410000000063
21
-144.7007389999999987
0
LINE
8
BLACK
6
CONTINUOUS
10
138.4468410000000063
20
-144.7007389999999987
11
138.4468449999999962
21
-144.6994860000000074
0
LINE
8
BLACK
6
CONTINUOUS
10
138.4468449999999962
20
-144.6994860000000074
11
138.4449699999999837
21
-144.6900589999999909
0
LINE
8
BLACK
6
CONTINUOUS
10
138.4449699999999837
20
-144.6900589999999909
11
138.4449699999999837
21
-134.9000589999999988
0
LINE
8
BLACK
6
CONTINUOUS
10
138.4449699999999837
20
-134.9000589999999988
11
138.4468489999999861
21
-134.8906110000000069
0
LINE
8
BLACK
6
CONTINUOUS
10
138.4468489999999861
20
-134.8906110000000069
11
138.4468449999999962
21
-134.8891360000000077
0
LINE
8
BLACK
6
CONTINUOUS
10
138.4468449999999962
20
-134.8891360000000077
11
138.4603349999999864
21
-134.8755649999999946
0
LINE
8
BLACK
6
CONTINUOUS
10
138.4603349999999864
20
-134.8755649999999946
11
138.4698960000000056
21
-134.8736339999999814
0
LINE
8
BLACK
6
CONTINUOUS
10
138.4698960000000056
20
-134.8736339999999814
11
141.0997119999999825
21
-134.8658309999999858
0
LINE
8
BLACK
6
CONTINUOUS
10
141.0997119999999825
20
-134.8658309999999858
11
141.1092849999999999
21
-134.8677059999999983
0
LINE
8
BLACK
6
CONTINUOUS
10
138.494969999999995
20
-134.9235599999999806
11
138.494969999999995
21
-144.6663309999999854
0
LINE
8
BLACK
6
CONTINUOUS
10
138.494969999999995
20
-144.6663309999999854
11
141.0949180000000069
21
-144.6749749999999892
0
LINE
8
BLACK
6
CONTINUOUS
10
141.0949180000000069
20
-144.6749749999999892
11
141.0750019999999836
21
-134.9159039999999834
0
LINE
8
BLACK
6
CONTINUOUS
10
141.0750019999999836
20
-134.9159039999999834
11
138.494969999999995
21
-134.9235599999999806
0
LINE
8
BLACK
6
CONTINUOUS
10
137.6342850000000055
20
-134.7402569999999855
11
137.6478549999999927
21
-134.7537470000000042
0
LINE
8
BLACK
6
CONTINUOUS
10
137.6478549999999927
20
-134.7537470000000042
11
137.6478809999999839
21
-134.7627119999999934
0
LINE
8
BLACK
6
CONTINUOUS
10
137.6478809999999839
20
-134.7627119999999934
11
137.6480469999999912
21
-134.7628770000000031
0
LINE
8
BLACK
6
CONTINUOUS
10
137.6480469999999912
20
-134.7628770000000031
11
137.6499699999999962
21
-134.7724399999999889
0
LINE
8
BLACK
6
CONTINUOUS
10
137.6499699999999962
20
-134.7724399999999889
11
137.6699700000000064
21
-144.5725589999999841
0
LINE
8
BLACK
6
CONTINUOUS
10
137.6699700000000064
20
-144.5725589999999841
11
137.6680859999999882
21
-144.5821289999999806
0
LINE
8
BLACK
6
CONTINUOUS
10
137.6680859999999882
20
-144.5821289999999806
11
137.6680350000000033
21
-144.5821789999999964
0
LINE
8
BLACK
6
CONTINUOUS
10
137.6680350000000033
20
-144.5821789999999964
11
137.6680350000000033
21
-144.582254000000006
0
LINE
8
BLACK
6
CONTINUOUS
10
137.6680350000000033
20
-144.582254000000006
11
137.6611409999999864
21
-144.5891019999999969
0
LINE
8
BLACK
6
CONTINUOUS
10
137.6611409999999864
20
-144.5891019999999969
11
137.6545839999999998
21
-144.5956869999999981
0
LINE
8
BLACK
6
CONTINUOUS
10
137.6545839999999998
20
-144.5956869999999981
11
137.6545129999999801
21
-144.5956869999999981
0
LINE
8
BLACK
6
CONTINUOUS
10
137.6545129999999801
20
-144.5956869999999981
11
137.6544609999999977
21
-144.5957389999999805
0
LINE
8
BLACK
6
CONTINUOUS
10
137.6544609999999977
20
-144.5957389999999805
11
137.6448869999999829
21
-144.5976100000000031
0
LINE
8
BLACK
6
CONTINUOUS
10
137.6448869999999829
20
-144.5976100000000031
11
134.9948870000000056
21
-144.588799999999992
0
LINE
8
BLACK
6
CONTINUOUS
10
134.9948870000000056
20
-144.588799999999992
11
134.9853259999999864
21
-144.5868649999999889
0
LINE
8
BLACK
6
CONTINUOUS
10
134.9853259999999864
20
-144.5868649999999889
11
134.9718409999999835
21
-144.5732899999999859
0
LINE
8
BLACK
6
CONTINUOUS
10
134.9718409999999835
20
-144.5732899999999859
11
134.9718450000000018
21
-144.5720369999999946
0
LINE
8
BLACK
6
CONTINUOUS
10
134.9718450000000018
20
-144.5720369999999946
11
134.9699699999999893
21
-144.5626100000000065
0
LINE
8
BLACK
6
CONTINUOUS
10
134.9699699999999893
20
-144.5626100000000065
11
134.9699699999999893
21
-134.772609999999986
0
LINE
8
BLACK
6
CONTINUOUS
10
134.9699699999999893
20
-134.772609999999986
11
134.9718489999999917
21
-134.7631619999999941
0
LINE
8
BLACK
6
CONTINUOUS
10
134.9718489999999917
20
-134.7631619999999941
11
134.9718450000000018
21
-134.7616869999999949
0
LINE
8
BLACK
6
CONTINUOUS
10
134.9718450000000018
20
-134.7616869999999949
11
134.9853349999999921
21
-134.7481159999999818
0
LINE
8
BLACK
6
CONTINUOUS
10
134.9853349999999921
20
-134.7481159999999818
11
134.9948959999999829
21
-134.746184999999997
0
LINE
8
BLACK
6
CONTINUOUS
10
134.9948959999999829
20
-134.746184999999997
11
137.6247119999999882
21
-134.7383820000000014
0
LINE
8
BLACK
6
CONTINUOUS
10
137.6247119999999882
20
-134.7383820000000014
11
137.6342850000000055
21
-134.7402569999999855
0
LINE
8
BLACK
6
CONTINUOUS
10
135.0199700000000007
20
-134.7961109999999962
11
135.0199700000000007
21
-144.538882000000001
0
LINE
8
BLACK
6
CONTINUOUS
10
135.0199700000000007
20
-144.538882000000001
11
137.6199179999999842
21
-144.5475260000000048
0
LINE
8
BLACK
6
CONTINUOUS
10
137.6199179999999842
20
-144.5475260000000048
11
137.6000019999999893
21
-134.788454999999999
0
LINE
8
BLACK
6
CONTINUOUS
10
137.6000019999999893
20
-134.788454999999999
11
135.0199700000000007
21
-134.7961109999999962
0
LINE
8
BLACK
6
CONTINUOUS
10
120.6345669999999899
20
-128.5694029999999941
11
120.6480969999999928
21
-128.582932999999997
0
LINE
8
BLACK
6
CONTINUOUS
10
120.6480969999999928
20
-128.582932999999997
11
120.6499999999999915
21
-128.5925000000000011
0
LINE
8
BLACK
6
CONTINUOUS
10
120.6499999999999915
20
-128.5925000000000011
11
120.6499999999999915
21
-132.4325000000000045
0
LINE
8
BLACK
6
CONTINUOUS
10
120.6499999999999915
20
-132.4325000000000045
11
120.6480969999999928
21
-132.4420669999999802
0
LINE
8
BLACK
6
CONTINUOUS
10
120.6480969999999928
20
-132.4420669999999802
11
120.6345669999999899
21
-132.4555969999999832
0
LINE
8
BLACK
6
CONTINUOUS
10
120.6345669999999899
20
-132.4555969999999832
11
120.625
21
-132.4574999999999818
0
LINE
8
BLACK
6
CONTINUOUS
10
120.625
20
-132.4574999999999818
11
117.2249999999999943
21
-132.4574999999999818
0
LINE
8
BLACK
6
CONTINUOUS
10
117.2249999999999943
20
-132.4574999999999818
11
117.2154329999999902
21
-132.4555969999999832
0
LINE
8
BLACK
6
CONTINUOUS
10
117.2154329999999902
20
-132.4555969999999832
11
117.2019030000000015
21
-132.4420669999999802
0
LINE
8
BLACK
6
CONTINUOUS
10
117.2019030000000015
20
-132.4420669999999802
11
117.1999999999999886
21
-132.4325000000000045
0
LINE
8
BLACK
6
CONTINUOUS
10
117.1999999999999886
20
-132.4325000000000045
11
117.1999999999999886
21
-128.5925000000000011
0
LINE
8
BLACK
6
CONTINUOUS
10
117.1999999999999886
20
-128.5925000000000011
11
117.2019030000000015
21
-128.582932999999997
0
LINE
8
BLACK
6
CONTINUOUS
10
117.2019030000000015
20
-128.582932999999997
11
117.2154329999999902
21
-128.5694029999999941
0
LINE
8
BLACK
6
CONTINUOUS
10
117.2154329999999902
20
-128.5694029999999941
11
117.2249999999999943
21
-128.5674999999999955
0
LINE
8
BLACK
6
CONTINUOUS
10
117.2249999999999943
20
-128.5674999999999955
11
120.625
21
-128.5674999999999955
0
LINE
8
BLACK
6
CONTINUOUS
10
120.625
20
-128.5674999999999955
11
120.6345669999999899
21
-128.5694029999999941
0
LINE
8
BLACK
6
CONTINUOUS
10
117.25
20
-128.6175000000000068
11
117.25
21
-132.4074999999999989
0
LINE
8
BLACK
6
CONTINUOUS
10
117.25
20
-132.4074999999999989
11
120.5999999999999943
21
-132.4074999999999989
0
LINE
8
BLACK
6
CONTINUOUS
10
120.5999999999999943
20
-132.4074999999999989
11
120.5999999999999943
21
-128.6175000000000068
0
LINE
8
BLACK
6
CONTINUOUS
10
120.5999999999999943
20
-128.6175000000000068
11
117.25
21
-128.6175000000000068
0
LINE
8
BLACK
6
CONTINUOUS
10
126.684314999999998
20
-120.9976470000000006
11
126.6978849999999994
21
-121.0111369999999908
0
LINE
8
BLACK
6
CONTINUOUS
10
126.6978849999999994
20
-121.0111369999999908
11
126.6979109999999906
21
-121.0201019999999943
0
LINE
8
BLACK
6
CONTINUOUS
10
126.6979109999999906
20
-121.0201019999999943
11
126.6980769999999978
21
-121.0202669999999898
0
LINE
8
BLACK
6
CONTINUOUS
10
126.6980769999999978
20
-121.0202669999999898
11
126.6999999999999886
21
-121.0298299999999898
0
LINE
8
BLACK
6
CONTINUOUS
10
126.6999999999999886
20
-121.0298299999999898
11
126.7199999999999989
21
-130.8299489999999992
0
LINE
8
BLACK
6
CONTINUOUS
10
126.7199999999999989
20
-130.8299489999999992
11
126.7181159999999949
21
-130.8395189999999957
0
LINE
8
BLACK
6
CONTINUOUS
10
126.7181159999999949
20
-130.8395189999999957
11
126.7180649999999957
21
-130.8395689999999831
0
LINE
8
BLACK
6
CONTINUOUS
10
126.7180649999999957
20
-130.8395689999999831
11
126.7180649999999957
21
-130.8396439999999927
0
LINE
8
BLACK
6
CONTINUOUS
10
126.7180649999999957
20
-130.8396439999999927
11
126.7111709999999931
21
-130.8464919999999836
0
LINE
8
BLACK
6
CONTINUOUS
10
126.7111709999999931
20
-130.8464919999999836
11
126.7046139999999923
21
-130.8530769999999848
0
LINE
8
BLACK
6
CONTINUOUS
10
126.7046139999999923
20
-130.8530769999999848
11
126.704543000000001
21
-130.8530769999999848
0
LINE
8
BLACK
6
CONTINUOUS
10
126.704543000000001
20
-130.8530769999999848
11
126.7044909999999902
21
-130.8531289999999956
0
LINE
8
BLACK
6
CONTINUOUS
10
126.7044909999999902
20
-130.8531289999999956
11
126.6949169999999896
21
-130.8549999999999898
0
LINE
8
BLACK
6
CONTINUOUS
10
126.6949169999999896
20
-130.8549999999999898
11
124.0449169999999981
21
-130.8461900000000071
0
LINE
8
BLACK
6
CONTINUOUS
10
124.0449169999999981
20
-130.8461900000000071
11
124.0353559999999931
21
-130.844255000000004
0
LINE
8
BLACK
6
CONTINUOUS
10
124.0353559999999931
20
-130.844255000000004
11
124.0218709999999902
21
-130.830680000000001
0
LINE
8
BLACK
6
CONTINUOUS
10
124.0218709999999902
20
-130.830680000000001
11
124.0218749999999943
21
-130.8294269999999813
0
LINE
8
BLACK
6
CONTINUOUS
10
124.0218749999999943
20
-130.8294269999999813
11
124.019999999999996
21
-130.8199999999999932
0
LINE
8
BLACK
6
CONTINUOUS
10
124.019999999999996
20
-130.8199999999999932
11
124.019999999999996
21
-121.0300000000000011
0
LINE
8
BLACK
6
CONTINUOUS
10
124.019999999999996
20
-121.0300000000000011
11
124.0218789999999984
21
-121.020551999999995
0
LINE
8
BLACK
6
CONTINUOUS
10
124.0218789999999984
20
-121.020551999999995
11
124.0218749999999943
21
-121.0190769999999958
0
LINE
8
BLACK
6
CONTINUOUS
10
124.0218749999999943
20
-121.0190769999999958
11
124.0353649999999988
21
-121.0055059999999969
0
LINE
8
BLACK
6
CONTINUOUS
10
124.0353649999999988
20
-121.0055059999999969
11
124.0449259999999896
21
-121.0035749999999979
0
LINE
8
BLACK
6
CONTINUOUS
10
124.0449259999999896
20
-121.0035749999999979
11
126.6747419999999948
21
-120.9957719999999881
0
LINE
8
BLACK
6
CONTINUOUS
10
126.6747419999999948
20
-120.9957719999999881
11
126.684314999999998
21
-120.9976470000000006
0
LINE
8
BLACK
6
CONTINUOUS
10
124.0699999999999932
20
-121.0535009999999971
11
124.0699999999999932
21
-130.7962719999999877
0
LINE
8
BLACK
6
CONTINUOUS
10
124.0699999999999932
20
-130.7962719999999877
11
126.6699479999999909
21
-130.8049159999999915
0
LINE
8
BLACK
6
CONTINUOUS
10
126.6699479999999909
20
-130.8049159999999915
11
126.6500319999999959
21
-121.0458449999999999
0
LINE
8
BLACK
6
CONTINUOUS
10
126.6500319999999959
20
-121.0458449999999999
11
124.0699999999999932
21
-121.0535009999999971
0
LINE
8
BLACK
6
CONTINUOUS
10
116.3593149999999952
20
-118.5476469999999978
11
116.3728849999999966
21
-118.561136999999988
0
LINE
8
BLACK
6
CONTINUOUS
10
116.3728849999999966
20
-118.561136999999988
11
116.3729109999999878
21
-118.5701019999999914
0
LINE
8
BLACK
6
CONTINUOUS
10
116.3729109999999878
20
-118.5701019999999914
11
116.373076999999995
21
-118.5702670000000012
0
LINE
8
BLACK
6
CONTINUOUS
10
116.373076999999995
20
-118.5702670000000012
11
116.375
21
-118.5798300000000012
0
LINE
8
BLACK
6
CONTINUOUS
10
116.375
20
-118.5798300000000012
11
116.394999999999996
21
-128.3799489999999821
0
LINE
8
BLACK
6
CONTINUOUS
10
116.394999999999996
20
-128.3799489999999821
11
116.393115999999992
21
-128.3895190000000071
0
LINE
8
BLACK
6
CONTINUOUS
10
116.393115999999992
20
-128.3895190000000071
11
116.3930649999999929
21
-128.3895689999999945
0
LINE
8
BLACK
6
CONTINUOUS
10
116.3930649999999929
20
-128.3895689999999945
11
116.3930649999999929
21
-128.3896440000000041
0
LINE
8
BLACK
6
CONTINUOUS
10
116.3930649999999929
20
-128.3896440000000041
11
116.3861709999999903
21
-128.396491999999995
0
LINE
8
BLACK
6
CONTINUOUS
10
116.3861709999999903
20
-128.396491999999995
11
116.3796139999999895
21
-128.4030769999999961
0
LINE
8
BLACK
6
CONTINUOUS
10
116.3796139999999895
20
-128.4030769999999961
11
116.3795429999999982
21
-128.4030769999999961
0
LINE
8
BLACK
6
CONTINUOUS
10
116.3795429999999982
20
-128.4030769999999961
11
116.3794910000000016
21
-128.403129000000007
0
LINE
8
BLACK
6
CONTINUOUS
10
116.3794910000000016
20
-128.403129000000007
11
116.3699170000000009
21
-128.4050000000000011
0
LINE
8
BLACK
6
CONTINUOUS
10
116.3699170000000009
20
-128.4050000000000011
11
113.7199169999999953
21
-128.3961899999999901
0
LINE
8
BLACK
6
CONTINUOUS
10
113.7199169999999953
20
-128.3961899999999901
11
113.7103559999999902
21
-128.3942549999999869
0
LINE
8
BLACK
6
CONTINUOUS
10
113.7103559999999902
20
-128.3942549999999869
11
113.6968710000000016
21
-128.3806799999999839
0
LINE
8
BLACK
6
CONTINUOUS
10
113.6968710000000016
20
-128.3806799999999839
11
113.6968749999999915
21
-128.3794269999999926
0
LINE
8
BLACK
6
CONTINUOUS
10
113.6968749999999915
20
-128.3794269999999926
11
113.6949999999999932
21
-128.3700000000000045
0
LINE
8
BLACK
6
CONTINUOUS
10
113.6949999999999932
20
-128.3700000000000045
11
113.6949999999999932
21
-118.5799999999999983
0
LINE
8
BLACK
6
CONTINUOUS
10
113.6949999999999932
20
-118.5799999999999983
11
113.6968789999999956
21
-118.5705519999999922
0
LINE
8
BLACK
6
CONTINUOUS
10
113.6968789999999956
20
-118.5705519999999922
11
113.6968749999999915
21
-118.5690769999999929
0
LINE
8
BLACK
6
CONTINUOUS
10
113.6968749999999915
20
-118.5690769999999929
11
113.7103649999999959
21
-118.5555059999999941
0
LINE
8
BLACK
6
CONTINUOUS
10
113.7103649999999959
20
-118.5555059999999941
11
113.719926000000001
21
-118.553574999999995
0
LINE
8
BLACK
6
CONTINUOUS
10
113.719926000000001
20
-118.553574999999995
11
116.349741999999992
21
-118.5457719999999995
0
LINE
8
BLACK
6
CONTINUOUS
10
116.349741999999992
20
-118.5457719999999995
11
116.3593149999999952
21
-118.5476469999999978
0
LINE
8
BLACK
6
CONTINUOUS
10
113.7449999999999903
20
-118.6035009999999943
11
113.7449999999999903
21
-128.346271999999999
0
LINE
8
BLACK
6
CONTINUOUS
10
113.7449999999999903
20
-128.346271999999999
11
116.344947999999988
21
-128.3549160000000029
0
LINE
8
BLACK
6
CONTINUOUS
10
116.344947999999988
20
-128.3549160000000029
11
116.3250319999999931
21
-118.5958449999999971
0
LINE
8
BLACK
6
CONTINUOUS
10
116.3250319999999931
20
-118.5958449999999971
11
113.7449999999999903
21
-118.6035009999999943
0
LINE
8
BLACK
6
CONTINUOUS
10
119.6643149999999878
20
-101.7476470000000006
11
119.6778849999999892
21
-101.7611369999999908
0
LINE
8
BLACK
6
CONTINUOUS
10
119.6778849999999892
20
-101.7611369999999908
11
119.6779109999999946
21
-101.7701019999999943
0
LINE
8
BLACK
6
CONTINUOUS
10
119.6779109999999946
20
-101.7701019999999943
11
119.6780769999999876
21
-101.7702669999999898
0
LINE
8
BLACK
6
CONTINUOUS
10
119.6780769999999876
20
-101.7702669999999898
11
119.6799999999999926
21
-101.7798299999999898
0
LINE
8
BLACK
6
CONTINUOUS
10
119.6799999999999926
20
-101.7798299999999898
11
119.6999999999999886
21
-111.5799489999999992
0
LINE
8
BLACK
6
CONTINUOUS
10
119.6999999999999886
20
-111.5799489999999992
11
119.6981159999999988
21
-111.5895189999999957
0
LINE
8
BLACK
6
CONTINUOUS
10
119.6981159999999988
20
-111.5895189999999957
11
119.6980649999999997
21
-111.5895689999999973
0
LINE
8
BLACK
6
CONTINUOUS
10
119.6980649999999997
20
-111.5895689999999973
11
119.6980649999999997
21
-111.5896439999999927
0
LINE
8
BLACK
6
CONTINUOUS
10
119.6980649999999997
20
-111.5896439999999927
11
119.6911709999999971
21
-111.5964919999999978
0
LINE
8
BLACK
6
CONTINUOUS
10
119.6911709999999971
20
-111.5964919999999978
11
119.6846139999999963
21
-111.603076999999999
0
LINE
8
BLACK
6
CONTINUOUS
10
119.6846139999999963
20
-111.603076999999999
11
119.6845429999999908
21
-111.603076999999999
0
LINE
8
BLACK
6
CONTINUOUS
10
119.6845429999999908
20
-111.603076999999999
11
119.6844909999999942
21
-111.6031289999999956
0
LINE
8
BLACK
6
CONTINUOUS
10
119.6844909999999942
20
-111.6031289999999956
11
119.6749169999999935
21
-111.6049999999999898
0
LINE
8
BLACK
6
CONTINUOUS
10
119.6749169999999935
20
-111.6049999999999898
11
117.0249169999999879
21
-111.5961899999999929
0
LINE
8
BLACK
6
CONTINUOUS
10
117.0249169999999879
20
-111.5961899999999929
11
117.015355999999997
21
-111.5942549999999898
0
LINE
8
BLACK
6
CONTINUOUS
10
117.015355999999997
20
-111.5942549999999898
11
117.0018709999999942
21
-111.580680000000001
0
LINE
8
BLACK
6
CONTINUOUS
10
117.0018709999999942
20
-111.580680000000001
11
117.0018749999999983
21
-111.5794269999999955
0
LINE
8
BLACK
6
CONTINUOUS
10
117.0018749999999983
20
-111.5794269999999955
11
117.
21
-111.5699999999999932
0
LINE
8
BLACK
6
CONTINUOUS
10
117.
20
-111.5699999999999932
11
117.
21
-101.7800000000000011
0
LINE
8
BLACK
6
CONTINUOUS
10
117.
20
-101.7800000000000011
11
117.0018789999999882
21
-101.770551999999995
0
LINE
8
BLACK
6
CONTINUOUS
10
117.0018789999999882
20
-101.770551999999995
11
117.0018749999999983
21
-101.7690769999999958
0
LINE
8
BLACK
6
CONTINUOUS
10
117.0018749999999983
20
-101.7690769999999958
11
117.0153649999999885
21
-101.7555059999999969
0
LINE
8
BLACK
6
CONTINUOUS
10
117.0153649999999885
20
-101.7555059999999969
11
117.0249259999999936
21
-101.7535749999999979
0
LINE
8
BLACK
6
CONTINUOUS
10
117.0249259999999936
20
-101.7535749999999979
11
119.6547419999999988
21
-101.7457720000000023
0
LINE
8
BLACK
6
CONTINUOUS
10
119.6547419999999988
20
-101.7457720000000023
11
119.6643149999999878
21
-101.7476470000000006
0
LINE
8
BLACK
6
CONTINUOUS
10
117.0499999999999972
20
-101.8035009999999971
11
117.0499999999999972
21
-111.5462720000000019
0
LINE
8
BLACK
6
CONTINUOUS
10
117.0499999999999972
20
-111.5462720000000019
11
119.6499479999999949
21
-111.5549159999999915
0
LINE
8
BLACK
6
CONTINUOUS
10
119.6499479999999949
20
-111.5549159999999915
11
119.6300319999999999
21
-101.7958449999999999
0
LINE
8
BLACK
6
CONTINUOUS
10
119.6300319999999999
20
-101.7958449999999999
11
117.0499999999999972
21
-101.8035009999999971
0
LINE
8
BLACK
6
CONTINUOUS
10
125.2843149999999923
20
-101.5476469999999978
11
125.2978849999999937
21
-101.5611370000000022
0
LINE
8
BLACK
6
CONTINUOUS
10
125.2978849999999937
20
-101.5611370000000022
11
125.2979109999999991
21
-101.5701019999999914
0
LINE
8
BLACK
6
CONTINUOUS
10
125.2979109999999991
20
-101.5701019999999914
11
125.2980769999999922
21
-101.5702670000000012
0
LINE
8
BLACK
6
CONTINUOUS
10
125.2980769999999922
20
-101.5702670000000012
11
125.2999999999999972
21
-101.5798300000000012
0
LINE
8
BLACK
6
CONTINUOUS
10
125.2999999999999972
20
-101.5798300000000012
11
125.3199999999999932
21
-111.3799489999999963
0
LINE
8
BLACK
6
CONTINUOUS
10
125.3199999999999932
20
-111.3799489999999963
11
125.3181159999999892
21
-111.3895189999999928
0
LINE
8
BLACK
6
CONTINUOUS
10
125.3181159999999892
20
-111.3895189999999928
11
125.3180649999999901
21
-111.3895689999999945
0
LINE
8
BLACK
6
CONTINUOUS
10
125.3180649999999901
20
-111.3895689999999945
11
125.3180649999999901
21
-111.3896439999999899
0
LINE
8
BLACK
6
CONTINUOUS
10
125.3180649999999901
20
-111.3896439999999899
11
125.3111709999999874
21
-111.396491999999995
0
LINE
8
BLACK
6
CONTINUOUS
10
125.3111709999999874
20
-111.396491999999995
11
125.3046140000000008
21
-111.4030769999999961
0
LINE
8
BLACK
6
CONTINUOUS
10
125.3046140000000008
20
-111.4030769999999961
11
125.3045429999999953
21
-111.4030769999999961
0
LINE
8
BLACK
6
CONTINUOUS
10
125.3045429999999953
20
-111.4030769999999961
11
125.3044909999999987
21
-111.4031289999999927
0
LINE
8
BLACK
6
CONTINUOUS
10
125.3044909999999987
20
-111.4031289999999927
11
125.2949169999999981
21
-111.4050000000000011
0
LINE
8
BLACK
6
CONTINUOUS
10
125.2949169999999981
20
-111.4050000000000011
11
122.6449169999999924
21
-111.3961899999999901
0
LINE
8
BLACK
6
CONTINUOUS
10
122.6449169999999924
20
-111.3961899999999901
11
122.6353559999999874
21
-111.3942550000000011
0
LINE
8
BLACK
6
CONTINUOUS
10
122.6353559999999874
20
-111.3942550000000011
11
122.6218709999999987
21
-111.3806799999999981
0
LINE
8
BLACK
6
CONTINUOUS
10
122.6218709999999987
20
-111.3806799999999981
11
122.6218749999999886
21
-111.3794269999999926
0
LINE
8
BLACK
6
CONTINUOUS
10
122.6218749999999886
20
-111.3794269999999926
11
122.6199999999999903
21
-111.3699999999999903
0
LINE
8
BLACK
6
CONTINUOUS
10
122.6199999999999903
20
-111.3699999999999903
11
122.6199999999999903
21
-101.5799999999999983
0
LINE
8
BLACK
6
CONTINUOUS
10
122.6199999999999903
20
-101.5799999999999983
11
122.6218789999999927
21
-101.5705519999999922
0
LINE
8
BLACK
6
CONTINUOUS
10
122.6218789999999927
20
-101.5705519999999922
11
122.6218749999999886
21
-101.5690769999999929
0
LINE
8
BLACK
6
CONTINUOUS
10
122.6218749999999886
20
-101.5690769999999929
11
122.6353649999999931
21
-101.5555059999999941
0
LINE
8
BLACK
6
CONTINUOUS
10
122.6353649999999931
20
-101.5555059999999941
11
122.6449259999999981
21
-101.553574999999995
0
LINE
8
BLACK
6
CONTINUOUS
10
122.6449259999999981
20
-101.553574999999995
11
125.2747419999999892
21
-101.5457719999999995
0
LINE
8
BLACK
6
CONTINUOUS
10
125.2747419999999892
20
-101.5457719999999995
11
125.2843149999999923
21
-101.5476469999999978
0
LINE
8
BLACK
6
CONTINUOUS
10
122.6699999999999875
20
-101.6035009999999943
11
122.6699999999999875
21
-111.346271999999999
0
LINE
8
BLACK
6
CONTINUOUS
10
122.6699999999999875
20
-111.346271999999999
11
125.2699479999999994
21
-111.3549159999999887
0
LINE
8
BLACK
6
CONTINUOUS
10
125.2699479999999994
20
-111.3549159999999887
11
125.2500319999999903
21
-101.5958449999999971
0
LINE
8
BLACK
6
CONTINUOUS
10
125.2500319999999903
20
-101.5958449999999971
11
122.6699999999999875
21
-101.6035009999999943
0
LINE
8
BLACK
6
CONTINUOUS
10
123.8595669999999984
20
-74.8969029999999947
11
123.8730970000000013
21
-74.9104329999999976
0
LINE
8
BLACK
6
CONTINUOUS
10
123.8730970000000013
20
-74.9104329999999976
11
123.875
21
-74.9200000000000017
0
LINE
8
BLACK
6
CONTINUOUS
10
123.875
20
-74.9200000000000017
11
123.875
21
-87.1799999999999926
0
LINE
8
BLACK
6
CONTINUOUS
10
123.875
20
-87.1799999999999926
11
123.8730970000000013
21
-87.1895669999999967
0
LINE
8
BLACK
6
CONTINUOUS
10
123.8730970000000013
20
-87.1895669999999967
11
123.8595669999999984
21
-87.2030969999999996
0
LINE
8
BLACK
6
CONTINUOUS
10
123.8595669999999984
20
-87.2030969999999996
11
123.8499999999999943
21
-87.2049999999999983
0
LINE
8
BLACK
6
CONTINUOUS
10
123.8499999999999943
20
-87.2049999999999983
11
120.8499999999999943
21
-87.2049999999999983
0
LINE
8
BLACK
6
CONTINUOUS
10
120.8499999999999943
20
-87.2049999999999983
11
120.8404329999999902
21
-87.2030969999999996
0
LINE
8
BLACK
6
CONTINUOUS
10
120.8404329999999902
20
-87.2030969999999996
11
120.8269030000000015
21
-87.1895669999999967
0
LINE
8
BLACK
6
CONTINUOUS
10
120.8269030000000015
20
-87.1895669999999967
11
120.8249999999999886
21
-87.1799999999999926
0
LINE
8
BLACK
6
CONTINUOUS
10
120.8249999999999886
20
-87.1799999999999926
11
120.8249999999999886
21
-74.9200000000000017
0
LINE
8
BLACK
6
CONTINUOUS
10
120.8249999999999886
20
-74.9200000000000017
11
120.8269030000000015
21
-74.9104329999999976
0
LINE
8
BLACK
6
CONTINUOUS
10
120.8269030000000015
20
-74.9104329999999976
11
120.8404329999999902
21
-74.8969029999999947
0
LINE
8
BLACK
6
CONTINUOUS
10
120.8404329999999902
20
-74.8969029999999947
11
120.8499999999999943
21
-74.894999999999996
0
LINE
8
BLACK
6
CONTINUOUS
10
120.8499999999999943
20
-74.894999999999996
11
123.8499999999999943
21
-74.894999999999996
0
LINE
8
BLACK
6
CONTINUOUS
10
123.8499999999999943
20
-74.894999999999996
11
123.8595669999999984
21
-74.8969029999999947
0
LINE
8
BLACK
6
CONTINUOUS
10
120.875
20
-74.9449999999999932
11
120.875
21
-87.1550000000000011
0
LINE
8
BLACK
6
CONTINUOUS
10
120.875
20
-87.1550000000000011
11
123.8249999999999886
21
-87.1550000000000011
0
LINE
8
BLACK
6
CONTINUOUS
10
123.8249999999999886
20
-87.1550000000000011
11
123.8249999999999886
21
-74.9449999999999932
0
LINE
8
BLACK
6
CONTINUOUS
10
123.8249999999999886
20
-74.9449999999999932
11
120.875
21
-74.9449999999999932
0
LINE
8
BLACK
6
CONTINUOUS
10
129.4545669999999973
20
-73.5719029999999918
11
129.4680970000000002
21
-73.5854329999999948
0
LINE
8
BLACK
6
CONTINUOUS
10
129.4680970000000002
20
-73.5854329999999948
11
129.4699999999999989
21
-73.5949999999999989
0
LINE
8
BLACK
6
CONTINUOUS
10
129.4699999999999989
20
-73.5949999999999989
11
129.4699999999999989
21
-135.0550000000000068
0
LINE
8
BLACK
6
CONTINUOUS
10
129.4699999999999989
20
-135.0550000000000068
11
129.4680970000000002
21
-135.0645669999999825
0
LINE
8
BLACK
6
CONTINUOUS
10
129.4680970000000002
20
-135.0645669999999825
11
129.4545669999999973
21
-135.0780969999999854
0
LINE
8
BLACK
6
CONTINUOUS
10
129.4545669999999973
20
-135.0780969999999854
11
129.4449999999999932
21
-135.0799999999999841
0
LINE
8
BLACK
6
CONTINUOUS
10
129.4449999999999932
20
-135.0799999999999841
11
124.6099999999999994
21
-135.0799999999999841
0
LINE
8
BLACK
6
CONTINUOUS
10
124.6099999999999994
20
-135.0799999999999841
11
124.6099999999999994
21
-135.7549999999999955
0
LINE
8
BLACK
6
CONTINUOUS
10
124.6099999999999994
20
-135.7549999999999955
11
124.6080970000000008
21
-135.7645669999999996
0
LINE
8
BLACK
6
CONTINUOUS
10
124.6080970000000008
20
-135.7645669999999996
11
124.5945669999999978
21
-135.7780970000000025
0
LINE
8
BLACK
6
CONTINUOUS
10
124.5945669999999978
20
-135.7780970000000025
11
124.5849999999999937
21
-135.7800000000000011
0
LINE
8
BLACK
6
CONTINUOUS
10
124.5849999999999937
20
-135.7800000000000011
11
124.
21
-135.7800000000000011
0
LINE
8
BLACK
6
CONTINUOUS
10
124.
20
-135.7800000000000011
11
124.
21
-144.5550000000000068
0
LINE
8
BLACK
6
CONTINUOUS
10
124.
20
-144.5550000000000068
11
123.9980970000000013
21
-144.5645669999999825
0
LINE
8
BLACK
6
CONTINUOUS
10
123.9980970000000013
20
-144.5645669999999825
11
123.9845669999999984
21
-144.5780969999999854
0
LINE
8
BLACK
6
CONTINUOUS
10
123.9845669999999984
20
-144.5780969999999854
11
123.9749999999999943
21
-144.5799999999999841
0
LINE
8
BLACK
6
CONTINUOUS
10
123.9749999999999943
20
-144.5799999999999841
11
120.9749999999999943
21
-144.5799999999999841
0
LINE
8
BLACK
6
CONTINUOUS
10
120.9749999999999943
20
-144.5799999999999841
11
120.9654329999999902
21
-144.5780969999999854
0
LINE
8
BLACK
6
CONTINUOUS
10
120.9654329999999902
20
-144.5780969999999854
11
120.9519030000000015
21
-144.5645669999999825
0
LINE
8
BLACK
6
CONTINUOUS
10
120.9519030000000015
20
-144.5645669999999825
11
120.9499999999999886
21
-144.5550000000000068
0
LINE
8
BLACK
6
CONTINUOUS
10
120.9499999999999886
20
-144.5550000000000068
11
120.9499999999999886
21
-135.7800000000000011
0
LINE
8
BLACK
6
CONTINUOUS
10
120.9499999999999886
20
-135.7800000000000011
11
116.0249999999999915
21
-135.7800000000000011
0
LINE
8
BLACK
6
CONTINUOUS
10
116.0249999999999915
20
-135.7800000000000011
11
116.0154330000000016
21
-135.7780970000000025
0
LINE
8
BLACK
6
CONTINUOUS
10
116.0154330000000016
20
-135.7780970000000025
11
116.0019029999999987
21
-135.7645669999999996
0
LINE
8
BLACK
6
CONTINUOUS
10
116.0019029999999987
20
-135.7645669999999996
11
116.
21
-135.7549999999999955
0
LINE
8
BLACK
6
CONTINUOUS
10
116.
20
-135.7549999999999955
11
116.
21
-135.0799999999999841
0
LINE
8
BLACK
6
CONTINUOUS
10
116.
20
-135.0799999999999841
11
111.164999999999992
21
-135.0799999999999841
0
LINE
8
BLACK
6
CONTINUOUS
10
111.164999999999992
20
-135.0799999999999841
11
111.1554329999999879
21
-135.0780969999999854
0
LINE
8
BLACK
6
CONTINUOUS
10
111.1554329999999879
20
-135.0780969999999854
11
111.1419029999999992
21
-135.0645669999999825
0
LINE
8
BLACK
6
CONTINUOUS
10
111.1419029999999992
20
-135.0645669999999825
11
111.1400000000000006
21
-135.0550000000000068
0
LINE
8
BLACK
6
CONTINUOUS
10
111.1400000000000006
20
-135.0550000000000068
11
111.1400000000000006
21
-73.5949999999999989
0
LINE
8
BLACK
6
CONTINUOUS
10
111.1400000000000006
20
-73.5949999999999989
11
111.1419029999999992
21
-73.5854329999999948
0
LINE
8
BLACK
6
CONTINUOUS
10
111.1419029999999992
20
-73.5854329999999948
11
111.1554329999999879
21
-73.5719029999999918
0
LINE
8
BLACK
6
CONTINUOUS
10
111.1554329999999879
20
-73.5719029999999918
11
111.164999999999992
21
-73.5699999999999932
0
LINE
8
BLACK
6
CONTINUOUS
10
111.164999999999992
20
-73.5699999999999932
11
129.4449999999999932
21
-73.5699999999999932
0
LINE
8
BLACK
6
CONTINUOUS
10
129.4449999999999932
20
-73.5699999999999932
11
129.4545669999999973
21
-73.5719029999999918
0
LINE
8
BLACK
6
CONTINUOUS
10
121.
20
-135.7800000000000011
11
121.
21
-144.5300000000000011
0
LINE
8
BLACK
6
CONTINUOUS
10
121.
20
-144.5300000000000011
11
123.9499999999999886
21
-144.5300000000000011
0
LINE
8
BLACK
6
CONTINUOUS
10
123.9499999999999886
20
-144.5300000000000011
11
123.9499999999999886
21
-135.7800000000000011
0
LINE
8
BLACK
6
CONTINUOUS
10
123.9499999999999886
20
-135.7800000000000011
11
121.
21
-135.7800000000000011
0
LINE
8
BLACK
6
CONTINUOUS
10
111.1899999999999977
20
-73.6199999999999903
11
111.1899999999999977
21
-135.0300000000000011
0
LINE
8
BLACK
6
CONTINUOUS
10
111.1899999999999977
20
-135.0300000000000011
11
116.0249999999999915
21
-135.0300000000000011
0
LINE
8
BLACK
6
CONTINUOUS
10
116.0249999999999915
20
-135.0300000000000011
11
116.0345669999999956
21
-135.0319029999999998
0
LINE
8
BLACK
6
CONTINUOUS
10
116.0345669999999956
20
-135.0319029999999998
11
116.0480969999999985
21
-135.0454330000000027
0
LINE
8
BLACK
6
CONTINUOUS
10
116.0480969999999985
20
-135.0454330000000027
11
116.0499999999999972
21
-135.0550000000000068
0
LINE
8
BLACK
6
CONTINUOUS
10
116.0499999999999972
20
-135.0550000000000068
11
116.0499999999999972
21
-135.7299999999999898
0
LINE
8
BLACK
6
CONTINUOUS
10
116.0499999999999972
20
-135.7299999999999898
11
120.9499999999999886
21
-135.7299999999999898
0
LINE
8
BLACK
6
CONTINUOUS
10
120.9499999999999886
20
-135.7299999999999898
11
120.9499999999999886
21
-132.2949999999999875
0
LINE
8
BLACK
6
CONTINUOUS
10
120.9499999999999886
20
-132.2949999999999875
11
120.9519030000000015
21
-132.2854329999999834
0
LINE
8
BLACK
6
CONTINUOUS
10
120.9519030000000015
20
-132.2854329999999834
11
120.9654329999999902
21
-132.2719029999999805
0
LINE
8
BLACK
6
CONTINUOUS
10
120.9654329999999902
20
-132.2719029999999805
11
120.9749999999999943
21
-132.2699999999999818
0
LINE
8
BLACK
6
CONTINUOUS
10
120.9749999999999943
20
-132.2699999999999818
11
123.9749999999999943
21
-132.2699999999999818
0
LINE
8
BLACK
6
CONTINUOUS
10
123.9749999999999943
20
-132.2699999999999818
11
123.9845669999999984
21
-132.2719029999999805
0
LINE
8
BLACK
6
CONTINUOUS
10
123.9845669999999984
20
-132.2719029999999805
11
123.9980970000000013
21
-132.2854329999999834
0
LINE
8
BLACK
6
CONTINUOUS
10
123.9980970000000013
20
-132.2854329999999834
11
124.
21
-132.2949999999999875
0
LINE
8
BLACK
6
CONTINUOUS
10
124.
20
-132.2949999999999875
11
124.
21
-135.7299999999999898
0
LINE
8
BLACK
6
CONTINUOUS
10
124.
20
-135.7299999999999898
11
124.5599999999999881
21
-135.7299999999999898
0
LINE
8
BLACK
6
CONTINUOUS
10
124.5599999999999881
20
-135.7299999999999898
11
124.5599999999999881
21
-135.0550000000000068
0
LINE
8
BLACK
6
CONTINUOUS
10
124.5599999999999881
20
-135.0550000000000068
11
124.5619030000000009
21
-135.0454330000000027
0
LINE
8
BLACK
6
CONTINUOUS
10
124.5619030000000009
20
-135.0454330000000027
11
124.5754329999999896
21
-135.0319029999999998
0
LINE
8
BLACK
6
CONTINUOUS
10
124.5754329999999896
20
-135.0319029999999998
11
124.5849999999999937
21
-135.0300000000000011
0
LINE
8
BLACK
6
CONTINUOUS
10
124.5849999999999937
20
-135.0300000000000011
11
129.4199999999999875
21
-135.0300000000000011
0
LINE
8
BLACK
6
CONTINUOUS
10
129.4199999999999875
20
-135.0300000000000011
11
129.4199999999999875
21
-73.6199999999999903
0
LINE
8
BLACK
6
CONTINUOUS
10
129.4199999999999875
20
-73.6199999999999903
11
111.1899999999999977
21
-73.6199999999999903
0
LINE
8
BLACK
6
CONTINUOUS
10
121.
20
-132.3199999999999932
11
121.
21
-135.7299999999999898
0
LINE
8
BLACK
6
CONTINUOUS
10
121.
20
-135.7299999999999898
11
123.9499999999999886
21
-135.7299999999999898
0
LINE
8
BLACK
6
CONTINUOUS
10
123.9499999999999886
20
-135.7299999999999898
11
123.9499999999999886
21
-132.3199999999999932
0
LINE
8
BLACK
6
CONTINUOUS
10
123.9499999999999886
20
-132.3199999999999932
11
121.
21
-132.3199999999999932
0
LINE
8
BLACK
6
CONTINUOUS
10
171.6795669999999916
20
-136.0569030000000055
11
171.6930969999999945
21
-136.07043299999998
0
LINE
8
BLACK
6
CONTINUOUS
10
171.6930969999999945
20
-136.07043299999998
11
171.6949999999999932
21
-136.0799999999999841
0
LINE
8
BLACK
6
CONTINUOUS
10
171.6949999999999932
20
-136.0799999999999841
11
171.6949999999999932
21
-144.5199999999999818
0
LINE
8
BLACK
6
CONTINUOUS
10
171.6949999999999932
20
-144.5199999999999818
11
171.6930969999999945
21
-144.5295669999999859
0
LINE
8
BLACK
6
CONTINUOUS
10
171.6930969999999945
20
-144.5295669999999859
11
171.6795669999999916
21
-144.5430969999999888
0
LINE
8
BLACK
6
CONTINUOUS
10
171.6795669999999916
20
-144.5430969999999888
11
171.6699999999999875
21
-144.5449999999999875
0
LINE
8
BLACK
6
CONTINUOUS
10
171.6699999999999875
20
-144.5449999999999875
11
165.1299999999999955
21
-144.5449999999999875
0
LINE
8
BLACK
6
CONTINUOUS
10
165.1299999999999955
20
-144.5449999999999875
11
165.1204329999999914
21
-144.5430969999999888
0
LINE
8
BLACK
6
CONTINUOUS
10
165.1204329999999914
20
-144.5430969999999888
11
165.1069029999999884
21
-144.5295669999999859
0
LINE
8
BLACK
6
CONTINUOUS
10
165.1069029999999884
20
-144.5295669999999859
11
165.1049999999999898
21
-144.5199999999999818
0
LINE
8
BLACK
6
CONTINUOUS
10
165.1049999999999898
20
-144.5199999999999818
11
165.1049999999999898
21
-136.0799999999999841
0
LINE
8
BLACK
6
CONTINUOUS
10
165.1049999999999898
20
-136.0799999999999841
11
165.1069029999999884
21
-136.07043299999998
0
LINE
8
BLACK
6
CONTINUOUS
10
165.1069029999999884
20
-136.07043299999998
11
165.1204329999999914
21
-136.0569030000000055
0
LINE
8
BLACK
6
CONTINUOUS
10
165.1204329999999914
20
-136.0569030000000055
11
165.1299999999999955
21
-136.0550000000000068
0
LINE
8
BLACK
6
CONTINUOUS
10
165.1299999999999955
20
-136.0550000000000068
11
171.6699999999999875
21
-136.0550000000000068
0
LINE
8
BLACK
6
CONTINUOUS
10
171.6699999999999875
20
-136.0550000000000068
11
171.6795669999999916
21
-136.0569030000000055
0
LINE
8
BLACK
6
CONTINUOUS
10
165.1550000000000011
20
-136.1049999999999898
11
165.1550000000000011
21
-144.4950000000000045
0
LINE
8
BLACK
6
CONTINUOUS
10
165.1550000000000011
20
-144.4950000000000045
11
171.6449999999999818
21
-144.4950000000000045
0
LINE
8
BLACK
6
CONTINUOUS
10
171.6449999999999818
20
-144.4950000000000045
11
171.6449999999999818
21
-136.1049999999999898
0
LINE
8
BLACK
6
CONTINUOUS
10
171.6449999999999818
20
-136.1049999999999898
11
165.1550000000000011
21
-136.1049999999999898
0
LINE
8
BLACK
6
CONTINUOUS
10
191.1395669999999996
20
-133.1369029999999896
11
191.1408019999999794
21
-133.1381379999999979
0
LINE
8
BLACK
6
CONTINUOUS
10
191.1408019999999794
20
-133.1381379999999979
11
191.1425359999999785
21
-133.1383699999999806
0
LINE
8
BLACK
6
CONTINUOUS
10
191.1425359999999785
20
-133.1383699999999806
11
191.1498589999999922
21
-133.1448139999999967
0
LINE
8
BLACK
6
CONTINUOUS
10
191.1498589999999922
20
-133.1448139999999967
11
192.4498590000000036
21
-134.8448129999999878
0
LINE
8
BLACK
6
CONTINUOUS
10
192.4498590000000036
20
-134.8448129999999878
11
192.4521560000000022
21
-134.8494919999999979
0
LINE
8
BLACK
6
CONTINUOUS
10
192.4521560000000022
20
-134.8494919999999979
11
192.4530969999999854
21
-134.8504329999999811
0
LINE
8
BLACK
6
CONTINUOUS
10
192.4530969999999854
20
-134.8504329999999811
11
192.4534229999999866
21
-134.8520719999999926
0
LINE
8
BLACK
6
CONTINUOUS
10
192.4534229999999866
20
-134.8520719999999926
11
192.4541579999999783
21
-134.8535689999999931
0
LINE
8
BLACK
6
CONTINUOUS
10
192.4541579999999783
20
-134.8535689999999931
11
192.4539819999999963
21
-134.8548849999999959
0
LINE
8
BLACK
6
CONTINUOUS
10
192.4539819999999963
20
-134.8548849999999959
11
192.4549999999999841
21
-134.8599999999999852
0
LINE
8
BLACK
6
CONTINUOUS
10
192.4549999999999841
20
-134.8599999999999852
11
192.4549999999999841
21
-144.3599999999999852
0
LINE
8
BLACK
6
CONTINUOUS
10
192.4549999999999841
20
-144.3599999999999852
11
192.4530969999999854
21
-144.3695669999999893
0
LINE
8
BLACK
6
CONTINUOUS
10
192.4530969999999854
20
-144.3695669999999893
11
192.4395669999999825
21
-144.3830969999999922
0
LINE
8
BLACK
6
CONTINUOUS
10
192.4395669999999825
20
-144.3830969999999922
11
192.4299999999999784
21
-144.3849999999999909
0
LINE
8
BLACK
6
CONTINUOUS
10
192.4299999999999784
20
-144.3849999999999909
11
186.2299999999999898
21
-144.3849999999999909
0
LINE
8
BLACK
6
CONTINUOUS
10
186.2299999999999898
20
-144.3849999999999909
11
186.2204329999999857
21
-144.3830969999999922
0
LINE
8
BLACK
6
CONTINUOUS
10
186.2204329999999857
20
-144.3830969999999922
11
186.2069029999999827
21
-144.3695669999999893
0
LINE
8
BLACK
6
CONTINUOUS
10
186.2069029999999827
20
-144.3695669999999893
11
186.2049999999999841
21
-144.3599999999999852
0
LINE
8
BLACK
6
CONTINUOUS
10
186.2049999999999841
20
-144.3599999999999852
11
186.2049999999999841
21
-134.8599999999999852
0
LINE
8
BLACK
6
CONTINUOUS
10
186.2049999999999841
20
-134.8599999999999852
11
186.2060160000000053
21
-134.8548869999999908
0
LINE
8
BLACK
6
CONTINUOUS
10
186.2060160000000053
20
-134.8548869999999908
11
186.2058409999999924
21
-134.8535689999999931
0
LINE
8
BLACK
6
CONTINUOUS
10
186.2058409999999924
20
-134.8535689999999931
11
186.2065769999999816
21
-134.8520690000000002
0
LINE
8
BLACK
6
CONTINUOUS
10
186.2065769999999816
20
-134.8520690000000002
11
186.2069029999999827
21
-134.8504329999999811
0
LINE
8
BLACK
6
CONTINUOUS
10
186.2069029999999827
20
-134.8504329999999811
11
186.2078419999999994
21
-134.8494929999999954
0
LINE
8
BLACK
6
CONTINUOUS
10
186.2078419999999994
20
-134.8494929999999954
11
186.210140999999993
21
-134.8448139999999853
0
LINE
8
BLACK
6
CONTINUOUS
10
186.210140999999993
20
-134.8448139999999853
11
187.5101410000000044
21
-133.1448139999999967
0
LINE
8
BLACK
6
CONTINUOUS
10
187.5101410000000044
20
-133.1448139999999967
11
187.5174639999999897
21
-133.1383699999999806
0
LINE
8
BLACK
6
CONTINUOUS
10
187.5174639999999897
20
-133.1383699999999806
11
187.5191959999999938
21
-133.1381389999999953
0
LINE
8
BLACK
6
CONTINUOUS
10
187.5191959999999938
20
-133.1381389999999953
11
187.520432999999997
21
-133.1369029999999896
0
LINE
8
BLACK
6
CONTINUOUS
10
187.520432999999997
20
-133.1369029999999896
11
187.5300000000000011
21
-133.1349999999999909
0
LINE
8
BLACK
6
CONTINUOUS
10
187.5300000000000011
20
-133.1349999999999909
11
191.1299999999999955
21
-133.1349999999999909
0
LINE
8
BLACK
6
CONTINUOUS
10
191.1299999999999955
20
-133.1349999999999909
11
191.1395669999999996
21
-133.1369029999999896
0
LINE
8
BLACK
6
CONTINUOUS
10
187.5423549999999864
20
-133.1850000000000023
11
186.2549999999999955
21
-134.8684629999999913
0
LINE
8
BLACK
6
CONTINUOUS
10
186.2549999999999955
20
-134.8684629999999913
11
186.2549999999999955
21
-144.3349999999999795
0
LINE
8
BLACK
6
CONTINUOUS
10
186.2549999999999955
20
-144.3349999999999795
11
192.4050000000000011
21
-144.3349999999999795
0
LINE
8
BLACK
6
CONTINUOUS
10
192.4050000000000011
20
-144.3349999999999795
11
192.4050000000000011
21
-134.8684629999999913
0
LINE
8
BLACK
6
CONTINUOUS
10
192.4050000000000011
20
-134.8684629999999913
11
191.1176459999999793
21
-133.1850000000000023
0
LINE
8
BLACK
6
CONTINUOUS
10
191.1176459999999793
20
-133.1850000000000023
11
187.5423549999999864
21
-133.1850000000000023
0
LINE
8
BLACK
6
CONTINUOUS
10
183.819566999999978
20
-133.0969029999999975
11
183.8208019999999863
21
-133.0981380000000058
0
LINE
8
BLACK
6
CONTINUOUS
10
183.8208019999999863
20
-133.0981380000000058
11
183.8225359999999853
21
-133.0983699999999885
0
LINE
8
BLACK
6
CONTINUOUS
10
183.8225359999999853
20
-133.0983699999999885
11
183.829858999999999
21
-133.1048140000000046
0
LINE
8
BLACK
6
CONTINUOUS
10
183.829858999999999
20
-133.1048140000000046
11
185.129858999999982
21
-134.8048129999999958
0
LINE
8
BLACK
6
CONTINUOUS
10
185.129858999999982
20
-134.8048129999999958
11
185.1321559999999806
21
-134.8094920000000059
0
LINE
8
BLACK
6
CONTINUOUS
10
185.1321559999999806
20
-134.8094920000000059
11
185.1330969999999922
21
-134.8104329999999891
0
LINE
8
BLACK
6
CONTINUOUS
10
185.1330969999999922
20
-134.8104329999999891
11
185.1334229999999934
21
-134.8120720000000006
0
LINE
8
BLACK
6
CONTINUOUS
10
185.1334229999999934
20
-134.8120720000000006
11
185.1341579999999851
21
-134.8135690000000011
0
LINE
8
BLACK
6
CONTINUOUS
10
185.1341579999999851
20
-134.8135690000000011
11
185.1339820000000032
21
-134.8148850000000039
0
LINE
8
BLACK
6
CONTINUOUS
10
185.1339820000000032
20
-134.8148850000000039
11
185.1349999999999909
21
-134.8199999999999932
0
LINE
8
BLACK
6
CONTINUOUS
10
185.1349999999999909
20
-134.8199999999999932
11
185.1349999999999909
21
-144.3199999999999932
0
LINE
8
BLACK
6
CONTINUOUS
10
185.1349999999999909
20
-144.3199999999999932
11
185.1330969999999922
21
-144.3295669999999973
0
LINE
8
BLACK
6
CONTINUOUS
10
185.1330969999999922
20
-144.3295669999999973
11
185.1195669999999893
21
-144.3430970000000002
0
LINE
8
BLACK
6
CONTINUOUS
10
185.1195669999999893
20
-144.3430970000000002
11
185.1099999999999852
21
-144.3449999999999989
0
LINE
8
BLACK
6
CONTINUOUS
10
185.1099999999999852
20
-144.3449999999999989
11
178.9099999999999966
21
-144.3449999999999989
0
LINE
8
BLACK
6
CONTINUOUS
10
178.9099999999999966
20
-144.3449999999999989
11
178.9004329999999925
21
-144.3430970000000002
0
LINE
8
BLACK
6
CONTINUOUS
10
178.9004329999999925
20
-144.3430970000000002
11
178.8869029999999896
21
-144.3295669999999973
0
LINE
8
BLACK
6
CONTINUOUS
10
178.8869029999999896
20
-144.3295669999999973
11
178.8849999999999909
21
-144.3199999999999932
0
LINE
8
BLACK
6
CONTINUOUS
10
178.8849999999999909
20
-144.3199999999999932
11
178.8849999999999909
21
-134.8199999999999932
0
LINE
8
BLACK
6
CONTINUOUS
10
178.8849999999999909
20
-134.8199999999999932
11
178.8860159999999837
21
-134.8148869999999988
0
LINE
8
BLACK
6
CONTINUOUS
10
178.8860159999999837
20
-134.8148869999999988
11
178.8858409999999992
21
-134.8135690000000011
0
LINE
8
BLACK
6
CONTINUOUS
10
178.8858409999999992
20
-134.8135690000000011
11
178.8865769999999884
21
-134.8120689999999797
0
LINE
8
BLACK
6
CONTINUOUS
10
178.8865769999999884
20
-134.8120689999999797
11
178.8869029999999896
21
-134.8104329999999891
0
LINE
8
BLACK
6
CONTINUOUS
10
178.8869029999999896
20
-134.8104329999999891
11
178.8878419999999778
21
-134.8094930000000033
0
LINE
8
BLACK
6
CONTINUOUS
10
178.8878419999999778
20
-134.8094930000000033
11
178.8901409999999998
21
-134.8048139999999933
0
LINE
8
BLACK
6
CONTINUOUS
10
178.8901409999999998
20
-134.8048139999999933
11
180.1901409999999828
21
-133.1048140000000046
0
LINE
8
BLACK
6
CONTINUOUS
10
180.1901409999999828
20
-133.1048140000000046
11
180.1974639999999965
21
-133.0983699999999885
0
LINE
8
BLACK
6
CONTINUOUS
10
180.1974639999999965
20
-133.0983699999999885
11
180.1991960000000006
21
-133.0981390000000033
0
LINE
8
BLACK
6
CONTINUOUS
10
180.1991960000000006
20
-133.0981390000000033
11
180.2004330000000039
21
-133.0969029999999975
0
LINE
8
BLACK
6
CONTINUOUS
10
180.2004330000000039
20
-133.0969029999999975
11
180.2099999999999795
21
-133.0949999999999989
0
LINE
8
BLACK
6
CONTINUOUS
10
180.2099999999999795
20
-133.0949999999999989
11
183.8100000000000023
21
-133.0949999999999989
0
LINE
8
BLACK
6
CONTINUOUS
10
183.8100000000000023
20
-133.0949999999999989
11
183.819566999999978
21
-133.0969029999999975
0
LINE
8
BLACK
6
CONTINUOUS
10
180.2223549999999932
20
-133.1449999999999818
11
178.9350000000000023
21
-134.8284629999999993
0
LINE
8
BLACK
6
CONTINUOUS
10
178.9350000000000023
20
-134.8284629999999993
11
178.9350000000000023
21
-144.2949999999999875
0
LINE
8
BLACK
6
CONTINUOUS
10
178.9350000000000023
20
-144.2949999999999875
11
185.0849999999999795
21
-144.2949999999999875
0
LINE
8
BLACK
6
CONTINUOUS
10
185.0849999999999795
20
-144.2949999999999875
11
185.0849999999999795
21
-134.8284629999999993
0
LINE
8
BLACK
6
CONTINUOUS
10
185.0849999999999795
20
-134.8284629999999993
11
183.7976459999999861
21
-133.1449999999999818
0
LINE
8
BLACK
6
CONTINUOUS
10
183.7976459999999861
20
-133.1449999999999818
11
180.2223549999999932
21
-133.1449999999999818
0
LINE
8
BLACK
6
CONTINUOUS
10
106.6250829999999894
20
-131.9041959999999847
11
106.6346439999999944
21
-131.9061309999999878
0
LINE
8
BLACK
6
CONTINUOUS
10
106.6346439999999944
20
-131.9061309999999878
11
106.6481289999999973
21
-131.9197059999999908
0
LINE
8
BLACK
6
CONTINUOUS
10
106.6481289999999973
20
-131.9197059999999908
11
106.6481239999999957
21
-131.9209579999999846
0
LINE
8
BLACK
6
CONTINUOUS
10
106.6481239999999957
20
-131.9209579999999846
11
106.6499999999999915
21
-131.9303859999999986
0
LINE
8
BLACK
6
CONTINUOUS
10
106.6499999999999915
20
-131.9303859999999986
11
106.6499999999999915
21
-138.0209940000000017
0
LINE
8
BLACK
6
CONTINUOUS
10
106.6499999999999915
20
-138.0209940000000017
11
106.6550000000000011
21
-138.0199999999999818
0
LINE
8
BLACK
6
CONTINUOUS
10
106.6550000000000011
20
-138.0199999999999818
11
110.1949999999999932
21
-138.0199999999999818
0
LINE
8
BLACK
6
CONTINUOUS
10
110.1949999999999932
20
-138.0199999999999818
11
110.2045669999999973
21
-138.0219029999999805
0
LINE
8
BLACK
6
CONTINUOUS
10
110.2045669999999973
20
-138.0219029999999805
11
110.2180970000000002
21
-138.0354329999999834
0
LINE
8
BLACK
6
CONTINUOUS
10
110.2180970000000002
20
-138.0354329999999834
11
110.2199999999999989
21
-138.0449999999999875
0
LINE
8
BLACK
6
CONTINUOUS
10
110.2199999999999989
20
-138.0449999999999875
11
110.2199999999999989
21
-144.1349999999999909
0
LINE
8
BLACK
6
CONTINUOUS
10
110.2199999999999989
20
-144.1349999999999909
11
110.2180970000000002
21
-144.144566999999995
0
LINE
8
BLACK
6
CONTINUOUS
10
110.2180970000000002
20
-144.144566999999995
11
110.2045669999999973
21
-144.1580969999999979
0
LINE
8
BLACK
6
CONTINUOUS
10
110.2045669999999973
20
-144.1580969999999979
11
110.1949999999999932
21
-144.1599999999999966
0
LINE
8
BLACK
6
CONTINUOUS
10
110.1949999999999932
20
-144.1599999999999966
11
106.6550000000000011
21
-144.1599999999999966
0
LINE
8
BLACK
6
CONTINUOUS
10
106.6550000000000011
20
-144.1599999999999966
11
106.645432999999997
21
-144.1580969999999979
0
LINE
8
BLACK
6
CONTINUOUS
10
106.645432999999997
20
-144.1580969999999979
11
106.6319029999999941
21
-144.144566999999995
0
LINE
8
BLACK
6
CONTINUOUS
10
106.6319029999999941
20
-144.144566999999995
11
106.6299999999999955
21
-144.1349999999999909
0
LINE
8
BLACK
6
CONTINUOUS
10
106.6299999999999955
20
-144.1349999999999909
11
106.6299999999999955
21
-141.7458159999999907
0
LINE
8
BLACK
6
CONTINUOUS
10
106.6299999999999955
20
-141.7458159999999907
11
106.6250749999999954
21
-141.7468109999999797
0
LINE
8
BLACK
6
CONTINUOUS
10
106.6250749999999954
20
-141.7468109999999797
11
103.9952579999999926
21
-141.7546140000000037
0
LINE
8
BLACK
6
CONTINUOUS
10
103.9952579999999926
20
-141.7546140000000037
11
103.9856860000000012
21
-141.7527389999999912
0
LINE
8
BLACK
6
CONTINUOUS
10
103.9856860000000012
20
-141.7527389999999912
11
103.9721150000000023
21
-141.7392490000000009
0
LINE
8
BLACK
6
CONTINUOUS
10
103.9721150000000023
20
-141.7392490000000009
11
103.9720879999999994
21
-141.7302839999999833
0
LINE
8
BLACK
6
CONTINUOUS
10
103.9720879999999994
20
-141.7302839999999833
11
103.9719229999999897
21
-141.730119000000002
0
LINE
8
BLACK
6
CONTINUOUS
10
103.9719229999999897
20
-141.730119000000002
11
103.9699999999999989
21
-141.7205559999999878
0
LINE
8
BLACK
6
CONTINUOUS
10
103.9699999999999989
20
-141.7205559999999878
11
103.9499999999999886
21
-131.9204369999999926
0
LINE
8
BLACK
6
CONTINUOUS
10
103.9499999999999886
20
-131.9204369999999926
11
103.9518839999999926
21
-131.9108659999999986
0
LINE
8
BLACK
6
CONTINUOUS
10
103.9518839999999926
20
-131.9108659999999986
11
103.9519339999999943
21
-131.9108149999999853
0
LINE
8
BLACK
6
CONTINUOUS
10
103.9519339999999943
20
-131.9108149999999853
11
103.9519349999999918
21
-131.9107419999999991
0
LINE
8
BLACK
6
CONTINUOUS
10
103.9519349999999918
20
-131.9107419999999991
11
103.9587349999999901
21
-131.9039860000000033
0
LINE
8
BLACK
6
CONTINUOUS
10
103.9587349999999901
20
-131.9039860000000033
11
103.9653859999999952
21
-131.897309000000007
0
LINE
8
BLACK
6
CONTINUOUS
10
103.9653859999999952
20
-131.897309000000007
11
103.9654570000000007
21
-131.8973079999999811
0
LINE
8
BLACK
6
CONTINUOUS
10
103.9654570000000007
20
-131.8973079999999811
11
103.9655099999999948
21
-131.8972569999999962
0
LINE
8
BLACK
6
CONTINUOUS
10
103.9655099999999948
20
-131.8972569999999962
11
103.9750829999999979
21
-131.895386000000002
0
LINE
8
BLACK
6
CONTINUOUS
10
103.9750829999999979
20
-131.895386000000002
11
106.6250829999999894
21
-131.9041959999999847
0
LINE
8
BLACK
6
CONTINUOUS
10
106.6799999999999926
20
-138.0699999999999932
11
106.6799999999999926
21
-144.1099999999999852
0
LINE
8
BLACK
6
CONTINUOUS
10
106.6799999999999926
20
-144.1099999999999852
11
110.1700000000000017
21
-144.1099999999999852
0
LINE
8
BLACK
6
CONTINUOUS
10
110.1700000000000017
20
-144.1099999999999852
11
110.1700000000000017
21
-138.0699999999999932
0
LINE
8
BLACK
6
CONTINUOUS
10
110.1700000000000017
20
-138.0699999999999932
11
106.6799999999999926
21
-138.0699999999999932
0
LINE
8
BLACK
6
CONTINUOUS
10
104.0199669999999941
20
-141.7045399999999802
11
106.5999999999999943
21
-141.696883999999983
0
LINE
8
BLACK
6
CONTINUOUS
10
106.5999999999999943
20
-141.696883999999983
11
106.5999999999999943
21
-131.9541130000000067
0
LINE
8
BLACK
6
CONTINUOUS
10
106.5999999999999943
20
-131.9541130000000067
11
104.0000509999999991
21
-131.9454690000000028
0
LINE
8
BLACK
6
CONTINUOUS
10
104.0000509999999991
20
-131.9454690000000028
11
104.0199669999999941
21
-141.7045399999999802
0
LINE
8
BLACK
6
CONTINUOUS
10
154.7795669999999859
20
-137.2569029999999941
11
154.7930969999999888
21
-137.270432999999997
0
LINE
8
BLACK
6
CONTINUOUS
10
154.7930969999999888
20
-137.270432999999997
11
154.7949999999999875
21
-137.2800000000000011
0
LINE
8
BLACK
6
CONTINUOUS
10
154.7949999999999875
20
-137.2800000000000011
11
154.7949999999999875
21
-143.3700000000000045
0
LINE
8
BLACK
6
CONTINUOUS
10
154.7949999999999875
20
-143.3700000000000045
11
154.7930969999999888
21
-143.3795669999999802
0
LINE
8
BLACK
6
CONTINUOUS
10
154.7930969999999888
20
-143.3795669999999802
11
154.7795669999999859
21
-143.3930969999999832
0
LINE
8
BLACK
6
CONTINUOUS
10
154.7795669999999859
20
-143.3930969999999832
11
154.7699999999999818
21
-143.3949999999999818
0
LINE
8
BLACK
6
CONTINUOUS
10
154.7699999999999818
20
-143.3949999999999818
11
143.6099999999999852
21
-143.3949999999999818
0
LINE
8
BLACK
6
CONTINUOUS
10
143.6099999999999852
20
-143.3949999999999818
11
143.6004329999999811
21
-143.3930969999999832
0
LINE
8
BLACK
6
CONTINUOUS
10
143.6004329999999811
20
-143.3930969999999832
11
143.5869030000000066
21
-143.3795669999999802
0
LINE
8
BLACK
6
CONTINUOUS
10
143.5869030000000066
20
-143.3795669999999802
11
143.5849999999999795
21
-143.3700000000000045
0
LINE
8
BLACK
6
CONTINUOUS
10
143.5849999999999795
20
-143.3700000000000045
11
143.5849999999999795
21
-137.2800000000000011
0
LINE
8
BLACK
6
CONTINUOUS
10
143.5849999999999795
20
-137.2800000000000011
11
143.5869030000000066
21
-137.270432999999997
0
LINE
8
BLACK
6
CONTINUOUS
10
143.5869030000000066
20
-137.270432999999997
11
143.6004329999999811
21
-137.2569029999999941
0
LINE
8
BLACK
6
CONTINUOUS
10
143.6004329999999811
20
-137.2569029999999941
11
143.6099999999999852
21
-137.2549999999999955
0
LINE
8
BLACK
6
CONTINUOUS
10
143.6099999999999852
20
-137.2549999999999955
11
154.7699999999999818
21
-137.2549999999999955
0
LINE
8
BLACK
6
CONTINUOUS
10
154.7699999999999818
20
-137.2549999999999955
11
154.7795669999999859
21
-137.2569029999999941
0
LINE
8
BLACK
6
CONTINUOUS
10
143.6349999999999909
20
-137.3050000000000068
11
143.6349999999999909
21
-143.3449999999999989
0
LINE
8
BLACK
6
CONTINUOUS
10
143.6349999999999909
20
-143.3449999999999989
11
154.7450000000000045
21
-143.3449999999999989
0
LINE
8
BLACK
6
CONTINUOUS
10
154.7450000000000045
20
-143.3449999999999989
11
154.7450000000000045
21
-137.3050000000000068
0
LINE
8
BLACK
6
CONTINUOUS
10
154.7450000000000045
20
-137.3050000000000068
11
143.6349999999999909
21
-137.3050000000000068
0
LINE
8
BLACK
6
CONTINUOUS
10
120.1845789999999994
20
-138.3569139999999891
11
120.184629000000001
21
-138.3569640000000049
0
LINE
8
BLACK
6
CONTINUOUS
10
120.184629000000001
20
-138.3569640000000049
11
120.1847039999999964
21
-138.3569650000000024
0
LINE
8
BLACK
6
CONTINUOUS
10
120.1847039999999964
20
-138.3569650000000024
11
120.1915520000000015
21
-138.3638579999999934
0
LINE
8
BLACK
6
CONTINUOUS
10
120.1915520000000015
20
-138.3638579999999934
11
120.1981369999999885
21
-138.3704160000000059
0
LINE
8
BLACK
6
CONTINUOUS
10
120.1981369999999885
20
-138.3704160000000059
11
120.1981369999999885
21
-138.3704859999999996
0
LINE
8
BLACK
6
CONTINUOUS
10
120.1981369999999885
20
-138.3704859999999996
11
120.1981889999999993
21
-138.3705390000000079
0
LINE
8
BLACK
6
CONTINUOUS
10
120.1981889999999993
20
-138.3705390000000079
11
120.2000599999999935
21
-138.3801129999999944
0
LINE
8
BLACK
6
CONTINUOUS
10
120.2000599999999935
20
-138.3801129999999944
11
120.1912499999999966
21
-141.0301130000000001
0
LINE
8
BLACK
6
CONTINUOUS
10
120.1912499999999966
20
-141.0301130000000001
11
120.1893149999999935
21
-141.0396739999999909
0
LINE
8
BLACK
6
CONTINUOUS
10
120.1893149999999935
20
-141.0396739999999909
11
120.1757399999999905
21
-141.0531589999999937
0
LINE
8
BLACK
6
CONTINUOUS
10
120.1757399999999905
20
-141.0531589999999937
11
120.1744869999999992
21
-141.0531540000000064
0
LINE
8
BLACK
6
CONTINUOUS
10
120.1744869999999992
20
-141.0531540000000064
11
120.1650599999999969
21
-141.0550299999999879
0
LINE
8
BLACK
6
CONTINUOUS
10
120.1650599999999969
20
-141.0550299999999879
11
110.3750599999999906
21
-141.0550299999999879
0
LINE
8
BLACK
6
CONTINUOUS
10
110.3750599999999906
20
-141.0550299999999879
11
110.3656159999999886
21
-141.0531509999999855
0
LINE
8
BLACK
6
CONTINUOUS
10
110.3656159999999886
20
-141.0531509999999855
11
110.3641369999999995
21
-141.0531560000000013
0
LINE
8
BLACK
6
CONTINUOUS
10
110.3641369999999995
20
-141.0531560000000013
11
110.3505660000000006
21
-141.0396659999999827
0
LINE
8
BLACK
6
CONTINUOUS
10
110.3505660000000006
20
-141.0396659999999827
11
110.3486350000000016
21
-141.0301049999999918
0
LINE
8
BLACK
6
CONTINUOUS
10
110.3486350000000016
20
-141.0301049999999918
11
110.3408319999999918
21
-138.4002879999999891
0
LINE
8
BLACK
6
CONTINUOUS
10
110.3408319999999918
20
-138.4002879999999891
11
110.3427069999999901
21
-138.3907159999999976
0
LINE
8
BLACK
6
CONTINUOUS
10
110.3427069999999901
20
-138.3907159999999976
11
110.3561969999999945
21
-138.3771449999999845
0
LINE
8
BLACK
6
CONTINUOUS
10
110.3561969999999945
20
-138.3771449999999845
11
110.3651610000000005
21
-138.3771179999999958
0
LINE
8
BLACK
6
CONTINUOUS
10
110.3651610000000005
20
-138.3771179999999958
11
110.3653269999999935
21
-138.3769529999999861
0
LINE
8
BLACK
6
CONTINUOUS
10
110.3653269999999935
20
-138.3769529999999861
11
110.3748899999999935
21
-138.3750299999999811
0
LINE
8
BLACK
6
CONTINUOUS
10
110.3748899999999935
20
-138.3750299999999811
11
120.1750089999999886
21
-138.3550299999999993
0
LINE
8
BLACK
6
CONTINUOUS
10
120.1750089999999886
20
-138.3550299999999993
11
120.1845789999999994
21
-138.3569139999999891
0
LINE
8
BLACK
6
CONTINUOUS
10
110.3909049999999894
20
-138.4249969999999905
11
110.3985610000000008
21
-141.005030000000005
0
LINE
8
BLACK
6
CONTINUOUS
10
110.3985610000000008
20
-141.005030000000005
11
120.1413329999999888
21
-141.005030000000005
0
LINE
8
BLACK
6
CONTINUOUS
10
120.1413329999999888
20
-141.005030000000005
11
120.1499759999999952
21
-138.4050809999999956
0
LINE
8
BLACK
6
CONTINUOUS
10
120.1499759999999952
20
-138.4050809999999956
11
110.3909049999999894
21
-138.4249969999999905
0
LINE
8
BLACK
6
CONTINUOUS
10
164.7343879999999956
20
-137.9718489999999917
11
164.7358639999999923
21
-137.9718450000000018
0
LINE
8
BLACK
6
CONTINUOUS
10
164.7358639999999923
20
-137.9718450000000018
11
164.7494350000000054
21
-137.9853349999999921
0
LINE
8
BLACK
6
CONTINUOUS
10
164.7494350000000054
20
-137.9853349999999921
11
164.7513659999999902
21
-137.9948959999999829
0
LINE
8
BLACK
6
CONTINUOUS
10
164.7513659999999902
20
-137.9948959999999829
11
164.7591689999999858
21
-140.6247119999999882
0
LINE
8
BLACK
6
CONTINUOUS
10
164.7591689999999858
20
-140.6247119999999882
11
164.7572940000000017
21
-140.6342850000000055
0
LINE
8
BLACK
6
CONTINUOUS
10
164.7572940000000017
20
-140.6342850000000055
11
164.743803999999983
21
-140.6478549999999927
0
LINE
8
BLACK
6
CONTINUOUS
10
164.743803999999983
20
-140.6478549999999927
11
164.7348379999999963
21
-140.6478809999999839
0
LINE
8
BLACK
6
CONTINUOUS
10
164.7348379999999963
20
-140.6478809999999839
11
164.7346739999999841
21
-140.6480469999999912
0
LINE
8
BLACK
6
CONTINUOUS
10
164.7346739999999841
20
-140.6480469999999912
11
164.7251109999999983
21
-140.6499699999999962
0
LINE
8
BLACK
6
CONTINUOUS
10
164.7251109999999983
20
-140.6499699999999962
11
154.9249920000000031
21
-140.6699700000000064
0
LINE
8
BLACK
6
CONTINUOUS
10
154.9249920000000031
20
-140.6699700000000064
11
154.9154209999999807
21
-140.6680859999999882
0
LINE
8
BLACK
6
CONTINUOUS
10
154.9154209999999807
20
-140.6680859999999882
11
154.9153699999999958
21
-140.6680350000000033
0
LINE
8
BLACK
6
CONTINUOUS
10
154.9153699999999958
20
-140.6680350000000033
11
154.9152969999999812
21
-140.6680350000000033
0
LINE
8
BLACK
6
CONTINUOUS
10
154.9152969999999812
20
-140.6680350000000033
11
154.9085409999999854
21
-140.6612340000000074
0
LINE
8
BLACK
6
CONTINUOUS
10
154.9085409999999854
20
-140.6612340000000074
11
154.9018639999999891
21
-140.6545839999999998
0
LINE
8
BLACK
6
CONTINUOUS
10
154.9018639999999891
20
-140.6545839999999998
11
154.9018629999999916
21
-140.6545119999999827
0
LINE
8
BLACK
6
CONTINUOUS
10
154.9018629999999916
20
-140.6545119999999827
11
154.9018120000000067
21
-140.6544600000000003
0
LINE
8
BLACK
6
CONTINUOUS
10
154.9018120000000067
20
-140.6544600000000003
11
154.8999409999999841
21
-140.6448869999999829
0
LINE
8
BLACK
6
CONTINUOUS
10
154.8999409999999841
20
-140.6448869999999829
11
154.9087509999999952
21
-137.9948870000000056
0
LINE
8
BLACK
6
CONTINUOUS
10
154.9087509999999952
20
-137.9948870000000056
11
154.9106859999999983
21
-137.9853259999999864
0
LINE
8
BLACK
6
CONTINUOUS
10
154.9106859999999983
20
-137.9853259999999864
11
154.9242610000000013
21
-137.9718409999999835
0
LINE
8
BLACK
6
CONTINUOUS
10
154.9242610000000013
20
-137.9718409999999835
11
154.9255129999999951
21
-137.9718450000000018
0
LINE
8
BLACK
6
CONTINUOUS
10
154.9255129999999951
20
-137.9718450000000018
11
154.9349409999999807
21
-137.9699699999999893
0
LINE
8
BLACK
6
CONTINUOUS
10
154.9349409999999807
20
-137.9699699999999893
11
164.7249410000000012
21
-137.9699699999999893
0
LINE
8
BLACK
6
CONTINUOUS
10
164.7249410000000012
20
-137.9699699999999893
11
164.7343879999999956
21
-137.9718489999999917
0
LINE
8
BLACK
6
CONTINUOUS
10
154.9586679999999888
20
-138.0199700000000007
11
154.9500239999999849
21
-140.6199179999999842
0
LINE
8
BLACK
6
CONTINUOUS
10
154.9500239999999849
20
-140.6199179999999842
11
164.7090949999999907
21
-140.6000019999999893
0
LINE
8
BLACK
6
CONTINUOUS
10
164.7090949999999907
20
-140.6000019999999893
11
164.701439999999991
21
-138.0199700000000007
0
LINE
8
BLACK
6
CONTINUOUS
10
164.701439999999991
20
-138.0199700000000007
11
154.9586679999999888
21
-138.0199700000000007
0
LINE
8
BLACK
6
CONTINUOUS
10
132.2095669999999927
20
-137.9269029999999816
11
132.2230969999999957
21
-137.9404329999999845
0
LINE
8
BLACK
6
CONTINUOUS
10
132.2230969999999957
20
-137.9404329999999845
11
132.2249999999999943
21
-137.9499999999999886
0
LINE
8
BLACK
6
CONTINUOUS
10
132.2249999999999943
20
-137.9499999999999886
11
132.2249999999999943
21
-140.4499999999999886
0
LINE
8
BLACK
6
CONTINUOUS
10
132.2249999999999943
20
-140.4499999999999886
11
132.2230969999999957
21
-140.4595669999999927
0
LINE
8
BLACK
6
CONTINUOUS
10
132.2230969999999957
20
-140.4595669999999927
11
132.2095669999999927
21
-140.4730969999999957
0
LINE
8
BLACK
6
CONTINUOUS
10
132.2095669999999927
20
-140.4730969999999957
11
132.1999999999999886
21
-140.4749999999999943
0
LINE
8
BLACK
6
CONTINUOUS
10
132.1999999999999886
20
-140.4749999999999943
11
127.5999999999999943
21
-140.4749999999999943
0
LINE
8
BLACK
6
CONTINUOUS
10
127.5999999999999943
20
-140.4749999999999943
11
127.5904329999999902
21
-140.4730969999999957
0
LINE
8
BLACK
6
CONTINUOUS
10
127.5904329999999902
20
-140.4730969999999957
11
127.5769029999999873
21
-140.4595669999999927
0
LINE
8
BLACK
6
CONTINUOUS
10
127.5769029999999873
20
-140.4595669999999927
11
127.5749999999999886
21
-140.4499999999999886
0
LINE
8
BLACK
6
CONTINUOUS
10
127.5749999999999886
20
-140.4499999999999886
11
127.5749999999999886
21
-137.9499999999999886
0
LINE
8
BLACK
6
CONTINUOUS
10
127.5749999999999886
20
-137.9499999999999886
11
127.5769029999999873
21
-137.9404329999999845
0
LINE
8
BLACK
6
CONTINUOUS
10
127.5769029999999873
20
-137.9404329999999845
11
127.5904329999999902
21
-137.9269029999999816
0
LINE
8
BLACK
6
CONTINUOUS
10
127.5904329999999902
20
-137.9269029999999816
11
127.5999999999999943
21
-137.9249999999999829
0
LINE
8
BLACK
6
CONTINUOUS
10
127.5999999999999943
20
-137.9249999999999829
11
132.1999999999999886
21
-137.9249999999999829
0
LINE
8
BLACK
6
CONTINUOUS
10
132.1999999999999886
20
-137.9249999999999829
11
132.2095669999999927
21
-137.9269029999999816
0
LINE
8
BLACK
6
CONTINUOUS
10
127.625
20
-137.9749999999999943
11
127.625
21
-140.4249999999999829
0
LINE
8
BLACK
6
CONTINUOUS
10
127.625
20
-140.4249999999999829
11
132.1749999999999829
21
-140.4249999999999829
0
LINE
8
BLACK
6
CONTINUOUS
10
132.1749999999999829
20
-140.4249999999999829
11
132.1749999999999829
21
-137.9749999999999943
0
LINE
8
BLACK
6
CONTINUOUS
10
132.1749999999999829
20
-137.9749999999999943
11
127.625
21
-137.9749999999999943
0
LINE
8
BLACK
6
CONTINUOUS
10
107.8295669999999973
20
-124.9394029999999987
11
107.8430970000000002
21
-124.9529329999999874
0
LINE
8
BLACK
6
CONTINUOUS
10
107.8430970000000002
20
-124.9529329999999874
11
107.8449999999999989
21
-124.9624999999999915
0
LINE
8
BLACK
6
CONTINUOUS
10
107.8449999999999989
20
-124.9624999999999915
11
107.8449999999999989
21
-125.2209939999999904
0
LINE
8
BLACK
6
CONTINUOUS
10
107.8449999999999989
20
-125.2209939999999904
11
107.8499999999999943
21
-125.2199999999999989
0
LINE
8
BLACK
6
CONTINUOUS
10
107.8499999999999943
20
-125.2199999999999989
11
110.8499999999999943
21
-125.2199999999999989
0
LINE
8
BLACK
6
CONTINUOUS
10
110.8499999999999943
20
-125.2199999999999989
11
110.8595669999999984
21
-125.2219029999999975
0
LINE
8
BLACK
6
CONTINUOUS
10
110.8595669999999984
20
-125.2219029999999975
11
110.8730970000000013
21
-125.2354330000000004
0
LINE
8
BLACK
6
CONTINUOUS
10
110.8730970000000013
20
-125.2354330000000004
11
110.875
21
-125.2449999999999903
0
LINE
8
BLACK
6
CONTINUOUS
10
110.875
20
-125.2449999999999903
11
110.875
21
-137.5049999999999955
0
LINE
8
BLACK
6
CONTINUOUS
10
110.875
20
-137.5049999999999955
11
110.8730970000000013
21
-137.5145669999999996
0
LINE
8
BLACK
6
CONTINUOUS
10
110.8730970000000013
20
-137.5145669999999996
11
110.8595669999999984
21
-137.5280970000000025
0
LINE
8
BLACK
6
CONTINUOUS
10
110.8595669999999984
20
-137.5280970000000025
11
110.8499999999999943
21
-137.5300000000000011
0
LINE
8
BLACK
6
CONTINUOUS
10
110.8499999999999943
20
-137.5300000000000011
11
107.8499999999999943
21
-137.5300000000000011
0
LINE
8
BLACK
6
CONTINUOUS
10
107.8499999999999943
20
-137.5300000000000011
11
107.8404329999999902
21
-137.5280970000000025
0
LINE
8
BLACK
6
CONTINUOUS
10
107.8404329999999902
20
-137.5280970000000025
11
107.8269030000000015
21
-137.5145669999999996
0
LINE
8
BLACK
6
CONTINUOUS
10
107.8269030000000015
20
-137.5145669999999996
11
107.8249999999999886
21
-137.5049999999999955
0
LINE
8
BLACK
6
CONTINUOUS
10
107.8249999999999886
20
-137.5049999999999955
11
107.8249999999999886
21
-128.3865049999999997
0
LINE
8
BLACK
6
CONTINUOUS
10
107.8249999999999886
20
-128.3865049999999997
11
107.8199999999999932
21
-128.3874999999999886
0
LINE
8
BLACK
6
CONTINUOUS
10
107.8199999999999932
20
-128.3874999999999886
11
103.9799999999999898
21
-128.3874999999999886
0
LINE
8
BLACK
6
CONTINUOUS
10
103.9799999999999898
20
-128.3874999999999886
11
103.9704329999999999
21
-128.38559699999999
0
LINE
8
BLACK
6
CONTINUOUS
10
103.9704329999999999
20
-128.38559699999999
11
103.956902999999997
21
-128.372066999999987
0
LINE
8
BLACK
6
CONTINUOUS
10
103.956902999999997
20
-128.372066999999987
11
103.9549999999999983
21
-128.3624999999999829
0
LINE
8
BLACK
6
CONTINUOUS
10
103.9549999999999983
20
-128.3624999999999829
11
103.9549999999999983
21
-124.9624999999999915
0
LINE
8
BLACK
6
CONTINUOUS
10
103.9549999999999983
20
-124.9624999999999915
11
103.956902999999997
21
-124.9529329999999874
0
LINE
8
BLACK
6
CONTINUOUS
10
103.956902999999997
20
-124.9529329999999874
11
103.9704329999999999
21
-124.9394029999999987
0
LINE
8
BLACK
6
CONTINUOUS
10
103.9704329999999999
20
-124.9394029999999987
11
103.9799999999999898
21
-124.9375
0
LINE
8
BLACK
6
CONTINUOUS
10
103.9799999999999898
20
-124.9375
11
107.8199999999999932
21
-124.9375
0
LINE
8
BLACK
6
CONTINUOUS
10
107.8199999999999932
20
-124.9375
11
107.8295669999999973
21
-124.9394029999999987
0
LINE
8
BLACK
6
CONTINUOUS
10
107.875
20
-125.269999999999996
11
107.875
21
-137.4799999999999898
0
LINE
8
BLACK
6
CONTINUOUS
10
107.875
20
-137.4799999999999898
11
110.8249999999999886
21
-137.4799999999999898
0
LINE
8
BLACK
6
CONTINUOUS
10
110.8249999999999886
20
-137.4799999999999898
11
110.8249999999999886
21
-125.269999999999996
0
LINE
8
BLACK
6
CONTINUOUS
10
110.8249999999999886
20
-125.269999999999996
11
107.875
21
-125.269999999999996
0
LINE
8
BLACK
6
CONTINUOUS
10
104.0049999999999955
20
-124.9874999999999972
11
104.0049999999999955
21
-128.3375000000000057
0
LINE
8
BLACK
6
CONTINUOUS
10
104.0049999999999955
20
-128.3375000000000057
11
107.7950000000000017
21
-128.3375000000000057
0
LINE
8
BLACK
6
CONTINUOUS
10
107.7950000000000017
20
-128.3375000000000057
11
107.7950000000000017
21
-124.9874999999999972
0
LINE
8
BLACK
6
CONTINUOUS
10
107.7950000000000017
20
-124.9874999999999972
11
104.0049999999999955
21
-124.9874999999999972
0
LINE
8
BLACK
6
CONTINUOUS
10
164.9844469999999887
20
-134.2043290000000013
11
164.9859229999999854
21
-134.204324999999983
0
LINE
8
BLACK
6
CONTINUOUS
10
164.9859229999999854
20
-134.204324999999983
11
164.9994939999999986
21
-134.2178150000000016
0
LINE
8
BLACK
6
CONTINUOUS
10
164.9994939999999986
20
-134.2178150000000016
11
165.0014249999999834
21
-134.2273759999999925
0
LINE
8
BLACK
6
CONTINUOUS
10
165.0014249999999834
20
-134.2273759999999925
11
165.0092279999999789
21
-136.8571919999999977
0
LINE
8
BLACK
6
CONTINUOUS
10
165.0092279999999789
20
-136.8571919999999977
11
165.0073529999999948
21
-136.8667649999999867
0
LINE
8
BLACK
6
CONTINUOUS
10
165.0073529999999948
20
-136.8667649999999867
11
164.9938630000000046
21
-136.8803350000000023
0
LINE
8
BLACK
6
CONTINUOUS
10
164.9938630000000046
20
-136.8803350000000023
11
164.9848969999999895
21
-136.8803609999999935
0
LINE
8
BLACK
6
CONTINUOUS
10
164.9848969999999895
20
-136.8803609999999935
11
164.9847330000000056
21
-136.8805270000000007
0
LINE
8
BLACK
6
CONTINUOUS
10
164.9847330000000056
20
-136.8805270000000007
11
164.9751699999999914
21
-136.8824500000000057
0
LINE
8
BLACK
6
CONTINUOUS
10
164.9751699999999914
20
-136.8824500000000057
11
155.1750509999999963
21
-136.9024499999999875
0
LINE
8
BLACK
6
CONTINUOUS
10
155.1750509999999963
20
-136.9024499999999875
11
155.1654800000000023
21
-136.9005659999999978
0
LINE
8
BLACK
6
CONTINUOUS
10
155.1654800000000023
20
-136.9005659999999978
11
155.1654289999999889
21
-136.9005149999999844
0
LINE
8
BLACK
6
CONTINUOUS
10
155.1654289999999889
20
-136.9005149999999844
11
155.1653560000000027
21
-136.9005149999999844
0
LINE
8
BLACK
6
CONTINUOUS
10
155.1653560000000027
20
-136.9005149999999844
11
155.158600000000007
21
-136.8937139999999886
0
LINE
8
BLACK
6
CONTINUOUS
10
155.158600000000007
20
-136.8937139999999886
11
155.1519229999999823
21
-136.887063999999981
0
LINE
8
BLACK
6
CONTINUOUS
10
155.1519229999999823
20
-136.887063999999981
11
155.1519219999999848
21
-136.8869919999999922
0
LINE
8
BLACK
6
CONTINUOUS
10
155.1519219999999848
20
-136.8869919999999922
11
155.1518709999999999
21
-136.8869399999999814
0
LINE
8
BLACK
6
CONTINUOUS
10
155.1518709999999999
20
-136.8869399999999814
11
155.1500000000000057
21
-136.8773669999999925
0
LINE
8
BLACK
6
CONTINUOUS
10
155.1500000000000057
20
-136.8773669999999925
11
155.1588099999999883
21
-134.2273669999999868
0
LINE
8
BLACK
6
CONTINUOUS
10
155.1588099999999883
20
-134.2273669999999868
11
155.1607449999999915
21
-134.2178059999999959
0
LINE
8
BLACK
6
CONTINUOUS
10
155.1607449999999915
20
-134.2178059999999959
11
155.1743199999999945
21
-134.2043209999999931
0
LINE
8
BLACK
6
CONTINUOUS
10
155.1743199999999945
20
-134.2043209999999931
11
155.1755719999999883
21
-134.204324999999983
0
LINE
8
BLACK
6
CONTINUOUS
10
155.1755719999999883
20
-134.204324999999983
11
155.1850000000000023
21
-134.2024499999999989
0
LINE
8
BLACK
6
CONTINUOUS
10
155.1850000000000023
20
-134.2024499999999989
11
164.9749999999999943
21
-134.2024499999999989
0
LINE
8
BLACK
6
CONTINUOUS
10
164.9749999999999943
20
-134.2024499999999989
11
164.9844469999999887
21
-134.2043290000000013
0
LINE
8
BLACK
6
CONTINUOUS
10
155.2087269999999819
20
-134.2524499999999819
11
155.2000830000000065
21
-136.8523979999999938
0
LINE
8
BLACK
6
CONTINUOUS
10
155.2000830000000065
20
-136.8523979999999938
11
164.9591539999999839
21
-136.8324819999999988
0
LINE
8
BLACK
6
CONTINUOUS
10
164.9591539999999839
20
-136.8324819999999988
11
164.9514989999999841
21
-134.2524499999999819
0
LINE
8
BLACK
6
CONTINUOUS
10
164.9514989999999841
20
-134.2524499999999819
11
155.2087269999999819
21
-134.2524499999999819
0
LINE
8
BLACK
6
CONTINUOUS
10
154.7145669999999882
20
-124.2493529999999993
11
154.7280969999999911
21
-124.262882999999988
0
LINE
8
BLACK
6
CONTINUOUS
10
154.7280969999999911
20
-124.262882999999988
11
154.7299999999999898
21
-124.2724499999999921
0
LINE
8
BLACK
6
CONTINUOUS
10
154.7299999999999898
20
-124.2724499999999921
11
154.7299999999999898
21
-136.532449999999983
0
LINE
8
BLACK
6
CONTINUOUS
10
154.7299999999999898
20
-136.532449999999983
11
154.7280969999999911
21
-136.5420169999999871
0
LINE
8
BLACK
6
CONTINUOUS
10
154.7280969999999911
20
-136.5420169999999871
11
154.7145669999999882
21
-136.55554699999999
0
LINE
8
BLACK
6
CONTINUOUS
10
154.7145669999999882
20
-136.55554699999999
11
154.7049999999999841
21
-136.5574499999999887
0
LINE
8
BLACK
6
CONTINUOUS
10
154.7049999999999841
20
-136.5574499999999887
11
151.7049999999999841
21
-136.5574499999999887
0
LINE
8
BLACK
6
CONTINUOUS
10
151.7049999999999841
20
-136.5574499999999887
11
151.69543299999998
21
-136.55554699999999
0
LINE
8
BLACK
6
CONTINUOUS
10
151.69543299999998
20
-136.55554699999999
11
151.6819030000000055
21
-136.5420169999999871
0
LINE
8
BLACK
6
CONTINUOUS
10
151.6819030000000055
20
-136.5420169999999871
11
151.6800000000000068
21
-136.532449999999983
0
LINE
8
BLACK
6
CONTINUOUS
10
151.6800000000000068
20
-136.532449999999983
11
151.6800000000000068
21
-124.2724499999999921
0
LINE
8
BLACK
6
CONTINUOUS
10
151.6800000000000068
20
-124.2724499999999921
11
151.6819030000000055
21
-124.262882999999988
0
LINE
8
BLACK
6
CONTINUOUS
10
151.6819030000000055
20
-124.262882999999988
11
151.69543299999998
21
-124.2493529999999993
0
LINE
8
BLACK
6
CONTINUOUS
10
151.69543299999998
20
-124.2493529999999993
11
151.7049999999999841
21
-124.2474500000000006
0
LINE
8
BLACK
6
CONTINUOUS
10
151.7049999999999841
20
-124.2474500000000006
11
154.7049999999999841
21
-124.2474500000000006
0
LINE
8
BLACK
6
CONTINUOUS
10
154.7049999999999841
20
-124.2474500000000006
11
154.7145669999999882
21
-124.2493529999999993
0
LINE
8
BLACK
6
CONTINUOUS
10
151.7299999999999898
20
-124.2974499999999978
11
151.7299999999999898
21
-136.5074500000000057
0
LINE
8
BLACK
6
CONTINUOUS
10
151.7299999999999898
20
-136.5074500000000057
11
154.6800000000000068
21
-136.5074500000000057
0
LINE
8
BLACK
6
CONTINUOUS
10
154.6800000000000068
20
-136.5074500000000057
11
154.6800000000000068
21
-124.2974499999999978
0
LINE
8
BLACK
6
CONTINUOUS
10
154.6800000000000068
20
-124.2974499999999978
11
151.7299999999999898
21
-124.2974499999999978
0
LINE
8
BLACK
6
CONTINUOUS
10
140.8445669999999836
20
-128.2569029999999941
11
140.8580969999999866
21
-128.270432999999997
0
LINE
8
BLACK
6
CONTINUOUS
10
140.8580969999999866
20
-128.270432999999997
11
140.8599999999999852
21
-128.2800000000000011
0
LINE
8
BLACK
6
CONTINUOUS
10
140.8599999999999852
20
-128.2800000000000011
11
140.8599999999999852
21
-131.7999999999999829
0
LINE
8
BLACK
6
CONTINUOUS
10
140.8599999999999852
20
-131.7999999999999829
11
151.5049999999999955
21
-131.7999999999999829
0
LINE
8
BLACK
6
CONTINUOUS
10
151.5049999999999955
20
-131.7999999999999829
11
151.5145669999999996
21
-131.8019029999999816
0
LINE
8
BLACK
6
CONTINUOUS
10
151.5145669999999996
20
-131.8019029999999816
11
151.5280970000000025
21
-131.8154329999999845
0
LINE
8
BLACK
6
CONTINUOUS
10
151.5280970000000025
20
-131.8154329999999845
11
151.5300000000000011
21
-131.8249999999999886
0
LINE
8
BLACK
6
CONTINUOUS
10
151.5300000000000011
20
-131.8249999999999886
11
151.5300000000000011
21
-134.8249999999999886
0
LINE
8
BLACK
6
CONTINUOUS
10
151.5300000000000011
20
-134.8249999999999886
11
151.5280970000000025
21
-134.8345669999999927
0
LINE
8
BLACK
6
CONTINUOUS
10
151.5280970000000025
20
-134.8345669999999927
11
151.5145669999999996
21
-134.8480969999999957
0
LINE
8
BLACK
6
CONTINUOUS
10
151.5145669999999996
20
-134.8480969999999957
11
151.5049999999999955
21
-134.8499999999999943
0
LINE
8
BLACK
6
CONTINUOUS
10
151.5049999999999955
20
-134.8499999999999943
11
139.2450000000000045
21
-134.8499999999999943
0
LINE
8
BLACK
6
CONTINUOUS
10
139.2450000000000045
20
-134.8499999999999943
11
139.2354330000000004
21
-134.8480969999999957
0
LINE
8
BLACK
6
CONTINUOUS
10
139.2354330000000004
20
-134.8480969999999957
11
139.2219029999999975
21
-134.8345669999999927
0
LINE
8
BLACK
6
CONTINUOUS
10
139.2219029999999975
20
-134.8345669999999927
11
139.2199999999999989
21
-134.8249999999999886
0
LINE
8
BLACK
6
CONTINUOUS
10
139.2199999999999989
20
-134.8249999999999886
11
139.2199999999999989
21
-131.8449999999999989
0
LINE
8
BLACK
6
CONTINUOUS
10
139.2199999999999989
20
-131.8449999999999989
11
134.7450000000000045
21
-131.8449999999999989
0
LINE
8
BLACK
6
CONTINUOUS
10
134.7450000000000045
20
-131.8449999999999989
11
134.7354330000000004
21
-131.8430970000000002
0
LINE
8
BLACK
6
CONTINUOUS
10
134.7354330000000004
20
-131.8430970000000002
11
134.7219029999999975
21
-131.8295669999999973
0
LINE
8
BLACK
6
CONTINUOUS
10
134.7219029999999975
20
-131.8295669999999973
11
134.7199999999999989
21
-131.8199999999999932
0
LINE
8
BLACK
6
CONTINUOUS
10
134.7199999999999989
20
-131.8199999999999932
11
134.7199999999999989
21
-128.2800000000000011
0
LINE
8
BLACK
6
CONTINUOUS
10
134.7199999999999989
20
-128.2800000000000011
11
134.7219029999999975
21
-128.270432999999997
0
LINE
8
BLACK
6
CONTINUOUS
10
134.7219029999999975
20
-128.270432999999997
11
134.7354330000000004
21
-128.2569029999999941
0
LINE
8
BLACK
6
CONTINUOUS
10
134.7354330000000004
20
-128.2569029999999941
11
134.7450000000000045
21
-128.2549999999999955
0
LINE
8
BLACK
6
CONTINUOUS
10
134.7450000000000045
20
-128.2549999999999955
11
140.8349999999999795
21
-128.2549999999999955
0
LINE
8
BLACK
6
CONTINUOUS
10
140.8349999999999795
20
-128.2549999999999955
11
140.8445669999999836
21
-128.2569029999999941
0
LINE
8
BLACK
6
CONTINUOUS
10
139.2699999999999818
20
-131.8499999999999943
11
139.2699999999999818
21
-134.7999999999999829
0
LINE
8
BLACK
6
CONTINUOUS
10
139.2699999999999818
20
-134.7999999999999829
11
151.4799999999999898
21
-134.7999999999999829
0
LINE
8
BLACK
6
CONTINUOUS
10
151.4799999999999898
20
-134.7999999999999829
11
151.4799999999999898
21
-131.8499999999999943
0
LINE
8
BLACK
6
CONTINUOUS
10
151.4799999999999898
20
-131.8499999999999943
11
139.2699999999999818
21
-131.8499999999999943
0
LINE
8
BLACK
6
CONTINUOUS
10
134.7699999999999818
20
-128.3050000000000068
11
134.7699999999999818
21
-131.7949999999999875
0
LINE
8
BLACK
6
CONTINUOUS
10
134.7699999999999818
20
-131.7949999999999875
11
140.8100000000000023
21
-131.7949999999999875
0
LINE
8
BLACK
6
CONTINUOUS
10
140.8100000000000023
20
-131.7949999999999875
11
140.8100000000000023
21
-128.3050000000000068
0
LINE
8
BLACK
6
CONTINUOUS
10
140.8100000000000023
20
-128.3050000000000068
11
134.7699999999999818
21
-128.3050000000000068
0
LINE
8
BLACK
6
CONTINUOUS
10
172.1595669999999814
20
-122.0769030000000015
11
172.1730969999999843
21
-122.0904329999999902
0
LINE
8
BLACK
6
CONTINUOUS
10
172.1730969999999843
20
-122.0904329999999902
11
172.1749999999999829
21
-122.0999999999999943
0
LINE
8
BLACK
6
CONTINUOUS
10
172.1749999999999829
20
-122.0999999999999943
11
172.1749999999999829
21
-134.3599999999999852
0
LINE
8
BLACK
6
CONTINUOUS
10
172.1749999999999829
20
-134.3599999999999852
11
172.1730969999999843
21
-134.3695669999999893
0
LINE
8
BLACK
6
CONTINUOUS
10
172.1730969999999843
20
-134.3695669999999893
11
172.1595669999999814
21
-134.3830969999999922
0
LINE
8
BLACK
6
CONTINUOUS
10
172.1595669999999814
20
-134.3830969999999922
11
172.1500000000000057
21
-134.3849999999999909
0
LINE
8
BLACK
6
CONTINUOUS
10
172.1500000000000057
20
-134.3849999999999909
11
169.1500000000000057
21
-134.3849999999999909
0
LINE
8
BLACK
6
CONTINUOUS
10
169.1500000000000057
20
-134.3849999999999909
11
169.1404330000000016
21
-134.3830969999999922
0
LINE
8
BLACK
6
CONTINUOUS
10
169.1404330000000016
20
-134.3830969999999922
11
169.1269029999999987
21
-134.3695669999999893
0
LINE
8
BLACK
6
CONTINUOUS
10
169.1269029999999987
20
-134.3695669999999893
11
169.125
21
-134.3599999999999852
0
LINE
8
BLACK
6
CONTINUOUS
10
169.125
20
-134.3599999999999852
11
169.125
21
-122.0999999999999943
0
LINE
8
BLACK
6
CONTINUOUS
10
169.125
20
-122.0999999999999943
11
169.1269029999999987
21
-122.0904329999999902
0
LINE
8
BLACK
6
CONTINUOUS
10
169.1269029999999987
20
-122.0904329999999902
11
169.1404330000000016
21
-122.0769030000000015
0
LINE
8
BLACK
6
CONTINUOUS
10
169.1404330000000016
20
-122.0769030000000015
11
169.1500000000000057
21
-122.0749999999999886
0
LINE
8
BLACK
6
CONTINUOUS
10
169.1500000000000057
20
-122.0749999999999886
11
172.1500000000000057
21
-122.0749999999999886
0
LINE
8
BLACK
6
CONTINUOUS
10
172.1500000000000057
20
-122.0749999999999886
11
172.1595669999999814
21
-122.0769030000000015
0
LINE
8
BLACK
6
CONTINUOUS
10
169.1749999999999829
20
-122.125
11
169.1749999999999829
21
-134.335000000000008
0
LINE
8
BLACK
6
CONTINUOUS
10
169.1749999999999829
20
-134.335000000000008
11
172.125
21
-134.335000000000008
0
LINE
8
BLACK
6
CONTINUOUS
10
172.125
20
-134.335000000000008
11
172.125
21
-122.125
0
LINE
8
BLACK
6
CONTINUOUS
10
172.125
20
-122.125
11
169.1749999999999829
21
-122.125
0
LINE
8
BLACK
6
CONTINUOUS
10
162.8345669999999927
20
-128.851902999999993
11
162.8480969999999957
21
-128.8654329999999959
0
LINE
8
BLACK
6
CONTINUOUS
10
162.8480969999999957
20
-128.8654329999999959
11
162.8499999999999943
21
-128.875
0
LINE
8
BLACK
6
CONTINUOUS
10
162.8499999999999943
20
-128.875
11
162.8499999999999943
21
-131.375
0
LINE
8
BLACK
6
CONTINUOUS
10
162.8499999999999943
20
-131.375
11
162.8480969999999957
21
-131.3845670000000041
0
LINE
8
BLACK
6
CONTINUOUS
10
162.8480969999999957
20
-131.3845670000000041
11
162.8345669999999927
21
-131.398097000000007
0
LINE
8
BLACK
6
CONTINUOUS
10
162.8345669999999927
20
-131.398097000000007
11
162.8249999999999886
21
-131.4000000000000057
0
LINE
8
BLACK
6
CONTINUOUS
10
162.8249999999999886
20
-131.4000000000000057
11
158.2249999999999943
21
-131.4000000000000057
0
LINE
8
BLACK
6
CONTINUOUS
10
158.2249999999999943
20
-131.4000000000000057
11
158.2154329999999902
21
-131.398097000000007
0
LINE
8
BLACK
6
CONTINUOUS
10
158.2154329999999902
20
-131.398097000000007
11
158.2019029999999873
21
-131.3845670000000041
0
LINE
8
BLACK
6
CONTINUOUS
10
158.2019029999999873
20
-131.3845670000000041
11
158.1999999999999886
21
-131.375
0
LINE
8
BLACK
6
CONTINUOUS
10
158.1999999999999886
20
-131.375
11
158.1999999999999886
21
-128.875
0
LINE
8
BLACK
6
CONTINUOUS
10
158.1999999999999886
20
-128.875
11
158.2019029999999873
21
-128.8654329999999959
0
LINE
8
BLACK
6
CONTINUOUS
10
158.2019029999999873
20
-128.8654329999999959
11
158.2154329999999902
21
-128.851902999999993
0
LINE
8
BLACK
6
CONTINUOUS
10
158.2154329999999902
20
-128.851902999999993
11
158.2249999999999943
21
-128.8499999999999943
0
LINE
8
BLACK
6
CONTINUOUS
10
158.2249999999999943
20
-128.8499999999999943
11
162.8249999999999886
21
-128.8499999999999943
0
LINE
8
BLACK
6
CONTINUOUS
10
162.8249999999999886
20
-128.8499999999999943
11
162.8345669999999927
21
-128.851902999999993
0
LINE
8
BLACK
6
CONTINUOUS
10
158.25
20
-128.9000000000000057
11
158.25
21
-131.3499999999999943
0
LINE
8
BLACK
6
CONTINUOUS
10
158.25
20
-131.3499999999999943
11
162.7999999999999829
21
-131.3499999999999943
0
LINE
8
BLACK
6
CONTINUOUS
10
162.7999999999999829
20
-131.3499999999999943
11
162.7999999999999829
21
-128.9000000000000057
0
LINE
8
BLACK
6
CONTINUOUS
10
162.7999999999999829
20
-128.9000000000000057
11
158.25
21
-128.9000000000000057
0
LINE
8
BLACK
6
CONTINUOUS
10
164.9143870000000049
20
-123.4742989999999878
11
164.9158630000000016
21
-123.4742949999999979
0
LINE
8
BLACK
6
CONTINUOUS
10
164.9158630000000016
20
-123.4742949999999979
11
164.9294339999999863
21
-123.4877849999999881
0
LINE
8
BLACK
6
CONTINUOUS
10
164.9294339999999863
20
-123.4877849999999881
11
164.9313649999999996
21
-123.4973459999999932
0
LINE
8
BLACK
6
CONTINUOUS
10
164.9313649999999996
20
-123.4973459999999932
11
164.9391679999999951
21
-126.1271619999999984
0
LINE
8
BLACK
6
CONTINUOUS
10
164.9391679999999951
20
-126.1271619999999984
11
164.9372929999999826
21
-126.1367349999999874
0
LINE
8
BLACK
6
CONTINUOUS
10
164.9372929999999826
20
-126.1367349999999874
11
164.9238029999999924
21
-126.1503049999999888
0
LINE
8
BLACK
6
CONTINUOUS
10
164.9238029999999924
20
-126.1503049999999888
11
164.9148370000000057
21
-126.1503309999999942
0
LINE
8
BLACK
6
CONTINUOUS
10
164.9148370000000057
20
-126.1503309999999942
11
164.9146729999999934
21
-126.1504969999999872
0
LINE
8
BLACK
6
CONTINUOUS
10
164.9146729999999934
20
-126.1504969999999872
11
164.9051099999999792
21
-126.1524199999999922
0
LINE
8
BLACK
6
CONTINUOUS
10
164.9051099999999792
20
-126.1524199999999922
11
155.1049909999999841
21
-126.1724199999999882
0
LINE
8
BLACK
6
CONTINUOUS
10
155.1049909999999841
20
-126.1724199999999882
11
155.0954199999999901
21
-126.1705359999999985
0
LINE
8
BLACK
6
CONTINUOUS
10
155.0954199999999901
20
-126.1705359999999985
11
155.0953690000000051
21
-126.1704849999999993
0
LINE
8
BLACK
6
CONTINUOUS
10
155.0953690000000051
20
-126.1704849999999993
11
155.0952959999999905
21
-126.1704849999999993
0
LINE
8
BLACK
6
CONTINUOUS
10
155.0952959999999905
20
-126.1704849999999993
11
155.0885399999999947
21
-126.1636839999999893
0
LINE
8
BLACK
6
CONTINUOUS
10
155.0885399999999947
20
-126.1636839999999893
11
155.0818629999999985
21
-126.1570339999999959
0
LINE
8
BLACK
6
CONTINUOUS
10
155.0818629999999985
20
-126.1570339999999959
11
155.081862000000001
21
-126.1569619999999929
0
LINE
8
BLACK
6
CONTINUOUS
10
155.081862000000001
20
-126.1569619999999929
11
155.0818109999999876
21
-126.1569099999999963
0
LINE
8
BLACK
6
CONTINUOUS
10
155.0818109999999876
20
-126.1569099999999963
11
155.0799399999999935
21
-126.1473369999999932
0
LINE
8
BLACK
6
CONTINUOUS
10
155.0799399999999935
20
-126.1473369999999932
11
155.0887500000000045
21
-123.4973369999999875
0
LINE
8
BLACK
6
CONTINUOUS
10
155.0887500000000045
20
-123.4973369999999875
11
155.0906849999999793
21
-123.4877759999999967
0
LINE
8
BLACK
6
CONTINUOUS
10
155.0906849999999793
20
-123.4877759999999967
11
155.1042599999999823
21
-123.4742909999999938
0
LINE
8
BLACK
6
CONTINUOUS
10
155.1042599999999823
20
-123.4742909999999938
11
155.1055120000000045
21
-123.4742949999999979
0
LINE
8
BLACK
6
CONTINUOUS
10
155.1055120000000045
20
-123.4742949999999979
11
155.1149399999999901
21
-123.4724199999999996
0
LINE
8
BLACK
6
CONTINUOUS
10
155.1149399999999901
20
-123.4724199999999996
11
164.9049399999999821
21
-123.4724199999999996
0
LINE
8
BLACK
6
CONTINUOUS
10
164.9049399999999821
20
-123.4724199999999996
11
164.9143870000000049
21
-123.4742989999999878
0
LINE
8
BLACK
6
CONTINUOUS
10
155.1386669999999981
20
-123.5224199999999968
11
155.1300229999999942
21
-126.1223679999999945
0
LINE
8
BLACK
6
CONTINUOUS
10
155.1300229999999942
20
-126.1223679999999945
11
164.8890940000000001
21
-126.1024519999999995
0
LINE
8
BLACK
6
CONTINUOUS
10
164.8890940000000001
20
-126.1024519999999995
11
164.8814390000000003
21
-123.5224199999999968
0
LINE
8
BLACK
6
CONTINUOUS
10
164.8814390000000003
20
-123.5224199999999968
11
155.1386669999999981
21
-123.5224199999999968
0
LINE
8
BLACK
6
CONTINUOUS
10
185.979567000000003
20
-113.8869029999999896
11
185.9808019999999829
21
-113.8881379999999979
0
LINE
8
BLACK
6
CONTINUOUS
10
185.9808019999999829
20
-113.8881379999999979
11
185.9825359999999819
21
-113.8883699999999948
0
LINE
8
BLACK
6
CONTINUOUS
10
185.9825359999999819
20
-113.8883699999999948
11
185.9898589999999956
21
-113.8948139999999967
0
LINE
8
BLACK
6
CONTINUOUS
10
185.9898589999999956
20
-113.8948139999999967
11
187.2898589999999786
21
-115.5948129999999878
0
LINE
8
BLACK
6
CONTINUOUS
10
187.2898589999999786
20
-115.5948129999999878
11
187.2921560000000056
21
-115.5994919999999979
0
LINE
8
BLACK
6
CONTINUOUS
10
187.2921560000000056
20
-115.5994919999999979
11
187.2930969999999888
21
-115.6004329999999953
0
LINE
8
BLACK
6
CONTINUOUS
10
187.2930969999999888
20
-115.6004329999999953
11
187.29342299999999
21
-115.6020719999999926
0
LINE
8
BLACK
6
CONTINUOUS
10
187.29342299999999
20
-115.6020719999999926
11
187.2941579999999817
21
-115.6035689999999931
0
LINE
8
BLACK
6
CONTINUOUS
10
187.2941579999999817
20
-115.6035689999999931
11
187.2939819999999997
21
-115.6048849999999959
0
LINE
8
BLACK
6
CONTINUOUS
10
187.2939819999999997
20
-115.6048849999999959
11
187.2949999999999875
21
-115.6099999999999994
0
LINE
8
BLACK
6
CONTINUOUS
10
187.2949999999999875
20
-115.6099999999999994
11
187.2949999999999875
21
-125.1099999999999994
0
LINE
8
BLACK
6
CONTINUOUS
10
187.2949999999999875
20
-125.1099999999999994
11
187.2930969999999888
21
-125.1195669999999893
0
LINE
8
BLACK
6
CONTINUOUS
10
187.2930969999999888
20
-125.1195669999999893
11
187.2795669999999859
21
-125.1330969999999922
0
LINE
8
BLACK
6
CONTINUOUS
10
187.2795669999999859
20
-125.1330969999999922
11
187.2699999999999818
21
-125.1349999999999909
0
LINE
8
BLACK
6
CONTINUOUS
10
187.2699999999999818
20
-125.1349999999999909
11
181.0699999999999932
21
-125.1349999999999909
0
LINE
8
BLACK
6
CONTINUOUS
10
181.0699999999999932
20
-125.1349999999999909
11
181.0604329999999891
21
-125.1330969999999922
0
LINE
8
BLACK
6
CONTINUOUS
10
181.0604329999999891
20
-125.1330969999999922
11
181.0469029999999862
21
-125.1195669999999893
0
LINE
8
BLACK
6
CONTINUOUS
10
181.0469029999999862
20
-125.1195669999999893
11
181.0449999999999875
21
-125.1099999999999994
0
LINE
8
BLACK
6
CONTINUOUS
10
181.0449999999999875
20
-125.1099999999999994
11
181.0449999999999875
21
-115.6099999999999994
0
LINE
8
BLACK
6
CONTINUOUS
10
181.0449999999999875
20
-115.6099999999999994
11
181.0460159999999803
21
-115.6048869999999908
0
LINE
8
BLACK
6
CONTINUOUS
10
181.0460159999999803
20
-115.6048869999999908
11
181.0458409999999958
21
-115.6035689999999931
0
LINE
8
BLACK
6
CONTINUOUS
10
181.0458409999999958
20
-115.6035689999999931
11
181.046576999999985
21
-115.6020690000000002
0
LINE
8
BLACK
6
CONTINUOUS
10
181.046576999999985
20
-115.6020690000000002
11
181.0469029999999862
21
-115.6004329999999953
0
LINE
8
BLACK
6
CONTINUOUS
10
181.0469029999999862
20
-115.6004329999999953
11
181.0478420000000028
21
-115.5994929999999954
0
LINE
8
BLACK
6
CONTINUOUS
10
181.0478420000000028
20
-115.5994929999999954
11
181.0501409999999964
21
-115.5948139999999995
0
LINE
8
BLACK
6
CONTINUOUS
10
181.0501409999999964
20
-115.5948139999999995
11
182.3501409999999794
21
-113.8948139999999967
0
LINE
8
BLACK
6
CONTINUOUS
10
182.3501409999999794
20
-113.8948139999999967
11
182.3574639999999931
21
-113.8883699999999948
0
LINE
8
BLACK
6
CONTINUOUS
10
182.3574639999999931
20
-113.8883699999999948
11
182.3591959999999972
21
-113.8881389999999953
0
LINE
8
BLACK
6
CONTINUOUS
10
182.3591959999999972
20
-113.8881389999999953
11
182.3604330000000004
21
-113.8869029999999896
0
LINE
8
BLACK
6
CONTINUOUS
10
182.3604330000000004
20
-113.8869029999999896
11
182.3700000000000045
21
-113.8849999999999909
0
LINE
8
BLACK
6
CONTINUOUS
10
182.3700000000000045
20
-113.8849999999999909
11
185.9699999999999989
21
-113.8849999999999909
0
LINE
8
BLACK
6
CONTINUOUS
10
185.9699999999999989
20
-113.8849999999999909
11
185.979567000000003
21
-113.8869029999999896
0
LINE
8
BLACK
6
CONTINUOUS
10
182.3823549999999898
20
-113.9349999999999881
11
181.0949999999999989
21
-115.6184629999999913
0
LINE
8
BLACK
6
CONTINUOUS
10
181.0949999999999989
20
-115.6184629999999913
11
181.0949999999999989
21
-125.0849999999999937
0
LINE
8
BLACK
6
CONTINUOUS
10
181.0949999999999989
20
-125.0849999999999937
11
187.2450000000000045
21
-125.0849999999999937
0
LINE
8
BLACK
6
CONTINUOUS
10
187.2450000000000045
20
-125.0849999999999937
11
187.2450000000000045
21
-115.6184629999999913
0
LINE
8
BLACK
6
CONTINUOUS
10
187.2450000000000045
20
-115.6184629999999913
11
185.9576459999999827
21
-113.9349999999999881
0
LINE
8
BLACK
6
CONTINUOUS
10
185.9576459999999827
20
-113.9349999999999881
11
182.3823549999999898
21
-113.9349999999999881
0
LINE
8
BLACK
6
CONTINUOUS
10
108.7545669999999944
20
-105.121902999999989
11
108.7680969999999974
21
-105.1354329999999919
0
LINE
8
BLACK
6
CONTINUOUS
10
108.7680969999999974
20
-105.1354329999999919
11
108.769999999999996
21
-105.144999999999996
0
LINE
8
BLACK
6
CONTINUOUS
10
108.769999999999996
20
-105.144999999999996
11
108.769999999999996
21
-123.9449999999999932
0
LINE
8
BLACK
6
CONTINUOUS
10
108.769999999999996
20
-123.9449999999999932
11
108.7680969999999974
21
-123.9545669999999973
0
LINE
8
BLACK
6
CONTINUOUS
10
108.7680969999999974
20
-123.9545669999999973
11
108.7545669999999944
21
-123.9680970000000002
0
LINE
8
BLACK
6
CONTINUOUS
10
108.7545669999999944
20
-123.9680970000000002
11
108.7449999999999903
21
-123.9699999999999989
0
LINE
8
BLACK
6
CONTINUOUS
10
108.7449999999999903
20
-123.9699999999999989
11
105.2049999999999983
21
-123.9699999999999989
0
LINE
8
BLACK
6
CONTINUOUS
10
105.2049999999999983
20
-123.9699999999999989
11
105.1954329999999942
21
-123.9680970000000002
0
LINE
8
BLACK
6
CONTINUOUS
10
105.1954329999999942
20
-123.9680970000000002
11
105.1819029999999913
21
-123.9545669999999973
0
LINE
8
BLACK
6
CONTINUOUS
10
105.1819029999999913
20
-123.9545669999999973
11
105.1799999999999926
21
-123.9449999999999932
0
LINE
8
BLACK
6
CONTINUOUS
10
105.1799999999999926
20
-123.9449999999999932
11
105.1799999999999926
21
-105.144999999999996
0
LINE
8
BLACK
6
CONTINUOUS
10
105.1799999999999926
20
-105.144999999999996
11
105.1819029999999913
21
-105.1354329999999919
0
LINE
8
BLACK
6
CONTINUOUS
10
105.1819029999999913
20
-105.1354329999999919
11
105.1954329999999942
21
-105.121902999999989
0
LINE
8
BLACK
6
CONTINUOUS
10
105.1954329999999942
20
-105.121902999999989
11
105.2049999999999983
21
-105.1199999999999903
0
LINE
8
BLACK
6
CONTINUOUS
10
105.2049999999999983
20
-105.1199999999999903
11
108.7449999999999903
21
-105.1199999999999903
0
LINE
8
BLACK
6
CONTINUOUS
10
108.7449999999999903
20
-105.1199999999999903
11
108.7545669999999944
21
-105.121902999999989
0
LINE
8
BLACK
6
CONTINUOUS
10
105.2299999999999898
20
-105.1700000000000017
11
105.2299999999999898
21
-123.9199999999999875
0
LINE
8
BLACK
6
CONTINUOUS
10
105.2299999999999898
20
-123.9199999999999875
11
108.7199999999999989
21
-123.9199999999999875
0
LINE
8
BLACK
6
CONTINUOUS
10
108.7199999999999989
20
-123.9199999999999875
11
108.7199999999999989
21
-105.1700000000000017
0
LINE
8
BLACK
6
CONTINUOUS
10
108.7199999999999989
20
-105.1700000000000017
11
105.2299999999999898
21
-105.1700000000000017
0
LINE
8
BLACK
6
CONTINUOUS
10
155.7145669999999882
20
-114.2319029999999884
11
155.7280969999999911
21
-114.2454329999999914
0
LINE
8
BLACK
6
CONTINUOUS
10
155.7280969999999911
20
-114.2454329999999914
11
155.7299999999999898
21
-114.2549999999999955
0
LINE
8
BLACK
6
CONTINUOUS
10
155.7299999999999898
20
-114.2549999999999955
11
155.7299999999999898
21
-122.894999999999996
0
LINE
8
BLACK
6
CONTINUOUS
10
155.7299999999999898
20
-122.894999999999996
11
155.7280969999999911
21
-122.9045670000000001
0
LINE
8
BLACK
6
CONTINUOUS
10
155.7280969999999911
20
-122.9045670000000001
11
155.7145669999999882
21
-122.9180969999999888
0
LINE
8
BLACK
6
CONTINUOUS
10
155.7145669999999882
20
-122.9180969999999888
11
155.7049999999999841
21
-122.9199999999999875
0
LINE
8
BLACK
6
CONTINUOUS
10
155.7049999999999841
20
-122.9199999999999875
11
151.1449999999999818
21
-122.9199999999999875
0
LINE
8
BLACK
6
CONTINUOUS
10
151.1449999999999818
20
-122.9199999999999875
11
151.1354330000000061
21
-122.9180969999999888
0
LINE
8
BLACK
6
CONTINUOUS
10
151.1354330000000061
20
-122.9180969999999888
11
151.1219030000000032
21
-122.9045670000000001
0
LINE
8
BLACK
6
CONTINUOUS
10
151.1219030000000032
20
-122.9045670000000001
11
151.1200000000000045
21
-122.894999999999996
0
LINE
8
BLACK
6
CONTINUOUS
10
151.1200000000000045
20
-122.894999999999996
11
151.1200000000000045
21
-114.2549999999999955
0
LINE
8
BLACK
6
CONTINUOUS
10
151.1200000000000045
20
-114.2549999999999955
11
151.1219030000000032
21
-114.2454329999999914
0
LINE
8
BLACK
6
CONTINUOUS
10
151.1219030000000032
20
-114.2454329999999914
11
151.1354330000000061
21
-114.2319029999999884
0
LINE
8
BLACK
6
CONTINUOUS
10
151.1354330000000061
20
-114.2319029999999884
11
151.1449999999999818
21
-114.2299999999999898
0
LINE
8
BLACK
6
CONTINUOUS
10
151.1449999999999818
20
-114.2299999999999898
11
155.7049999999999841
21
-114.2299999999999898
0
LINE
8
BLACK
6
CONTINUOUS
10
155.7049999999999841
20
-114.2299999999999898
11
155.7145669999999882
21
-114.2319029999999884
0
LINE
8
BLACK
6
CONTINUOUS
10
151.1699999999999875
20
-114.2800000000000011
11
151.1699999999999875
21
-122.8699999999999903
0
LINE
8
BLACK
6
CONTINUOUS
10
151.1699999999999875
20
-122.8699999999999903
11
155.6800000000000068
21
-122.8699999999999903
0
LINE
8
BLACK
6
CONTINUOUS
10
155.6800000000000068
20
-122.8699999999999903
11
155.6800000000000068
21
-114.2800000000000011
0
LINE
8
BLACK
6
CONTINUOUS
10
155.6800000000000068
20
-114.2800000000000011
11
151.1699999999999875
21
-114.2800000000000011
0
LINE
8
BLACK
6
CONTINUOUS
10
158.5050829999999848
20
-110.6288100000000014
11
158.5146440000000041
21
-110.6307449999999903
0
LINE
8
BLACK
6
CONTINUOUS
10
158.5146440000000041
20
-110.6307449999999903
11
158.528129000000007
21
-110.6443199999999933
0
LINE
8
BLACK
6
CONTINUOUS
10
158.528129000000007
20
-110.6443199999999933
11
158.5281239999999912
21
-110.6455720000000014
0
LINE
8
BLACK
6
CONTINUOUS
10
158.5281239999999912
20
-110.6455720000000014
11
158.5300000000000011
21
-110.6550000000000011
0
LINE
8
BLACK
6
CONTINUOUS
10
158.5300000000000011
20
-110.6550000000000011
11
158.5300000000000011
21
-120.4449999999999932
0
LINE
8
BLACK
6
CONTINUOUS
10
158.5300000000000011
20
-120.4449999999999932
11
158.5281209999999987
21
-120.4544429999999977
0
LINE
8
BLACK
6
CONTINUOUS
10
158.5281209999999987
20
-120.4544429999999977
11
158.5281259999999861
21
-120.4559229999999985
0
LINE
8
BLACK
6
CONTINUOUS
10
158.5281259999999861
20
-120.4559229999999985
11
158.5146359999999959
21
-120.4694939999999974
0
LINE
8
BLACK
6
CONTINUOUS
10
158.5146359999999959
20
-120.4694939999999974
11
158.505075000000005
21
-120.4714249999999964
0
LINE
8
BLACK
6
CONTINUOUS
10
158.505075000000005
20
-120.4714249999999964
11
155.8752580000000023
21
-120.479227999999992
0
LINE
8
BLACK
6
CONTINUOUS
10
155.8752580000000023
20
-120.479227999999992
11
155.8656859999999824
21
-120.4773529999999937
0
LINE
8
BLACK
6
CONTINUOUS
10
155.8656859999999824
20
-120.4773529999999937
11
155.8521149999999977
21
-120.4638629999999893
0
LINE
8
BLACK
6
CONTINUOUS
10
155.8521149999999977
20
-120.4638629999999893
11
155.8520879999999806
21
-120.454898
0
LINE
8
BLACK
6
CONTINUOUS
10
155.8520879999999806
20
-120.454898
11
155.8519229999999993
21
-120.4547329999999903
0
LINE
8
BLACK
6
CONTINUOUS
10
155.8519229999999993
20
-120.4547329999999903
11
155.8499999999999943
21
-120.4451699999999903
0
LINE
8
BLACK
6
CONTINUOUS
10
155.8499999999999943
20
-120.4451699999999903
11
155.8299999999999841
21
-110.6450509999999952
0
LINE
8
BLACK
6
CONTINUOUS
10
155.8299999999999841
20
-110.6450509999999952
11
155.8318840000000023
21
-110.6354800000000012
0
LINE
8
BLACK
6
CONTINUOUS
10
155.8318840000000023
20
-110.6354800000000012
11
155.8319339999999897
21
-110.635429000000002
0
LINE
8
BLACK
6
CONTINUOUS
10
155.8319339999999897
20
-110.635429000000002
11
155.8319349999999872
21
-110.6353560000000016
0
LINE
8
BLACK
6
CONTINUOUS
10
155.8319349999999872
20
-110.6353560000000016
11
155.8387349999999856
21
-110.6285999999999916
0
LINE
8
BLACK
6
CONTINUOUS
10
155.8387349999999856
20
-110.6285999999999916
11
155.8453859999999906
21
-110.6219229999999953
0
LINE
8
BLACK
6
CONTINUOUS
10
155.8453859999999906
20
-110.6219229999999953
11
155.8454569999999819
21
-110.6219219999999979
0
LINE
8
BLACK
6
CONTINUOUS
10
155.8454569999999819
20
-110.6219219999999979
11
155.8455099999999902
21
-110.6218709999999987
0
LINE
8
BLACK
6
CONTINUOUS
10
155.8455099999999902
20
-110.6218709999999987
11
155.8550829999999792
21
-110.6199999999999903
0
LINE
8
BLACK
6
CONTINUOUS
10
155.8550829999999792
20
-110.6199999999999903
11
158.5050829999999848
21
-110.6288100000000014
0
LINE
8
BLACK
6
CONTINUOUS
10
155.8999670000000037
20
-120.4291539999999969
11
158.4799999999999898
21
-120.4214979999999997
0
LINE
8
BLACK
6
CONTINUOUS
10
158.4799999999999898
20
-120.4214979999999997
11
158.4799999999999898
21
-110.678726999999995
0
LINE
8
BLACK
6
CONTINUOUS
10
158.4799999999999898
20
-110.678726999999995
11
155.8800509999999804
21
-110.6700829999999911
0
LINE
8
BLACK
6
CONTINUOUS
10
155.8800509999999804
20
-110.6700829999999911
11
155.8999670000000037
21
-120.4291539999999969
0
LINE
8
BLACK
6
CONTINUOUS
10
167.2595670000000041
20
-108.3119030000000009
11
167.2730969999999786
21
-108.3254329999999896
0
LINE
8
BLACK
6
CONTINUOUS
10
167.2730969999999786
20
-108.3254329999999896
11
167.2750000000000057
21
-108.3349999999999937
0
LINE
8
BLACK
6
CONTINUOUS
10
167.2750000000000057
20
-108.3349999999999937
11
167.2750000000000057
21
-120.4349999999999881
0
LINE
8
BLACK
6
CONTINUOUS
10
167.2750000000000057
20
-120.4349999999999881
11
167.2730969999999786
21
-120.4445669999999922
0
LINE
8
BLACK
6
CONTINUOUS
10
167.2730969999999786
20
-120.4445669999999922
11
167.2595670000000041
21
-120.4580969999999951
0
LINE
8
BLACK
6
CONTINUOUS
10
167.2595670000000041
20
-120.4580969999999951
11
167.25
21
-120.4599999999999937
0
LINE
8
BLACK
6
CONTINUOUS
10
167.25
20
-120.4599999999999937
11
158.75
21
-120.4599999999999937
0
LINE
8
BLACK
6
CONTINUOUS
10
158.75
20
-120.4599999999999937
11
158.7404329999999959
21
-120.4580969999999951
0
LINE
8
BLACK
6
CONTINUOUS
10
158.7404329999999959
20
-120.4580969999999951
11
158.726902999999993
21
-120.4445669999999922
0
LINE
8
BLACK
6
CONTINUOUS
10
158.726902999999993
20
-120.4445669999999922
11
158.7249999999999943
21
-120.4349999999999881
0
LINE
8
BLACK
6
CONTINUOUS
10
158.7249999999999943
20
-120.4349999999999881
11
158.7249999999999943
21
-108.3349999999999937
0
LINE
8
BLACK
6
CONTINUOUS
10
158.7249999999999943
20
-108.3349999999999937
11
158.726902999999993
21
-108.3254329999999896
0
LINE
8
BLACK
6
CONTINUOUS
10
158.726902999999993
20
-108.3254329999999896
11
158.7404329999999959
21
-108.3119030000000009
0
LINE
8
BLACK
6
CONTINUOUS
10
158.7404329999999959
20
-108.3119030000000009
11
158.75
21
-108.3099999999999881
0
LINE
8
BLACK
6
CONTINUOUS
10
158.75
20
-108.3099999999999881
11
167.25
21
-108.3099999999999881
0
LINE
8
BLACK
6
CONTINUOUS
10
167.25
20
-108.3099999999999881
11
167.2595670000000041
21
-108.3119030000000009
0
LINE
8
BLACK
6
CONTINUOUS
10
158.7750000000000057
20
-108.3599999999999994
11
158.7750000000000057
21
-120.4099999999999966
0
LINE
8
BLACK
6
CONTINUOUS
10
158.7750000000000057
20
-120.4099999999999966
11
167.2249999999999943
21
-120.4099999999999966
0
LINE
8
BLACK
6
CONTINUOUS
10
167.2249999999999943
20
-120.4099999999999966
11
167.2249999999999943
21
-108.3599999999999994
0
LINE
8
BLACK
6
CONTINUOUS
10
167.2249999999999943
20
-108.3599999999999994
11
158.7750000000000057
21
-108.3599999999999994
0
LINE
8
BLACK
6
CONTINUOUS
10
170.4143149999999878
20
-106.9972609999999946
11
170.4278850000000034
21
-107.0107509999999991
0
LINE
8
BLACK
6
CONTINUOUS
10
170.4278850000000034
20
-107.0107509999999991
11
170.4279109999999946
21
-107.0197159999999883
0
LINE
8
BLACK
6
CONTINUOUS
10
170.4279109999999946
20
-107.0197159999999883
11
170.4280770000000018
21
-107.019880999999998
0
LINE
8
BLACK
6
CONTINUOUS
10
170.4280770000000018
20
-107.019880999999998
11
170.4299999999999784
21
-107.029443999999998
0
LINE
8
BLACK
6
CONTINUOUS
10
170.4299999999999784
20
-107.029443999999998
11
170.4499999999999886
21
-116.8295629999999932
0
LINE
8
BLACK
6
CONTINUOUS
10
170.4499999999999886
20
-116.8295629999999932
11
170.4481159999999988
21
-116.8391329999999897
0
LINE
8
BLACK
6
CONTINUOUS
10
170.4481159999999988
20
-116.8391329999999897
11
170.4480649999999855
21
-116.8391829999999914
0
LINE
8
BLACK
6
CONTINUOUS
10
170.4480649999999855
20
-116.8391829999999914
11
170.4480649999999855
21
-116.8392580000000009
0
LINE
8
BLACK
6
CONTINUOUS
10
170.4480649999999855
20
-116.8392580000000009
11
170.4411709999999971
21
-116.8461059999999918
0
LINE
8
BLACK
6
CONTINUOUS
10
170.4411709999999971
20
-116.8461059999999918
11
170.4346139999999821
21
-116.852690999999993
0
LINE
8
BLACK
6
CONTINUOUS
10
170.4346139999999821
20
-116.852690999999993
11
170.4345429999999908
21
-116.852690999999993
0
LINE
8
BLACK
6
CONTINUOUS
10
170.4345429999999908
20
-116.852690999999993
11
170.43449099999998
21
-116.8527429999999896
0
LINE
8
BLACK
6
CONTINUOUS
10
170.43449099999998
20
-116.8527429999999896
11
170.4249169999999935
21
-116.854613999999998
0
LINE
8
BLACK
6
CONTINUOUS
10
170.4249169999999935
20
-116.854613999999998
11
167.7749169999999879
21
-116.8458040000000011
0
LINE
8
BLACK
6
CONTINUOUS
10
167.7749169999999879
20
-116.8458040000000011
11
167.765355999999997
21
-116.843868999999998
0
LINE
8
BLACK
6
CONTINUOUS
10
167.765355999999997
20
-116.843868999999998
11
167.7518709999999942
21
-116.830293999999995
0
LINE
8
BLACK
6
CONTINUOUS
10
167.7518709999999942
20
-116.830293999999995
11
167.7518749999999841
21
-116.8290409999999895
0
LINE
8
BLACK
6
CONTINUOUS
10
167.7518749999999841
20
-116.8290409999999895
11
167.75
21
-116.8196140000000014
0
LINE
8
BLACK
6
CONTINUOUS
10
167.75
20
-116.8196140000000014
11
167.75
21
-107.0296139999999951
0
LINE
8
BLACK
6
CONTINUOUS
10
167.75
20
-107.0296139999999951
11
167.7518790000000024
21
-107.020165999999989
0
LINE
8
BLACK
6
CONTINUOUS
10
167.7518790000000024
20
-107.020165999999989
11
167.7518749999999841
21
-107.0186909999999898
0
LINE
8
BLACK
6
CONTINUOUS
10
167.7518749999999841
20
-107.0186909999999898
11
167.7653650000000027
21
-107.0051199999999909
0
LINE
8
BLACK
6
CONTINUOUS
10
167.7653650000000027
20
-107.0051199999999909
11
167.7749259999999936
21
-107.0031889999999919
0
LINE
8
BLACK
6
CONTINUOUS
10
167.7749259999999936
20
-107.0031889999999919
11
170.4047419999999988
21
-106.9953859999999963
0
LINE
8
BLACK
6
CONTINUOUS
10
170.4047419999999988
20
-106.9953859999999963
11
170.4143149999999878
21
-106.9972609999999946
0
LINE
8
BLACK
6
CONTINUOUS
10
167.7999999999999829
20
-107.0531149999999911
11
167.7999999999999829
21
-116.7958859999999959
0
LINE
8
BLACK
6
CONTINUOUS
10
167.7999999999999829
20
-116.7958859999999959
11
170.3999479999999949
21
-116.8045299999999997
0
LINE
8
BLACK
6
CONTINUOUS
10
170.3999479999999949
20
-116.8045299999999997
11
170.3800319999999999
21
-107.0454589999999939
0
LINE
8
BLACK
6
CONTINUOUS
10
170.3800319999999999
20
-107.0454589999999939
11
167.7999999999999829
21
-107.0531149999999911
0
LINE
8
BLACK
6
CONTINUOUS
10
153.0051129999999944
20
-103.733750999999998
11
153.0146739999999852
21
-103.7356860000000012
0
LINE
8
BLACK
6
CONTINUOUS
10
153.0146739999999852
20
-103.7356860000000012
11
153.0281589999999881
21
-103.74926099999999
0
LINE
8
BLACK
6
CONTINUOUS
10
153.0281589999999881
20
-103.74926099999999
11
153.0281540000000007
21
-103.750512999999998
0
LINE
8
BLACK
6
CONTINUOUS
10
153.0281540000000007
20
-103.750512999999998
11
153.0300299999999822
21
-103.7599409999999978
0
LINE
8
BLACK
6
CONTINUOUS
10
153.0300299999999822
20
-103.7599409999999978
11
153.0300299999999822
21
-113.5499409999999898
0
LINE
8
BLACK
6
CONTINUOUS
10
153.0300299999999822
20
-113.5499409999999898
11
153.0281509999999798
21
-113.5593839999999943
0
LINE
8
BLACK
6
CONTINUOUS
10
153.0281509999999798
20
-113.5593839999999943
11
153.0281559999999956
21
-113.5608639999999951
0
LINE
8
BLACK
6
CONTINUOUS
10
153.0281559999999956
20
-113.5608639999999951
11
153.0146660000000054
21
-113.574434999999994
0
LINE
8
BLACK
6
CONTINUOUS
10
153.0146660000000054
20
-113.574434999999994
11
153.0051049999999861
21
-113.5763659999999931
0
LINE
8
BLACK
6
CONTINUOUS
10
153.0051049999999861
20
-113.5763659999999931
11
150.3752879999999834
21
-113.5841689999999886
0
LINE
8
BLACK
6
CONTINUOUS
10
150.3752879999999834
20
-113.5841689999999886
11
150.3657159999999919
21
-113.5822939999999903
0
LINE
8
BLACK
6
CONTINUOUS
10
150.3657159999999919
20
-113.5822939999999903
11
150.3521450000000073
21
-113.5688040000000001
0
LINE
8
BLACK
6
CONTINUOUS
10
150.3521450000000073
20
-113.5688040000000001
11
150.3521179999999902
21
-113.5598389999999966
0
LINE
8
BLACK
6
CONTINUOUS
10
150.3521179999999902
20
-113.5598389999999966
11
150.3519529999999804
21
-113.5596740000000011
0
LINE
8
BLACK
6
CONTINUOUS
10
150.3519529999999804
20
-113.5596740000000011
11
150.3500300000000038
21
-113.5501110000000011
0
LINE
8
BLACK
6
CONTINUOUS
10
150.3500300000000038
20
-113.5501110000000011
11
150.3300299999999936
21
-103.7499919999999918
0
LINE
8
BLACK
6
CONTINUOUS
10
150.3300299999999936
20
-103.7499919999999918
11
150.3319139999999834
21
-103.7404209999999978
0
LINE
8
BLACK
6
CONTINUOUS
10
150.3319139999999834
20
-103.7404209999999978
11
150.3319639999999993
21
-103.7403699999999986
0
LINE
8
BLACK
6
CONTINUOUS
10
150.3319639999999993
20
-103.7403699999999986
11
150.3319649999999967
21
-103.7402969999999982
0
LINE
8
BLACK
6
CONTINUOUS
10
150.3319649999999967
20
-103.7402969999999982
11
150.3387649999999951
21
-103.7335409999999882
0
LINE
8
BLACK
6
CONTINUOUS
10
150.3387649999999951
20
-103.7335409999999882
11
150.3454160000000002
21
-103.726863999999992
0
LINE
8
BLACK
6
CONTINUOUS
10
150.3454160000000002
20
-103.726863999999992
11
150.3454869999999914
21
-103.7268629999999945
0
LINE
8
BLACK
6
CONTINUOUS
10
150.3454869999999914
20
-103.7268629999999945
11
150.3455399999999997
21
-103.7268119999999954
0
LINE
8
BLACK
6
CONTINUOUS
10
150.3455399999999997
20
-103.7268119999999954
11
150.3551129999999887
21
-103.7249410000000012
0
LINE
8
BLACK
6
CONTINUOUS
10
150.3551129999999887
20
-103.7249410000000012
11
153.0051129999999944
21
-103.733750999999998
0
LINE
8
BLACK
6
CONTINUOUS
10
150.3999969999999848
20
-113.5340949999999935
11
152.9800299999999993
21
-113.5264389999999963
0
LINE
8
BLACK
6
CONTINUOUS
10
152.9800299999999993
20
-113.5264389999999963
11
152.9800299999999993
21
-103.7836679999999916
0
LINE
8
BLACK
6
CONTINUOUS
10
152.9800299999999993
20
-103.7836679999999916
11
150.3800809999999899
21
-103.7750240000000019
0
LINE
8
BLACK
6
CONTINUOUS
10
150.3800809999999899
20
-103.7750240000000019
11
150.3999969999999848
21
-113.5340949999999935
0
LINE
8
BLACK
6
CONTINUOUS
10
179.7885259999999903
20
-102.5451279999999912
11
180.2417189999999891
21
-102.625039000000001
0
LINE
8
BLACK
6
CONTINUOUS
10
180.2417189999999891
20
-102.625039000000001
11
180.686222999999984
21
-102.744142999999994
0
LINE
8
BLACK
6
CONTINUOUS
10
180.686222999999984
20
-102.744142999999994
11
181.1186549999999897
21
-102.9015349999999955
0
LINE
8
BLACK
6
CONTINUOUS
10
181.1186549999999897
20
-102.9015349999999955
11
181.5357239999999877
21
-103.0960180000000008
0
LINE
8
BLACK
6
CONTINUOUS
10
181.5357239999999877
20
-103.0960180000000008
11
181.934254999999979
21
-103.3261099999999999
0
LINE
8
BLACK
6
CONTINUOUS
10
181.934254999999979
20
-103.3261099999999999
11
182.3112169999999992
21
-103.5900609999999915
0
LINE
8
BLACK
6
CONTINUOUS
10
182.3112169999999992
20
-103.5900609999999915
11
182.6637379999999951
21
-103.8858619999999888
0
LINE
8
BLACK
6
CONTINUOUS
10
182.6637379999999951
20
-103.8858619999999888
11
182.989137999999997
21
-104.2112619999999907
0
LINE
8
BLACK
6
CONTINUOUS
10
182.989137999999997
20
-104.2112619999999907
11
183.2849389999999801
21
-104.5637830000000008
0
LINE
8
BLACK
6
CONTINUOUS
10
183.2849389999999801
20
-104.5637830000000008
11
183.5488900000000001
21
-104.9407449999999926
0
LINE
8
BLACK
6
CONTINUOUS
10
183.5488900000000001
20
-104.9407449999999926
11
183.778981999999985
21
-105.3392759999999981
0
LINE
8
BLACK
6
CONTINUOUS
10
183.778981999999985
20
-105.3392759999999981
11
183.9734650000000045
21
-105.756344999999996
0
LINE
8
BLACK
6
CONTINUOUS
10
183.9734650000000045
20
-105.756344999999996
11
184.1308569999999918
21
-106.1887770000000017
0
LINE
8
BLACK
6
CONTINUOUS
10
184.1308569999999918
20
-106.1887770000000017
11
184.2499609999999848
21
-106.6332809999999967
0
LINE
8
BLACK
6
CONTINUOUS
10
184.2499609999999848
20
-106.6332809999999967
11
184.3298719999999946
21
-107.0864739999999955
0
LINE
8
BLACK
6
CONTINUOUS
10
184.3298719999999946
20
-107.0864739999999955
11
184.3699790000000007
21
-107.5449079999999924
0
LINE
8
BLACK
6
CONTINUOUS
10
184.3699790000000007
20
-107.5449079999999924
11
184.3699790000000007
21
-108.0050919999999905
0
LINE
8
BLACK
6
CONTINUOUS
10
184.3699790000000007
20
-108.0050919999999905
11
184.3298719999999946
21
-108.4635260000000017
0
LINE
8
BLACK
6
CONTINUOUS
10
184.3298719999999946
20
-108.4635260000000017
11
184.2499609999999848
21
-108.9167190000000005
0
LINE
8
BLACK
6
CONTINUOUS
10
184.2499609999999848
20
-108.9167190000000005
11
184.1308569999999918
21
-109.3612229999999954
0
LINE
8
BLACK
6
CONTINUOUS
10
184.1308569999999918
20
-109.3612229999999954
11
183.9734650000000045
21
-109.7936550000000011
0
LINE
8
BLACK
6
CONTINUOUS
10
183.9734650000000045
20
-109.7936550000000011
11
183.778981999999985
21
-110.210723999999999
0
LINE
8
BLACK
6
CONTINUOUS
10
183.778981999999985
20
-110.210723999999999
11
183.5488900000000001
21
-110.6092549999999903
0
LINE
8
BLACK
6
CONTINUOUS
10
183.5488900000000001
20
-110.6092549999999903
11
183.2849389999999801
21
-110.9862169999999963
0
LINE
8
BLACK
6
CONTINUOUS
10
183.2849389999999801
20
-110.9862169999999963
11
182.989137999999997
21
-111.3387379999999922
0
LINE
8
BLACK
6
CONTINUOUS
10
182.989137999999997
20
-111.3387379999999922
11
182.6637379999999951
21
-111.6641379999999941
0
LINE
8
BLACK
6
CONTINUOUS
10
182.6637379999999951
20
-111.6641379999999941
11
182.3112169999999992
21
-111.9599389999999914
0
LINE
8
BLACK
6
CONTINUOUS
10
182.3112169999999992
20
-111.9599389999999914
11
181.934254999999979
21
-112.2238899999999973
0
LINE
8
BLACK
6
CONTINUOUS
10
181.934254999999979
20
-112.2238899999999973
11
181.5357239999999877
21
-112.4539819999999963
0
LINE
8
BLACK
6
CONTINUOUS
10
181.5357239999999877
20
-112.4539819999999963
11
181.1186549999999897
21
-112.6484650000000016
0
LINE
8
BLACK
6
CONTINUOUS
10
181.1186549999999897
20
-112.6484650000000016
11
180.686222999999984
21
-112.8058569999999889
0
LINE
8
BLACK
6
CONTINUOUS
10
180.686222999999984
20
-112.8058569999999889
11
180.2417189999999891
21
-112.9249609999999961
0
LINE
8
BLACK
6
CONTINUOUS
10
180.2417189999999891
20
-112.9249609999999961
11
179.7885259999999903
21
-113.0048719999999918
0
LINE
8
BLACK
6
CONTINUOUS
10
179.7885259999999903
20
-113.0048719999999918
11
179.3300919999999792
21
-113.0449789999999979
0
LINE
8
BLACK
6
CONTINUOUS
10
179.3300919999999792
20
-113.0449789999999979
11
178.869907999999981
21
-113.0449789999999979
0
LINE
8
BLACK
6
CONTINUOUS
10
178.869907999999981
20
-113.0449789999999979
11
178.4114739999999983
21
-113.0048719999999918
0
LINE
8
BLACK
6
CONTINUOUS
10
178.4114739999999983
20
-113.0048719999999918
11
177.9582809999999995
21
-112.9249609999999961
0
LINE
8
BLACK
6
CONTINUOUS
10
177.9582809999999995
20
-112.9249609999999961
11
177.5137770000000046
21
-112.8058569999999889
0
LINE
8
BLACK
6
CONTINUOUS
10
177.5137770000000046
20
-112.8058569999999889
11
177.0813449999999989
21
-112.6484650000000016
0
LINE
8
BLACK
6
CONTINUOUS
10
177.0813449999999989
20
-112.6484650000000016
11
176.664276000000001
21
-112.4539819999999963
0
LINE
8
BLACK
6
CONTINUOUS
10
176.664276000000001
20
-112.4539819999999963
11
176.2657449999999812
21
-112.2238899999999973
0
LINE
8
BLACK
6
CONTINUOUS
10
176.2657449999999812
20
-112.2238899999999973
11
175.8887829999999894
21
-111.9599389999999914
0
LINE
8
BLACK
6
CONTINUOUS
10
175.8887829999999894
20
-111.9599389999999914
11
175.5362619999999936
21
-111.6641379999999941
0
LINE
8
BLACK
6
CONTINUOUS
10
175.5362619999999936
20
-111.6641379999999941
11
175.2108619999999917
21
-111.3387379999999922
0
LINE
8
BLACK
6
CONTINUOUS
10
175.2108619999999917
20
-111.3387379999999922
11
174.9150609999999801
21
-110.9862169999999963
0
LINE
8
BLACK
6
CONTINUOUS
10
174.9150609999999801
20
-110.9862169999999963
11
174.6511099999999885
21
-110.6092549999999903
0
LINE
8
BLACK
6
CONTINUOUS
10
174.6511099999999885
20
-110.6092549999999903
11
174.4210180000000037
21
-110.210723999999999
0
LINE
8
BLACK
6
CONTINUOUS
10
174.4210180000000037
20
-110.210723999999999
11
174.2265349999999842
21
-109.7936550000000011
0
LINE
8
BLACK
6
CONTINUOUS
10
174.2265349999999842
20
-109.7936550000000011
11
174.0691429999999968
21
-109.3612229999999954
0
LINE
8
BLACK
6
CONTINUOUS
10
174.0691429999999968
20
-109.3612229999999954
11
173.9500390000000039
21
-108.9167190000000005
0
LINE
8
BLACK
6
CONTINUOUS
10
173.9500390000000039
20
-108.9167190000000005
11
173.870127999999994
21
-108.4635260000000017
0
LINE
8
BLACK
6
CONTINUOUS
10
173.870127999999994
20
-108.4635260000000017
11
173.8300209999999879
21
-108.0050919999999905
0
LINE
8
BLACK
6
CONTINUOUS
10
173.8300209999999879
20
-108.0050919999999905
11
173.8300209999999879
21
-107.5468719999999934
0
LINE
8
BLACK
6
CONTINUOUS
10
173.8300209999999879
20
-107.5468719999999934
11
173.8300209999999879
21
-107.5449079999999924
0
LINE
8
BLACK
6
CONTINUOUS
10
173.8300209999999879
20
-107.5449079999999924
11
173.870127999999994
21
-107.0864739999999955
0
LINE
8
BLACK
6
CONTINUOUS
10
173.870127999999994
20
-107.0864739999999955
11
173.9500390000000039
21
-106.6332809999999967
0
LINE
8
BLACK
6
CONTINUOUS
10
173.9500390000000039
20
-106.6332809999999967
11
174.0691429999999968
21
-106.1887770000000017
0
LINE
8
BLACK
6
CONTINUOUS
10
174.0691429999999968
20
-106.1887770000000017
11
174.2265349999999842
21
-105.756344999999996
0
LINE
8
BLACK
6
CONTINUOUS
10
174.2265349999999842
20
-105.756344999999996
11
174.4210180000000037
21
-105.3392759999999981
0
LINE
8
BLACK
6
CONTINUOUS
10
174.4210180000000037
20
-105.3392759999999981
11
174.6511099999999885
21
-104.9407449999999926
0
LINE
8
BLACK
6
CONTINUOUS
10
174.6511099999999885
20
-104.9407449999999926
11
174.9150609999999801
21
-104.5637830000000008
0
LINE
8
BLACK
6
CONTINUOUS
10
174.9150609999999801
20
-104.5637830000000008
11
175.2108619999999917
21
-104.2112619999999907
0
LINE
8
BLACK
6
CONTINUOUS
10
175.2108619999999917
20
-104.2112619999999907
11
175.5362619999999936
21
-103.8858619999999888
0
LINE
8
BLACK
6
CONTINUOUS
10
175.5362619999999936
20
-103.8858619999999888
11
175.8887829999999894
21
-103.5900609999999915
0
LINE
8
BLACK
6
CONTINUOUS
10
175.8887829999999894
20
-103.5900609999999915
11
176.2657449999999812
21
-103.3261099999999999
0
LINE
8
BLACK
6
CONTINUOUS
10
176.2657449999999812
20
-103.3261099999999999
11
176.664276000000001
21
-103.0960180000000008
0
LINE
8
BLACK
6
CONTINUOUS
10
176.664276000000001
20
-103.0960180000000008
11
177.0813449999999989
21
-102.9015349999999955
0
LINE
8
BLACK
6
CONTINUOUS
10
177.0813449999999989
20
-102.9015349999999955
11
177.5137770000000046
21
-102.744142999999994
0
LINE
8
BLACK
6
CONTINUOUS
10
177.5137770000000046
20
-102.744142999999994
11
177.9582809999999995
21
-102.625039000000001
0
LINE
8
BLACK
6
CONTINUOUS
10
177.9582809999999995
20
-102.625039000000001
11
178.4114739999999983
21
-102.5451279999999912
0
LINE
8
BLACK
6
CONTINUOUS
10
178.4114739999999983
20
-102.5451279999999912
11
178.869907999999981
21
-102.5050209999999993
0
LINE
8
BLACK
6
CONTINUOUS
10
178.869907999999981
20
-102.5050209999999993
11
179.3300919999999792
21
-102.5050209999999993
0
LINE
8
BLACK
6
CONTINUOUS
10
179.3300919999999792
20
-102.5050209999999993
11
179.7885259999999903
21
-102.5451279999999912
0
LINE
8
BLACK
6
CONTINUOUS
10
173.875
20
-108.0031279999999896
11
173.9147649999999885
21
-108.4576489999999893
0
LINE
8
BLACK
6
CONTINUOUS
10
173.9147649999999885
20
-108.4576489999999893
11
173.993992999999989
21
-108.9069739999999911
0
LINE
8
BLACK
6
CONTINUOUS
10
173.993992999999989
20
-108.9069739999999911
11
174.1120809999999892
21
-109.3476849999999985
0
LINE
8
BLACK
6
CONTINUOUS
10
174.1120809999999892
20
-109.3476849999999985
11
174.2681299999999851
21
-109.7764260000000007
0
LINE
8
BLACK
6
CONTINUOUS
10
174.2681299999999851
20
-109.7764260000000007
11
174.4609529999999893
21
-110.1899349999999913
0
LINE
8
BLACK
6
CONTINUOUS
10
174.4609529999999893
20
-110.1899349999999913
11
174.6890809999999874
21
-110.5850650000000002
0
LINE
8
BLACK
6
CONTINUOUS
10
174.6890809999999874
20
-110.5850650000000002
11
174.9507789999999829
21
-110.958808999999988
0
LINE
8
BLACK
6
CONTINUOUS
10
174.9507789999999829
20
-110.958808999999988
11
175.2440560000000005
21
-111.3083219999999898
0
LINE
8
BLACK
6
CONTINUOUS
10
175.2440560000000005
20
-111.3083219999999898
11
175.566677999999996
21
-111.6309439999999995
0
LINE
8
BLACK
6
CONTINUOUS
10
175.566677999999996
20
-111.6309439999999995
11
175.9161909999999978
21
-111.9242209999999886
0
LINE
8
BLACK
6
CONTINUOUS
10
175.9161909999999978
20
-111.9242209999999886
11
176.2899349999999856
21
-112.1859189999999984
0
LINE
8
BLACK
6
CONTINUOUS
10
176.2899349999999856
20
-112.1859189999999984
11
176.6850649999999803
21
-112.4140469999999965
0
LINE
8
BLACK
6
CONTINUOUS
10
176.6850649999999803
20
-112.4140469999999965
11
177.0985739999999851
21
-112.6068700000000007
0
LINE
8
BLACK
6
CONTINUOUS
10
177.0985739999999851
20
-112.6068700000000007
11
177.5273149999999873
21
-112.7629189999999966
0
LINE
8
BLACK
6
CONTINUOUS
10
177.5273149999999873
20
-112.7629189999999966
11
177.9680259999999805
21
-112.8810069999999968
0
LINE
8
BLACK
6
CONTINUOUS
10
177.9680259999999805
20
-112.8810069999999968
11
178.4173509999999965
21
-112.9602349999999973
0
LINE
8
BLACK
6
CONTINUOUS
10
178.4173509999999965
20
-112.9602349999999973
11
178.8718719999999962
21
-113.
0
LINE
8
BLACK
6
CONTINUOUS
10
178.8718719999999962
20
-113.
11
179.3281279999999924
21
-113.
0
LINE
8
BLACK
6
CONTINUOUS
10
179.3281279999999924
20
-113.
11
179.7826489999999922
21
-112.9602349999999973
0
LINE
8
BLACK
6
CONTINUOUS
10
179.7826489999999922
20
-112.9602349999999973
11
180.2319739999999797
21
-112.8810069999999968
0
LINE
8
BLACK
6
CONTINUOUS
10
180.2319739999999797
20
-112.8810069999999968
11
180.6726850000000013
21
-112.7629189999999966
0
LINE
8
BLACK
6
CONTINUOUS
10
180.6726850000000013
20
-112.7629189999999966
11
181.1014260000000036
21
-112.6068700000000007
0
LINE
8
BLACK
6
CONTINUOUS
10
181.1014260000000036
20
-112.6068700000000007
11
181.5149349999999799
21
-112.4140469999999965
0
LINE
8
BLACK
6
CONTINUOUS
10
181.5149349999999799
20
-112.4140469999999965
11
181.910065000000003
21
-112.1859189999999984
0
LINE
8
BLACK
6
CONTINUOUS
10
181.910065000000003
20
-112.1859189999999984
11
182.2838089999999909
21
-111.9242209999999886
0
LINE
8
BLACK
6
CONTINUOUS
10
182.2838089999999909
20
-111.9242209999999886
11
182.6333219999999926
21
-111.6309439999999995
0
LINE
8
BLACK
6
CONTINUOUS
10
182.6333219999999926
20
-111.6309439999999995
11
182.9559439999999881
21
-111.3083219999999898
0
LINE
8
BLACK
6
CONTINUOUS
10
182.9559439999999881
20
-111.3083219999999898
11
183.2492210000000057
21
-110.958808999999988
0
LINE
8
BLACK
6
CONTINUOUS
10
183.2492210000000057
20
-110.958808999999988
11
183.5109190000000012
21
-110.5850650000000002
0
LINE
8
BLACK
6
CONTINUOUS
10
183.5109190000000012
20
-110.5850650000000002
11
183.7390469999999993
21
-110.1899349999999913
0
LINE
8
BLACK
6
CONTINUOUS
10
183.7390469999999993
20
-110.1899349999999913
11
183.9318700000000035
21
-109.7764260000000007
0
LINE
8
BLACK
6
CONTINUOUS
10
183.9318700000000035
20
-109.7764260000000007
11
184.0879189999999994
21
-109.3476849999999985
0
LINE
8
BLACK
6
CONTINUOUS
10
184.0879189999999994
20
-109.3476849999999985
11
184.2060069999999996
21
-108.9069739999999911
0
LINE
8
BLACK
6
CONTINUOUS
10
184.2060069999999996
20
-108.9069739999999911
11
184.2852350000000001
21
-108.4576489999999893
0
LINE
8
BLACK
6
CONTINUOUS
10
184.2852350000000001
20
-108.4576489999999893
11
184.3249999999999886
21
-108.0031279999999896
0
LINE
8
BLACK
6
CONTINUOUS
10
184.3249999999999886
20
-108.0031279999999896
11
184.3249999999999886
21
-107.5468719999999934
0
LINE
8
BLACK
6
CONTINUOUS
10
184.3249999999999886
20
-107.5468719999999934
11
184.2852350000000001
21
-107.0923509999999936
0
LINE
8
BLACK
6
CONTINUOUS
10
184.2852350000000001
20
-107.0923509999999936
11
184.2060069999999996
21
-106.6430259999999919
0
LINE
8
BLACK
6
CONTINUOUS
10
184.2060069999999996
20
-106.6430259999999919
11
184.0879189999999994
21
-106.2023149999999987
0
LINE
8
BLACK
6
CONTINUOUS
10
184.0879189999999994
20
-106.2023149999999987
11
183.9318700000000035
21
-105.7735739999999964
0
LINE
8
BLACK
6
CONTINUOUS
10
183.9318700000000035
20
-105.7735739999999964
11
183.7390469999999993
21
-105.3600649999999916
0
LINE
8
BLACK
6
CONTINUOUS
10
183.7390469999999993
20
-105.3600649999999916
11
183.5109190000000012
21
-104.964934999999997
0
LINE
8
BLACK
6
CONTINUOUS
10
183.5109190000000012
20
-104.964934999999997
11
183.2492210000000057
21
-104.5911909999999949
0
LINE
8
BLACK
6
CONTINUOUS
10
183.2492210000000057
20
-104.5911909999999949
11
182.9559439999999881
21
-104.2416779999999932
0
LINE
8
BLACK
6
CONTINUOUS
10
182.9559439999999881
20
-104.2416779999999932
11
182.6333219999999926
21
-103.9190559999999977
0
LINE
8
BLACK
6
CONTINUOUS
10
182.6333219999999926
20
-103.9190559999999977
11
182.2838089999999909
21
-103.6257789999999943
0
LINE
8
BLACK
6
CONTINUOUS
10
182.2838089999999909
20
-103.6257789999999943
11
181.910065000000003
21
-103.3640809999999988
0
LINE
8
BLACK
6
CONTINUOUS
10
181.910065000000003
20
-103.3640809999999988
11
181.5149349999999799
21
-103.1359530000000007
0
LINE
8
BLACK
6
CONTINUOUS
10
181.5149349999999799
20
-103.1359530000000007
11
181.1014260000000036
21
-102.9431299999999965
0
LINE
8
BLACK
6
CONTINUOUS
10
181.1014260000000036
20
-102.9431299999999965
11
180.6726850000000013
21
-102.7870810000000006
0
LINE
8
BLACK
6
CONTINUOUS
10
180.6726850000000013
20
-102.7870810000000006
11
180.2319739999999797
21
-102.6689930000000004
0
LINE
8
BLACK
6
CONTINUOUS
10
180.2319739999999797
20
-102.6689930000000004
11
179.7826489999999922
21
-102.5897649999999999
0
LINE
8
BLACK
6
CONTINUOUS
10
179.7826489999999922
20
-102.5897649999999999
11
179.3281279999999924
21
-102.5499999999999972
0
LINE
8
BLACK
6
CONTINUOUS
10
179.3281279999999924
20
-102.5499999999999972
11
178.8718719999999962
21
-102.5499999999999972
0
LINE
8
BLACK
6
CONTINUOUS
10
178.8718719999999962
20
-102.5499999999999972
11
178.4173509999999965
21
-102.5897649999999999
0
LINE
8
BLACK
6
CONTINUOUS
10
178.4173509999999965
20
-102.5897649999999999
11
177.9680259999999805
21
-102.6689930000000004
0
LINE
8
BLACK
6
CONTINUOUS
10
177.9680259999999805
20
-102.6689930000000004
11
177.5273149999999873
21
-102.7870810000000006
0
LINE
8
BLACK
6
CONTINUOUS
10
177.5273149999999873
20
-102.7870810000000006
11
177.0985739999999851
21
-102.9431299999999965
0
LINE
8
BLACK
6
CONTINUOUS
10
177.0985739999999851
20
-102.9431299999999965
11
176.6850649999999803
21
-103.1359530000000007
0
LINE
8
BLACK
6
CONTINUOUS
10
176.6850649999999803
20
-103.1359530000000007
11
176.2899349999999856
21
-103.3640809999999988
0
LINE
8
BLACK
6
CONTINUOUS
10
176.2899349999999856
20
-103.3640809999999988
11
175.9161909999999978
21
-103.6257789999999943
0
LINE
8
BLACK
6
CONTINUOUS
10
175.9161909999999978
20
-103.6257789999999943
11
175.566677999999996
21
-103.9190559999999977
0
LINE
8
BLACK
6
CONTINUOUS
10
175.566677999999996
20
-103.9190559999999977
11
175.2440560000000005
21
-104.2416779999999932
0
LINE
8
BLACK
6
CONTINUOUS
10
175.2440560000000005
20
-104.2416779999999932
11
174.9507789999999829
21
-104.5911909999999949
0
LINE
8
BLACK
6
CONTINUOUS
10
174.9507789999999829
20
-104.5911909999999949
11
174.6890809999999874
21
-104.964934999999997
0
LINE
8
BLACK
6
CONTINUOUS
10
174.6890809999999874
20
-104.964934999999997
11
174.4609529999999893
21
-105.3600649999999916
0
LINE
8
BLACK
6
CONTINUOUS
10
174.4609529999999893
20
-105.3600649999999916
11
174.2681299999999851
21
-105.7735739999999964
0
LINE
8
BLACK
6
CONTINUOUS
10
174.2681299999999851
20
-105.7735739999999964
11
174.1120809999999892
21
-106.2023149999999987
0
LINE
8
BLACK
6
CONTINUOUS
10
174.1120809999999892
20
-106.2023149999999987
11
173.993992999999989
21
-106.6430259999999919
0
LINE
8
BLACK
6
CONTINUOUS
10
173.993992999999989
20
-106.6430259999999919
11
173.9147649999999885
21
-107.0923509999999936
0
LINE
8
BLACK
6
CONTINUOUS
10
173.9147649999999885
20
-107.0923509999999936
11
173.875
21
-107.5468719999999934
0
LINE
8
BLACK
6
CONTINUOUS
10
173.875
20
-107.5468719999999934
11
173.875
21
-108.0031279999999896
0
LINE
8
BLACK
6
CONTINUOUS
10
161.3595669999999984
20
-89.0969029999999975
11
161.3730970000000013
21
-89.1104330000000004
0
LINE
8
BLACK
6
CONTINUOUS
10
161.3730970000000013
20
-89.1104330000000004
11
161.375
21
-89.1199999999999903
0
LINE
8
BLACK
6
CONTINUOUS
10
161.375
20
-89.1199999999999903
11
161.375
21
-95.7999999999999972
0
LINE
8
BLACK
6
CONTINUOUS
10
161.375
20
-95.7999999999999972
11
164.375
21
-95.7999999999999972
0
LINE
8
BLACK
6
CONTINUOUS
10
164.375
20
-95.7999999999999972
11
164.3845670000000041
21
-95.8019029999999958
0
LINE
8
BLACK
6
CONTINUOUS
10
164.3845670000000041
20
-95.8019029999999958
11
164.3980969999999786
21
-95.8154329999999987
0
LINE
8
BLACK
6
CONTINUOUS
10
164.3980969999999786
20
-95.8154329999999987
11
164.4000000000000057
21
-95.8249999999999886
0
LINE
8
BLACK
6
CONTINUOUS
10
164.4000000000000057
20
-95.8249999999999886
11
164.4000000000000057
21
-108.0849999999999937
0
LINE
8
BLACK
6
CONTINUOUS
10
164.4000000000000057
20
-108.0849999999999937
11
164.3980969999999786
21
-108.0945669999999978
0
LINE
8
BLACK
6
CONTINUOUS
10
164.3980969999999786
20
-108.0945669999999978
11
164.3845670000000041
21
-108.1080970000000008
0
LINE
8
BLACK
6
CONTINUOUS
10
164.3845670000000041
20
-108.1080970000000008
11
164.375
21
-108.1099999999999994
0
LINE
8
BLACK
6
CONTINUOUS
10
164.375
20
-108.1099999999999994
11
161.375
21
-108.1099999999999994
0
LINE
8
BLACK
6
CONTINUOUS
10
161.375
20
-108.1099999999999994
11
161.3654329999999959
21
-108.1080970000000008
0
LINE
8
BLACK
6
CONTINUOUS
10
161.3654329999999959
20
-108.1080970000000008
11
161.351902999999993
21
-108.0945669999999978
0
LINE
8
BLACK
6
CONTINUOUS
10
161.351902999999993
20
-108.0945669999999978
11
161.3499999999999943
21
-108.0849999999999937
0
LINE
8
BLACK
6
CONTINUOUS
10
161.3499999999999943
20
-108.0849999999999937
11
161.3499999999999943
21
-101.4050000000000011
0
LINE
8
BLACK
6
CONTINUOUS
10
161.3499999999999943
20
-101.4050000000000011
11
158.3499999999999943
21
-101.4050000000000011
0
LINE
8
BLACK
6
CONTINUOUS
10
158.3499999999999943
20
-101.4050000000000011
11
158.3404329999999902
21
-101.4030970000000025
0
LINE
8
BLACK
6
CONTINUOUS
10
158.3404329999999902
20
-101.4030970000000025
11
158.3269029999999873
21
-101.3895669999999996
0
LINE
8
BLACK
6
CONTINUOUS
10
158.3269029999999873
20
-101.3895669999999996
11
158.3249999999999886
21
-101.3799999999999955
0
LINE
8
BLACK
6
CONTINUOUS
10
158.3249999999999886
20
-101.3799999999999955
11
158.3249999999999886
21
-89.1199999999999903
0
LINE
8
BLACK
6
CONTINUOUS
10
158.3249999999999886
20
-89.1199999999999903
11
158.3269029999999873
21
-89.1104330000000004
0
LINE
8
BLACK
6
CONTINUOUS
10
158.3269029999999873
20
-89.1104330000000004
11
158.3404329999999902
21
-89.0969029999999975
0
LINE
8
BLACK
6
CONTINUOUS
10
158.3404329999999902
20
-89.0969029999999975
11
158.3499999999999943
21
-89.0949999999999989
0
LINE
8
BLACK
6
CONTINUOUS
10
158.3499999999999943
20
-89.0949999999999989
11
161.3499999999999943
21
-89.0949999999999989
0
LINE
8
BLACK
6
CONTINUOUS
10
161.3499999999999943
20
-89.0949999999999989
11
161.3595669999999984
21
-89.0969029999999975
0
LINE
8
BLACK
6
CONTINUOUS
10
161.4000000000000057
20
-95.8499999999999943
11
161.4000000000000057
21
-108.0599999999999881
0
LINE
8
BLACK
6
CONTINUOUS
10
161.4000000000000057
20
-108.0599999999999881
11
164.3499999999999943
21
-108.0599999999999881
0
LINE
8
BLACK
6
CONTINUOUS
10
164.3499999999999943
20
-108.0599999999999881
11
164.3499999999999943
21
-95.8499999999999943
0
LINE
8
BLACK
6
CONTINUOUS
10
164.3499999999999943
20
-95.8499999999999943
11
161.4000000000000057
21
-95.8499999999999943
0
LINE
8
BLACK
6
CONTINUOUS
10
158.375
20
-89.144999999999996
11
158.375
21
-101.3549999999999898
0
LINE
8
BLACK
6
CONTINUOUS
10
158.375
20
-101.3549999999999898
11
161.3249999999999886
21
-101.3549999999999898
0
LINE
8
BLACK
6
CONTINUOUS
10
161.3249999999999886
20
-101.3549999999999898
11
161.3249999999999886
21
-89.144999999999996
0
LINE
8
BLACK
6
CONTINUOUS
10
161.3249999999999886
20
-89.144999999999996
11
158.375
21
-89.144999999999996
0
LINE
8
BLACK
6
CONTINUOUS
10
170.7345669999999984
20
-87.1319029999999941
11
170.7480970000000013
21
-87.145432999999997
0
LINE
8
BLACK
6
CONTINUOUS
10
170.7480970000000013
20
-87.145432999999997
11
170.75
21
-87.1550000000000011
0
LINE
8
BLACK
6
CONTINUOUS
10
170.75
20
-87.1550000000000011
11
170.75
21
-106.0949999999999989
0
LINE
8
BLACK
6
CONTINUOUS
10
170.75
20
-106.0949999999999989
11
170.7480970000000013
21
-106.1045669999999888
0
LINE
8
BLACK
6
CONTINUOUS
10
170.7480970000000013
20
-106.1045669999999888
11
170.7345669999999984
21
-106.1180969999999917
0
LINE
8
BLACK
6
CONTINUOUS
10
170.7345669999999984
20
-106.1180969999999917
11
170.7249999999999943
21
-106.1199999999999903
0
LINE
8
BLACK
6
CONTINUOUS
10
170.7249999999999943
20
-106.1199999999999903
11
165.0250000000000057
21
-106.1199999999999903
0
LINE
8
BLACK
6
CONTINUOUS
10
165.0250000000000057
20
-106.1199999999999903
11
165.0154330000000016
21
-106.1180969999999917
0
LINE
8
BLACK
6
CONTINUOUS
10
165.0154330000000016
20
-106.1180969999999917
11
165.0019029999999987
21
-106.1045669999999888
0
LINE
8
BLACK
6
CONTINUOUS
10
165.0019029999999987
20
-106.1045669999999888
11
165.
21
-106.0949999999999989
0
LINE
8
BLACK
6
CONTINUOUS
10
165.
20
-106.0949999999999989
11
165.
21
-87.1550000000000011
0
LINE
8
BLACK
6
CONTINUOUS
10
165.
20
-87.1550000000000011
11
165.0019029999999987
21
-87.145432999999997
0
LINE
8
BLACK
6
CONTINUOUS
10
165.0019029999999987
20
-87.145432999999997
11
165.0154330000000016
21
-87.1319029999999941
0
LINE
8
BLACK
6
CONTINUOUS
10
165.0154330000000016
20
-87.1319029999999941
11
165.0250000000000057
21
-87.1299999999999955
0
LINE
8
BLACK
6
CONTINUOUS
10
165.0250000000000057
20
-87.1299999999999955
11
170.7249999999999943
21
-87.1299999999999955
0
LINE
8
BLACK
6
CONTINUOUS
10
170.7249999999999943
20
-87.1299999999999955
11
170.7345669999999984
21
-87.1319029999999941
0
LINE
8
BLACK
6
CONTINUOUS
10
165.0499999999999829
20
-87.1799999999999926
11
165.0499999999999829
21
-106.0699999999999932
0
LINE
8
BLACK
6
CONTINUOUS
10
165.0499999999999829
20
-106.0699999999999932
11
170.6999999999999886
21
-106.0699999999999932
0
LINE
8
BLACK
6
CONTINUOUS
10
170.6999999999999886
20
-106.0699999999999932
11
170.6999999999999886
21
-87.1799999999999926
0
LINE
8
BLACK
6
CONTINUOUS
10
170.6999999999999886
20
-87.1799999999999926
11
165.0499999999999829
21
-87.1799999999999926
0
LINE
8
BLACK
6
CONTINUOUS
10
108.6545670000000001
20
-92.8069029999999913
11
108.6680969999999888
21
-92.8204329999999942
0
LINE
8
BLACK
6
CONTINUOUS
10
108.6680969999999888
20
-92.8204329999999942
11
108.6700000000000017
21
-92.8299999999999983
0
LINE
8
BLACK
6
CONTINUOUS
10
108.6700000000000017
20
-92.8299999999999983
11
108.6700000000000017
21
-103.9899999999999949
0
LINE
8
BLACK
6
CONTINUOUS
10
108.6700000000000017
20
-103.9899999999999949
11
108.6680969999999888
21
-103.999566999999999
0
LINE
8
BLACK
6
CONTINUOUS
10
108.6680969999999888
20
-103.999566999999999
11
108.6545670000000001
21
-104.0130970000000019
0
LINE
8
BLACK
6
CONTINUOUS
10
108.6545670000000001
20
-104.0130970000000019
11
108.644999999999996
21
-104.0150000000000006
0
LINE
8
BLACK
6
CONTINUOUS
10
108.644999999999996
20
-104.0150000000000006
11
105.1049999999999898
21
-104.0150000000000006
0
LINE
8
BLACK
6
CONTINUOUS
10
105.1049999999999898
20
-104.0150000000000006
11
105.0954329999999999
21
-104.0130970000000019
0
LINE
8
BLACK
6
CONTINUOUS
10
105.0954329999999999
20
-104.0130970000000019
11
105.081902999999997
21
-103.999566999999999
0
LINE
8
BLACK
6
CONTINUOUS
10
105.081902999999997
20
-103.999566999999999
11
105.0799999999999983
21
-103.9899999999999949
0
LINE
8
BLACK
6
CONTINUOUS
10
105.0799999999999983
20
-103.9899999999999949
11
105.0799999999999983
21
-92.8299999999999983
0
LINE
8
BLACK
6
CONTINUOUS
10
105.0799999999999983
20
-92.8299999999999983
11
105.081902999999997
21
-92.8204329999999942
0
LINE
8
BLACK
6
CONTINUOUS
10
105.081902999999997
20
-92.8204329999999942
11
105.0954329999999999
21
-92.8069029999999913
0
LINE
8
BLACK
6
CONTINUOUS
10
105.0954329999999999
20
-92.8069029999999913
11
105.1049999999999898
21
-92.8049999999999926
0
LINE
8
BLACK
6
CONTINUOUS
10
105.1049999999999898
20
-92.8049999999999926
11
108.644999999999996
21
-92.8049999999999926
0
LINE
8
BLACK
6
CONTINUOUS
10
108.644999999999996
20
-92.8049999999999926
11
108.6545670000000001
21
-92.8069029999999913
0
LINE
8
BLACK
6
CONTINUOUS
10
105.1299999999999955
20
-92.8549999999999898
11
105.1299999999999955
21
-103.9649999999999892
0
LINE
8
BLACK
6
CONTINUOUS
10
105.1299999999999955
20
-103.9649999999999892
11
108.6199999999999903
21
-103.9649999999999892
0
LINE
8
BLACK
6
CONTINUOUS
10
108.6199999999999903
20
-103.9649999999999892
11
108.6199999999999903
21
-92.8549999999999898
0
LINE
8
BLACK
6
CONTINUOUS
10
108.6199999999999903
20
-92.8549999999999898
11
105.1299999999999955
21
-92.8549999999999898
0
LINE
8
BLACK
6
CONTINUOUS
10
140.3170669999999802
20
-99.8019029999999958
11
140.3305969999999832
21
-99.8154329999999987
0
LINE
8
BLACK
6
CONTINUOUS
10
140.3305969999999832
20
-99.8154329999999987
11
140.3324999999999818
21
-99.8249999999999886
0
LINE
8
BLACK
6
CONTINUOUS
10
140.3324999999999818
20
-99.8249999999999886
11
140.3324999999999818
21
-103.2249999999999943
0
LINE
8
BLACK
6
CONTINUOUS
10
140.3324999999999818
20
-103.2249999999999943
11
140.3305969999999832
21
-103.2345669999999984
0
LINE
8
BLACK
6
CONTINUOUS
10
140.3305969999999832
20
-103.2345669999999984
11
140.3170669999999802
21
-103.2480970000000013
0
LINE
8
BLACK
6
CONTINUOUS
10
140.3170669999999802
20
-103.2480970000000013
11
140.3075000000000045
21
-103.25
0
LINE
8
BLACK
6
CONTINUOUS
10
140.3075000000000045
20
-103.25
11
136.4675000000000011
21
-103.25
0
LINE
8
BLACK
6
CONTINUOUS
10
136.4675000000000011
20
-103.25
11
136.457932999999997
21
-103.2480970000000013
0
LINE
8
BLACK
6
CONTINUOUS
10
136.457932999999997
20
-103.2480970000000013
11
136.4444029999999941
21
-103.2345669999999984
0
LINE
8
BLACK
6
CONTINUOUS
10
136.4444029999999941
20
-103.2345669999999984
11
136.4424999999999955
21
-103.2249999999999943
0
LINE
8
BLACK
6
CONTINUOUS
10
136.4424999999999955
20
-103.2249999999999943
11
136.4424999999999955
21
-99.8249999999999886
0
LINE
8
BLACK
6
CONTINUOUS
10
136.4424999999999955
20
-99.8249999999999886
11
136.4444029999999941
21
-99.8154329999999987
0
LINE
8
BLACK
6
CONTINUOUS
10
136.4444029999999941
20
-99.8154329999999987
11
136.457932999999997
21
-99.8019029999999958
0
LINE
8
BLACK
6
CONTINUOUS
10
136.457932999999997
20
-99.8019029999999958
11
136.4675000000000011
21
-99.7999999999999972
0
LINE
8
BLACK
6
CONTINUOUS
10
136.4675000000000011
20
-99.7999999999999972
11
140.3075000000000045
21
-99.7999999999999972
0
LINE
8
BLACK
6
CONTINUOUS
10
140.3075000000000045
20
-99.7999999999999972
11
140.3170669999999802
21
-99.8019029999999958
0
LINE
8
BLACK
6
CONTINUOUS
10
136.4925000000000068
20
-99.8499999999999943
11
136.4925000000000068
21
-103.1999999999999886
0
LINE
8
BLACK
6
CONTINUOUS
10
136.4925000000000068
20
-103.1999999999999886
11
140.2824999999999989
21
-103.1999999999999886
0
LINE
8
BLACK
6
CONTINUOUS
10
140.2824999999999989
20
-103.1999999999999886
11
140.2824999999999989
21
-99.8499999999999943
0
LINE
8
BLACK
6
CONTINUOUS
10
140.2824999999999989
20
-99.8499999999999943
11
136.4925000000000068
21
-99.8499999999999943
0
LINE
8
BLACK
6
CONTINUOUS
10
141.6095669999999984
20
-87.1969029999999918
11
141.6230970000000013
21
-87.2104329999999948
0
LINE
8
BLACK
6
CONTINUOUS
10
141.6230970000000013
20
-87.2104329999999948
11
141.625
21
-87.2199999999999989
0
LINE
8
BLACK
6
CONTINUOUS
10
141.625
20
-87.2199999999999989
11
141.625
21
-99.4799999999999898
0
LINE
8
BLACK
6
CONTINUOUS
10
141.625
20
-99.4799999999999898
11
141.6230970000000013
21
-99.4895669999999939
0
LINE
8
BLACK
6
CONTINUOUS
10
141.6230970000000013
20
-99.4895669999999939
11
141.6095669999999984
21
-99.5030969999999968
0
LINE
8
BLACK
6
CONTINUOUS
10
141.6095669999999984
20
-99.5030969999999968
11
141.5999999999999943
21
-99.5049999999999955
0
LINE
8
BLACK
6
CONTINUOUS
10
141.5999999999999943
20
-99.5049999999999955
11
138.5999999999999943
21
-99.5049999999999955
0
LINE
8
BLACK
6
CONTINUOUS
10
138.5999999999999943
20
-99.5049999999999955
11
138.5904329999999902
21
-99.5030969999999968
0
LINE
8
BLACK
6
CONTINUOUS
10
138.5904329999999902
20
-99.5030969999999968
11
138.5769029999999873
21
-99.4895669999999939
0
LINE
8
BLACK
6
CONTINUOUS
10
138.5769029999999873
20
-99.4895669999999939
11
138.5749999999999886
21
-99.4799999999999898
0
LINE
8
BLACK
6
CONTINUOUS
10
138.5749999999999886
20
-99.4799999999999898
11
138.5749999999999886
21
-87.2199999999999989
0
LINE
8
BLACK
6
CONTINUOUS
10
138.5749999999999886
20
-87.2199999999999989
11
138.5769029999999873
21
-87.2104329999999948
0
LINE
8
BLACK
6
CONTINUOUS
10
138.5769029999999873
20
-87.2104329999999948
11
138.5904329999999902
21
-87.1969029999999918
0
LINE
8
BLACK
6
CONTINUOUS
10
138.5904329999999902
20
-87.1969029999999918
11
138.5999999999999943
21
-87.1949999999999932
0
LINE
8
BLACK
6
CONTINUOUS
10
138.5999999999999943
20
-87.1949999999999932
11
141.5999999999999943
21
-87.1949999999999932
0
LINE
8
BLACK
6
CONTINUOUS
10
141.5999999999999943
20
-87.1949999999999932
11
141.6095669999999984
21
-87.1969029999999918
0
LINE
8
BLACK
6
CONTINUOUS
10
138.625
20
-87.2449999999999903
11
138.625
21
-99.4549999999999983
0
LINE
8
BLACK
6
CONTINUOUS
10
138.625
20
-99.4549999999999983
11
141.5749999999999886
21
-99.4549999999999983
0
LINE
8
BLACK
6
CONTINUOUS
10
141.5749999999999886
20
-99.4549999999999983
11
141.5749999999999886
21
-87.2449999999999903
0
LINE
8
BLACK
6
CONTINUOUS
10
141.5749999999999886
20
-87.2449999999999903
11
138.625
21
-87.2449999999999903
0
LINE
8
BLACK
6
CONTINUOUS
10
156.5192849999999964
20
-88.7427659999999889
11
156.5328549999999836
21
-88.7562559999999934
0
LINE
8
BLACK
6
CONTINUOUS
10
156.5328549999999836
20
-88.7562559999999934
11
156.5328810000000033
21
-88.7652209999999968
0
LINE
8
BLACK
6
CONTINUOUS
10
156.5328810000000033
20
-88.7652209999999968
11
156.5330469999999821
21
-88.7653859999999924
0
LINE
8
BLACK
6
CONTINUOUS
10
156.5330469999999821
20
-88.7653859999999924
11
156.5349699999999871
21
-88.7749489999999923
0
LINE
8
BLACK
6
CONTINUOUS
10
156.5349699999999871
20
-88.7749489999999923
11
156.5549699999999973
21
-98.5750680000000017
0
LINE
8
BLACK
6
CONTINUOUS
10
156.5549699999999973
20
-98.5750680000000017
11
156.5530859999999791
21
-98.5846379999999982
0
LINE
8
BLACK
6
CONTINUOUS
10
156.5530859999999791
20
-98.5846379999999982
11
156.5530349999999942
21
-98.5846879999999999
0
LINE
8
BLACK
6
CONTINUOUS
10
156.5530349999999942
20
-98.5846879999999999
11
156.5530349999999942
21
-98.5847629999999953
0
LINE
8
BLACK
6
CONTINUOUS
10
156.5530349999999942
20
-98.5847629999999953
11
156.5461410000000058
21
-98.5916110000000003
0
LINE
8
BLACK
6
CONTINUOUS
10
156.5461410000000058
20
-98.5916110000000003
11
156.5395839999999907
21
-98.5981960000000015
0
LINE
8
BLACK
6
CONTINUOUS
10
156.5395839999999907
20
-98.5981960000000015
11
156.5395129999999995
21
-98.5981960000000015
0
LINE
8
BLACK
6
CONTINUOUS
10
156.5395129999999995
20
-98.5981960000000015
11
156.5394609999999886
21
-98.5982479999999981
0
LINE
8
BLACK
6
CONTINUOUS
10
156.5394609999999886
20
-98.5982479999999981
11
156.5298870000000022
21
-98.6001189999999923
0
LINE
8
BLACK
6
CONTINUOUS
10
156.5298870000000022
20
-98.6001189999999923
11
153.8798869999999965
21
-98.5913089999999954
0
LINE
8
BLACK
6
CONTINUOUS
10
153.8798869999999965
20
-98.5913089999999954
11
153.8703260000000057
21
-98.5893739999999923
0
LINE
8
BLACK
6
CONTINUOUS
10
153.8703260000000057
20
-98.5893739999999923
11
153.8568410000000029
21
-98.5757989999999893
0
LINE
8
BLACK
6
CONTINUOUS
10
153.8568410000000029
20
-98.5757989999999893
11
153.8568449999999928
21
-98.574545999999998
0
LINE
8
BLACK
6
CONTINUOUS
10
153.8568449999999928
20
-98.574545999999998
11
153.8549699999999802
21
-98.5651189999999957
0
LINE
8
BLACK
6
CONTINUOUS
10
153.8549699999999802
20
-98.5651189999999957
11
153.8549699999999802
21
-88.7751189999999895
0
LINE
8
BLACK
6
CONTINUOUS
10
153.8549699999999802
20
-88.7751189999999895
11
153.8568489999999827
21
-88.7656709999999975
0
LINE
8
BLACK
6
CONTINUOUS
10
153.8568489999999827
20
-88.7656709999999975
11
153.8568449999999928
21
-88.7641959999999983
0
LINE
8
BLACK
6
CONTINUOUS
10
153.8568449999999928
20
-88.7641959999999983
11
153.870334999999983
21
-88.7506249999999994
0
LINE
8
BLACK
6
CONTINUOUS
10
153.870334999999983
20
-88.7506249999999994
11
153.8798960000000022
21
-88.7486940000000004
0
LINE
8
BLACK
6
CONTINUOUS
10
153.8798960000000022
20
-88.7486940000000004
11
156.5097119999999791
21
-88.7408909999999906
0
LINE
8
BLACK
6
CONTINUOUS
10
156.5097119999999791
20
-88.7408909999999906
11
156.5192849999999964
21
-88.7427659999999889
0
LINE
8
BLACK
6
CONTINUOUS
10
153.9049699999999916
20
-88.7986199999999997
11
153.9049699999999916
21
-98.5413909999999902
0
LINE
8
BLACK
6
CONTINUOUS
10
153.9049699999999916
20
-98.5413909999999902
11
156.5049180000000035
21
-98.5500349999999941
0
LINE
8
BLACK
6
CONTINUOUS
10
156.5049180000000035
20
-98.5500349999999941
11
156.4850019999999802
21
-88.7909640000000024
0
LINE
8
BLACK
6
CONTINUOUS
10
156.4850019999999802
20
-88.7909640000000024
11
153.9049699999999916
21
-88.7986199999999997
0
LINE
8
BLACK
6
CONTINUOUS
10
164.0843150000000037
20
-85.9226469999999978
11
164.0978849999999909
21
-85.9361370000000022
0
LINE
8
BLACK
6
CONTINUOUS
10
164.0978849999999909
20
-85.9361370000000022
11
164.0979109999999821
21
-85.9451019999999914
0
LINE
8
BLACK
6
CONTINUOUS
10
164.0979109999999821
20
-85.9451019999999914
11
164.0980769999999893
21
-85.9452670000000012
0
LINE
8
BLACK
6
CONTINUOUS
10
164.0980769999999893
20
-85.9452670000000012
11
164.0999999999999943
21
-85.9548300000000012
0
LINE
8
BLACK
6
CONTINUOUS
10
164.0999999999999943
20
-85.9548300000000012
11
164.1200000000000045
21
-95.7549489999999963
0
LINE
8
BLACK
6
CONTINUOUS
10
164.1200000000000045
20
-95.7549489999999963
11
164.1181159999999863
21
-95.7645189999999928
0
LINE
8
BLACK
6
CONTINUOUS
10
164.1181159999999863
20
-95.7645189999999928
11
164.1180650000000014
21
-95.7645689999999945
0
LINE
8
BLACK
6
CONTINUOUS
10
164.1180650000000014
20
-95.7645689999999945
11
164.1180650000000014
21
-95.7646439999999899
0
LINE
8
BLACK
6
CONTINUOUS
10
164.1180650000000014
20
-95.7646439999999899
11
164.1111709999999846
21
-95.771491999999995
0
LINE
8
BLACK
6
CONTINUOUS
10
164.1111709999999846
20
-95.771491999999995
11
164.104613999999998
21
-95.7780769999999961
0
LINE
8
BLACK
6
CONTINUOUS
10
164.104613999999998
20
-95.7780769999999961
11
164.1045430000000067
21
-95.7780769999999961
0
LINE
8
BLACK
6
CONTINUOUS
10
164.1045430000000067
20
-95.7780769999999961
11
164.1044909999999959
21
-95.7781289999999927
0
LINE
8
BLACK
6
CONTINUOUS
10
164.1044909999999959
20
-95.7781289999999927
11
164.094916999999981
21
-95.7800000000000011
0
LINE
8
BLACK
6
CONTINUOUS
10
164.094916999999981
20
-95.7800000000000011
11
161.4449170000000038
21
-95.7711899999999901
0
LINE
8
BLACK
6
CONTINUOUS
10
161.4449170000000038
20
-95.7711899999999901
11
161.4353559999999845
21
-95.7692550000000011
0
LINE
8
BLACK
6
CONTINUOUS
10
161.4353559999999845
20
-95.7692550000000011
11
161.4218709999999817
21
-95.7556799999999981
0
LINE
8
BLACK
6
CONTINUOUS
10
161.4218709999999817
20
-95.7556799999999981
11
161.421875
21
-95.7544269999999926
0
LINE
8
BLACK
6
CONTINUOUS
10
161.421875
20
-95.7544269999999926
11
161.4199999999999875
21
-95.7449999999999903
0
LINE
8
BLACK
6
CONTINUOUS
10
161.4199999999999875
20
-95.7449999999999903
11
161.4199999999999875
21
-85.9549999999999983
0
LINE
8
BLACK
6
CONTINUOUS
10
161.4199999999999875
20
-85.9549999999999983
11
161.4218789999999899
21
-85.9455519999999922
0
LINE
8
BLACK
6
CONTINUOUS
10
161.4218789999999899
20
-85.9455519999999922
11
161.421875
21
-85.9440769999999929
0
LINE
8
BLACK
6
CONTINUOUS
10
161.421875
20
-85.9440769999999929
11
161.4353649999999902
21
-85.9305059999999941
0
LINE
8
BLACK
6
CONTINUOUS
10
161.4353649999999902
20
-85.9305059999999941
11
161.4449259999999811
21
-85.928574999999995
0
LINE
8
BLACK
6
CONTINUOUS
10
161.4449259999999811
20
-85.928574999999995
11
164.0747419999999863
21
-85.9207719999999995
0
LINE
8
BLACK
6
CONTINUOUS
10
164.0747419999999863
20
-85.9207719999999995
11
164.0843150000000037
21
-85.9226469999999978
0
LINE
8
BLACK
6
CONTINUOUS
10
161.4699999999999989
20
-85.9785009999999943
11
161.4699999999999989
21
-95.721271999999999
0
LINE
8
BLACK
6
CONTINUOUS
10
161.4699999999999989
20
-95.721271999999999
11
164.0699479999999824
21
-95.7299159999999887
0
LINE
8
BLACK
6
CONTINUOUS
10
164.0699479999999824
20
-95.7299159999999887
11
164.0500319999999874
21
-85.9708449999999971
0
LINE
8
BLACK
6
CONTINUOUS
10
164.0500319999999874
20
-85.9708449999999971
11
161.4699999999999989
21
-85.9785009999999943
0
LINE
8
BLACK
6
CONTINUOUS
10
108.6545670000000001
20
-83.7469030000000032
11
108.6680969999999888
21
-83.7604329999999919
0
LINE
8
BLACK
6
CONTINUOUS
10
108.6680969999999888
20
-83.7604329999999919
11
108.6700000000000017
21
-83.769999999999996
0
LINE
8
BLACK
6
CONTINUOUS
10
108.6700000000000017
20
-83.769999999999996
11
108.6700000000000017
21
-89.8599999999999994
0
LINE
8
BLACK
6
CONTINUOUS
10
108.6700000000000017
20
-89.8599999999999994
11
108.6680969999999888
21
-89.8695669999999893
0
LINE
8
BLACK
6
CONTINUOUS
10
108.6680969999999888
20
-89.8695669999999893
11
108.6545670000000001
21
-89.8830969999999922
0
LINE
8
BLACK
6
CONTINUOUS
10
108.6545670000000001
20
-89.8830969999999922
11
108.644999999999996
21
-89.8849999999999909
0
LINE
8
BLACK
6
CONTINUOUS
10
108.644999999999996
20
-89.8849999999999909
11
105.1049999999999898
21
-89.8849999999999909
0
LINE
8
BLACK
6
CONTINUOUS
10
105.1049999999999898
20
-89.8849999999999909
11
105.0954329999999999
21
-89.8830969999999922
0
LINE
8
BLACK
6
CONTINUOUS
10
105.0954329999999999
20
-89.8830969999999922
11
105.081902999999997
21
-89.8695669999999893
0
LINE
8
BLACK
6
CONTINUOUS
10
105.081902999999997
20
-89.8695669999999893
11
105.0799999999999983
21
-89.8599999999999994
0
LINE
8
BLACK
6
CONTINUOUS
10
105.0799999999999983
20
-89.8599999999999994
11
105.0799999999999983
21
-83.769999999999996
0
LINE
8
BLACK
6
CONTINUOUS
10
105.0799999999999983
20
-83.769999999999996
11
105.081902999999997
21
-83.7604329999999919
0
LINE
8
BLACK
6
CONTINUOUS
10
105.081902999999997
20
-83.7604329999999919
11
105.0954329999999999
21
-83.7469030000000032
0
LINE
8
BLACK
6
CONTINUOUS
10
105.0954329999999999
20
-83.7469030000000032
11
105.1049999999999898
21
-83.7449999999999903
0
LINE
8
BLACK
6
CONTINUOUS
10
105.1049999999999898
20
-83.7449999999999903
11
108.644999999999996
21
-83.7449999999999903
0
LINE
8
BLACK
6
CONTINUOUS
10
108.644999999999996
20
-83.7449999999999903
11
108.6545670000000001
21
-83.7469030000000032
0
LINE
8
BLACK
6
CONTINUOUS
10
105.1299999999999955
20
-83.7950000000000017
11
105.1299999999999955
21
-89.8349999999999937
0
LINE
8
BLACK
6
CONTINUOUS
10
105.1299999999999955
20
-89.8349999999999937
11
108.6199999999999903
21
-89.8349999999999937
0
LINE
8
BLACK
6
CONTINUOUS
10
108.6199999999999903
20
-89.8349999999999937
11
108.6199999999999903
21
-83.7950000000000017
0
LINE
8
BLACK
6
CONTINUOUS
10
108.6199999999999903
20
-83.7950000000000017
11
105.1299999999999955
21
-83.7950000000000017
0
LINE
8
BLACK
6
CONTINUOUS
10
177.2545669999999802
20
-75.0569029999999913
11
177.2680969999999832
21
-75.0704329999999942
0
LINE
8
BLACK
6
CONTINUOUS
10
177.2680969999999832
20
-75.0704329999999942
11
177.2699999999999818
21
-75.0799999999999983
0
LINE
8
BLACK
6
CONTINUOUS
10
177.2699999999999818
20
-75.0799999999999983
11
177.2699999999999818
21
-83.7000000000000028
0
LINE
8
BLACK
6
CONTINUOUS
10
177.2699999999999818
20
-83.7000000000000028
11
177.2680969999999832
21
-83.7095669999999927
0
LINE
8
BLACK
6
CONTINUOUS
10
177.2680969999999832
20
-83.7095669999999927
11
177.2545669999999802
21
-83.7230969999999957
0
LINE
8
BLACK
6
CONTINUOUS
10
177.2545669999999802
20
-83.7230969999999957
11
177.2450000000000045
21
-83.7249999999999943
0
LINE
8
BLACK
6
CONTINUOUS
10
177.2450000000000045
20
-83.7249999999999943
11
173.7049999999999841
21
-83.7249999999999943
0
LINE
8
BLACK
6
CONTINUOUS
10
173.7049999999999841
20
-83.7249999999999943
11
173.69543299999998
21
-83.7230969999999957
0
LINE
8
BLACK
6
CONTINUOUS
10
173.69543299999998
20
-83.7230969999999957
11
173.6819030000000055
21
-83.7095669999999927
0
LINE
8
BLACK
6
CONTINUOUS
10
173.6819030000000055
20
-83.7095669999999927
11
173.6799999999999784
21
-83.7000000000000028
0
LINE
8
BLACK
6
CONTINUOUS
10
173.6799999999999784
20
-83.7000000000000028
11
173.6799999999999784
21
-75.0799999999999983
0
LINE
8
BLACK
6
CONTINUOUS
10
173.6799999999999784
20
-75.0799999999999983
11
173.6819030000000055
21
-75.0704329999999942
0
LINE
8
BLACK
6
CONTINUOUS
10
173.6819030000000055
20
-75.0704329999999942
11
173.69543299999998
21
-75.0569029999999913
0
LINE
8
BLACK
6
CONTINUOUS
10
173.69543299999998
20
-75.0569029999999913
11
173.7049999999999841
21
-75.0549999999999926
0
LINE
8
BLACK
6
CONTINUOUS
10
173.7049999999999841
20
-75.0549999999999926
11
177.2450000000000045
21
-75.0549999999999926
0
LINE
8
BLACK
6
CONTINUOUS
10
177.2450000000000045
20
-75.0549999999999926
11
177.2545669999999802
21
-75.0569029999999913
0
LINE
8
BLACK
6
CONTINUOUS
10
173.7299999999999898
20
-75.1049999999999898
11
173.7299999999999898
21
-83.6749999999999972
0
LINE
8
BLACK
6
CONTINUOUS
10
173.7299999999999898
20
-83.6749999999999972
11
177.2199999999999989
21
-83.6749999999999972
0
LINE
8
BLACK
6
CONTINUOUS
10
177.2199999999999989
20
-83.6749999999999972
11
177.2199999999999989
21
-75.1049999999999898
0
LINE
8
BLACK
6
CONTINUOUS
10
177.2199999999999989
20
-75.1049999999999898
11
173.7299999999999898
21
-75.1049999999999898
0
LINE
8
BLACK
6
CONTINUOUS
10
169.4195670000000007
20
-80.6519029999999901
11
169.4330970000000036
21
-80.6654329999999931
0
LINE
8
BLACK
6
CONTINUOUS
10
169.4330970000000036
20
-80.6654329999999931
11
169.4350000000000023
21
-80.6749999999999972
0
LINE
8
BLACK
6
CONTINUOUS
10
169.4350000000000023
20
-80.6749999999999972
11
169.4350000000000023
21
-83.6749999999999972
0
LINE
8
BLACK
6
CONTINUOUS
10
169.4350000000000023
20
-83.6749999999999972
11
169.4330970000000036
21
-83.6845670000000013
0
LINE
8
BLACK
6
CONTINUOUS
10
169.4330970000000036
20
-83.6845670000000013
11
169.4195670000000007
21
-83.69809699999999
0
LINE
8
BLACK
6
CONTINUOUS
10
169.4195670000000007
20
-83.69809699999999
11
169.4099999999999966
21
-83.7000000000000028
0
LINE
8
BLACK
6
CONTINUOUS
10
169.4099999999999966
20
-83.7000000000000028
11
157.1500000000000057
21
-83.7000000000000028
0
LINE
8
BLACK
6
CONTINUOUS
10
157.1500000000000057
20
-83.7000000000000028
11
157.1404330000000016
21
-83.69809699999999
0
LINE
8
BLACK
6
CONTINUOUS
10
157.1404330000000016
20
-83.69809699999999
11
157.1269029999999987
21
-83.6845670000000013
0
LINE
8
BLACK
6
CONTINUOUS
10
157.1269029999999987
20
-83.6845670000000013
11
157.125
21
-83.6749999999999972
0
LINE
8
BLACK
6
CONTINUOUS
10
157.125
20
-83.6749999999999972
11
157.125
21
-80.6749999999999972
0
LINE
8
BLACK
6
CONTINUOUS
10
157.125
20
-80.6749999999999972
11
157.1269029999999987
21
-80.6654329999999931
0
LINE
8
BLACK
6
CONTINUOUS
10
157.1269029999999987
20
-80.6654329999999931
11
157.1404330000000016
21
-80.6519029999999901
0
LINE
8
BLACK
6
CONTINUOUS
10
157.1404330000000016
20
-80.6519029999999901
11
157.1500000000000057
21
-80.6499999999999915
0
LINE
8
BLACK
6
CONTINUOUS
10
157.1500000000000057
20
-80.6499999999999915
11
169.4099999999999966
21
-80.6499999999999915
0
LINE
8
BLACK
6
CONTINUOUS
10
169.4099999999999966
20
-80.6499999999999915
11
169.4195670000000007
21
-80.6519029999999901
0
LINE
8
BLACK
6
CONTINUOUS
10
157.1749999999999829
20
-80.7000000000000028
11
157.1749999999999829
21
-83.6499999999999915
0
LINE
8
BLACK
6
CONTINUOUS
10
157.1749999999999829
20
-83.6499999999999915
11
169.3849999999999909
21
-83.6499999999999915
0
LINE
8
BLACK
6
CONTINUOUS
10
169.3849999999999909
20
-83.6499999999999915
11
169.3849999999999909
21
-80.7000000000000028
0
LINE
8
BLACK
6
CONTINUOUS
10
169.3849999999999909
20
-80.7000000000000028
11
157.1749999999999829
21
-80.7000000000000028
0
LINE
8
BLACK
6
CONTINUOUS
10
108.4545669999999973
20
-75.5319029999999998
11
108.4680970000000002
21
-75.5454330000000027
0
LINE
8
BLACK
6
CONTINUOUS
10
108.4680970000000002
20
-75.5454330000000027
11
108.4699999999999989
21
-75.5549999999999926
0
LINE
8
BLACK
6
CONTINUOUS
10
108.4699999999999989
20
-75.5549999999999926
11
108.4699999999999989
21
-81.644999999999996
0
LINE
8
BLACK
6
CONTINUOUS
10
108.4699999999999989
20
-81.644999999999996
11
108.4680970000000002
21
-81.6545670000000001
0
LINE
8
BLACK
6
CONTINUOUS
10
108.4680970000000002
20
-81.6545670000000001
11
108.4545669999999973
21
-81.668097000000003
0
LINE
8
BLACK
6
CONTINUOUS
10
108.4545669999999973
20
-81.668097000000003
11
108.4449999999999932
21
-81.6700000000000017
0
LINE
8
BLACK
6
CONTINUOUS
10
108.4449999999999932
20
-81.6700000000000017
11
104.9050000000000011
21
-81.6700000000000017
0
LINE
8
BLACK
6
CONTINUOUS
10
104.9050000000000011
20
-81.6700000000000017
11
104.895432999999997
21
-81.668097000000003
0
LINE
8
BLACK
6
CONTINUOUS
10
104.895432999999997
20
-81.668097000000003
11
104.8819029999999941
21
-81.6545670000000001
0
LINE
8
BLACK
6
CONTINUOUS
10
104.8819029999999941
20
-81.6545670000000001
11
104.8799999999999955
21
-81.644999999999996
0
LINE
8
BLACK
6
CONTINUOUS
10
104.8799999999999955
20
-81.644999999999996
11
104.8799999999999955
21
-75.5549999999999926
0
LINE
8
BLACK
6
CONTINUOUS
10
104.8799999999999955
20
-75.5549999999999926
11
104.8819029999999941
21
-75.5454330000000027
0
LINE
8
BLACK
6
CONTINUOUS
10
104.8819029999999941
20
-75.5454330000000027
11
104.895432999999997
21
-75.5319029999999998
0
LINE
8
BLACK
6
CONTINUOUS
10
104.895432999999997
20
-75.5319029999999998
11
104.9050000000000011
21
-75.5300000000000011
0
LINE
8
BLACK
6
CONTINUOUS
10
104.9050000000000011
20
-75.5300000000000011
11
108.4449999999999932
21
-75.5300000000000011
0
LINE
8
BLACK
6
CONTINUOUS
10
108.4449999999999932
20
-75.5300000000000011
11
108.4545669999999973
21
-75.5319029999999998
0
LINE
8
BLACK
6
CONTINUOUS
10
104.9299999999999926
20
-75.5799999999999983
11
104.9299999999999926
21
-81.6199999999999903
0
LINE
8
BLACK
6
CONTINUOUS
10
104.9299999999999926
20
-81.6199999999999903
11
108.4200000000000017
21
-81.6199999999999903
0
LINE
8
BLACK
6
CONTINUOUS
10
108.4200000000000017
20
-81.6199999999999903
11
108.4200000000000017
21
-75.5799999999999983
0
LINE
8
BLACK
6
CONTINUOUS
10
108.4200000000000017
20
-75.5799999999999983
11
104.9299999999999926
21
-75.5799999999999983
0
LINE
8
BLACK
6
CONTINUOUS
10
143.5895669999999882
20
-69.3444530000000015
11
143.6030969999999911
21
-69.3579829999999902
0
LINE
8
BLACK
6
CONTINUOUS
10
143.6030969999999911
20
-69.3579829999999902
11
143.6049999999999898
21
-69.3675499999999943
0
LINE
8
BLACK
6
CONTINUOUS
10
143.6049999999999898
20
-69.3675499999999943
11
143.6049999999999898
21
-81.6275499999999994
0
LINE
8
BLACK
6
CONTINUOUS
10
143.6049999999999898
20
-81.6275499999999994
11
143.6030969999999911
21
-81.6371169999999893
0
LINE
8
BLACK
6
CONTINUOUS
10
143.6030969999999911
20
-81.6371169999999893
11
143.5895669999999882
21
-81.6506469999999922
0
LINE
8
BLACK
6
CONTINUOUS
10
143.5895669999999882
20
-81.6506469999999922
11
143.5799999999999841
21
-81.6525499999999909
0
LINE
8
BLACK
6
CONTINUOUS
10
143.5799999999999841
20
-81.6525499999999909
11
140.5799999999999841
21
-81.6525499999999909
0
LINE
8
BLACK
6
CONTINUOUS
10
140.5799999999999841
20
-81.6525499999999909
11
140.57043299999998
21
-81.6506469999999922
0
LINE
8
BLACK
6
CONTINUOUS
10
140.57043299999998
20
-81.6506469999999922
11
140.5569030000000055
21
-81.6371169999999893
0
LINE
8
BLACK
6
CONTINUOUS
10
140.5569030000000055
20
-81.6371169999999893
11
140.5550000000000068
21
-81.6275499999999994
0
LINE
8
BLACK
6
CONTINUOUS
10
140.5550000000000068
20
-81.6275499999999994
11
140.5550000000000068
21
-69.3675499999999943
0
LINE
8
BLACK
6
CONTINUOUS
10
140.5550000000000068
20
-69.3675499999999943
11
140.5569030000000055
21
-69.3579829999999902
0
LINE
8
BLACK
6
CONTINUOUS
10
140.5569030000000055
20
-69.3579829999999902
11
140.57043299999998
21
-69.3444530000000015
0
LINE
8
BLACK
6
CONTINUOUS
10
140.57043299999998
20
-69.3444530000000015
11
140.5799999999999841
21
-69.3425500000000028
0
LINE
8
BLACK
6
CONTINUOUS
10
140.5799999999999841
20
-69.3425500000000028
11
143.5799999999999841
21
-69.3425500000000028
0
LINE
8
BLACK
6
CONTINUOUS
10
143.5799999999999841
20
-69.3425500000000028
11
143.5895669999999882
21
-69.3444530000000015
0
LINE
8
BLACK
6
CONTINUOUS
10
140.6049999999999898
20
-69.39255
11
140.6049999999999898
21
-81.6025499999999937
0
LINE
8
BLACK
6
CONTINUOUS
10
140.6049999999999898
20
-81.6025499999999937
11
143.5550000000000068
21
-81.6025499999999937
0
LINE
8
BLACK
6
CONTINUOUS
10
143.5550000000000068
20
-81.6025499999999937
11
143.5550000000000068
21
-69.39255
0
LINE
8
BLACK
6
CONTINUOUS
10
143.5550000000000068
20
-69.39255
11
140.6049999999999898
21
-69.39255
0
LINE
8
BLACK
6
CONTINUOUS
10
163.9294469999999819
20
-77.1568790000000035
11
163.9309229999999786
21
-77.1568749999999994
0
LINE
8
BLACK
6
CONTINUOUS
10
163.9309229999999786
20
-77.1568749999999994
11
163.9444939999999917
21
-77.1703649999999897
0
LINE
8
BLACK
6
CONTINUOUS
10
163.9444939999999917
20
-77.1703649999999897
11
163.946425000000005
21
-77.1799259999999947
0
LINE
8
BLACK
6
CONTINUOUS
10
163.946425000000005
20
-77.1799259999999947
11
163.9542280000000005
21
-79.809742
0
LINE
8
BLACK
6
CONTINUOUS
10
163.9542280000000005
20
-79.809742
11
163.952352999999988
21
-79.8193150000000031
0
LINE
8
BLACK
6
CONTINUOUS
10
163.952352999999988
20
-79.8193150000000031
11
163.9388629999999978
21
-79.8328849999999903
0
LINE
8
BLACK
6
CONTINUOUS
10
163.9388629999999978
20
-79.8328849999999903
11
163.9298969999999827
21
-79.8329109999999957
0
LINE
8
BLACK
6
CONTINUOUS
10
163.9298969999999827
20
-79.8329109999999957
11
163.9297329999999988
21
-79.833077000000003
0
LINE
8
BLACK
6
CONTINUOUS
10
163.9297329999999988
20
-79.833077000000003
11
163.9201699999999846
21
-79.8349999999999937
0
LINE
8
BLACK
6
CONTINUOUS
10
163.9201699999999846
20
-79.8349999999999937
11
154.1200509999999895
21
-79.8549999999999898
0
LINE
8
BLACK
6
CONTINUOUS
10
154.1200509999999895
20
-79.8549999999999898
11
154.1104799999999955
21
-79.853116
0
LINE
8
BLACK
6
CONTINUOUS
10
154.1104799999999955
20
-79.853116
11
154.1104289999999821
21
-79.8530650000000009
0
LINE
8
BLACK
6
CONTINUOUS
10
154.1104289999999821
20
-79.8530650000000009
11
154.1103559999999959
21
-79.8530650000000009
0
LINE
8
BLACK
6
CONTINUOUS
10
154.1103559999999959
20
-79.8530650000000009
11
154.1036000000000001
21
-79.8462639999999908
0
LINE
8
BLACK
6
CONTINUOUS
10
154.1036000000000001
20
-79.8462639999999908
11
154.0969230000000039
21
-79.8396139999999974
0
LINE
8
BLACK
6
CONTINUOUS
10
154.0969230000000039
20
-79.8396139999999974
11
154.0969220000000064
21
-79.8395419999999945
0
LINE
8
BLACK
6
CONTINUOUS
10
154.0969220000000064
20
-79.8395419999999945
11
154.096870999999993
21
-79.8394899999999978
0
LINE
8
BLACK
6
CONTINUOUS
10
154.096870999999993
20
-79.8394899999999978
11
154.0949999999999989
21
-79.8299169999999947
0
LINE
8
BLACK
6
CONTINUOUS
10
154.0949999999999989
20
-79.8299169999999947
11
154.1038099999999815
21
-77.1799170000000032
0
LINE
8
BLACK
6
CONTINUOUS
10
154.1038099999999815
20
-77.1799170000000032
11
154.1057449999999847
21
-77.1703559999999982
0
LINE
8
BLACK
6
CONTINUOUS
10
154.1057449999999847
20
-77.1703559999999982
11
154.1193199999999877
21
-77.1568709999999953
0
LINE
8
BLACK
6
CONTINUOUS
10
154.1193199999999877
20
-77.1568709999999953
11
154.1205719999999815
21
-77.1568749999999994
0
LINE
8
BLACK
6
CONTINUOUS
10
154.1205719999999815
20
-77.1568749999999994
11
154.1299999999999955
21
-77.1550000000000011
0
LINE
8
BLACK
6
CONTINUOUS
10
154.1299999999999955
20
-77.1550000000000011
11
163.9199999999999875
21
-77.1550000000000011
0
LINE
8
BLACK
6
CONTINUOUS
10
163.9199999999999875
20
-77.1550000000000011
11
163.9294469999999819
21
-77.1568790000000035
0
LINE
8
BLACK
6
CONTINUOUS
10
154.1537270000000035
20
-77.2049999999999983
11
154.1450829999999996
21
-79.804947999999996
0
LINE
8
BLACK
6
CONTINUOUS
10
154.1450829999999996
20
-79.804947999999996
11
163.9041540000000055
21
-79.7850320000000011
0
LINE
8
BLACK
6
CONTINUOUS
10
163.9041540000000055
20
-79.7850320000000011
11
163.8964990000000057
21
-77.2049999999999983
0
LINE
8
BLACK
6
CONTINUOUS
10
163.8964990000000057
20
-77.2049999999999983
11
154.1537270000000035
21
-77.2049999999999983
0
LINE
8
BLACK
6
CONTINUOUS
10
138.830112999999983
20
-69.2837509999999952
11
138.8396740000000023
21
-69.2856859999999983
0
LINE
8
BLACK
6
CONTINUOUS
10
138.8396740000000023
20
-69.2856859999999983
11
138.8531590000000051
21
-69.2992610000000013
0
LINE
8
BLACK
6
CONTINUOUS
10
138.8531590000000051
20
-69.2992610000000013
11
138.8531539999999893
21
-69.3005129999999951
0
LINE
8
BLACK
6
CONTINUOUS
10
138.8531539999999893
20
-69.3005129999999951
11
138.8550299999999993
21
-69.3099409999999949
0
LINE
8
BLACK
6
CONTINUOUS
10
138.8550299999999993
20
-69.3099409999999949
11
138.8550299999999993
21
-79.0999410000000012
0
LINE
8
BLACK
6
CONTINUOUS
10
138.8550299999999993
20
-79.0999410000000012
11
138.8531509999999969
21
-79.1093839999999915
0
LINE
8
BLACK
6
CONTINUOUS
10
138.8531509999999969
20
-79.1093839999999915
11
138.8531559999999843
21
-79.1108639999999923
0
LINE
8
BLACK
6
CONTINUOUS
10
138.8531559999999843
20
-79.1108639999999923
11
138.839665999999994
21
-79.1244349999999912
0
LINE
8
BLACK
6
CONTINUOUS
10
138.839665999999994
20
-79.1244349999999912
11
138.8301050000000032
21
-79.1263659999999902
0
LINE
8
BLACK
6
CONTINUOUS
10
138.8301050000000032
20
-79.1263659999999902
11
136.2002880000000005
21
-79.134169
0
LINE
8
BLACK
6
CONTINUOUS
10
136.2002880000000005
20
-79.134169
11
136.1907159999999806
21
-79.1322940000000017
0
LINE
8
BLACK
6
CONTINUOUS
10
136.1907159999999806
20
-79.1322940000000017
11
136.1771449999999959
21
-79.1188039999999972
0
LINE
8
BLACK
6
CONTINUOUS
10
136.1771449999999959
20
-79.1188039999999972
11
136.1771180000000072
21
-79.1098389999999938
0
LINE
8
BLACK
6
CONTINUOUS
10
136.1771180000000072
20
-79.1098389999999938
11
136.1769529999999975
21
-79.1096739999999983
0
LINE
8
BLACK
6
CONTINUOUS
10
136.1769529999999975
20
-79.1096739999999983
11
136.1750299999999925
21
-79.1001109999999983
0
LINE
8
BLACK
6
CONTINUOUS
10
136.1750299999999925
20
-79.1001109999999983
11
136.1550299999999822
21
-69.2999920000000031
0
LINE
8
BLACK
6
CONTINUOUS
10
136.1550299999999822
20
-69.2999920000000031
11
136.1569140000000004
21
-69.2904209999999949
0
LINE
8
BLACK
6
CONTINUOUS
10
136.1569140000000004
20
-69.2904209999999949
11
136.1569639999999879
21
-69.2903699999999958
0
LINE
8
BLACK
6
CONTINUOUS
10
136.1569639999999879
20
-69.2903699999999958
11
136.1569649999999854
21
-69.2902969999999954
0
LINE
8
BLACK
6
CONTINUOUS
10
136.1569649999999854
20
-69.2902969999999954
11
136.1637649999999837
21
-69.2835409999999996
0
LINE
8
BLACK
6
CONTINUOUS
10
136.1637649999999837
20
-69.2835409999999996
11
136.1704159999999888
21
-69.2768640000000033
0
LINE
8
BLACK
6
CONTINUOUS
10
136.1704159999999888
20
-69.2768640000000033
11
136.1704869999999801
21
-69.2768629999999916
0
LINE
8
BLACK
6
CONTINUOUS
10
136.1704869999999801
20
-69.2768629999999916
11
136.1705399999999884
21
-69.2768119999999925
0
LINE
8
BLACK
6
CONTINUOUS
10
136.1705399999999884
20
-69.2768119999999925
11
136.1801130000000057
21
-69.2749409999999983
0
LINE
8
BLACK
6
CONTINUOUS
10
136.1801130000000057
20
-69.2749409999999983
11
138.830112999999983
21
-69.2837509999999952
0
LINE
8
BLACK
6
CONTINUOUS
10
136.2249970000000019
20
-79.0840949999999907
11
138.8050299999999879
21
-79.0764389999999935
0
LINE
8
BLACK
6
CONTINUOUS
10
138.8050299999999879
20
-79.0764389999999935
11
138.8050299999999879
21
-69.333668000000003
0
LINE
8
BLACK
6
CONTINUOUS
10
138.8050299999999879
20
-69.333668000000003
11
136.205081000000007
21
-69.3250239999999991
0
LINE
8
BLACK
6
CONTINUOUS
10
136.205081000000007
20
-69.3250239999999991
11
136.2249970000000019
21
-79.0840949999999907
0
LINE
8
BLACK
6
CONTINUOUS
10
135.809566999999987
20
-65.476902999999993
11
135.82309699999999
21
-65.4904329999999959
0
LINE
8
BLACK
6
CONTINUOUS
10
135.82309699999999
20
-65.4904329999999959
11
135.8249999999999886
21
-65.5
0
LINE
8
BLACK
6
CONTINUOUS
10
135.8249999999999886
20
-65.5
11
135.8249999999999886
21
-77.7599999999999909
0
LINE
8
BLACK
6
CONTINUOUS
10
135.8249999999999886
20
-77.7599999999999909
11
135.82309699999999
21
-77.769566999999995
0
LINE
8
BLACK
6
CONTINUOUS
10
135.82309699999999
20
-77.769566999999995
11
135.809566999999987
21
-77.7830969999999979
0
LINE
8
BLACK
6
CONTINUOUS
10
135.809566999999987
20
-77.7830969999999979
11
135.7999999999999829
21
-77.7849999999999966
0
LINE
8
BLACK
6
CONTINUOUS
10
135.7999999999999829
20
-77.7849999999999966
11
132.7999999999999829
21
-77.7849999999999966
0
LINE
8
BLACK
6
CONTINUOUS
10
132.7999999999999829
20
-77.7849999999999966
11
132.7904330000000073
21
-77.7830969999999979
0
LINE
8
BLACK
6
CONTINUOUS
10
132.7904330000000073
20
-77.7830969999999979
11
132.7769030000000043
21
-77.769566999999995
0
LINE
8
BLACK
6
CONTINUOUS
10
132.7769030000000043
20
-77.769566999999995
11
132.7750000000000057
21
-77.7599999999999909
0
LINE
8
BLACK
6
CONTINUOUS
10
132.7750000000000057
20
-77.7599999999999909
11
132.7750000000000057
21
-65.5
0
LINE
8
BLACK
6
CONTINUOUS
10
132.7750000000000057
20
-65.5
11
132.7769030000000043
21
-65.4904329999999959
0
LINE
8
BLACK
6
CONTINUOUS
10
132.7769030000000043
20
-65.4904329999999959
11
132.7904330000000073
21
-65.476902999999993
0
LINE
8
BLACK
6
CONTINUOUS
10
132.7904330000000073
20
-65.476902999999993
11
132.7999999999999829
21
-65.4749999999999943
0
LINE
8
BLACK
6
CONTINUOUS
10
132.7999999999999829
20
-65.4749999999999943
11
135.7999999999999829
21
-65.4749999999999943
0
LINE
8
BLACK
6
CONTINUOUS
10
135.7999999999999829
20
-65.4749999999999943
11
135.809566999999987
21
-65.476902999999993
0
LINE
8
BLACK
6
CONTINUOUS
10
132.8249999999999886
20
-65.5249999999999915
11
132.8249999999999886
21
-77.7349999999999994
0
LINE
8
BLACK
6
CONTINUOUS
10
132.8249999999999886
20
-77.7349999999999994
11
135.7750000000000057
21
-77.7349999999999994
0
LINE
8
BLACK
6
CONTINUOUS
10
135.7750000000000057
20
-77.7349999999999994
11
135.7750000000000057
21
-65.5249999999999915
0
LINE
8
BLACK
6
CONTINUOUS
10
135.7750000000000057
20
-65.5249999999999915
11
132.8249999999999886
21
-65.5249999999999915
0
LINE
8
BLACK
6
CONTINUOUS
10
151.8395669999999882
20
-74.7369029999999981
11
151.8530969999999911
21
-74.750433000000001
0
LINE
8
BLACK
6
CONTINUOUS
10
151.8530969999999911
20
-74.750433000000001
11
151.8549999999999898
21
-74.7599999999999909
0
LINE
8
BLACK
6
CONTINUOUS
10
151.8549999999999898
20
-74.7599999999999909
11
151.8549999999999898
21
-77.2599999999999909
0
LINE
8
BLACK
6
CONTINUOUS
10
151.8549999999999898
20
-77.2599999999999909
11
151.8530969999999911
21
-77.269566999999995
0
LINE
8
BLACK
6
CONTINUOUS
10
151.8530969999999911
20
-77.269566999999995
11
151.8395669999999882
21
-77.2830969999999979
0
LINE
8
BLACK
6
CONTINUOUS
10
151.8395669999999882
20
-77.2830969999999979
11
151.8299999999999841
21
-77.2849999999999966
0
LINE
8
BLACK
6
CONTINUOUS
10
151.8299999999999841
20
-77.2849999999999966
11
147.2299999999999898
21
-77.2849999999999966
0
LINE
8
BLACK
6
CONTINUOUS
10
147.2299999999999898
20
-77.2849999999999966
11
147.2204329999999857
21
-77.2830969999999979
0
LINE
8
BLACK
6
CONTINUOUS
10
147.2204329999999857
20
-77.2830969999999979
11
147.2069029999999827
21
-77.269566999999995
0
LINE
8
BLACK
6
CONTINUOUS
10
147.2069029999999827
20
-77.269566999999995
11
147.2049999999999841
21
-77.2599999999999909
0
LINE
8
BLACK
6
CONTINUOUS
10
147.2049999999999841
20
-77.2599999999999909
11
147.2049999999999841
21
-74.7599999999999909
0
LINE
8
BLACK
6
CONTINUOUS
10
147.2049999999999841
20
-74.7599999999999909
11
147.2069029999999827
21
-74.750433000000001
0
LINE
8
BLACK
6
CONTINUOUS
10
147.2069029999999827
20
-74.750433000000001
11
147.2204329999999857
21
-74.7369029999999981
0
LINE
8
BLACK
6
CONTINUOUS
10
147.2204329999999857
20
-74.7369029999999981
11
147.2299999999999898
21
-74.7349999999999994
0
LINE
8
BLACK
6
CONTINUOUS
10
147.2299999999999898
20
-74.7349999999999994
11
151.8299999999999841
21
-74.7349999999999994
0
LINE
8
BLACK
6
CONTINUOUS
10
151.8299999999999841
20
-74.7349999999999994
11
151.8395669999999882
21
-74.7369029999999981
0
LINE
8
BLACK
6
CONTINUOUS
10
147.2549999999999955
20
-74.7849999999999966
11
147.2549999999999955
21
-77.2349999999999994
0
LINE
8
BLACK
6
CONTINUOUS
10
147.2549999999999955
20
-77.2349999999999994
11
151.8050000000000068
21
-77.2349999999999994
0
LINE
8
BLACK
6
CONTINUOUS
10
151.8050000000000068
20
-77.2349999999999994
11
151.8050000000000068
21
-74.7849999999999966
0
LINE
8
BLACK
6
CONTINUOUS
10
151.8050000000000068
20
-74.7849999999999966
11
147.2549999999999955
21
-74.7849999999999966
0
LINE
8
BLACK
6
CONTINUOUS
10
191.269566999999995
20
-65.456902999999997
11
191.2708020000000033
21
-65.4581379999999911
0
LINE
8
BLACK
6
CONTINUOUS
10
191.2708020000000033
20
-65.4581379999999911
11
191.2725360000000023
21
-65.4583700000000022
0
LINE
8
BLACK
6
CONTINUOUS
10
191.2725360000000023
20
-65.4583700000000022
11
191.2798589999999876
21
-65.4648140000000041
0
LINE
8
BLACK
6
CONTINUOUS
10
191.2798589999999876
20
-65.4648140000000041
11
192.579858999999999
21
-67.1648129999999952
0
LINE
8
BLACK
6
CONTINUOUS
10
192.579858999999999
20
-67.1648129999999952
11
192.5821559999999977
21
-67.1694919999999911
0
LINE
8
BLACK
6
CONTINUOUS
10
192.5821559999999977
20
-67.1694919999999911
11
192.5830969999999809
21
-67.1704330000000027
0
LINE
8
BLACK
6
CONTINUOUS
10
192.5830969999999809
20
-67.1704330000000027
11
192.583422999999982
21
-67.172072
0
LINE
8
BLACK
6
CONTINUOUS
10
192.583422999999982
20
-67.172072
11
192.5841580000000022
21
-67.1735690000000005
0
LINE
8
BLACK
6
CONTINUOUS
10
192.5841580000000022
20
-67.1735690000000005
11
192.5839819999999918
21
-67.1748850000000033
0
LINE
8
BLACK
6
CONTINUOUS
10
192.5839819999999918
20
-67.1748850000000033
11
192.5849999999999795
21
-67.1799999999999926
0
LINE
8
BLACK
6
CONTINUOUS
10
192.5849999999999795
20
-67.1799999999999926
11
192.5849999999999795
21
-76.6799999999999926
0
LINE
8
BLACK
6
CONTINUOUS
10
192.5849999999999795
20
-76.6799999999999926
11
192.5830969999999809
21
-76.6895669999999967
0
LINE
8
BLACK
6
CONTINUOUS
10
192.5830969999999809
20
-76.6895669999999967
11
192.569566999999978
21
-76.7030969999999996
0
LINE
8
BLACK
6
CONTINUOUS
10
192.569566999999978
20
-76.7030969999999996
11
192.5600000000000023
21
-76.7049999999999983
0
LINE
8
BLACK
6
CONTINUOUS
10
192.5600000000000023
20
-76.7049999999999983
11
186.3599999999999852
21
-76.7049999999999983
0
LINE
8
BLACK
6
CONTINUOUS
10
186.3599999999999852
20
-76.7049999999999983
11
186.3504329999999811
21
-76.7030969999999996
0
LINE
8
BLACK
6
CONTINUOUS
10
186.3504329999999811
20
-76.7030969999999996
11
186.3369029999999782
21
-76.6895669999999967
0
LINE
8
BLACK
6
CONTINUOUS
10
186.3369029999999782
20
-76.6895669999999967
11
186.3349999999999795
21
-76.6799999999999926
0
LINE
8
BLACK
6
CONTINUOUS
10
186.3349999999999795
20
-76.6799999999999926
11
186.3349999999999795
21
-67.1799999999999926
0
LINE
8
BLACK
6
CONTINUOUS
10
186.3349999999999795
20
-67.1799999999999926
11
186.3360160000000008
21
-67.1748869999999982
0
LINE
8
BLACK
6
CONTINUOUS
10
186.3360160000000008
20
-67.1748869999999982
11
186.3358409999999878
21
-67.1735690000000005
0
LINE
8
BLACK
6
CONTINUOUS
10
186.3358409999999878
20
-67.1735690000000005
11
186.3365770000000055
21
-67.1720689999999934
0
LINE
8
BLACK
6
CONTINUOUS
10
186.3365770000000055
20
-67.1720689999999934
11
186.3369029999999782
21
-67.1704330000000027
0
LINE
8
BLACK
6
CONTINUOUS
10
186.3369029999999782
20
-67.1704330000000027
11
186.3378419999999949
21
-67.1694930000000028
0
LINE
8
BLACK
6
CONTINUOUS
10
186.3378419999999949
20
-67.1694930000000028
11
186.3401409999999885
21
-67.1648139999999927
0
LINE
8
BLACK
6
CONTINUOUS
10
186.3401409999999885
20
-67.1648139999999927
11
187.6401409999999998
21
-65.4648140000000041
0
LINE
8
BLACK
6
CONTINUOUS
10
187.6401409999999998
20
-65.4648140000000041
11
187.6474639999999852
21
-65.4583700000000022
0
LINE
8
BLACK
6
CONTINUOUS
10
187.6474639999999852
20
-65.4583700000000022
11
187.6491959999999892
21
-65.4581390000000027
0
LINE
8
BLACK
6
CONTINUOUS
10
187.6491959999999892
20
-65.4581390000000027
11
187.6504329999999925
21
-65.456902999999997
0
LINE
8
BLACK
6
CONTINUOUS
10
187.6504329999999925
20
-65.456902999999997
11
187.6599999999999966
21
-65.4549999999999983
0
LINE
8
BLACK
6
CONTINUOUS
10
187.6599999999999966
20
-65.4549999999999983
11
191.2599999999999909
21
-65.4549999999999983
0
LINE
8
BLACK
6
CONTINUOUS
10
191.2599999999999909
20
-65.4549999999999983
11
191.269566999999995
21
-65.456902999999997
0
LINE
8
BLACK
6
CONTINUOUS
10
187.6723549999999818
20
-65.5049999999999955
11
186.3849999999999909
21
-67.1884629999999987
0
LINE
8
BLACK
6
CONTINUOUS
10
186.3849999999999909
20
-67.1884629999999987
11
186.3849999999999909
21
-76.6550000000000011
0
LINE
8
BLACK
6
CONTINUOUS
10
186.3849999999999909
20
-76.6550000000000011
11
192.5349999999999966
21
-76.6550000000000011
0
LINE
8
BLACK
6
CONTINUOUS
10
192.5349999999999966
20
-76.6550000000000011
11
192.5349999999999966
21
-67.1884629999999987
0
LINE
8
BLACK
6
CONTINUOUS
10
192.5349999999999966
20
-67.1884629999999987
11
191.2476460000000031
21
-65.5049999999999955
0
LINE
8
BLACK
6
CONTINUOUS
10
191.2476460000000031
20
-65.5049999999999955
11
187.6723549999999818
21
-65.5049999999999955
0
LINE
8
BLACK
6
CONTINUOUS
10
184.3595669999999984
20
-65.4369030000000009
11
184.3608019999999783
21
-65.438137999999995
0
LINE
8
BLACK
6
CONTINUOUS
10
184.3608019999999783
20
-65.438137999999995
11
184.3625360000000057
21
-65.4383699999999919
0
LINE
8
BLACK
6
CONTINUOUS
10
184.3625360000000057
20
-65.4383699999999919
11
184.3698589999999911
21
-65.4448139999999938
0
LINE
8
BLACK
6
CONTINUOUS
10
184.3698589999999911
20
-65.4448139999999938
11
185.6698590000000024
21
-67.1448129999999992
0
LINE
8
BLACK
6
CONTINUOUS
10
185.6698590000000024
20
-67.1448129999999992
11
185.6721560000000011
21
-67.1494919999999951
0
LINE
8
BLACK
6
CONTINUOUS
10
185.6721560000000011
20
-67.1494919999999951
11
185.6730969999999843
21
-67.1504329999999925
0
LINE
8
BLACK
6
CONTINUOUS
10
185.6730969999999843
20
-67.1504329999999925
11
185.6734229999999854
21
-67.152072000000004
0
LINE
8
BLACK
6
CONTINUOUS
10
185.6734229999999854
20
-67.152072000000004
11
185.6741580000000056
21
-67.1535689999999903
0
LINE
8
BLACK
6
CONTINUOUS
10
185.6741580000000056
20
-67.1535689999999903
11
185.6739819999999952
21
-67.1548849999999931
0
LINE
8
BLACK
6
CONTINUOUS
10
185.6739819999999952
20
-67.1548849999999931
11
185.6749999999999829
21
-67.1599999999999966
0
LINE
8
BLACK
6
CONTINUOUS
10
185.6749999999999829
20
-67.1599999999999966
11
185.6749999999999829
21
-76.6599999999999966
0
LINE
8
BLACK
6
CONTINUOUS
10
185.6749999999999829
20
-76.6599999999999966
11
185.6730969999999843
21
-76.6695670000000007
0
LINE
8
BLACK
6
CONTINUOUS
10
185.6730969999999843
20
-76.6695670000000007
11
185.6595669999999814
21
-76.6830970000000036
0
LINE
8
BLACK
6
CONTINUOUS
10
185.6595669999999814
20
-76.6830970000000036
11
185.6500000000000057
21
-76.6850000000000023
0
LINE
8
BLACK
6
CONTINUOUS
10
185.6500000000000057
20
-76.6850000000000023
11
179.4499999999999886
21
-76.6850000000000023
0
LINE
8
BLACK
6
CONTINUOUS
10
179.4499999999999886
20
-76.6850000000000023
11
179.4404329999999845
21
-76.6830970000000036
0
LINE
8
BLACK
6
CONTINUOUS
10
179.4404329999999845
20
-76.6830970000000036
11
179.4269029999999816
21
-76.6695670000000007
0
LINE
8
BLACK
6
CONTINUOUS
10
179.4269029999999816
20
-76.6695670000000007
11
179.4249999999999829
21
-76.6599999999999966
0
LINE
8
BLACK
6
CONTINUOUS
10
179.4249999999999829
20
-76.6599999999999966
11
179.4249999999999829
21
-67.1599999999999966
0
LINE
8
BLACK
6
CONTINUOUS
10
179.4249999999999829
20
-67.1599999999999966
11
179.4260160000000042
21
-67.1548870000000022
0
LINE
8
BLACK
6
CONTINUOUS
10
179.4260160000000042
20
-67.1548870000000022
11
179.4258409999999913
21
-67.1535689999999903
0
LINE
8
BLACK
6
CONTINUOUS
10
179.4258409999999913
20
-67.1535689999999903
11
179.4265769999999804
21
-67.1520689999999973
0
LINE
8
BLACK
6
CONTINUOUS
10
179.4265769999999804
20
-67.1520689999999973
11
179.4269029999999816
21
-67.1504329999999925
0
LINE
8
BLACK
6
CONTINUOUS
10
179.4269029999999816
20
-67.1504329999999925
11
179.4278419999999983
21
-67.1494929999999925
0
LINE
8
BLACK
6
CONTINUOUS
10
179.4278419999999983
20
-67.1494929999999925
11
179.4301409999999919
21
-67.1448139999999967
0
LINE
8
BLACK
6
CONTINUOUS
10
179.4301409999999919
20
-67.1448139999999967
11
180.7301410000000033
21
-65.4448139999999938
0
LINE
8
BLACK
6
CONTINUOUS
10
180.7301410000000033
20
-65.4448139999999938
11
180.7374639999999886
21
-65.4383699999999919
0
LINE
8
BLACK
6
CONTINUOUS
10
180.7374639999999886
20
-65.4383699999999919
11
180.7391959999999926
21
-65.4381389999999925
0
LINE
8
BLACK
6
CONTINUOUS
10
180.7391959999999926
20
-65.4381389999999925
11
180.7404329999999959
21
-65.4369030000000009
0
LINE
8
BLACK
6
CONTINUOUS
10
180.7404329999999959
20
-65.4369030000000009
11
180.75
21
-65.4350000000000023
0
LINE
8
BLACK
6
CONTINUOUS
10
180.75
20
-65.4350000000000023
11
184.3499999999999943
21
-65.4350000000000023
0
LINE
8
BLACK
6
CONTINUOUS
10
184.3499999999999943
20
-65.4350000000000023
11
184.3595669999999984
21
-65.4369030000000009
0
LINE
8
BLACK
6
CONTINUOUS
10
180.7623549999999852
20
-65.4849999999999994
11
179.4749999999999943
21
-67.1684630000000027
0
LINE
8
BLACK
6
CONTINUOUS
10
179.4749999999999943
20
-67.1684630000000027
11
179.4749999999999943
21
-76.6349999999999909
0
LINE
8
BLACK
6
CONTINUOUS
10
179.4749999999999943
20
-76.6349999999999909
11
185.625
21
-76.6349999999999909
0
LINE
8
BLACK
6
CONTINUOUS
10
185.625
20
-76.6349999999999909
11
185.625
21
-67.1684630000000027
0
LINE
8
BLACK
6
CONTINUOUS
10
185.625
20
-67.1684630000000027
11
184.3376459999999781
21
-65.4849999999999994
0
LINE
8
BLACK
6
CONTINUOUS
10
184.3376459999999781
20
-65.4849999999999994
11
180.7623549999999852
21
-65.4849999999999994
0
LINE
8
BLACK
6
CONTINUOUS
10
164.1093879999999956
20
-71.8968490000000031
11
164.1108639999999923
21
-71.896844999999999
0
LINE
8
BLACK
6
CONTINUOUS
10
164.1108639999999923
20
-71.896844999999999
11
164.1244350000000054
21
-71.9103350000000034
0
LINE
8
BLACK
6
CONTINUOUS
10
164.1244350000000054
20
-71.9103350000000034
11
164.1263659999999902
21
-71.9198959999999943
0
LINE
8
BLACK
6
CONTINUOUS
10
164.1263659999999902
20
-71.9198959999999943
11
164.1341689999999858
21
-74.5497119999999995
0
LINE
8
BLACK
6
CONTINUOUS
10
164.1341689999999858
20
-74.5497119999999995
11
164.1322940000000017
21
-74.5592850000000027
0
LINE
8
BLACK
6
CONTINUOUS
10
164.1322940000000017
20
-74.5592850000000027
11
164.118803999999983
21
-74.5728549999999899
0
LINE
8
BLACK
6
CONTINUOUS
10
164.118803999999983
20
-74.5728549999999899
11
164.1098379999999963
21
-74.5728809999999953
0
LINE
8
BLACK
6
CONTINUOUS
10
164.1098379999999963
20
-74.5728809999999953
11
164.1096739999999841
21
-74.5730470000000025
0
LINE
8
BLACK
6
CONTINUOUS
10
164.1096739999999841
20
-74.5730470000000025
11
164.1001109999999983
21
-74.5749699999999933
0
LINE
8
BLACK
6
CONTINUOUS
10
164.1001109999999983
20
-74.5749699999999933
11
154.2999920000000031
21
-74.5949700000000036
0
LINE
8
BLACK
6
CONTINUOUS
10
154.2999920000000031
20
-74.5949700000000036
11
154.2904209999999807
21
-74.5930859999999996
0
LINE
8
BLACK
6
CONTINUOUS
10
154.2904209999999807
20
-74.5930859999999996
11
154.2903699999999958
21
-74.5930350000000004
0
LINE
8
BLACK
6
CONTINUOUS
10
154.2903699999999958
20
-74.5930350000000004
11
154.2902969999999812
21
-74.5930350000000004
0
LINE
8
BLACK
6
CONTINUOUS
10
154.2902969999999812
20
-74.5930350000000004
11
154.2835409999999854
21
-74.5862339999999904
0
LINE
8
BLACK
6
CONTINUOUS
10
154.2835409999999854
20
-74.5862339999999904
11
154.2768639999999891
21
-74.579583999999997
0
LINE
8
BLACK
6
CONTINUOUS
10
154.2768639999999891
20
-74.579583999999997
11
154.2768629999999916
21
-74.579511999999994
0
LINE
8
BLACK
6
CONTINUOUS
10
154.2768629999999916
20
-74.579511999999994
11
154.2768120000000067
21
-74.5794599999999974
0
LINE
8
BLACK
6
CONTINUOUS
10
154.2768120000000067
20
-74.5794599999999974
11
154.2749409999999841
21
-74.5698869999999943
0
LINE
8
BLACK
6
CONTINUOUS
10
154.2749409999999841
20
-74.5698869999999943
11
154.2837509999999952
21
-71.9198870000000028
0
LINE
8
BLACK
6
CONTINUOUS
10
154.2837509999999952
20
-71.9198870000000028
11
154.2856859999999983
21
-71.9103259999999977
0
LINE
8
BLACK
6
CONTINUOUS
10
154.2856859999999983
20
-71.9103259999999977
11
154.2992610000000013
21
-71.8968409999999949
0
LINE
8
BLACK
6
CONTINUOUS
10
154.2992610000000013
20
-71.8968409999999949
11
154.3005129999999951
21
-71.896844999999999
0
LINE
8
BLACK
6
CONTINUOUS
10
154.3005129999999951
20
-71.896844999999999
11
154.3099409999999807
21
-71.8949700000000007
0
LINE
8
BLACK
6
CONTINUOUS
10
154.3099409999999807
20
-71.8949700000000007
11
164.0999410000000012
21
-71.8949700000000007
0
LINE
8
BLACK
6
CONTINUOUS
10
164.0999410000000012
20
-71.8949700000000007
11
164.1093879999999956
21
-71.8968490000000031
0
LINE
8
BLACK
6
CONTINUOUS
10
154.3336679999999888
20
-71.9449699999999979
11
154.3250239999999849
21
-74.5449179999999956
0
LINE
8
BLACK
6
CONTINUOUS
10
154.3250239999999849
20
-74.5449179999999956
11
164.0840949999999907
21
-74.5250020000000006
0
LINE
8
BLACK
6
CONTINUOUS
10
164.0840949999999907
20
-74.5250020000000006
11
164.076439999999991
21
-71.9449699999999979
0
LINE
8
BLACK
6
CONTINUOUS
10
164.076439999999991
20
-71.9449699999999979
11
154.3336679999999888
21
-71.9449699999999979
0
LINE
8
BLACK
6
CONTINUOUS
10
122.2495189999999923
20
-70.2468839999999943
11
122.2495689999999939
21
-70.246933999999996
0
LINE
8
BLACK
6
CONTINUOUS
10
122.2495689999999939
20
-70.246933999999996
11
122.2496439999999893
21
-70.2469349999999935
0
LINE
8
BLACK
6
CONTINUOUS
10
122.2496439999999893
20
-70.2469349999999935
11
122.2564919999999944
21
-70.2538279999999986
0
LINE
8
BLACK
6
CONTINUOUS
10
122.2564919999999944
20
-70.2538279999999986
11
122.2630769999999956
21
-70.2603859999999969
0
LINE
8
BLACK
6
CONTINUOUS
10
122.2630769999999956
20
-70.2603859999999969
11
122.2630769999999956
21
-70.2604559999999907
0
LINE
8
BLACK
6
CONTINUOUS
10
122.2630769999999956
20
-70.2604559999999907
11
122.2631289999999922
21
-70.260508999999999
0
LINE
8
BLACK
6
CONTINUOUS
10
122.2631289999999922
20
-70.260508999999999
11
122.2650000000000006
21
-70.2700829999999996
0
LINE
8
BLACK
6
CONTINUOUS
10
122.2650000000000006
20
-70.2700829999999996
11
122.2561899999999895
21
-72.9200829999999911
0
LINE
8
BLACK
6
CONTINUOUS
10
122.2561899999999895
20
-72.9200829999999911
11
122.2542550000000006
21
-72.9296439999999961
0
LINE
8
BLACK
6
CONTINUOUS
10
122.2542550000000006
20
-72.9296439999999961
11
122.2406799999999976
21
-72.943128999999999
0
LINE
8
BLACK
6
CONTINUOUS
10
122.2406799999999976
20
-72.943128999999999
11
122.2394269999999921
21
-72.9431239999999974
0
LINE
8
BLACK
6
CONTINUOUS
10
122.2394269999999921
20
-72.9431239999999974
11
122.2299999999999898
21
-72.9449999999999932
0
LINE
8
BLACK
6
CONTINUOUS
10
122.2299999999999898
20
-72.9449999999999932
11
112.4399999999999977
21
-72.9449999999999932
0
LINE
8
BLACK
6
CONTINUOUS
10
112.4399999999999977
20
-72.9449999999999932
11
112.4305559999999957
21
-72.9431209999999908
0
LINE
8
BLACK
6
CONTINUOUS
10
112.4305559999999957
20
-72.9431209999999908
11
112.4290769999999924
21
-72.9431259999999924
0
LINE
8
BLACK
6
CONTINUOUS
10
112.4290769999999924
20
-72.9431259999999924
11
112.4155059999999935
21
-72.9296360000000021
0
LINE
8
BLACK
6
CONTINUOUS
10
112.4155059999999935
20
-72.9296360000000021
11
112.4135749999999945
21
-72.9200749999999971
0
LINE
8
BLACK
6
CONTINUOUS
10
112.4135749999999945
20
-72.9200749999999971
11
112.4057719999999989
21
-70.2902579999999944
0
LINE
8
BLACK
6
CONTINUOUS
10
112.4057719999999989
20
-70.2902579999999944
11
112.4076469999999972
21
-70.2806860000000029
0
LINE
8
BLACK
6
CONTINUOUS
10
112.4076469999999972
20
-70.2806860000000029
11
112.4211370000000016
21
-70.2671149999999898
0
LINE
8
BLACK
6
CONTINUOUS
10
112.4211370000000016
20
-70.2671149999999898
11
112.4301009999999934
21
-70.2670880000000011
0
LINE
8
BLACK
6
CONTINUOUS
10
112.4301009999999934
20
-70.2670880000000011
11
112.4302670000000006
21
-70.2669229999999914
0
LINE
8
BLACK
6
CONTINUOUS
10
112.4302670000000006
20
-70.2669229999999914
11
112.4398300000000006
21
-70.2650000000000006
0
LINE
8
BLACK
6
CONTINUOUS
10
112.4398300000000006
20
-70.2650000000000006
11
122.2399489999999957
21
-70.2449999999999903
0
LINE
8
BLACK
6
CONTINUOUS
10
122.2399489999999957
20
-70.2449999999999903
11
122.2495189999999923
21
-70.2468839999999943
0
LINE
8
BLACK
6
CONTINUOUS
10
112.4558449999999965
20
-70.3149669999999958
11
112.4635009999999937
21
-72.894999999999996
0
LINE
8
BLACK
6
CONTINUOUS
10
112.4635009999999937
20
-72.894999999999996
11
122.2062729999999959
21
-72.894999999999996
0
LINE
8
BLACK
6
CONTINUOUS
10
122.2062729999999959
20
-72.894999999999996
11
122.2149159999999881
21
-70.2950510000000008
0
LINE
8
BLACK
6
CONTINUOUS
10
122.2149159999999881
20
-70.2950510000000008
11
112.4558449999999965
21
-70.3149669999999958
0
LINE
8
BLACK
6
CONTINUOUS
10
173.1545669999999859
20
-63.8819029999999941
11
173.1680969999999888
21
-63.895432999999997
0
LINE
8
BLACK
6
CONTINUOUS
10
173.1680969999999888
20
-63.895432999999997
11
173.1699999999999875
21
-63.904999999999994
0
LINE
8
BLACK
6
CONTINUOUS
10
173.1699999999999875
20
-63.904999999999994
11
173.1699999999999875
21
-72.3449999999999989
0
LINE
8
BLACK
6
CONTINUOUS
10
173.1699999999999875
20
-72.3449999999999989
11
173.1680969999999888
21
-72.354567000000003
0
LINE
8
BLACK
6
CONTINUOUS
10
173.1680969999999888
20
-72.354567000000003
11
173.1545669999999859
21
-72.3680969999999917
0
LINE
8
BLACK
6
CONTINUOUS
10
173.1545669999999859
20
-72.3680969999999917
11
173.1449999999999818
21
-72.3699999999999903
0
LINE
8
BLACK
6
CONTINUOUS
10
173.1449999999999818
20
-72.3699999999999903
11
166.6049999999999898
21
-72.3699999999999903
0
LINE
8
BLACK
6
CONTINUOUS
10
166.6049999999999898
20
-72.3699999999999903
11
166.5954329999999857
21
-72.3680969999999917
0
LINE
8
BLACK
6
CONTINUOUS
10
166.5954329999999857
20
-72.3680969999999917
11
166.5819029999999827
21
-72.354567000000003
0
LINE
8
BLACK
6
CONTINUOUS
10
166.5819029999999827
20
-72.354567000000003
11
166.5799999999999841
21
-72.3449999999999989
0
LINE
8
BLACK
6
CONTINUOUS
10
166.5799999999999841
20
-72.3449999999999989
11
166.5799999999999841
21
-63.904999999999994
0
LINE
8
BLACK
6
CONTINUOUS
10
166.5799999999999841
20
-63.904999999999994
11
166.5819029999999827
21
-63.895432999999997
0
LINE
8
BLACK
6
CONTINUOUS
10
166.5819029999999827
20
-63.895432999999997
11
166.5954329999999857
21
-63.8819029999999941
0
LINE
8
BLACK
6
CONTINUOUS
10
166.5954329999999857
20
-63.8819029999999941
11
166.6049999999999898
21
-63.8799999999999955
0
LINE
8
BLACK
6
CONTINUOUS
10
166.6049999999999898
20
-63.8799999999999955
11
173.1449999999999818
21
-63.8799999999999955
0
LINE
8
BLACK
6
CONTINUOUS
10
173.1449999999999818
20
-63.8799999999999955
11
173.1545669999999859
21
-63.8819029999999941
0
LINE
8
BLACK
6
CONTINUOUS
10
166.6299999999999955
20
-63.9299999999999997
11
166.6299999999999955
21
-72.3199999999999932
0
LINE
8
BLACK
6
CONTINUOUS
10
166.6299999999999955
20
-72.3199999999999932
11
173.1200000000000045
21
-72.3199999999999932
0
LINE
8
BLACK
6
CONTINUOUS
10
173.1200000000000045
20
-72.3199999999999932
11
173.1200000000000045
21
-63.9299999999999997
0
LINE
8
BLACK
6
CONTINUOUS
10
173.1200000000000045
20
-63.9299999999999997
11
166.6299999999999955
21
-63.9299999999999997
0
LINE
8
BLACK
6
CONTINUOUS
10
153.4843869999999981
20
-69.1568790000000035
11
153.4858629999999948
21
-69.1568749999999994
0
LINE
8
BLACK
6
CONTINUOUS
10
153.4858629999999948
20
-69.1568749999999994
11
153.4994339999999795
21
-69.1703650000000039
0
LINE
8
BLACK
6
CONTINUOUS
10
153.4994339999999795
20
-69.1703650000000039
11
153.5013649999999927
21
-69.1799259999999947
0
LINE
8
BLACK
6
CONTINUOUS
10
153.5013649999999927
20
-69.1799259999999947
11
153.5091679999999883
21
-71.809742
0
LINE
8
BLACK
6
CONTINUOUS
10
153.5091679999999883
20
-71.809742
11
153.5072930000000042
21
-71.8193150000000031
0
LINE
8
BLACK
6
CONTINUOUS
10
153.5072930000000042
20
-71.8193150000000031
11
153.4938029999999856
21
-71.8328849999999903
0
LINE
8
BLACK
6
CONTINUOUS
10
153.4938029999999856
20
-71.8328849999999903
11
153.4848369999999989
21
-71.8329109999999957
0
LINE
8
BLACK
6
CONTINUOUS
10
153.4848369999999989
20
-71.8329109999999957
11
153.4846729999999866
21
-71.833077000000003
0
LINE
8
BLACK
6
CONTINUOUS
10
153.4846729999999866
20
-71.833077000000003
11
153.4751100000000008
21
-71.8349999999999937
0
LINE
8
BLACK
6
CONTINUOUS
10
153.4751100000000008
20
-71.8349999999999937
11
143.6749910000000057
21
-71.8549999999999898
0
LINE
8
BLACK
6
CONTINUOUS
10
143.6749910000000057
20
-71.8549999999999898
11
143.6654199999999832
21
-71.853116
0
LINE
8
BLACK
6
CONTINUOUS
10
143.6654199999999832
20
-71.853116
11
143.6653689999999983
21
-71.8530650000000009
0
LINE
8
BLACK
6
CONTINUOUS
10
143.6653689999999983
20
-71.8530650000000009
11
143.6652959999999837
21
-71.8530650000000009
0
LINE
8
BLACK
6
CONTINUOUS
10
143.6652959999999837
20
-71.8530650000000009
11
143.6585399999999879
21
-71.8462639999999908
0
LINE
8
BLACK
6
CONTINUOUS
10
143.6585399999999879
20
-71.8462639999999908
11
143.6518629999999916
21
-71.8396139999999974
0
LINE
8
BLACK
6
CONTINUOUS
10
143.6518629999999916
20
-71.8396139999999974
11
143.6518619999999942
21
-71.8395419999999945
0
LINE
8
BLACK
6
CONTINUOUS
10
143.6518619999999942
20
-71.8395419999999945
11
143.6518109999999808
21
-71.8394899999999978
0
LINE
8
BLACK
6
CONTINUOUS
10
143.6518109999999808
20
-71.8394899999999978
11
143.6499399999999866
21
-71.8299169999999947
0
LINE
8
BLACK
6
CONTINUOUS
10
143.6499399999999866
20
-71.8299169999999947
11
143.6587499999999977
21
-69.1799170000000032
0
LINE
8
BLACK
6
CONTINUOUS
10
143.6587499999999977
20
-69.1799170000000032
11
143.6606850000000009
21
-69.1703559999999982
0
LINE
8
BLACK
6
CONTINUOUS
10
143.6606850000000009
20
-69.1703559999999982
11
143.6742600000000039
21
-69.1568709999999953
0
LINE
8
BLACK
6
CONTINUOUS
10
143.6742600000000039
20
-69.1568709999999953
11
143.6755119999999977
21
-69.1568749999999994
0
LINE
8
BLACK
6
CONTINUOUS
10
143.6755119999999977
20
-69.1568749999999994
11
143.6849399999999832
21
-69.1550000000000011
0
LINE
8
BLACK
6
CONTINUOUS
10
143.6849399999999832
20
-69.1550000000000011
11
153.4749400000000037
21
-69.1550000000000011
0
LINE
8
BLACK
6
CONTINUOUS
10
153.4749400000000037
20
-69.1550000000000011
11
153.4843869999999981
21
-69.1568790000000035
0
LINE
8
BLACK
6
CONTINUOUS
10
143.7086669999999913
20
-69.2049999999999983
11
143.7000229999999874
21
-71.804947999999996
0
LINE
8
BLACK
6
CONTINUOUS
10
143.7000229999999874
20
-71.804947999999996
11
153.4590939999999932
21
-71.7850320000000011
0
LINE
8
BLACK
6
CONTINUOUS
10
153.4590939999999932
20
-71.7850320000000011
11
153.4514389999999935
21
-69.2049999999999983
0
LINE
8
BLACK
6
CONTINUOUS
10
153.4514389999999935
20
-69.2049999999999983
11
143.7086669999999913
21
-69.2049999999999983
0
LINE
8
BLACK
6
CONTINUOUS
10
165.4995669999999848
20
-65.5219029999999947
11
165.5130969999999877
21
-65.5354329999999976
0
LINE
8
BLACK
6
CONTINUOUS
10
165.5130969999999877
20
-65.5354329999999976
11
165.5149999999999864
21
-65.5450000000000017
0
LINE
8
BLACK
6
CONTINUOUS
10
165.5149999999999864
20
-65.5450000000000017
11
165.5149999999999864
21
-71.6349999999999909
0
LINE
8
BLACK
6
CONTINUOUS
10
165.5149999999999864
20
-71.6349999999999909
11
165.5130969999999877
21
-71.644566999999995
0
LINE
8
BLACK
6
CONTINUOUS
10
165.5130969999999877
20
-71.644566999999995
11
165.4995669999999848
21
-71.6580969999999979
0
LINE
8
BLACK
6
CONTINUOUS
10
165.4995669999999848
20
-71.6580969999999979
11
165.4899999999999807
21
-71.6599999999999966
0
LINE
8
BLACK
6
CONTINUOUS
10
165.4899999999999807
20
-71.6599999999999966
11
154.3299999999999841
21
-71.6599999999999966
0
LINE
8
BLACK
6
CONTINUOUS
10
154.3299999999999841
20
-71.6599999999999966
11
154.32043299999998
21
-71.6580969999999979
0
LINE
8
BLACK
6
CONTINUOUS
10
154.32043299999998
20
-71.6580969999999979
11
154.3069030000000055
21
-71.644566999999995
0
LINE
8
BLACK
6
CONTINUOUS
10
154.3069030000000055
20
-71.644566999999995
11
154.3050000000000068
21
-71.6349999999999909
0
LINE
8
BLACK
6
CONTINUOUS
10
154.3050000000000068
20
-71.6349999999999909
11
154.3050000000000068
21
-65.5450000000000017
0
LINE
8
BLACK
6
CONTINUOUS
10
154.3050000000000068
20
-65.5450000000000017
11
154.3069030000000055
21
-65.5354329999999976
0
LINE
8
BLACK
6
CONTINUOUS
10
154.3069030000000055
20
-65.5354329999999976
11
154.32043299999998
21
-65.5219029999999947
0
LINE
8
BLACK
6
CONTINUOUS
10
154.32043299999998
20
-65.5219029999999947
11
154.3299999999999841
21
-65.519999999999996
0
LINE
8
BLACK
6
CONTINUOUS
10
154.3299999999999841
20
-65.519999999999996
11
165.4899999999999807
21
-65.519999999999996
0
LINE
8
BLACK
6
CONTINUOUS
10
165.4899999999999807
20
-65.519999999999996
11
165.4995669999999848
21
-65.5219029999999947
0
LINE
8
BLACK
6
CONTINUOUS
10
154.3549999999999898
20
-65.5699999999999932
11
154.3549999999999898
21
-71.6099999999999994
0
LINE
8
BLACK
6
CONTINUOUS
10
154.3549999999999898
20
-71.6099999999999994
11
165.4650000000000034
21
-71.6099999999999994
0
LINE
8
BLACK
6
CONTINUOUS
10
165.4650000000000034
20
-71.6099999999999994
11
165.4650000000000034
21
-65.5699999999999932
0
LINE
8
BLACK
6
CONTINUOUS
10
165.4650000000000034
20
-65.5699999999999932
11
154.3549999999999898
21
-65.5699999999999932
0
LINE
8
BLACK
6
CONTINUOUS
10
128.0345669999999814
20
-68.2769029999999901
11
128.0480969999999843
21
-68.2904329999999931
0
LINE
8
BLACK
6
CONTINUOUS
10
128.0480969999999843
20
-68.2904329999999931
11
128.0499999999999829
21
-68.2999999999999972
0
LINE
8
BLACK
6
CONTINUOUS
10
128.0499999999999829
20
-68.2999999999999972
11
128.0499999999999829
21
-70.7999999999999972
0
LINE
8
BLACK
6
CONTINUOUS
10
128.0499999999999829
20
-70.7999999999999972
11
128.0480969999999843
21
-70.8095670000000013
0
LINE
8
BLACK
6
CONTINUOUS
10
128.0480969999999843
20
-70.8095670000000013
11
128.0345669999999814
21
-70.82309699999999
0
LINE
8
BLACK
6
CONTINUOUS
10
128.0345669999999814
20
-70.82309699999999
11
128.0250000000000057
21
-70.8250000000000028
0
LINE
8
BLACK
6
CONTINUOUS
10
128.0250000000000057
20
-70.8250000000000028
11
123.4249999999999972
21
-70.8250000000000028
0
LINE
8
BLACK
6
CONTINUOUS
10
123.4249999999999972
20
-70.8250000000000028
11
123.4154329999999931
21
-70.82309699999999
0
LINE
8
BLACK
6
CONTINUOUS
10
123.4154329999999931
20
-70.82309699999999
11
123.4019029999999901
21
-70.8095670000000013
0
LINE
8
BLACK
6
CONTINUOUS
10
123.4019029999999901
20
-70.8095670000000013
11
123.3999999999999915
21
-70.7999999999999972
0
LINE
8
BLACK
6
CONTINUOUS
10
123.3999999999999915
20
-70.7999999999999972
11
123.3999999999999915
21
-68.2999999999999972
0
LINE
8
BLACK
6
CONTINUOUS
10
123.3999999999999915
20
-68.2999999999999972
11
123.4019029999999901
21
-68.2904329999999931
0
LINE
8
BLACK
6
CONTINUOUS
10
123.4019029999999901
20
-68.2904329999999931
11
123.4154329999999931
21
-68.2769029999999901
0
LINE
8
BLACK
6
CONTINUOUS
10
123.4154329999999931
20
-68.2769029999999901
11
123.4249999999999972
21
-68.2749999999999915
0
LINE
8
BLACK
6
CONTINUOUS
10
123.4249999999999972
20
-68.2749999999999915
11
128.0250000000000057
21
-68.2749999999999915
0
LINE
8
BLACK
6
CONTINUOUS
10
128.0250000000000057
20
-68.2749999999999915
11
128.0345669999999814
21
-68.2769029999999901
0
LINE
8
BLACK
6
CONTINUOUS
10
123.4499999999999886
20
-68.3250000000000028
11
123.4499999999999886
21
-70.7749999999999915
0
LINE
8
BLACK
6
CONTINUOUS
10
123.4499999999999886
20
-70.7749999999999915
11
128.
21
-70.7749999999999915
0
LINE
8
BLACK
6
CONTINUOUS
10
128.
20
-70.7749999999999915
11
128.
21
-68.3250000000000028
0
LINE
8
BLACK
6
CONTINUOUS
10
128.
20
-68.3250000000000028
11
123.4499999999999886
21
-68.3250000000000028
0
LINE
8
BLACK
6
CONTINUOUS
10
145.7593279999999822
20
-65.8068489999999997
11
145.7608040000000074
21
-65.8068449999999956
0
LINE
8
BLACK
6
CONTINUOUS
10
145.7608040000000074
20
-65.8068449999999956
11
145.774374999999992
21
-65.820335
0
LINE
8
BLACK
6
CONTINUOUS
10
145.774374999999992
20
-65.820335
11
145.7763060000000053
21
-65.8298959999999909
0
LINE
8
BLACK
6
CONTINUOUS
10
145.7763060000000053
20
-65.8298959999999909
11
145.7841090000000008
21
-68.4597119999999961
0
LINE
8
BLACK
6
CONTINUOUS
10
145.7841090000000008
20
-68.4597119999999961
11
145.7822339999999883
21
-68.4692849999999993
0
LINE
8
BLACK
6
CONTINUOUS
10
145.7822339999999883
20
-68.4692849999999993
11
145.7687439999999981
21
-68.4828550000000007
0
LINE
8
BLACK
6
CONTINUOUS
10
145.7687439999999981
20
-68.4828550000000007
11
145.759777999999983
21
-68.4828809999999919
0
LINE
8
BLACK
6
CONTINUOUS
10
145.759777999999983
20
-68.4828809999999919
11
145.7596139999999991
21
-68.4830469999999991
0
LINE
8
BLACK
6
CONTINUOUS
10
145.7596139999999991
20
-68.4830469999999991
11
145.7500509999999849
21
-68.4849699999999899
0
LINE
8
BLACK
6
CONTINUOUS
10
145.7500509999999849
20
-68.4849699999999899
11
135.9499319999999898
21
-68.5049700000000001
0
LINE
8
BLACK
6
CONTINUOUS
10
135.9499319999999898
20
-68.5049700000000001
11
135.9403609999999958
21
-68.5030859999999961
0
LINE
8
BLACK
6
CONTINUOUS
10
135.9403609999999958
20
-68.5030859999999961
11
135.9403099999999824
21
-68.503034999999997
0
LINE
8
BLACK
6
CONTINUOUS
10
135.9403099999999824
20
-68.503034999999997
11
135.9402369999999962
21
-68.503034999999997
0
LINE
8
BLACK
6
CONTINUOUS
10
135.9402369999999962
20
-68.503034999999997
11
135.9334810000000004
21
-68.4962340000000012
0
LINE
8
BLACK
6
CONTINUOUS
10
135.9334810000000004
20
-68.4962340000000012
11
135.9268040000000042
21
-68.4895839999999936
0
LINE
8
BLACK
6
CONTINUOUS
10
135.9268040000000042
20
-68.4895839999999936
11
135.9268030000000067
21
-68.4895119999999906
0
LINE
8
BLACK
6
CONTINUOUS
10
135.9268030000000067
20
-68.4895119999999906
11
135.9267519999999934
21
-68.489459999999994
0
LINE
8
BLACK
6
CONTINUOUS
10
135.9267519999999934
20
-68.489459999999994
11
135.9248809999999992
21
-68.4798869999999908
0
LINE
8
BLACK
6
CONTINUOUS
10
135.9248809999999992
20
-68.4798869999999908
11
135.9336909999999818
21
-65.8298869999999994
0
LINE
8
BLACK
6
CONTINUOUS
10
135.9336909999999818
20
-65.8298869999999994
11
135.935625999999985
21
-65.8203259999999943
0
LINE
8
BLACK
6
CONTINUOUS
10
135.935625999999985
20
-65.8203259999999943
11
135.949200999999988
21
-65.8068409999999915
0
LINE
8
BLACK
6
CONTINUOUS
10
135.949200999999988
20
-65.8068409999999915
11
135.9504529999999818
21
-65.8068449999999956
0
LINE
8
BLACK
6
CONTINUOUS
10
135.9504529999999818
20
-65.8068449999999956
11
135.9598809999999958
21
-65.8049699999999973
0
LINE
8
BLACK
6
CONTINUOUS
10
135.9598809999999958
20
-65.8049699999999973
11
145.7498809999999878
21
-65.8049699999999973
0
LINE
8
BLACK
6
CONTINUOUS
10
145.7498809999999878
20
-65.8049699999999973
11
145.7593279999999822
21
-65.8068489999999997
0
LINE
8
BLACK
6
CONTINUOUS
10
135.9836080000000038
20
-65.8549699999999945
11
135.9749639999999999
21
-68.4549179999999922
0
LINE
8
BLACK
6
CONTINUOUS
10
135.9749639999999999
20
-68.4549179999999922
11
145.7340350000000058
21
-68.4350019999999972
0
LINE
8
BLACK
6
CONTINUOUS
10
145.7340350000000058
20
-68.4350019999999972
11
145.726380000000006
21
-65.8549699999999945
0
LINE
8
BLACK
6
CONTINUOUS
10
145.726380000000006
20
-65.8549699999999945
11
135.9836080000000038
21
-65.8549699999999945
0
CIRCLE
8
BLACK
10
156.8299409999999909
20
-73.2499699999999905
40
0.25
0
CIRCLE
8
BLACK
10
161.8299409999999909
20
-73.1999699999999933
40
0.25
0
CIRCLE
8
BLACK
10
148.3149999999999977
20
-123.5499999999999972
40
0.5549999999999999
0
CIRCLE
8
BLACK
10
148.3149999999999977
20
-121.0099999999999909
40
0.5549999999999999
0
CIRCLE
8
BLACK
10
148.3149999999999977
20
-118.4699999999999989
40
0.5549999999999999
0
CIRCLE
8
BLACK
10
148.3149999999999977
20
-115.9299999999999926
40
0.5549999999999999
0
CIRCLE
8
BLACK
10
148.3149999999999977
20
-113.3900000000000006
40
0.5549999999999999
0
CIRCLE
8
BLACK
10
148.3149999999999977
20
-110.8499999999999943
40
0.5549999999999999
0
CIRCLE
8
BLACK
10
148.3149999999999977
20
-108.3099999999999881
40
0.5549999999999999
0
CIRCLE
8
BLACK
10
148.3149999999999977
20
-105.769999999999996
40
0.5549999999999999
0
CIRCLE
8
BLACK
10
148.3149999999999977
20
-103.2299999999999898
40
0.5549999999999999
0
CIRCLE
8
BLACK
10
148.3149999999999977
20
-100.6899999999999977
40
0.5549999999999999
0
CIRCLE
8
BLACK
10
148.3149999999999977
20
-98.1499999999999915
40
0.5549999999999999
0
CIRCLE
8
BLACK
10
148.3149999999999977
20
-95.6099999999999994
40
0.5549999999999999
0
CIRCLE
8
BLACK
10
148.3149999999999977
20
-93.0699999999999932
40
0.5549999999999999
0
CIRCLE
8
BLACK
10
148.3149999999999977
20
-90.5300000000000011
40
0.5549999999999999
0
CIRCLE
8
BLACK
10
148.3149999999999977
20
-87.9899999999999949
40
0.5549999999999999
0
CIRCLE
8
BLACK
10
133.0749999999999886
20
-87.9899999999999949
40
0.5549999999999999
0
CIRCLE
8
BLACK
10
133.0749999999999886
20
-90.5300000000000011
40
0.5549999999999999
0
CIRCLE
8
BLACK
10
133.0749999999999886
20
-93.0699999999999932
40
0.5549999999999999
0
CIRCLE
8
BLACK
10
133.0749999999999886
20
-95.6099999999999994
40
0.5549999999999999
0
CIRCLE
8
BLACK
10
133.0749999999999886
20
-98.1499999999999915
40
0.5549999999999999
0
CIRCLE
8
BLACK
10
133.0749999999999886
20
-100.6899999999999977
40
0.5549999999999999
0
CIRCLE
8
BLACK
10
133.0749999999999886
20
-103.2299999999999898
40
0.5549999999999999
0
CIRCLE
8
BLACK
10
133.0749999999999886
20
-105.769999999999996
40
0.5549999999999999
0
CIRCLE
8
BLACK
10
133.0749999999999886
20
-108.3099999999999881
40
0.5549999999999999
0
CIRCLE
8
BLACK
10
133.0749999999999886
20
-110.8499999999999943
40
0.5549999999999999
0
CIRCLE
8
BLACK
10
133.0749999999999886
20
-113.3900000000000006
40
0.5549999999999999
0
CIRCLE
8
BLACK
10
133.0749999999999886
20
-115.9299999999999926
40
0.5549999999999999
0
CIRCLE
8
BLACK
10
133.0749999999999886
20
-118.4699999999999989
40
0.5549999999999999
0
CIRCLE
8
BLACK
10
133.0749999999999886
20
-121.0099999999999909
40
0.5549999999999999
0
CIRCLE
8
BLACK
10
133.0749999999999886
20
-123.5499999999999972
40
0.5549999999999999
0
CIRCLE
8
BLACK
10
148.3149999999999977
20
-126.0899999999999892
40
0.825
0
CIRCLE
8
BLACK
10
133.0749999999999886
20
-126.0899999999999892
40
0.825
0
CIRCLE
8
BLACK
10
133.0749999999999886
20
-85.4500000000000028
40
0.825
0
CIRCLE
8
BLACK
10
148.3149999999999977
20
-85.4500000000000028
40
0.825
0
CIRCLE
8
BLACK
10
182.0099999999999909
20
-136.2199999999999989
40
1.3499999999999999
0
CIRCLE
8
BLACK
10
182.0099999999999909
20
-141.2199999999999989
40
1.3499999999999999
0
CIRCLE
8
BLACK
10
142.0799999999999841
20
-80.5775500000000022
40
0.4
0
CIRCLE
8
BLACK
10
142.0799999999999841
20
-70.4175499999999914
40
0.4
0
CIRCLE
8
BLACK
10
140.0999999999999943
20
-88.269999999999996
40
0.4
0
CIRCLE
8
BLACK
10
140.0999999999999943
20
-98.4299999999999926
40
0.4
0
CIRCLE
8
BLACK
10
139.7999700000000018
20
-142.1700589999999806
40
0.25
0
CIRCLE
8
BLACK
10
139.7499699999999905
20
-137.1700589999999806
40
0.25
0
CIRCLE
8
BLACK
10
167.875
20
-104.2449999999999903
40
0.7999999999999999
0
CIRCLE
8
BLACK
10
167.875
20
-89.0049999999999955
40
0.7999999999999999
0
CIRCLE
8
BLACK
10
157.6349400000000003
20
-124.8274199999999894
40
0.25
0
CIRCLE
8
BLACK
10
162.6349400000000003
20
-124.7774199999999922
40
0.25
0
CIRCLE
8
BLACK
10
156.6500000000000057
20
-78.5099999999999909
40
0.25
0
CIRCLE
8
BLACK
10
161.6500000000000057
20
-78.4599999999999937
40
0.25
0
CIRCLE
8
BLACK
10
170.6500000000000057
20
-123.1499999999999915
40
0.4
0
CIRCLE
8
BLACK
10
170.6500000000000057
20
-133.3100000000000023
40
0.4
0
CIRCLE
8
BLACK
10
127.9249999999999972
20
-130.9950000000000045
40
0.4
0
CIRCLE
8
BLACK
10
127.9249999999999972
20
-128.4549999999999841
40
0.4
0
CIRCLE
8
BLACK
10
127.9249999999999972
20
-125.914999999999992
40
0.4
0
CIRCLE
8
BLACK
10
127.9249999999999972
20
-123.375
40
0.4
0
CIRCLE
8
BLACK
10
127.9249999999999972
20
-97.9749999999999943
40
0.4
0
CIRCLE
8
BLACK
10
112.6849999999999881
20
-128.4549999999999841
40
0.4
0
CIRCLE
8
BLACK
10
127.9249999999999972
20
-120.8349999999999937
40
0.4
0
CIRCLE
8
BLACK
10
127.9249999999999972
20
-118.2950000000000017
40
0.4
0
CIRCLE
8
BLACK
10
127.9249999999999972
20
-115.7549999999999955
40
0.4
0
CIRCLE
8
BLACK
10
127.9249999999999972
20
-113.2149999999999892
40
0.4
0
CIRCLE
8
BLACK
10
127.9249999999999972
20
-110.6749999999999972
40
0.4
0
CIRCLE
8
BLACK
10
127.9249999999999972
20
-108.1349999999999909
40
0.4
0
CIRCLE
8
BLACK
10
127.9249999999999972
20
-105.5949999999999989
40
0.4
0
CIRCLE
8
BLACK
10
127.9249999999999972
20
-103.0549999999999926
40
0.4
0
CIRCLE
8
BLACK
10
127.9249999999999972
20
-100.5150000000000006
40
0.4
0
CIRCLE
8
BLACK
10
112.6849999999999881
20
-100.5150000000000006
40
0.4
0
CIRCLE
8
BLACK
10
112.6849999999999881
20
-103.0549999999999926
40
0.4
0
CIRCLE
8
BLACK
10
112.6849999999999881
20
-105.5949999999999989
40
0.4
0
CIRCLE
8
BLACK
10
112.6849999999999881
20
-108.1349999999999909
40
0.4
0
CIRCLE
8
BLACK
10
112.6849999999999881
20
-110.6749999999999972
40
0.4
0
CIRCLE
8
BLACK
10
112.6849999999999881
20
-113.2149999999999892
40
0.4
0
CIRCLE
8
BLACK
10
112.6849999999999881
20
-115.7549999999999955
40
0.4
0
CIRCLE
8
BLACK
10
112.6849999999999881
20
-118.2950000000000017
40
0.4
0
CIRCLE
8
BLACK
10
112.6849999999999881
20
-120.8349999999999937
40
0.4
0
CIRCLE
8
BLACK
10
112.6849999999999881
20
-123.375
40
0.4
0
CIRCLE
8
BLACK
10
112.6849999999999881
20
-125.914999999999992
40
0.4
0
CIRCLE
8
BLACK
10
127.9249999999999972
20
-95.4350000000000023
40
0.4
0
CIRCLE
8
BLACK
10
127.9249999999999972
20
-92.894999999999996
40
0.4
0
CIRCLE
8
BLACK
10
127.9249999999999972
20
-90.3549999999999898
40
0.4
0
CIRCLE
8
BLACK
10
127.9249999999999972
20
-87.8149999999999977
40
0.4
0
CIRCLE
8
BLACK
10
127.9249999999999972
20
-85.2749999999999915
40
0.4
0
CIRCLE
8
BLACK
10
127.9249999999999972
20
-82.7349999999999994
40
0.4
0
CIRCLE
8
BLACK
10
127.9249999999999972
20
-80.1949999999999932
40
0.4
0
CIRCLE
8
BLACK
10
127.9249999999999972
20
-77.6550000000000011
40
0.4
0
CIRCLE
8
BLACK
10
127.9249999999999972
20
-75.1149999999999949
40
0.4
0
CIRCLE
8
BLACK
10
112.6849999999999881
20
-75.1149999999999949
40
0.4
0
CIRCLE
8
BLACK
10
112.6849999999999881
20
-77.6550000000000011
40
0.4
0
CIRCLE
8
BLACK
10
112.6849999999999881
20
-80.1949999999999932
40
0.4
0
CIRCLE
8
BLACK
10
112.6849999999999881
20
-82.7349999999999994
40
0.4
0
CIRCLE
8
BLACK
10
112.6849999999999881
20
-85.2749999999999915
40
0.4
0
CIRCLE
8
BLACK
10
112.6849999999999881
20
-87.8149999999999977
40
0.4
0
CIRCLE
8
BLACK
10
112.6849999999999881
20
-90.3549999999999898
40
0.4
0
CIRCLE
8
BLACK
10
112.6849999999999881
20
-92.894999999999996
40
0.4
0
CIRCLE
8
BLACK
10
112.6849999999999881
20
-95.4350000000000023
40
0.4
0
CIRCLE
8
BLACK
10
127.9249999999999972
20
-133.5349999999999966
40
0.4
0
CIRCLE
8
BLACK
10
112.6849999999999881
20
-97.9749999999999943
40
0.4
0
CIRCLE
8
BLACK
10
112.6849999999999881
20
-130.9950000000000045
40
0.4
0
CIRCLE
8
BLACK
10
115.2249999999999943
20
-87.8149999999999977
40
0.4
0
CIRCLE
8
BLACK
10
117.7650000000000006
20
-87.8149999999999977
40
0.4
0
CIRCLE
8
BLACK
10
112.6849999999999881
20
-133.5349999999999966
40
0.4
0
CIRCLE
8
BLACK
10
122.3499999999999943
20
-75.9699999999999989
40
0.4
0
CIRCLE
8
BLACK
10
122.3499999999999943
20
-86.1299999999999955
40
0.4
0
CIRCLE
8
BLACK
10
106.9749999999999943
20
-106.9249999999999972
40
0.5
0
CIRCLE
8
BLACK
10
106.9749999999999943
20
-109.4649999999999892
40
0.5
0
CIRCLE
8
BLACK
10
106.9749999999999943
20
-112.0049999999999955
40
0.5
0
CIRCLE
8
BLACK
10
106.9749999999999943
20
-114.5450000000000017
40
0.5
0
CIRCLE
8
BLACK
10
106.9749999999999943
20
-117.0849999999999937
40
0.5
0
CIRCLE
8
BLACK
10
106.9749999999999943
20
-119.625
40
0.5
0
CIRCLE
8
BLACK
10
106.9749999999999943
20
-122.164999999999992
40
0.5
0
CIRCLE
8
BLACK
10
109.3499999999999943
20
-136.4549999999999841
40
0.4
0
CIRCLE
8
BLACK
10
109.3499999999999943
20
-126.2949999999999875
40
0.4
0
CIRCLE
8
BLACK
10
137.5000299999999811
20
-71.8299409999999909
40
0.25
0
CIRCLE
8
BLACK
10
137.5500299999999925
20
-76.8299409999999909
40
0.25
0
CIRCLE
8
BLACK
10
176.5999999999999943
20
-107.7749999999999915
40
0.5
0
CIRCLE
8
BLACK
10
181.5999999999999943
20
-107.7749999999999915
40
0.5
0
CIRCLE
8
BLACK
10
162.875
20
-96.875
40
0.4
0
CIRCLE
8
BLACK
10
162.875
20
-107.0349999999999966
40
0.4
0
CIRCLE
8
BLACK
10
189.4599999999999795
20
-68.5799999999999983
40
1.3499999999999999
0
CIRCLE
8
BLACK
10
189.4599999999999795
20
-73.5799999999999983
40
1.3499999999999999
0
CIRCLE
8
BLACK
10
153.
20
-139.0499999999999829
40
0.5
0
CIRCLE
8
BLACK
10
153.
20
-141.5900000000000034
40
0.5
0
CIRCLE
8
BLACK
10
150.4599999999999795
20
-139.0499999999999829
40
0.5
0
CIRCLE
8
BLACK
10
150.4599999999999795
20
-141.5900000000000034
40
0.5
0
CIRCLE
8
BLACK
10
147.9199999999999875
20
-139.0499999999999829
40
0.5
0
CIRCLE
8
BLACK
10
147.9199999999999875
20
-141.5900000000000034
40
0.5
0
CIRCLE
8
BLACK
10
145.3799999999999955
20
-139.0499999999999829
40
0.5
0
CIRCLE
8
BLACK
10
145.3799999999999955
20
-141.5900000000000034
40
0.5
0
CIRCLE
8
BLACK
10
184.1699999999999875
20
-117.0099999999999909
40
1.3499999999999999
0
CIRCLE
8
BLACK
10
184.1699999999999875
20
-122.0099999999999909
40
1.3499999999999999
0
CIRCLE
8
BLACK
10
117.6450600000000009
20
-139.7000299999999982
40
0.25
0
CIRCLE
8
BLACK
10
112.6450600000000009
20
-139.7500299999999811
40
0.25
0
CIRCLE
8
BLACK
10
115.0499999999999972
20
-125.8499999999999943
40
0.25
0
CIRCLE
8
BLACK
10
115.
20
-120.8499999999999943
40
0.25
0
CIRCLE
8
BLACK
10
158.1999999999999886
20
-82.1749999999999972
40
0.4
0
CIRCLE
8
BLACK
10
168.3599999999999852
20
-82.1749999999999972
40
0.4
0
CIRCLE
8
BLACK
10
136.3249700000000075
20
-142.0426099999999963
40
0.25
0
CIRCLE
8
BLACK
10
136.2749699999999962
20
-137.0426099999999963
40
0.25
0
CIRCLE
8
BLACK
10
108.4249999999999972
20
-142.3649999999999807
40
0.5
0
CIRCLE
8
BLACK
10
108.4249999999999972
20
-139.8249999999999886
40
0.5
0
CIRCLE
8
BLACK
10
162.7750000000000057
20
-93.2249999999999943
40
0.25
0
CIRCLE
8
BLACK
10
162.7249999999999943
20
-88.2249999999999943
40
0.25
0
CIRCLE
8
BLACK
10
169.1049999999999898
20
-114.2996139999999912
40
0.25
0
CIRCLE
8
BLACK
10
169.0549999999999784
20
-109.2996139999999912
40
0.25
0
CIRCLE
8
BLACK
10
106.875
20
-94.5999999999999943
40
0.5
0
CIRCLE
8
BLACK
10
106.875
20
-97.1400000000000006
40
0.5
0
CIRCLE
8
BLACK
10
106.875
20
-99.6799999999999926
40
0.5
0
CIRCLE
8
BLACK
10
106.875
20
-102.2199999999999989
40
0.5
0
CIRCLE
8
BLACK
10
118.3549999999999898
20
-109.0499999999999972
40
0.25
0
CIRCLE
8
BLACK
10
118.3049999999999926
20
-104.0499999999999972
40
0.25
0
CIRCLE
8
BLACK
10
123.9749999999999943
20
-108.8499999999999943
40
0.25
0
CIRCLE
8
BLACK
10
123.9249999999999972
20
-103.8499999999999943
40
0.25
0
CIRCLE
8
BLACK
10
182.5499999999999829
20
-68.5600000000000023
40
1.3499999999999999
0
CIRCLE
8
BLACK
10
182.5499999999999829
20
-73.5600000000000023
40
1.3499999999999999
0
CIRCLE
8
BLACK
10
125.375
20
-128.2999999999999829
40
0.25
0
CIRCLE
8
BLACK
10
125.3249999999999886
20
-123.2999999999999972
40
0.25
0
CIRCLE
8
BLACK
10
161.2999999999999829
20
-111.8449999999999989
40
0.5
0
CIRCLE
8
BLACK
10
161.2999999999999829
20
-114.3849999999999909
40
0.5
0
CIRCLE
8
BLACK
10
161.2999999999999829
20
-116.9249999999999972
40
0.5
0
CIRCLE
8
BLACK
10
156.0999999999999943
20
-69.8649999999999949
40
0.5
0
CIRCLE
8
BLACK
10
156.0999999999999943
20
-67.3250000000000028
40
0.5
0
CIRCLE
8
BLACK
10
158.6399999999999864
20
-69.8649999999999949
40
0.5
0
CIRCLE
8
BLACK
10
158.6399999999999864
20
-67.3250000000000028
40
0.5
0
CIRCLE
8
BLACK
10
161.1800000000000068
20
-69.8649999999999949
40
0.5
0
CIRCLE
8
BLACK
10
161.1800000000000068
20
-67.3250000000000028
40
0.5
0
CIRCLE
8
BLACK
10
163.7199999999999989
20
-69.8649999999999949
40
0.5
0
CIRCLE
8
BLACK
10
163.7199999999999989
20
-67.3250000000000028
40
0.5
0
CIRCLE
8
BLACK
10
151.6750299999999925
20
-106.2799409999999938
40
0.25
0
CIRCLE
8
BLACK
10
151.7250300000000038
20
-111.2799409999999938
40
0.25
0
CIRCLE
8
BLACK
10
155.2099699999999984
20
-96.0451189999999997
40
0.25
0
CIRCLE
8
BLACK
10
155.1599699999999871
20
-91.0451189999999997
40
0.25
0
CIRCLE
8
BLACK
10
106.6749999999999972
20
-77.3250000000000028
40
0.5
0
CIRCLE
8
BLACK
10
106.6749999999999972
20
-79.8649999999999949
40
0.5
0
CIRCLE
8
BLACK
10
106.875
20
-88.0899999999999892
40
0.5
0
CIRCLE
8
BLACK
10
106.875
20
-85.5499999999999972
40
0.5
0
CIRCLE
8
BLACK
10
157.7049999999999841
20
-135.5574499999999887
40
0.25
0
CIRCLE
8
BLACK
10
162.7049999999999841
20
-135.5074500000000057
40
0.25
0
CIRCLE
8
BLACK
10
175.4749999999999943
20
-76.8499999999999943
40
0.5
0
CIRCLE
8
BLACK
10
175.4749999999999943
20
-79.3900000000000006
40
0.5
0
CIRCLE
8
BLACK
10
175.4749999999999943
20
-81.9299999999999926
40
0.5
0
CIRCLE
8
BLACK
10
153.2049999999999841
20
-135.48245
40
0.4
0
CIRCLE
8
BLACK
10
153.2049999999999841
20
-125.3224499999999892
40
0.4
0
CIRCLE
8
BLACK
10
157.1749999999999829
20
-113.1749999999999972
40
0.25
0
CIRCLE
8
BLACK
10
157.2249999999999943
20
-118.1749999999999972
40
0.25
0
CIRCLE
8
BLACK
10
139.0649999999999977
20
-130.0499999999999829
40
0.5
0
CIRCLE
8
BLACK
10
136.5250000000000057
20
-130.0499999999999829
40
0.5
0
CIRCLE
8
BLACK
10
105.2950000000000017
20
-134.4503859999999804
40
0.25
0
CIRCLE
8
BLACK
10
105.3449999999999989
20
-139.4503859999999804
40
0.25
0
CIRCLE
8
BLACK
10
146.2049399999999935
20
-70.5099999999999909
40
0.25
0
CIRCLE
8
BLACK
10
151.2049399999999935
20
-70.4599999999999937
40
0.25
0
CIRCLE
8
BLACK
10
157.4549409999999909
20
-139.3249700000000075
40
0.25
0
CIRCLE
8
BLACK
10
162.4549409999999909
20
-139.2749699999999962
40
0.25
0
CIRCLE
8
BLACK
10
159.8499999999999943
20
-100.3299999999999983
40
0.4
0
CIRCLE
8
BLACK
10
159.8499999999999943
20
-90.1700000000000017
40
0.4
0
CIRCLE
8
BLACK
10
189.3299999999999841
20
-136.2599999999999909
40
1.3499999999999999
0
CIRCLE
8
BLACK
10
189.3299999999999841
20
-141.2599999999999909
40
1.3499999999999999
0
CIRCLE
8
BLACK
10
134.2999999999999829
20
-66.5499999999999972
40
0.4
0
CIRCLE
8
BLACK
10
134.2999999999999829
20
-76.7099999999999937
40
0.4
0
CIRCLE
8
BLACK
10
122.4749999999999943
20
-143.5049999999999955
40
0.4
0
CIRCLE
8
BLACK
10
122.4749999999999943
20
-133.3449999999999989
40
0.4
0
CIRCLE
8
BLACK
10
150.4549999999999841
20
-133.3249999999999886
40
0.4
0
CIRCLE
8
BLACK
10
140.2949999999999875
20
-133.3249999999999886
40
0.4
0
CIRCLE
8
BLACK
10
138.479881000000006
20
-67.1599700000000013
40
0.25
0
CIRCLE
8
BLACK
10
143.479881000000006
20
-67.1099699999999899
40
0.25
0
CIRCLE
8
BLACK
10
119.7099999999999937
20
-71.5900000000000034
40
0.25
0
CIRCLE
8
BLACK
10
114.7099999999999937
20
-71.6400000000000006
40
0.25
0
CIRCLE
8
WHITE
10
156.8299409999999909
20
-73.2499699999999905
40
0.25
0
CIRCLE
8
WHITE
10
161.8299409999999909
20
-73.1999699999999933
40
0.25
0
CIRCLE
8
WHITE
10
148.3149999999999977
20
-123.5499999999999972
40
0.5549999999999999
0
CIRCLE
8
WHITE
10
148.3149999999999977
20
-121.0099999999999909
40
0.5549999999999999
0
CIRCLE
8
WHITE
10
148.3149999999999977
20
-118.4699999999999989
40
0.5549999999999999
0
CIRCLE
8
WHITE
10
148.3149999999999977
20
-115.9299999999999926
40
0.5549999999999999
0
CIRCLE
8
WHITE
10
148.3149999999999977
20
-113.3900000000000006
40
0.5549999999999999
0
CIRCLE
8
WHITE
10
148.3149999999999977
20
-110.8499999999999943
40
0.5549999999999999
0
CIRCLE
8
WHITE
10
148.3149999999999977
20
-108.3099999999999881
40
0.5549999999999999
0
CIRCLE
8
WHITE
10
148.3149999999999977
20
-105.769999999999996
40
0.5549999999999999
0
CIRCLE
8
WHITE
10
148.3149999999999977
20
-103.2299999999999898
40
0.5549999999999999
0
CIRCLE
8
WHITE
10
148.3149999999999977
20
-100.6899999999999977
40
0.5549999999999999
0
CIRCLE
8
WHITE
10
148.3149999999999977
20
-98.1499999999999915
40
0.5549999999999999
0
CIRCLE
8
WHITE
10
148.3149999999999977
20
-95.6099999999999994
40
0.5549999999999999
0
CIRCLE
8
WHITE
10
148.3149999999999977
20
-93.0699999999999932
40
0.5549999999999999
0
CIRCLE
8
WHITE
10
148.3149999999999977
20
-90.5300000000000011
40
0.5549999999999999
0
CIRCLE
8
WHITE
10
148.3149999999999977
20
-87.9899999999999949
40
0.5549999999999999
0
CIRCLE
8
WHITE
10
133.0749999999999886
20
-87.9899999999999949
40
0.5549999999999999
0
CIRCLE
8
WHITE
10
133.0749999999999886
20
-90.5300000000000011
40
0.5549999999999999
0
CIRCLE
8
WHITE
10
133.0749999999999886
20
-93.0699999999999932
40
0.5549999999999999
0
CIRCLE
8
WHITE
10
133.0749999999999886
20
-95.6099999999999994
40
0.5549999999999999
0
CIRCLE
8
WHITE
10
133.0749999999999886
20
-98.1499999999999915
40
0.5549999999999999
0
CIRCLE
8
WHITE
10
133.0749999999999886
20
-100.6899999999999977
40
0.5549999999999999
0
CIRCLE
8
WHITE
10
133.0749999999999886
20
-103.2299999999999898
40
0.5549999999999999
0
CIRCLE
8
WHITE
10
133.0749999999999886
20
-105.769999999999996
40
0.5549999999999999
0
CIRCLE
8
WHITE
10
133.0749999999999886
20
-108.3099999999999881
40
0.5549999999999999
0
CIRCLE
8
WHITE
10
133.0749999999999886
20
-110.8499999999999943
40
0.5549999999999999
0
CIRCLE
8
WHITE
10
133.0749999999999886
20
-113.3900000000000006
40
0.5549999999999999
0
CIRCLE
8
WHITE
10
133.0749999999999886
20
-115.9299999999999926
40
0.5549999999999999
0
CIRCLE
8
WHITE
10
133.0749999999999886
20
-118.4699999999999989
40
0.5549999999999999
0
CIRCLE
8
WHITE
10
133.0749999999999886
20
-121.0099999999999909
40
0.5549999999999999
0
CIRCLE
8
WHITE
10
133.0749999999999886
20
-123.5499999999999972
40
0.5549999999999999
0
CIRCLE
8
WHITE
10
148.3149999999999977
20
-126.0899999999999892
40
0.825
0
CIRCLE
8
WHITE
10
133.0749999999999886
20
-126.0899999999999892
40
0.825
0
CIRCLE
8
WHITE
10
133.0749999999999886
20
-85.4500000000000028
40
0.825
0
CIRCLE
8
WHITE
10
148.3149999999999977
20
-85.4500000000000028
40
0.825
0
CIRCLE
8
WHITE
10
182.0099999999999909
20
-136.2199999999999989
40
1.3499999999999999
0
CIRCLE
8
WHITE
10
182.0099999999999909
20
-141.2199999999999989
40
1.3499999999999999
0
CIRCLE
8
WHITE
10
142.0799999999999841
20
-80.5775500000000022
40
0.4
0
CIRCLE
8
WHITE
10
142.0799999999999841
20
-70.4175499999999914
40
0.4
0
CIRCLE
8
WHITE
10
140.0999999999999943
20
-88.269999999999996
40
0.4
0
CIRCLE
8
WHITE
10
140.0999999999999943
20
-98.4299999999999926
40
0.4
0
CIRCLE
8
WHITE
10
139.7999700000000018
20
-142.1700589999999806
40
0.25
0
CIRCLE
8
WHITE
10
139.7499699999999905
20
-137.1700589999999806
40
0.25
0
CIRCLE
8
WHITE
10
167.875
20
-104.2449999999999903
40
0.7999999999999999
0
CIRCLE
8
WHITE
10
167.875
20
-89.0049999999999955
40
0.7999999999999999
0
CIRCLE
8
WHITE
10
157.6349400000000003
20
-124.8274199999999894
40
0.25
0
CIRCLE
8
WHITE
10
162.6349400000000003
20
-124.7774199999999922
40
0.25
0
CIRCLE
8
WHITE
10
156.6500000000000057
20
-78.5099999999999909
40
0.25
0
CIRCLE
8
WHITE
10
161.6500000000000057
20
-78.4599999999999937
40
0.25
0
CIRCLE
8
WHITE
10
170.6500000000000057
20
-123.1499999999999915
40
0.4
0
CIRCLE
8
WHITE
10
170.6500000000000057
20
-133.3100000000000023
40
0.4
0
CIRCLE
8
WHITE
10
127.9249999999999972
20
-130.9950000000000045
40
0.4
0
CIRCLE
8
WHITE
10
127.9249999999999972
20
-128.4549999999999841
40
0.4
0
CIRCLE
8
WHITE
10
127.9249999999999972
20
-125.914999999999992
40
0.4
0
CIRCLE
8
WHITE
10
127.9249999999999972
20
-123.375
40
0.4
0
CIRCLE
8
WHITE
10
127.9249999999999972
20
-97.9749999999999943
40
0.4
0
CIRCLE
8
WHITE
10
112.6849999999999881
20
-128.4549999999999841
40
0.4
0
CIRCLE
8
WHITE
10
127.9249999999999972
20
-120.8349999999999937
40
0.4
0
CIRCLE
8
WHITE
10
127.9249999999999972
20
-118.2950000000000017
40
0.4
0
CIRCLE
8
WHITE
10
127.9249999999999972
20
-115.7549999999999955
40
0.4
0
CIRCLE
8
WHITE
10
127.9249999999999972
20
-113.2149999999999892
40
0.4
0
CIRCLE
8
WHITE
10
127.9249999999999972
20
-110.6749999999999972
40
0.4
0
CIRCLE
8
WHITE
10
127.9249999999999972
20
-108.1349999999999909
40
0.4
0
CIRCLE
8
WHITE
10
127.9249999999999972
20
-105.5949999999999989
40
0.4
0
CIRCLE
8
WHITE
10
127.9249999999999972
20
-103.0549999999999926
40
0.4
0
CIRCLE
8
WHITE
10
127.9249999999999972
20
-100.5150000000000006
40
0.4
0
CIRCLE
8
WHITE
10
112.6849999999999881
20
-100.5150000000000006
40
0.4
0
CIRCLE
8
WHITE
10
112.6849999999999881
20
-103.0549999999999926
40
0.4
0
CIRCLE
8
WHITE
10
112.6849999999999881
20
-105.5949999999999989
40
0.4
0
CIRCLE
8
WHITE
10
112.6849999999999881
20
-108.1349999999999909
40
0.4
0
CIRCLE
8
WHITE
10
112.6849999999999881
20
-110.6749999999999972
40
0.4
0
CIRCLE
8
WHITE
10
112.6849999999999881
20
-113.2149999999999892
40
0.4
0
CIRCLE
8
WHITE
10
112.6849999999999881
20
-115.7549999999999955
40
0.4
0
CIRCLE
8
WHITE
10
112.6849999999999881
20
-118.2950000000000017
40
0.4
0
CIRCLE
8
WHITE
10
112.6849999999999881
20
-120.8349999999999937
40
0.4
0
CIRCLE
8
WHITE
10
112.6849999999999881
20
-123.375
40
0.4
0
CIRCLE
8
WHITE
10
112.6849999999999881
20
-125.914999999999992
40
0.4
0
CIRCLE
8
WHITE
10
127.9249999999999972
20
-95.4350000000000023
40
0.4
0
CIRCLE
8
WHITE
10
127.9249999999999972
20
-92.894999999999996
40
0.4
0
CIRCLE
8
WHITE
10
127.9249999999999972
20
-90.3549999999999898
40
0.4
0
CIRCLE
8
WHITE
10
127.9249999999999972
20
-87.8149999999999977
40
0.4
0
CIRCLE
8
WHITE
10
127.9249999999999972
20
-85.2749999999999915
40
0.4
0
CIRCLE
8
WHITE
10
127.9249999999999972
20
-82.7349999999999994
40
0.4
0
CIRCLE
8
WHITE
10
127.9249999999999972
20
-80.1949999999999932
40
0.4
0
CIRCLE
8
WHITE
10
127.9249999999999972
20
-77.6550000000000011
40
0.4
0
CIRCLE
8
WHITE
10
127.9249999999999972
20
-75.1149999999999949
40
0.4
0
CIRCLE
8
WHITE
10
112.6849999999999881
20
-75.1149999999999949
40
0.4
0
CIRCLE
8
WHITE
10
112.6849999999999881
20
-77.6550000000000011
40
0.4
0
CIRCLE
8
WHITE
10
112.6849999999999881
20
-80.1949999999999932
40
0.4
0
CIRCLE
8
WHITE
10
112.6849999999999881
20
-82.7349999999999994
40
0.4
0
CIRCLE
8
WHITE
10
112.6849999999999881
20
-85.2749999999999915
40
0.4
0
CIRCLE
8
WHITE
10
112.6849999999999881
20
-87.8149999999999977
40
0.4
0
CIRCLE
8
WHITE
10
112.6849999999999881
20
-90.3549999999999898
40
0.4
0
CIRCLE
8
WHITE
10
112.6849999999999881
20
-92.894999999999996
40
0.4
0
CIRCLE
8
WHITE
10
112.6849999999999881
20
-95.4350000000000023
40
0.4
0
CIRCLE
8
WHITE
10
127.9249999999999972
20
-133.5349999999999966
40
0.4
0
CIRCLE
8
WHITE
10
112.6849999999999881
20
-97.9749999999999943
40
0.4
0
CIRCLE
8
WHITE
10
112.6849999999999881
20
-130.9950000000000045
40
0.4
0
CIRCLE
8
WHITE
10
115.2249999999999943
20
-87.8149999999999977
40
0.4
0
CIRCLE
8
WHITE
10
117.7650000000000006
20
-87.8149999999999977
40
0.4
0
CIRCLE
8
WHITE
10
112.6849999999999881
20
-133.5349999999999966
40
0.4
0
CIRCLE
8
WHITE
10
122.3499999999999943
20
-75.9699999999999989
40
0.4
0
CIRCLE
8
WHITE
10
122.3499999999999943
20
-86.1299999999999955
40
0.4
0
CIRCLE
8
WHITE
10
106.9749999999999943
20
-106.9249999999999972
40
0.5
0
CIRCLE
8
WHITE
10
106.9749999999999943
20
-109.4649999999999892
40
0.5
0
CIRCLE
8
WHITE
10
106.9749999999999943
20
-112.0049999999999955
40
0.5
0
CIRCLE
8
WHITE
10
106.9749999999999943
20
-114.5450000000000017
40
0.5
0
CIRCLE
8
WHITE
10
106.9749999999999943
20
-117.0849999999999937
40
0.5
0
CIRCLE
8
WHITE
10
106.9749999999999943
20
-119.625
40
0.5
0
CIRCLE
8
WHITE
10
106.9749999999999943
20
-122.164999999999992
40
0.5
0
CIRCLE
8
WHITE
10
109.3499999999999943
20
-136.4549999999999841
40
0.4
0
CIRCLE
8
WHITE
10
109.3499999999999943
20
-126.2949999999999875
40
0.4
0
CIRCLE
8
WHITE
10
137.5000299999999811
20
-71.8299409999999909
40
0.25
0
CIRCLE
8
WHITE
10
137.5500299999999925
20
-76.8299409999999909
40
0.25
0
CIRCLE
8
WHITE
10
176.5999999999999943
20
-107.7749999999999915
40
0.5
0
CIRCLE
8
WHITE
10
181.5999999999999943
20
-107.7749999999999915
40
0.5
0
CIRCLE
8
WHITE
10
162.875
20
-96.875
40
0.4
0
CIRCLE
8
WHITE
10
162.875
20
-107.0349999999999966
40
0.4
0
CIRCLE
8
WHITE
10
189.4599999999999795
20
-68.5799999999999983
40
1.3499999999999999
0
CIRCLE
8
WHITE
10
189.4599999999999795
20
-73.5799999999999983
40
1.3499999999999999
0
CIRCLE
8
WHITE
10
153.
20
-139.0499999999999829
40
0.5
0
CIRCLE
8
WHITE
10
153.
20
-141.5900000000000034
40
0.5
0
CIRCLE
8
WHITE
10
150.4599999999999795
20
-139.0499999999999829
40
0.5
0
CIRCLE
8
WHITE
10
150.4599999999999795
20
-141.5900000000000034
40
0.5
0
CIRCLE
8
WHITE
10
147.9199999999999875
20
-139.0499999999999829
40
0.5
0
CIRCLE
8
WHITE
10
147.9199999999999875
20
-141.5900000000000034
40
0.5
0
CIRCLE
8
WHITE
10
145.3799999999999955
20
-139.0499999999999829
40
0.5
0
CIRCLE
8
WHITE
10
145.3799999999999955
20
-141.5900000000000034
40
0.5
0
CIRCLE
8
WHITE
10
184.1699999999999875
20
-117.0099999999999909
40
1.3499999999999999
0
CIRCLE
8
WHITE
10
184.1699999999999875
20
-122.0099999999999909
40
1.3499999999999999
0
CIRCLE
8
WHITE
10
117.6450600000000009
20
-139.7000299999999982
40
0.25
0
CIRCLE
8
WHITE
10
112.6450600000000009
20
-139.7500299999999811
40
0.25
0
CIRCLE
8
WHITE
10
115.0499999999999972
20
-125.8499999999999943
40
0.25
0
CIRCLE
8
WHITE
10
115.
20
-120.8499999999999943
40
0.25
0
CIRCLE
8
WHITE
10
158.1999999999999886
20
-82.1749999999999972
40
0.4
0
CIRCLE
8
WHITE
10
168.3599999999999852
20
-82.1749999999999972
40
0.4
0
CIRCLE
8
WHITE
10
136.3249700000000075
20
-142.0426099999999963
40
0.25
0
CIRCLE
8
WHITE
10
136.2749699999999962
20
-137.0426099999999963
40
0.25
0
CIRCLE
8
WHITE
10
108.4249999999999972
20
-142.3649999999999807
40
0.5
0
CIRCLE
8
WHITE
10
108.4249999999999972
20
-139.8249999999999886
40
0.5
0
CIRCLE
8
WHITE
10
162.7750000000000057
20
-93.2249999999999943
40
0.25
0
CIRCLE
8
WHITE
10
162.7249999999999943
20
-88.2249999999999943
40
0.25
0
CIRCLE
8
WHITE
10
169.1049999999999898
20
-114.2996139999999912
40
0.25
0
CIRCLE
8
WHITE
10
169.0549999999999784
20
-109.2996139999999912
40
0.25
0
CIRCLE
8
WHITE
10
106.875
20
-94.5999999999999943
40
0.5
0
CIRCLE
8
WHITE
10
106.875
20
-97.1400000000000006
40
0.5
0
CIRCLE
8
WHITE
10
106.875
20
-99.6799999999999926
40
0.5
0
CIRCLE
8
WHITE
10
106.875
20
-102.2199999999999989
40
0.5
0
CIRCLE
8
WHITE
10
118.3549999999999898
20
-109.0499999999999972
40
0.25
0
CIRCLE
8
WHITE
10
118.3049999999999926
20
-104.0499999999999972
40
0.25
0
CIRCLE
8
WHITE
10
123.9749999999999943
20
-108.8499999999999943
40
0.25
0
CIRCLE
8
WHITE
10
123.9249999999999972
20
-103.8499999999999943
40
0.25
0
CIRCLE
8
WHITE
10
182.5499999999999829
20
-68.5600000000000023
40
1.3499999999999999
0
CIRCLE
8
WHITE
10
182.5499999999999829
20
-73.5600000000000023
40
1.3499999999999999
0
CIRCLE
8
WHITE
10
125.375
20
-128.2999999999999829
40
0.25
0
CIRCLE
8
WHITE
10
125.3249999999999886
20
-123.2999999999999972
40
0.25
0
CIRCLE
8
WHITE
10
161.2999999999999829
20
-111.8449999999999989
40
0.5
0
CIRCLE
8
WHITE
10
161.2999999999999829
20
-114.3849999999999909
40
0.5
0
CIRCLE
8
WHITE
10
161.2999999999999829
20
-116.9249999999999972
40
0.5
0
CIRCLE
8
WHITE
10
156.0999999999999943
20
-69.8649999999999949
40
0.5
0
CIRCLE
8
WHITE
10
156.0999999999999943
20
-67.3250000000000028
40
0.5
0
CIRCLE
8
WHITE
10
158.6399999999999864
20
-69.8649999999999949
40
0.5
0
CIRCLE
8
WHITE
10
158.6399999999999864
20
-67.3250000000000028
40
0.5
0
CIRCLE
8
WHITE
10
161.1800000000000068
20
-69.8649999999999949
40
0.5
0
CIRCLE
8
WHITE
10
161.1800000000000068
20
-67.3250000000000028
40
0.5
0
CIRCLE
8
WHITE
10
163.7199999999999989
20
-69.8649999999999949
40
0.5
0
CIRCLE
8
WHITE
10
163.7199999999999989
20
-67.3250000000000028
40
0.5
0
CIRCLE
8
WHITE
10
151.6750299999999925
20
-106.2799409999999938
40
0.25
0
CIRCLE
8
WHITE
10
151.7250300000000038
20
-111.2799409999999938
40
0.25
0
CIRCLE
8
WHITE
10
155.2099699999999984
20
-96.0451189999999997
40
0.25
0
CIRCLE
8
WHITE
10
155.1599699999999871
20
-91.0451189999999997
40
0.25
0
CIRCLE
8
WHITE
10
106.6749999999999972
20
-77.3250000000000028
40
0.5
0
CIRCLE
8
WHITE
10
106.6749999999999972
20
-79.8649999999999949
40
0.5
0
CIRCLE
8
WHITE
10
106.875
20
-88.0899999999999892
40
0.5
0
CIRCLE
8
WHITE
10
106.875
20
-85.5499999999999972
40
0.5
0
CIRCLE
8
WHITE
10
157.7049999999999841
20
-135.5574499999999887
40
0.25
0
CIRCLE
8
WHITE
10
162.7049999999999841
20
-135.5074500000000057
40
0.25
0
CIRCLE
8
WHITE
10
175.4749999999999943
20
-76.8499999999999943
40
0.5
0
CIRCLE
8
WHITE
10
175.4749999999999943
20
-79.3900000000000006
40
0.5
0
CIRCLE
8
WHITE
10
175.4749999999999943
20
-81.9299999999999926
40
0.5
0
CIRCLE
8
WHITE
10
153.2049999999999841
20
-135.48245
40
0.4
0
CIRCLE
8
WHITE
10
153.2049999999999841
20
-125.3224499999999892
40
0.4
0
CIRCLE
8
WHITE
10
157.1749999999999829
20
-113.1749999999999972
40
0.25
0
CIRCLE
8
WHITE
10
157.2249999999999943
20
-118.1749999999999972
40
0.25
0
CIRCLE
8
WHITE
10
139.0649999999999977
20
-130.0499999999999829
40
0.5
0
CIRCLE
8
WHITE
10
136.5250000000000057
20
-130.0499999999999829
40
0.5
0
CIRCLE
8
WHITE
10
105.2950000000000017
20
-134.4503859999999804
40
0.25
0
CIRCLE
8
WHITE
10
105.3449999999999989
20
-139.4503859999999804
40
0.25
0
CIRCLE
8
WHITE
10
146.2049399999999935
20
-70.5099999999999909
40
0.25
0
CIRCLE
8
WHITE
10
151.2049399999999935
20
-70.4599999999999937
40
0.25
0
CIRCLE
8
WHITE
10
157.4549409999999909
20
-139.3249700000000075
40
0.25
0
CIRCLE
8
WHITE
10
162.4549409999999909
20
-139.2749699999999962
40
0.25
0
CIRCLE
8
WHITE
10
159.8499999999999943
20
-100.3299999999999983
40
0.4
0
CIRCLE
8
WHITE
10
159.8499999999999943
20
-90.1700000000000017
40
0.4
0
CIRCLE
8
WHITE
10
189.3299999999999841
20
-136.2599999999999909
40
1.3499999999999999
0
CIRCLE
8
WHITE
10
189.3299999999999841
20
-141.2599999999999909
40
1.3499999999999999
0
CIRCLE
8
WHITE
10
134.2999999999999829
20
-66.5499999999999972
40
0.4
0
CIRCLE
8
WHITE
10
134.2999999999999829
20
-76.7099999999999937
40
0.4
0
CIRCLE
8
WHITE
10
122.4749999999999943
20
-143.5049999999999955
40
0.4
0
CIRCLE
8
WHITE
10
122.4749999999999943
20
-133.3449999999999989
40
0.4
0
CIRCLE
8
WHITE
10
150.4549999999999841
20
-133.3249999999999886
40
0.4
0
CIRCLE
8
WHITE
10
140.2949999999999875
20
-133.3249999999999886
40
0.4
0
CIRCLE
8
WHITE
10
138.479881000000006
20
-67.1599700000000013
40
0.25
0
CIRCLE
8
WHITE
10
143.479881000000006
20
-67.1099699999999899
40
0.25
0
CIRCLE
8
WHITE
10
119.7099999999999937
20
-71.5900000000000034
40
0.25
0
CIRCLE
8
WHITE
10
114.7099999999999937
20
-71.6400000000000006
40
0.25
  0
ENDSEC
  0
EOF
