elapsed_time_s,stage_elapsed_time_s,stage_number,device_sample_time,commanded_motor_torque_nm,measured_motor_torque_nm,motor_position_rad,motor_velocity_rad_s,motor_temperature_c,encoder_raw,ankle_angle_deg,ankle_velocity_deg_s,loadcell1,loadcell2
2.392093415997806,1.385102290994837,2,87474.2254955,0.1,-0.06959724426269531,5.768863677978516,-1.4615402221679688,65,0,0.0,0.0,0.0,0.0
2.3922808750066906,1.3852897500037216,2,87474.225594959,0.1,-0.06959724426269531,5.768863677978516,-1.4615402221679688,65,0,0.0,0.0,0.0,0.0
2.3923360830085585,1.3853449580055894,2,87474.225713459,0.1,-0.06959724426269531,5.768863677978516,-1.4615402221679688,65,0,0.0,0.0,0.0,0.0
2.4170881250029197,1.4100969999999506,2,87474.255719542,0.1,-0.06959724426269531,5.768863677978516,-1.4615402221679688,65,0,0.0,0.0,0.0,0.0
2.4175911659986014,1.4106000409956323,2,87474.256100834,0.1,-3.431409069372356e-33,5.768863677978516,-1.4615402221679688,65,0,0.0,0.0,0.0,0.0
2.417732916001114,1.410741790998145,2,87474.256710209,0.1,-3.431409069372356e-33,5.768863677978516,-1.4615402221679688,65,0,0.0,0.0,0.0,0.0
2.4479774159990484,1.4409862909960793,2,87474.285358834,0.1,-3.431409069372356e-33,5.768863677978516,-1.4615402221679688,65,0,0.0,0.0,0.0,0.0
2.4481316660094308,1.4411405410064617,2,87474.285571375,0.1,-3.431409069372356e-33,5.768863677978516,-1.4615402221679688,65,416,0.0,0.0,0.0,0.0
2.477137000008952,1.4701458750059828,2,87474.314361459,0.1,-3.431409069372356e-33,5.768863677978516,-1.4615402221679688,65,416,0.0,0.0,0.0,0.0
2.4772377080080332,1.4702465830050642,2,87474.31483175,0.1,-0.06959724426269531,5.768863677978516,-1.4615402221679688,65,416,0.0,0.0,0.0,0.0
2.5086477080039913,1.5016565830010222,2,87474.344941584,0.1,-0.06959724426269531,5.768863677978516,-1.4615402221679688,65,416,0.0,0.0,0.0,0.0
2.508726458007004,1.501735333004035,2,87474.345229792,0.1,-0.06959724426269531,5.768863677978516,-1.4615402221679688,65,416,0.0,0.0,0.0,0.0
2.540322458007722,1.533331333004753,2,87474.375547625,0.1,-0.06959724426269531,5.768863677978516,-1.4615402221679688,65,416,0.0,0.0,0.0,0.0
2.540436833005515,1.5334457080025459,2,87474.375752959,0.1,-0.06959724426269531,5.768863677978516,-1.4615402221679688,65,416,0.0,0.0,0.0,0.0
2.5404832500062184,1.5334921250032494,2,87474.375921792,0.1,-0.06959724426269531,5.768863677978516,-1.4615402221679688,65,416,0.0,0.0,-12.319587707519531,-2.8723301887512207
2.571586500009289,1.56459537500632,2,87474.405960417,0.1,-0.06959724426269531,5.768863677978516,-1.4615402221679688,65,416,0.0,0.0,-12.319587707519531,-2.8723301887512207
2.5717399999994086,1.5647488749964396,2,87474.40602525,0.1,-0.06959724426269531,5.768863677978516,-1.4615402221679688,65,416,0.0,0.0,-12.319587707519531,-2.8723301887512207
2.598954875007621,1.591963750004652,2,87474.437011,0.1,-0.06959724426269531,5.768863677978516,-1.4615402221679688,65,416,0.0,0.0,-12.319587707519531,-2.8723301887512207
2.5991245830082335,1.5921334580052644,2,87474.4382565,0.1,-0.06959724426269531,5.768863677978516,-1.4615402221679688,65,416,0.0,0.0,-11.99746036529541,-3.0602378845214844
2.6055381659971317,1.5985470409941627,2,87474.438424875,0.1,-0.06959724426269531,5.768863677978516,-1.4615402221679688,65,416,0.0,0.0,-11.99746036529541,-3.0602378845214844
2.629429499997059,1.6224383749940898,2,87474.464797834,0.1,-0.06959724426269531,5.768863677978516,-1.4615402221679688,65,416,0.0,0.0,-12.45380687713623,-3.0602378845214844
2.629490541003179,1.6224994160002097,2,87474.4648795,0.1,-0.06959724426269531,5.768863677978516,-1.4615402221679688,65,41027,-30.673828125,-1159.581443381854,-12.45380687713623,-3.0602378845214844
2.6602441660070326,1.6532530410040636,2,87474.4945785,0.1,-0.06959724426269531,5.768863677978516,-1.4615402221679688,65,41027,-30.673828125,-1159.581443381854,-11.675324440002441,-2.8723301887512207
2.6604151659994386,1.6534240409964696,2,87474.494741125,0.1,-0.06959724426269531,5.768863677978516,-1.4615402221679688,65,416,0.0,1027.1043049021666,-11.675324440002441,-2.8723301887512207
2.6604592079966096,1.6534680829936406,2,87474.4949075,0.1,-0.047618865966796875,5.758563995361328,-0.6703300476074219,65,416,0.0,1027.1043049021666,-11.675324440002441,-2.8723301887512207
2.6910380000044825,1.6840468750015134,2,87474.525349875,0.1,-0.047618865966796875,5.758563995361328,-0.6703300476074219,65,416,0.0,0.0,-11.675324440002441,-2.8723301887512207
2.6911574999976438,1.6841663749946747,2,87474.5254815,0.1,-0.01831531524658203,5.760852813720703,0.6483497619628906,65,416,0.0,0.0,-11.675324440002441,-2.8723301887512207
2.7211090409982717,1.7141179159953026,2,87474.555614084,0.1,-0.01831531524658203,5.760852813720703,0.6483497619628906,65,416,0.0,0.0,-11.675324440002441,-2.8723301887512207
2.72120637500484,1.714215250001871,2,87474.555798084,0.1,-0.01831531524658203,5.944343566894531,-0.07692337036132812,65,416,0.0,0.0,-11.675324440002441,-2.8723301887512207
2.721237125006155,1.714246000003186,2,87474.555942084,0.1,-0.01831531524658203,5.944343566894531,-0.07692337036132812,65,416,0.0,0.0,-12.641706466674805,-3.0333938598632812
2.751787041008356,1.744795916005387,2,87474.585586875,0.1,-0.01831531524658203,5.944343566894531,-0.07692337036132812,65,416,0.0,0.0,-12.641706466674805,-3.0333938598632812
2.783345083007589,1.77635395800462,2,87474.61636675,0.1,-0.01831531524658203,5.944343566894531,-0.07692337036132812,65,416,0.0,0.0,-12.641706466674805,-3.0333938598632812
2.783454750009696,1.776463625006727,2,87474.616558792,0.1,-0.01831531524658203,5.944343566894531,-0.07692337036132812,65,416,0.0,0.0,-12.641706466674805,-3.0333938598632812
2.7834889160003513,1.7764977909973823,2,87474.616658834,0.1,-0.01831531524658203,5.944343566894531,-0.07692337036132812,65,416,0.0,0.0,-12.158523559570312,-3.0870816707611084
2.8088558750023367,1.8018647499993676,2,87474.646072834,0.1,-0.01831531524658203,5.944343566894531,-0.07692337036132812,65,416,0.0,0.0,-12.158523559570312,-3.0870816707611084
2.808961333008483,1.801970208005514,2,87474.64639575,0.1,-0.01831531524658203,5.944343566894531,-0.07692337036132812,65,416,0.0,0.0,-12.212203025817871,-2.899174213409424
2.809002624999266,1.802011499996297,2,87474.646595584,0.1,-0.01831531524658203,5.944343566894531,-0.07692337036132812,65,416,0.0,0.0,-12.212203025817871,-2.899174213409424
2.839621040999191,1.8326299159962218,2,87474.675872959,0.1,-0.01831531524658203,5.944343566894531,-0.07692337036132812,65,416,0.0,0.0,-12.051138877868652,-2.952862024307251
2.839724290999584,1.8327331659966148,2,87474.676058792,0.1,-0.01831531524658203,5.944343566894531,-0.07692337036132812,65,416,0.0,0.0,-12.051138877868652,-2.952862024307251
2.8397571250097826,1.8327660000068136,2,87474.676199292,0.1,0.09157466888427734,5.946632385253906,-0.010990142822265625,65,416,0.0,0.0,-12.051138877868652,-2.952862024307251
2.870024458010448,1.863033333007479,2,87474.706109917,0.1,0.09157466888427734,5.946632385253906,-0.010990142822265625,65,416,0.0,0.0,-12.051138877868652,-2.952862024307251
2.870129540999187,1.863138415996218,2,87474.706531042,0.1,0.09890079498291016,5.946632385253906,-0.09889984130859375,65,416,0.0,0.0,-12.051138877868652,-2.952862024307251
2.8701687910070177,1.8631776660040487,2,87474.706647209,0.1,0.09890079498291016,5.946632385253906,-0.09889984130859375,65,416,0.0,0.0,-12.265898704528809,-3.1676135063171387
2.9016016660025343,1.8946105409995653,2,87474.735268167,0.1,0.09890079498291016,5.946632385253906,-0.09889984130859375,65,416,0.0,0.0,-12.265898704528809,-3.1676135063171387
2.9016746660054196,1.8946835410024505,2,87474.735437584,0.1,0.09890079498291016,5.946632385253906,-0.09889984130859375,65,416,0.0,0.0,-12.265898704528809,-3.1676135063171387
2.9016977499995846,1.8947066249966156,2,87474.735476125,0.1,0.09890079498291016,5.946632385253906,-0.09889984130859375,65,416,0.0,0.0,-12.265898704528809,-3.1676135063171387
2.9268223749968456,1.9198312499938766,2,87474.764851125,0.1,0.09890079498291016,5.946632385253906,-0.09889984130859375,65,416,0.0,0.0,-12.185359954833984,-2.899174213409424
2.9268757500103675,1.9198846250073984,2,87474.764968417,0.1,0.09890079498291016,5.946632385253906,-0.09889984130859375,65,416,0.0,0.0,-12.185359954833984,-2.899174213409424
2.9268945410003653,1.9199034159973962,2,87474.765063167,0.1,0.09890079498291016,5.946632385253906,0.010990142822265625,65,416,0.0,0.0,-12.185359954833984,-2.899174213409424
2.9579745000082767,1.9509833750053076,2,87474.795688584,0.1,0.09890079498291016,5.946632385253906,0.010990142822265625,65,416,0.0,0.0,-12.185359954833984,-2.899174213409424
2.958130125000025,1.951138999997056,2,87474.795811375,0.1,0.09890079498291016,5.946632385253906,0.010990142822265625,65,416,0.0,0.0,-12.185359954833984,-2.899174213409424
2.9581572910101386,1.9511661660071695,2,87474.795882417,0.1,0.09890079498291016,5.946632385253906,0.010990142822265625,65,416,0.0,0.0,-12.292742729187012,-2.952862024307251
3.020226624998031,2.013235499995062,2,87474.854729459,0.1,0.09890079498291016,5.946632385253906,0.010990142822265625,65,416,0.0,0.0,-12.292742729187012,-2.952862024307251
3.0203037500032224,2.0133126250002533,2,87474.854971625,0.1,0.09890079498291016,5.946632385253906,0.010990142822265625,65,416,0.0,0.0,-12.292742729187012,-2.952862024307251
3.0203274579980643,2.0133363329950953,2,87474.855079167,0.1,0.09890079498291016,5.946632385253906,0.010990142822265625,65,416,0.0,0.0,-12.292742729187012,-2.952862024307251
3.045480041007977,2.038488916005008,2,87474.884406709,0.1,0.09890079498291016,5.946632385253906,0.010990142822265625,65,416,0.0,0.0,-11.594792366027832,-3.274989128112793
3.045544250009698,2.038553125006729,2,87474.88453825,0.1,0.09890079498291016,5.946632385253906,0.010990142822265625,65,416,0.0,0.0,-11.594792366027832,-3.274989128112793
3.0455700000020443,2.038578874999075,2,87474.884632875,0.1,0.09157466888427734,5.946632385253906,-0.07692337036132812,65,416,0.0,0.0,-11.594792366027832,-3.274989128112793
3.076958375007962,2.069967250004993,2,87474.914077042,0.1,0.09157466888427734,5.946632385253906,-0.07692337036132812,65,416,0.0,0.0,-11.594792366027832,-3.274989128112793
3.077009166008793,2.0700180410058238,2,87474.914267875,0.1,0.09890079498291016,5.946632385253906,0.03296661376953125,65,416,0.0,0.0,-11.594792366027832,-3.274989128112793
3.0770332500105724,2.0700421250076033,2,87474.914296417,0.1,0.09890079498291016,5.946632385253906,0.03296661376953125,65,416,0.0,0.0,-12.292742729187012,-2.899174213409424
3.107736541001941,2.100745415998972,2,87474.944083292,0.1,0.09890079498291016,5.946632385253906,0.03296661376953125,65,416,0.0,0.0,-12.292742729187012,-2.899174213409424
3.1078017910040217,2.1008106660010526,2,87474.944230334,0.1,0.09890079498291016,5.946632385253906,0.03296661376953125,65,416,0.0,0.0,-12.292742729187012,-2.899174213409424
3.1078342079999857,2.1008430829970166,2,87474.944371417,0.1,0.09890079498291016,5.946632385253906,0.03296661376953125,65,416,0.0,0.0,-12.292742729187012,-2.899174213409424
3.1392235410021385,2.1322324159991695,2,87474.974535917,0.1,0.09890079498291016,5.946632385253906,0.03296661376953125,65,416,0.0,0.0,-12.400117874145508,-3.0602378845214844
3.139292166000814,2.132301040997845,2,87474.974716,0.1,0.09890079498291016,5.946632385253906,0.03296661376953125,65,416,0.0,0.0,-12.400117874145508,-3.0602378845214844
3.1393142080050893,2.1323230830021203,2,87474.97480075,0.1,0.09157466888427734,5.946632385253906,0.09889984130859375,65,416,0.0,0.0,-12.400117874145508,-3.0602378845214844
3.170268665999174,2.163277540996205,2,87475.0041875,0.1,0.09157466888427734,5.946632385253906,0.09889984130859375,65,416,0.0,0.0,-12.400117874145508,-3.0602378845214844
3.1703222910000477,2.1633311659970786,2,87475.004330084,0.1,0.09157466888427734,5.946632385253906,-0.0549468994140625,65,416,0.0,0.0,-12.400117874145508,-3.0602378845214844
3.170350333006354,2.163359208003385,2,87475.004420209,0.1,0.09157466888427734,5.946632385253906,-0.0549468994140625,65,416,0.0,0.0,-12.480649948120117,-2.8454785346984863
3.1954640409967396,2.1884729159937706,2,87475.034297792,0.1,0.09157466888427734,5.946632385253906,-0.0549468994140625,65,416,0.0,0.0,-12.480649948120117,-2.8454785346984863
3.1955139159981627,2.1885227909951936,2,87475.0344755,0.1,0.09157466888427734,5.946632385253906,-0.0549468994140625,65,416,0.0,0.0,-12.480649948120117,-2.8454785346984863
3.1955434160045115,2.1885522910015425,2,87475.034582792,0.1,0.09157466888427734,5.946632385253906,-0.0549468994140625,65,416,0.0,0.0,-12.480649948120117,-2.8454785346984863
3.2269827910058666,2.2199916660028975,2,87475.064838959,0.1,0.09157466888427734,5.946632385253906,-0.0549468994140625,65,416,0.0,0.0,-12.722245216369629,-2.818634510040283
3.2270894160028547,2.2200982909998856,2,87475.065291167,0.1,0.09157466888427734,5.946632385253906,-0.0549468994140625,65,416,0.0,0.0,-12.722245216369629,-2.818634510040283
3.2271462500066264,2.2201551250036573,2,87475.065373792,0.1,0.09890079498291016,5.946632385253906,-0.27472686767578125,65,416,0.0,0.0,-12.722245216369629,-2.818634510040283
3.2568943329970352,2.249903207994066,2,87475.095490584,0.1,0.09890079498291016,5.946632385253906,-0.27472686767578125,65,416,0.0,0.0,-12.722245216369629,-2.818634510040283
3.256959165999433,2.249968040996464,2,87475.095615042,0.1,0.09890079498291016,5.946632385253906,-0.1868133544921875,65,416,0.0,0.0,-12.722245216369629,-2.818634510040283
3.2569949160097167,2.2500037910067476,2,87475.095714042,0.1,0.09890079498291016,5.946632385253906,-0.1868133544921875,65,416,0.0,0.0,-12.292742729187012,-2.899174213409424
3.2878162499982864,2.2808251249953173,2,87475.124184667,0.1,0.09890079498291016,5.946632385253906,-0.1868133544921875,65,416,0.0,0.0,-12.292742729187012,-2.899174213409424
3.28786641600891,2.280875291005941,2,87475.124395417,0.1,0.09890079498291016,5.946632385253906,-0.1868133544921875,65,416,0.0,0.0,-12.292742729187012,-2.899174213409424
3.2878953750041546,2.2809042500011856,2,87475.124456875,0.1,0.09890079498291016,5.946632385253906,-0.1868133544921875,65,416,0.0,0.0,-12.292742729187012,-2.899174213409424
3.318791625002632,2.311800499999663,2,87475.154426334,0.1,0.09890079498291016,5.946632385253906,-0.1868133544921875,65,416,0.0,0.0,-12.400117874145508,-2.926018238067627
3.318932333000703,2.3119412079977337,2,87475.154572875,0.1,0.09890079498291016,5.946632385253906,-0.1868133544921875,65,416,0.0,0.0,-12.400117874145508,-2.926018238067627
3.3189806250011316,2.3119894999981625,2,87475.154670667,0.1,0.09157466888427734,5.947013854980469,0.16483688354492188,65,416,0.0,0.0,-12.400117874145508,-2.926018238067627
3.349652040997171,2.342660915994202,2,87475.183956542,0.1,0.09157466888427734,5.947013854980469,0.16483688354492188,65,416,0.0,0.0,-12.400117874145508,-2.926018238067627
3.3804950830090092,2.37350395800604,2,87475.214772542,0.1,0.09157466888427734,5.946632385253906,-0.09889984130859375,65,416,0.0,0.0,-12.400117874145508,-2.926018238067627
3.3805540000030305,2.3735628750000615,2,87475.215102542,0.1,0.09157466888427734,5.946632385253906,-0.09889984130859375,65,416,0.0,0.0,-12.292742729187012,-3.1676135063171387
3.3805838330008555,2.3735927079978865,2,87475.215213584,0.1,0.09157466888427734,5.946632385253906,-0.09889984130859375,65,416,0.0,0.0,-12.292742729187012,-3.1676135063171387
3.380611915999907,2.373620790996938,2,87475.215471584,0.1,0.09157466888427734,5.946632385253906,-0.09889984130859375,65,416,0.0,0.0,-12.292742729187012,-3.1676135063171387
3.406363625006634,2.3993725000036648,2,87475.244140792,0.1,0.09157466888427734,5.946632385253906,-0.0549468994140625,65,416,0.0,0.0,-12.292742729187012,-3.1676135063171387
3.406421749998117,2.399430624995148,2,87475.244277875,0.1,0.09157466888427734,5.946632385253906,-0.0549468994140625,65,416,0.0,0.0,-12.722245216369629,-2.8454785346984863
3.4064489160082303,2.3994577910052612,2,87475.244316292,0.1,0.09157466888427734,5.946632385253906,-0.0549468994140625,65,416,0.0,0.0,-12.722245216369629,-2.8454785346984863
3.4378632080042735,2.4308720830013044,2,87475.274467875,0.1,0.09157466888427734,5.946632385253906,-0.0549468994140625,65,416,0.0,0.0,-12.641706466674805,-2.818634510040283
3.4379161660035606,2.4309250410005916,2,87475.274628417,0.1,0.09157466888427734,5.946632385253906,-0.0549468994140625,65,416,0.0,0.0,-12.641706466674805,-2.818634510040283
3.4379474580055103,2.430956333002541,2,87475.274757209,0.1,0.09157466888427734,5.946632385253906,-0.07692337036132812,65,416,0.0,0.0,-12.641706466674805,-2.818634510040283
3.469362582996837,2.462371457993868,2,87475.304334834,0.1,0.09157466888427734,5.946632385253906,-0.07692337036132812,65,416,0.0,0.0,-12.641706466674805,-2.818634510040283
3.469427125004586,2.4624360000016168,2,87475.30456625,0.1,0.09157466888427734,5.946632385253906,-0.07692337036132812,65,416,0.0,0.0,-12.641706466674805,-2.818634510040283
3.4695354160066927,2.4625442910037236,2,87475.304663959,0.1,0.09157466888427734,5.946632385253906,-0.07692337036132812,65,416,0.0,0.0,-12.158523559570312,-2.926018238067627
3.500868041010108,2.493876916007139,2,87475.334379834,0.1,0.09157466888427734,5.946632385253906,-0.07692337036132812,65,416,0.0,0.0,-12.158523559570312,-2.926018238067627
3.50096183300775,2.493970708004781,2,87475.334545542,0.1,0.09157466888427734,5.946632385253906,-0.07692337036132812,65,416,0.0,0.0,-12.158523559570312,-2.926018238067627
3.500997000010102,2.494005875007133,2,87475.334675042,0.1,0.09157466888427734,5.946632385253906,-0.07692337036132812,65,416,0.0,0.0,-12.158523559570312,-2.926018238067627
3.530930041000829,2.52393891599786,2,87475.36512475,0.1,0.09157466888427734,5.946632385253906,-0.07692337036132812,65,416,0.0,0.0,-12.400117874145508,-3.0602378845214844
3.53103800000099,2.524046874998021,2,87475.365443834,0.1,0.09157466888427734,5.946632385253906,-0.07692337036132812,65,416,0.0,0.0,-12.400117874145508,-3.0602378845214844
3.5310723330039764,2.5240812080010073,2,87475.365604875,0.1,0.09890079498291016,5.946632385253906,-0.120880126953125,65,416,0.0,0.0,-12.400117874145508,-3.0602378845214844
3.561115916003473,2.554124791000504,2,87475.39432375,0.1,0.09890079498291016,5.946632385253906,-0.120880126953125,65,416,0.0,0.0,-12.400117874145508,-3.0602378845214844
3.561284583003726,2.554293458000757,2,87475.394634709,0.1,0.09157466888427734,5.946632385253906,-0.120880126953125,65,416,0.0,0.0,-12.400117874145508,-3.0602378845214844
3.561344540998107,2.5543534159951378,2,87475.394822834,0.1,0.09157466888427734,5.946632385253906,-0.120880126953125,65,416,0.0,0.0,-12.561182022094727,-2.630734920501709
3.586364583010436,2.579373458007467,2,87475.425008792,0.1,0.09157466888427734,5.946632385253906,-0.120880126953125,65,416,0.0,0.0,-12.561182022094727,-2.630734920501709
3.5867300829995656,2.5797389579965966,2,87475.42538725,0.1,0.09157466888427734,5.946632385253906,-0.120880126953125,65,416,0.0,0.0,-12.561182022094727,-2.630734920501709
3.586983250002959,2.5799921249999898,2,87475.425864875,0.1,0.09157466888427734,5.946632385253906,-0.120880126953125,65,416,0.0,0.0,-12.561182022094727,-2.630734920501709
3.6180756660032785,2.6110845410003094,2,87475.4544915,0.1,0.09157466888427734,5.946632385253906,-0.120880126953125,65,416,0.0,0.0,-12.668558120727539,-2.8723301887512207
3.6181587500032037,2.6111676250002347,2,87475.4546475,0.1,0.09157466888427734,5.946632385253906,-0.120880126953125,65,416,0.0,0.0,-12.668558120727539,-2.8723301887512207
3.6181919160007965,2.6112007909978274,2,87475.454752709,0.1,0.09890079498291016,5.947013854980469,0.25274658203125,65,416,0.0,0.0,-12.668558120727539,-2.8723301887512207
3.6490400830080034,2.6420489580050344,2,87475.484054084,0.1,0.09890079498291016,5.947013854980469,0.25274658203125,65,416,0.0,0.0,-12.668558120727539,-2.8723301887512207
3.649105165997753,2.642114040994784,2,87475.484202042,0.1,0.09157466888427734,5.946632385253906,-0.010990142822265625,65,416,0.0,0.0,-12.668558120727539,-2.8723301887512207
3.649137125001289,2.64214599999832,2,87475.484308084,0.1,0.09157466888427734,5.946632385253906,-0.010990142822265625,65,416,0.0,0.0,-12.292742729187012,-2.9796981811523438
3.6806453750032233,2.6736542500002543,2,87475.514572292,0.1,0.09157466888427734,5.946632385253906,-0.010990142822265625,65,416,0.0,0.0,-12.292742729187012,-2.9796981811523438
3.680796458007535,2.673805333004566,2,87475.515050084,0.1,0.09157466888427734,5.946632385253906,-0.010990142822265625,65,416,0.0,0.0,-12.292742729187012,-2.9796981811523438
3.680839291002485,2.673848165999516,2,87475.515110417,0.1,0.09157466888427734,5.946632385253906,-0.010990142822265625,65,416,0.0,0.0,-12.292742729187012,-2.9796981811523438
3.711299125003279,2.70430800000031,2,87475.544266459,0.1,0.09157466888427734,5.946632385253906,-0.010990142822265625,65,416,0.0,0.0,-12.292742729187012,-2.9796981811523438
3.711497958007385,2.704506833004416,2,87475.544445625,0.1,0.09890079498291016,5.947013854980469,0.20878982543945312,65,416,0.0,0.0,-12.292742729187012,-2.9796981811523438
3.7115436250023777,2.7045524999994086,2,87475.544549084,0.1,0.09890079498291016,5.947013854980469,0.20878982543945312,65,416,0.0,0.0,-12.400117874145508,-3.0870816707611084
3.745155958007672,2.738164833004703,2,87475.575371375,0.1,0.09890079498291016,5.947013854980469,0.20878982543945312,65,416,0.0,0.0,-12.400117874145508,-3.0870816707611084
3.7452231659990503,2.738232040996081,2,87475.575508834,0.1,0.09890079498291016,5.947013854980469,0.20878982543945312,65,416,0.0,0.0,-12.400117874145508,-3.0870816707611084
3.7452556659991387,2.7382645409961697,2,87475.575687,0.1,0.09890079498291016,5.947013854980469,0.20878982543945312,65,416,0.0,0.0,-12.400117874145508,-3.0870816707611084
3.7693751659971895,2.7623840409942204,2,87475.604766292,0.1,0.09890079498291016,5.947013854980469,0.20878982543945312,65,416,0.0,0.0,-12.077983856201172,-3.1676135063171387
3.7694699999992736,2.7624788749963045,2,87475.604928584,0.1,0.09890079498291016,5.947013854980469,0.20878982543945312,65,416,0.0,0.0,-12.077983856201172,-3.1676135063171387
3.7694962910027243,2.7625051659997553,2,87475.605011334,0.1,0.09157466888427734,5.947013854980469,0.16483688354492188,65,416,0.0,0.0,-12.077983856201172,-3.1676135063171387
3.7991560410009697,2.7921649159980007,2,87475.634343125,0.1,0.09157466888427734,5.947013854980469,0.16483688354492188,65,416,0.0,0.0,-12.077983856201172,-3.1676135063171387
3.7992161250003846,2.7922249999974156,2,87475.634485792,0.1,0.09890079498291016,5.946632385253906,0.09889984130859375,65,416,0.0,0.0,-12.077983856201172,-3.1676135063171387
3.7992455000057817,2.7922543750028126,2,87475.634569959,0.1,0.09890079498291016,5.946632385253906,0.09889984130859375,65,416,0.0,0.0,-12.45380687713623,-2.952862024307251
3.830647166003473,2.823656041000504,2,87475.664528667,0.1,0.09890079498291016,5.946632385253906,0.09889984130859375,65,416,0.0,0.0,-12.45380687713623,-2.952862024307251
3.8307165000005625,2.8237253749975935,2,87475.664682334,0.1,0.09890079498291016,5.946632385253906,0.09889984130859375,65,416,0.0,0.0,-12.45380687713623,-2.952862024307251
3.8307455830072286,2.8237544580042595,2,87475.664878084,0.1,0.09890079498291016,5.946632385253906,0.09889984130859375,65,416,0.0,0.0,-12.45380687713623,-2.952862024307251
3.86069166600646,2.853700541003491,2,87475.694838125,0.1,0.09890079498291016,5.946632385253906,0.09889984130859375,65,416,0.0,0.0,-12.292742729187012,-2.7917985916137695
3.860796583001502,2.853805457998533,2,87475.695120167,0.1,0.09890079498291016,5.946632385253906,0.09889984130859375,65,416,0.0,0.0,-12.292742729187012,-2.7917985916137695
3.8608399579970865,2.8538488329941174,2,87475.695168417,0.1,0.09890079498291016,5.946632385253906,-0.09889984130859375,65,416,0.0,0.0,-12.292742729187012,-2.7917985916137695
3.8861187910079025,2.8791276660049334,2,87475.724673917,0.1,0.09890079498291016,5.946632385253906,-0.09889984130859375,65,416,0.0,0.0,-12.292742729187012,-2.7917985916137695
3.9159489160083467,2.9089577910053777,2,87475.755016292,0.1,0.09157466888427734,5.947013854980469,0.2967033386230469,65,416,0.0,0.0,-12.292742729187012,-2.7917985916137695
3.9217960000096355,2.9148048750066664,2,87475.755769917,0.1,0.09157466888427734,5.947013854980469,0.2967033386230469,65,416,0.0,0.0,-12.319587707519531,-2.818634510040283
3.921918000007281,2.914926875004312,2,87475.755850209,0.1,0.09157466888427734,5.947013854980469,0.2967033386230469,65,416,0.0,0.0,-12.319587707519531,-2.818634510040283
3.9219641250092536,2.9149730000062846,2,87475.756213709,0.1,0.09157466888427734,5.947013854980469,0.2967033386230469,65,416,0.0,0.0,-12.319587707519531,-2.818634510040283
3.9456640830030665,2.9386729580000974,2,87475.784582959,0.1,0.09157466888427734,5.946632385253906,0.010990142822265625,65,416,0.0,0.0,-12.319587707519531,-2.818634510040283
3.9458697910013143,2.9388786659983452,2,87475.784751417,0.1,0.09157466888427734,5.946632385253906,0.010990142822265625,65,416,0.0,0.0,-11.621636390686035,-2.8454785346984863
3.945932875009021,2.9389417500060517,2,87475.784999,0.1,0.09157466888427734,5.946632385253906,0.010990142822265625,65,416,0.0,0.0,-11.621636390686035,-2.8454785346984863
3.976415958008147,2.969424833005178,2,87475.8149315,0.1,0.09157466888427734,5.946632385253906,0.010990142822265625,65,416,0.0,0.0,-12.937005043029785,-2.603890895843506
3.97664037499635,2.969649249993381,2,87475.815390209,0.1,0.09157466888427734,5.946632385253906,0.010990142822265625,65,416,0.0,0.0,-12.937005043029785,-2.603890895843506
3.9767123330093455,2.9697212080063764,2,87475.815452,0.1,0.09157466888427734,5.946632385253906,0.010990142822265625,65,416,0.0,0.0,-12.937005043029785,-2.603890895843506
4.006866499999887,2.9998753749969183,2,87475.844543709,0.1,0.09157466888427734,5.946632385253906,0.010990142822265625,65,416,0.0,0.0,-12.937005043029785,-2.603890895843506
4.006977833007113,2.999986708004144,2,87475.8448085,0.1,0.09890079498291016,5.946632385253906,0.010990142822265625,65,416,0.0,0.0,-12.937005043029785,-2.603890895843506
4.0070097080024425,3.0000185829994734,2,87475.844841834,0.1,0.09890079498291016,5.946632385253906,0.010990142822265625,65,416,0.0,0.0,-12.45380687713623,-2.899174213409424
4.0691161660070065,0.062000916004762985,3,87475.905523834,0.2,0.09890079498291016,5.946632385253906,0.010990142822265625,65,416,0.0,0.0,-12.45380687713623,-2.899174213409424
4.069285833000322,0.062170582998078316,3,87475.906127542,0.2,0.09890079498291016,5.946632385253906,0.010990142822265625,65,416,0.0,0.0,-12.45380687713623,-2.899174213409424
4.069348832999822,0.062233582997578196,3,87475.906243084,0.2,0.09890079498291016,5.946632385253906,0.010990142822265625,65,416,0.0,0.0,-12.45380687713623,-2.899174213409424
4.0996639160002815,0.0925486659980379,3,87475.935248542,0.2,0.09890079498291016,5.946632385253906,0.010990142822265625,65,416,0.0,0.0,-12.239047050476074,-2.9796981811523438
4.099798416005797,0.0926831660035532,3,87475.935760042,0.2,0.09890079498291016,5.946632385253906,0.010990142822265625,65,416,0.0,0.0,-12.239047050476074,-2.9796981811523438
4.129189208004391,0.12207395800214726,3,87475.965664834,0.2,0.09890079498291016,5.946632385253906,0.010990142822265625,65,416,0.0,0.0,-12.426962852478027,-3.0870816707611084
4.129337666003266,0.1222224160010228,3,87475.966161042,0.2,0.09890079498291016,5.946632385253906,0.010990142822265625,65,416,0.0,0.0,-12.426962852478027,-3.0870816707611084
4.129397166005219,0.12228191600297578,3,87475.96624175,0.2,0.09157466888427734,5.946632385253906,0.010990142822265625,65,416,0.0,0.0,-12.426962852478027,-3.0870816707611084
4.1600472910067765,0.15293204100453295,3,87475.994823542,0.2,0.09157466888427734,5.946632385253906,0.010990142822265625,65,416,0.0,0.0,-12.426962852478027,-3.0870816707611084
4.16016916600347,0.15305391600122675,3,87475.99526775,0.2,0.09157466888427734,5.946632385253906,0.07692337036132812,65,416,0.0,0.0,-12.426962852478027,-3.0870816707611084
4.160217875003582,0.1531026250013383,3,87475.995726417,0.2,0.09157466888427734,5.946632385253906,0.07692337036132812,65,416,0.0,0.0,-12.58802604675293,-2.818634510040283
4.190436541000963,0.18332129099871963,3,87476.024594584,0.2,0.09157466888427734,5.946632385253906,0.07692337036132812,65,416,0.0,0.0,-12.58802604675293,-2.818634510040283
4.190600083005847,0.18348483300360385,3,87476.024906959,0.2,0.09157466888427734,5.946632385253906,0.07692337036132812,65,416,0.0,0.0,-12.58802604675293,-2.818634510040283
4.190657708008075,0.18354245800583158,3,87476.025085459,0.2,0.09157466888427734,5.946632385253906,0.07692337036132812,65,416,0.0,0.0,-12.58802604675293,-2.818634510040283
4.221171500001219,0.21405624999897555,3,87476.055930625,0.2,0.09157466888427734,5.946632385253906,0.07692337036132812,65,416,0.0,0.0,-12.265898704528809,-3.731343984603882
4.221303708007326,0.2141884580050828,3,87476.056047417,0.2,0.09157466888427734,5.946632385253906,0.07692337036132812,65,416,0.0,0.0,-12.265898704528809,-3.731343984603882
4.221364208002342,0.21424895800009836,3,87476.056475625,0.2,0.09157466888427734,5.946632385253906,-0.0549468994140625,65,416,0.0,0.0,-12.265898704528809,-3.731343984603882
4.246119957999326,0.23900470799708273,3,87476.084746875,0.2,0.09157466888427734,5.946632385253906,-0.0549468994140625,65,416,0.0,0.0,-12.265898704528809,-3.731343984603882
4.246447666009772,0.23933241600752808,3,87476.085157292,0.2,0.1941394805908203,5.998893737792969,1.131866455078125,65,416,0.0,0.0,-12.265898704528809,-3.731343984603882
4.2465533330105245,0.23943808300828096,3,87476.085544625,0.2,0.1941394805908203,5.998893737792969,1.131866455078125,65,416,0.0,0.0,-12.292742729187012,-8.375375747680664
4.277823833006551,0.270708583004307,3,87476.115379584,0.2,0.1941394805908203,5.998893737792969,1.131866455078125,65,416,0.0,0.0,-12.292742729187012,-8.375375747680664
4.277969165996183,0.27085391599393915,3,87476.115795584,0.2,0.1941394805908203,5.998893737792969,1.131866455078125,65,416,0.0,0.0,-12.292742729187012,-8.375375747680664
4.2780840000050375,0.27096875000279397,3,87476.116046334,0.2,0.1941394805908203,5.998893737792969,1.131866455078125,65,416,0.0,0.0,-12.292742729187012,-8.375375747680664
4.308626583006117,0.301511333003873,3,87476.145035959,0.2,0.1941394805908203,5.998893737792969,1.131866455078125,65,416,0.0,0.0,-12.426962852478027,-8.402219772338867
4.338672708006925,0.3315574580046814,3,87476.175428125,0.2,0.1941394805908203,5.998893737792969,1.131866455078125,65,416,0.0,0.0,-12.426962852478027,-8.402219772338867
4.338814375005313,0.33169912500306964,3,87476.175879084,0.2,0.1868133544921875,6.012245178222656,-0.120880126953125,65,416,0.0,0.0,-12.426962852478027,-8.402219772338867
4.338873250002507,0.33175800000026356,3,87476.175937834,0.2,0.1868133544921875,6.012245178222656,-0.120880126953125,65,416,0.0,0.0,-12.426962852478027,-8.402219772338867
4.3389150830043945,0.331799833002151,3,87476.176204042,0.2,0.1868133544921875,6.012245178222656,-0.2967033386230469,65,416,0.0,0.0,-12.426962852478027,-8.402219772338867
4.36944345801021,0.36232820800796617,3,87476.204601167,0.2,0.1868133544921875,6.012245178222656,-0.2967033386230469,65,416,0.0,0.0,-12.426962852478027,-8.402219772338867
4.369597958007944,0.36248270800570026,3,87476.2050665,0.2,0.1941394805908203,6.012245178222656,-0.120880126953125,65,416,0.0,0.0,-12.426962852478027,-8.402219772338867
4.369660833006492,0.36254558300424833,3,87476.205150917,0.2,0.1941394805908203,6.012245178222656,-0.120880126953125,65,416,0.0,0.0,-12.346423149108887,-8.268000602722168
4.400874250000925,0.39375899999868125,3,87476.234546459,0.2,0.1868133544921875,6.012245178222656,-0.3186798095703125,65,416,0.0,0.0,-12.346423149108887,-8.268000602722168
4.401042583005619,0.3939273330033757,3,87476.234728917,0.2,0.1868133544921875,6.012245178222656,-0.3186798095703125,65,416,0.0,0.0,-12.292742729187012,-8.268000602722168
4.401093041000422,0.39397779099817853,3,87476.234857209,0.2,0.1868133544921875,6.012245178222656,-0.3186798095703125,65,416,0.0,0.0,-12.292742729187012,-8.268000602722168
4.4265927910018945,0.41947754099965096,3,87476.265545959,0.2,0.1868133544921875,6.012245178222656,-0.3186798095703125,65,416,0.0,0.0,-12.319587707519531,-8.133780479431152
4.431903707998572,0.42478845799632836,3,87476.266279,0.2,0.1868133544921875,6.012245178222656,-0.3186798095703125,65,416,0.0,0.0,-12.319587707519531,-8.133780479431152
4.432002000001376,0.424886749999132,3,87476.266558292,0.2,0.1868133544921875,6.012245178222656,-0.23077011108398438,65,416,0.0,0.0,-12.319587707519531,-8.133780479431152
4.461781999998493,0.45466674999624956,3,87476.294873584,0.2,0.1868133544921875,6.012245178222656,-0.23077011108398438,65,416,0.0,0.0,-12.319587707519531,-8.133780479431152
4.461871916006203,0.45475666600395925,3,87476.29543275,0.2,0.1868133544921875,6.012245178222656,0.010990142822265625,65,416,0.0,0.0,-12.319587707519531,-8.133780479431152
4.461897000001045,0.4547817499988014,3,87476.295766167,0.2,0.1868133544921875,6.012245178222656,0.010990142822265625,65,416,0.0,0.0,-12.802777290344238,-8.214303970336914
4.48705495800823,0.4799397080059862,3,87476.324193834,0.2,0.1868133544921875,6.012245178222656,0.010990142822265625,65,416,0.0,0.0,-12.802777290344238,-8.214303970336914
4.51850054100214,0.5113852909998968,3,87476.354614792,0.2,0.1868133544921875,6.012245178222656,0.010990142822265625,65,416,0.0,0.0,-12.802777290344238,-8.214303970336914
4.518551708009909,0.5114364580076654,3,87476.354778292,0.2,0.1868133544921875,6.012245178222656,0.010990142822265625,65,416,0.0,0.0,-12.802777290344238,-8.214303970336914
4.518580333009595,0.5114650830073515,3,87476.354897625,0.2,0.1868133544921875,6.012245178222656,0.010990142822265625,65,416,0.0,0.0,-13.60810375213623,-7.892177104949951
4.518605125005706,0.5114898750034627,3,87476.355032459,0.2,0.1868133544921875,6.012245178222656,0.010990142822265625,65,416,0.0,0.0,-13.60810375213623,-7.892177104949951
4.548687458009226,0.5415722080069827,3,87476.385132542,0.2,0.1868133544921875,6.012245178222656,0.010990142822265625,65,416,0.0,0.0,-13.60810375213623,-7.892177104949951
4.548747458000435,0.541632207998191,3,87476.38530675,0.2,0.1941394805908203,6.012245178222656,0.09889984130859375,65,416,0.0,0.0,-13.60810375213623,-7.892177104949951
4.548768916007248,0.5416536660050042,3,87476.385364167,0.2,0.1941394805908203,6.012245178222656,0.09889984130859375,65,416,0.0,0.0,-13.232288360595703,-7.838497161865234
4.580234583001584,0.5731193329993403,3,87476.414174042,0.2,0.1941394805908203,6.012245178222656,0.09889984130859375,65,416,0.0,0.0,-13.232288360595703,-7.838497161865234
4.580292166006984,0.5731769160047406,3,87476.414342959,0.2,0.1941394805908203,6.012245178222656,0.09889984130859375,65,416,0.0,0.0,-13.232288360595703,-7.838497161865234
4.580317250001826,0.5732019999995828,3,87476.414387125,0.2,0.1941394805908203,6.012245178222656,0.09889984130859375,65,416,0.0,0.0,-13.232288360595703,-7.838497161865234
4.60546200000681,0.5983467500045663,3,87476.444525542,0.2,0.1941394805908203,6.012245178222656,0.09889984130859375,65,416,0.0,0.0,-13.151748657226562,-8.080084800720215
4.605779791003442,0.5986645410011988,3,87476.444782584,0.2,0.1941394805908203,6.012245178222656,0.09889984130859375,65,416,0.0,0.0,-13.151748657226562,-8.080084800720215
4.6058370000100695,0.5987217500078259,3,87476.444848167,0.2,0.1868133544921875,6.012245178222656,-0.14285659790039062,65,416,0.0,0.0,-13.151748657226562,-8.080084800720215
4.636835458004498,0.6297202080022544,3,87476.474243292,0.2,0.1868133544921875,6.012245178222656,-0.14285659790039062,65,416,0.0,0.0,-13.151748657226562,-8.080084800720215
4.636895083007403,0.6297798330051592,3,87476.474401334,0.2,0.1941394805908203,6.012245178222656,0.03296661376953125,65,416,0.0,0.0,-13.151748657226562,-8.080084800720215
4.636928541003726,0.6298132910014829,3,87476.47450475,0.2,0.1941394805908203,6.012245178222656,0.03296661376953125,65,416,0.0,0.0,-12.775934219360352,-7.919021129608154
4.66778845799854,0.6606732079962967,3,87476.504911667,0.2,0.1941394805908203,6.012245178222656,0.03296661376953125,65,416,0.0,0.0,-12.775934219360352,-7.919021129608154
4.667909750001854,0.6607944999996107,3,87476.505386209,0.2,0.1941394805908203,6.012245178222656,0.03296661376953125,65,416,0.0,0.0,-12.775934219360352,-7.919021129608154
4.667960416001733,0.6608451659994898,3,87476.505684042,0.2,0.1941394805908203,6.012245178222656,0.03296661376953125,65,416,0.0,0.0,-12.775934219360352,-7.919021129608154
4.698474874996464,0.6913596249942202,3,87476.535370584,0.2,0.1941394805908203,6.012245178222656,0.03296661376953125,65,416,0.0,0.0,-12.749090194702148,-7.623737812042236
4.698620541006676,0.6915052910044324,3,87476.536020417,0.2,0.1941394805908203,6.012245178222656,0.03296661376953125,65,416,0.0,0.0,-12.749090194702148,-7.623737812042236
4.698652000006405,0.6915367500041611,3,87476.536071792,0.2,0.1941394805908203,6.011863708496094,0.1868133544921875,65,416,0.0,0.0,-12.749090194702148,-7.623737812042236
4.730229958004202,0.7231147080019582,3,87476.564945334,0.2,0.1941394805908203,6.011863708496094,0.1868133544921875,65,416,0.0,0.0,-12.749090194702148,-7.623737812042236
4.730355916006374,0.7232406660041306,3,87476.56514375,0.2,0.1868133544921875,6.011863708496094,-0.1868133544921875,65,416,0.0,0.0,-12.749090194702148,-7.623737812042236
4.730387791001704,0.72327254099946,3,87476.565184042,0.2,0.1868133544921875,6.011863708496094,-0.1868133544921875,65,416,0.0,0.0,-12.53433895111084,-7.972716808319092
4.755155332997674,0.7480400829954306,3,87476.594290417,0.2,0.1868133544921875,6.011863708496094,-0.1868133544921875,65,416,0.0,0.0,-12.53433895111084,-7.972716808319092
4.7615594579983735,0.75444420799613,3,87476.594645459,0.2,0.1868133544921875,6.011863708496094,-0.1868133544921875,65,416,0.0,0.0,-12.53433895111084,-7.972716808319092
4.761613791008131,0.7544985410058871,3,87476.594723834,0.2,0.1868133544921875,6.011863708496094,-0.1868133544921875,65,416,0.0,0.0,-12.53433895111084,-7.972716808319092
4.7856730409985175,0.778557790996274,3,87476.624581417,0.2,0.1868133544921875,6.011863708496094,-0.1868133544921875,65,416,0.0,0.0,-12.373266220092773,-8.080084800720215
4.785863500001142,0.7787482499988982,3,87476.624779417,0.2,0.1868133544921875,6.011863708496094,-0.1868133544921875,65,416,0.0,0.0,-12.373266220092773,-8.080084800720215
4.785929040997871,0.7788137909956276,3,87476.625014209,0.2,0.1868133544921875,6.011863708496094,0.2967033386230469,65,416,0.0,0.0,-12.373266220092773,-8.080084800720215
4.817376874998445,0.8102616249962011,3,87476.655297209,0.2,0.1868133544921875,6.011863708496094,0.2967033386230469,65,416,0.0,0.0,-12.373266220092773,-8.080084800720215
4.817518625000957,0.8104033749987138,3,87476.655643334,0.2,0.1868133544921875,6.011482238769531,-0.27472686767578125,65,416,0.0,0.0,-12.373266220092773,-8.080084800720215
4.8175501660007285,0.8104349159984849,3,87476.655683292,0.2,0.1868133544921875,6.011482238769531,-0.27472686767578125,65,416,0.0,0.0,-12.346423149108887,-7.999560832977295
4.849077083010343,0.8419618330080993,3,87476.684795709,0.2,0.1868133544921875,6.011482238769531,-0.27472686767578125,65,416,0.0,0.0,-12.346423149108887,-7.999560832977295
4.880592916000751,0.8734776659985073,3,87476.715328959,0.2,0.1868133544921875,6.011482238769531,-0.27472686767578125,65,416,0.0,0.0,-12.346423149108887,-7.999560832977295
4.880782666004961,0.8736674160027178,3,87476.715806875,0.2,0.1868133544921875,6.011482238769531,-0.27472686767578125,65,416,0.0,0.0,-12.346423149108887,-7.999560832977295
4.880840790996444,0.8737255409942009,3,87476.716256042,0.2,0.1868133544921875,6.011482238769531,-0.27472686767578125,65,416,0.0,0.0,-12.292742729187012,-7.784801483154297
4.880877165996935,0.8737619159946917,3,87476.716545459,0.2,0.1868133544921875,6.011482238769531,-0.27472686767578125,65,416,0.0,0.0,-12.292742729187012,-7.784801483154297
4.91220649999741,0.9050912499951664,3,87476.745646542,0.2,0.1868133544921875,6.011482238769531,-0.27472686767578125,65,416,0.0,0.0,-12.292742729187012,-7.784801483154297
4.912350625003455,0.9052353750012117,3,87476.746041834,0.2,0.1868133544921875,6.011100769042969,-0.34066009521484375,65,416,0.0,0.0,-12.292742729187012,-7.784801483154297
4.912394416009192,0.9052791660069488,3,87476.746133625,0.2,0.1868133544921875,6.011100769042969,-0.34066009521484375,65,416,0.0,0.0,-12.426962852478027,-7.865340709686279
4.943350000001374,0.9362347499991301,3,87476.776709375,0.2,0.1868133544921875,6.011100769042969,-0.34066009521484375,65,416,0.0,0.0,-12.426962852478027,-7.865340709686279
4.943507500007399,0.9363922500051558,3,87476.776797,0.2,0.1868133544921875,6.011100769042969,-0.34066009521484375,65,416,0.0,0.0,-12.426962852478027,-7.865340709686279
4.943566000001738,0.9364507499994943,3,87476.776850334,0.2,0.1868133544921875,6.011100769042969,-0.34066009521484375,65,416,0.0,0.0,-12.426962852478027,-7.865340709686279
4.968266124997172,0.961150874994928,3,87476.805282792,0.2,0.1868133544921875,6.011100769042969,-0.34066009521484375,65,416,0.0,0.0,-12.346423149108887,-7.945864677429199
4.968481165997218,0.9613659159949748,3,87476.805593709,0.2,0.1868133544921875,6.011100769042969,-0.34066009521484375,65,416,0.0,0.0,-12.346423149108887,-7.945864677429199
4.968520916008856,0.9614056660066126,3,87476.805638375,0.2,0.1868133544921875,6.011482238769531,0.14285659790039062,65,416,0.0,0.0,-12.346423149108887,-7.945864677429199
4.998584875007509,0.9914696250052657,3,87476.835711292,0.2,0.1868133544921875,6.011482238769531,0.14285659790039062,65,416,0.0,0.0,-12.346423149108887,-7.945864677429199
4.998820875000092,0.9917056249978486,3,87476.836223042,0.2,0.18676002323627472,6.011474609375,0.1428566575050354,65,416,0.0,0.0,-12.346423149108887,-7.945864677429199
4.998894582997309,0.9917793329950655,3,87476.836586584,0.2,0.18676002323627472,6.011474609375,0.1428566575050354,65,416,0.0,0.0,-12.426962852478027,-8.02640438079834
5.030647749998025,1.023532499995781,3,87476.865736375,0.2,0.18676002323627472,6.011474609375,0.1428566575050354,65,416,0.0,0.0,-12.426962852478027,-8.02640438079834
5.030944583006203,1.0238293330039596,3,87476.86602625,0.2,0.18676002323627472,6.011474609375,0.1428566575050354,65,416,0.0,0.0,-12.426962852478027,-8.02640438079834
5.030995541004813,1.0238802910025697,3,87476.866084584,0.2,0.18676002323627472,6.011474609375,0.1428566575050354,65,416,0.0,0.0,-12.426962852478027,-8.02640438079834
5.060781375010265,1.0536661250080215,3,87476.896559209,0.2,0.18676002323627472,6.011474609375,0.1428566575050354,65,416,0.0,0.0,-11.487417221069336,-8.053240776062012
5.061059625004418,1.0539443750021746,3,87476.8968245,0.2,0.18676002323627472,6.011474609375,0.1428566575050354,65,416,0.0,0.0,-11.487417221069336,-8.053240776062012
5.061274916006369,1.054159666004125,3,87476.896879209,0.2,0.1941394805908203,6.011100769042969,-0.09889984130859375,65,416,0.0,0.0,-11.487417221069336,-8.053240776062012
5.116865666001104,1.1097504159988603,3,87476.9549685,0.2,0.1941394805908203,6.011100769042969,-0.09889984130859375,65,416,0.0,0.0,-11.487417221069336,-8.053240776062012
5.117004750005435,1.1098895000031916,3,87476.955327584,0.2,0.1941394805908203,6.011100769042969,0.010990142822265625,65,416,0.0,0.0,-11.487417221069336,-8.053240776062012
5.1170542080071755,1.109938958004932,3,87476.955540459,0.2,0.1941394805908203,6.011100769042969,0.010990142822265625,65,416,0.0,0.0,-12.212203025817871,-7.919021129608154
5.146531207996304,1.1394159579940606,3,87476.984982125,0.2,0.1941394805908203,6.011100769042969,0.010990142822265625,65,416,0.0,0.0,-12.212203025817871,-7.919021129608154
5.146699000004446,1.1395837500022026,3,87476.985361459,0.2,0.1941394805908203,6.011100769042969,0.010990142822265625,65,416,0.0,0.0,-12.212203025817871,-7.919021129608154
5.146765291006886,1.1396500410046428,3,87476.985639875,0.2,0.1941394805908203,6.011100769042969,0.010990142822265625,65,416,0.0,0.0,-12.212203025817871,-7.919021129608154
5.176423291006358,1.1693080410041148,3,87477.01537875,0.2,0.1941394805908203,6.011100769042969,0.010990142822265625,65,416,0.0,0.0,-12.346423149108887,-8.02640438079834
5.183074665997992,1.1759594159957487,3,87477.016164959,0.2,0.1941394805908203,6.011100769042969,0.010990142822265625,65,416,0.0,0.0,-12.346423149108887,-8.02640438079834
5.183187791000819,1.1760725409985753,3,87477.016278125,0.2,0.1868133544921875,6.011100769042969,-0.25274658203125,65,416,0.0,0.0,-12.346423149108887,-8.02640438079834
5.208404791002977,1.2012895410007332,3,87477.044596959,0.2,0.1868133544921875,6.011100769042969,-0.25274658203125,65,416,0.0,0.0,-12.346423149108887,-8.02640438079834
5.208519583000452,1.2014043329982087,3,87477.044933834,0.2,0.1868133544921875,6.011100769042969,-0.25274658203125,65,416,0.0,0.0,-12.346423149108887,-8.02640438079834
5.2085771249985555,1.201461874996312,3,87477.045238834,0.2,0.1868133544921875,6.011100769042969,-0.25274658203125,65,416,0.0,0.0,-11.433721542358398,-7.892177104949951
5.301659541000845,1.2945442909986014,3,87477.135868084,0.2,0.1868133544921875,6.011100769042969,-0.25274658203125,65,416,0.0,0.0,-11.433721542358398,-7.892177104949951
5.301858332997654,1.29474308299541,3,87477.135998292,0.2,0.1868133544921875,6.011100769042969,-0.25274658203125,65,416,0.0,0.0,-11.433721542358398,-7.892177104949951
5.302024415999767,1.2949091659975238,3,87477.136479167,0.2,0.1868133544921875,6.011100769042969,-0.25274658203125,65,416,0.0,0.0,-11.433721542358398,-7.892177104949951
5.326741208002204,1.3196259579999605,3,87477.165686625,0.2,0.1868133544921875,6.011100769042969,-0.25274658203125,65,416,0.0,0.0,-12.91015338897705,-7.5700578689575195
5.33344158300315,1.3263263330009067,3,87477.16659075,0.2,0.1941394805908203,6.011100769042969,-0.2967033386230469,65,416,0.0,0.0,-12.91015338897705,-7.5700578689575195
5.3335745410004165,1.326459290998173,3,87477.166681417,0.2,0.1941394805908203,6.011100769042969,-0.2967033386230469,65,416,0.0,0.0,-12.53433895111084,-7.999560832977295
5.363044583005831,1.355929333003587,3,87477.197275459,0.2,0.1868133544921875,6.011100769042969,0.23077011108398438,65,416,0.0,0.0,-12.53433895111084,-7.999560832977295
5.3902322909998475,1.383117040997604,3,87477.2252585,0.2,0.1868133544921875,6.011100769042969,0.23077011108398438,65,416,0.0,0.0,-12.265898704528809,-7.999560832977295
5.390296833007596,1.3831815830053529,3,87477.22543225,0.2,0.1868133544921875,6.011100769042969,0.23077011108398438,65,416,0.0,0.0,-12.265898704528809,-7.999560832977295
5.39031645799696,1.3832012079947162,3,87477.225532709,0.2,0.1868133544921875,6.011100769042969,0.23077011108398438,65,416,0.0,0.0,-12.507487297058105,-7.838497161865234
5.390334708004957,1.3832194580027135,3,87477.225609542,0.2,0.1868133544921875,6.011100769042969,0.23077011108398438,65,416,0.0,0.0,-12.507487297058105,-7.838497161865234
5.421785333004664,1.4146700830024201,3,87477.256527125,0.2,0.1868133544921875,6.011100769042969,0.23077011108398438,65,416,0.0,0.0,-11.433721542358398,-8.321687698364258
5.421913875004975,1.4147986250027316,3,87477.2566375,0.2,0.1868133544921875,6.011100769042969,0.23077011108398438,65,416,0.0,0.0,-11.433721542358398,-8.321687698364258
5.45311975000368,1.446004500001436,3,87477.286597375,0.2,0.1941394805908203,6.011100769042969,0.120880126953125,65,416,0.0,0.0,-11.433721542358398,-8.321687698364258
5.453258833003929,1.4461435830016853,3,87477.286957167,0.2,0.1941394805908203,6.011100769042969,0.120880126953125,65,416,0.0,0.0,-11.433721542358398,-8.321687698364258
5.453315749997273,1.4462004999950295,3,87477.2871625,0.2,0.1941394805908203,6.010719299316406,-0.010990142822265625,65,416,0.0,0.0,-11.433721542358398,-8.321687698364258
5.453353208009503,1.4462379580072593,3,87477.287488959,0.2,0.1941394805908203,6.010719299316406,-0.010990142822265625,65,416,0.0,0.0,-12.400117874145508,-7.838497161865234
5.478046916003223,1.470931666000979,3,87477.315179792,0.2,0.1941394805908203,6.010719299316406,-0.010990142822265625,65,416,0.0,0.0,-12.400117874145508,-7.838497161865234
5.478198875003727,1.4710836250014836,3,87477.31548075,0.2,0.1941394805908203,6.010719299316406,-0.010990142822265625,65,416,0.0,0.0,-12.400117874145508,-7.838497161865234
5.478232791007031,1.4711175410047872,3,87477.315528042,0.2,0.1941394805908203,6.010719299316406,-0.010990142822265625,65,416,0.0,0.0,-12.400117874145508,-7.838497161865234
5.5096309579967055,1.502515707994462,3,87477.346315542,0.2,0.1941394805908203,6.010719299316406,-0.010990142822265625,65,416,0.0,0.0,-12.58802604675293,-7.784801483154297
5.509768040996278,1.5026527909940341,3,87477.346926459,0.2,0.1941394805908203,6.010719299316406,-0.010990142822265625,65,416,0.0,0.0,-12.58802604675293,-7.784801483154297
5.509810791001655,1.5026955409994116,3,87477.347116,0.2,0.1868133544921875,6.010719299316406,-0.120880126953125,65,416,0.0,0.0,-12.58802604675293,-7.784801483154297
5.540477290996932,1.5333620409946889,3,87477.376019709,0.2,0.1868133544921875,6.010719299316406,-0.120880126953125,65,416,0.0,0.0,-12.58802604675293,-7.784801483154297
5.540607625007397,1.533492375005153,3,87477.376498334,0.2,0.1868133544921875,6.010719299316406,-0.03296661376953125,65,416,0.0,0.0,-12.58802604675293,-7.784801483154297
5.5406473750044825,1.533532125002239,3,87477.376556292,0.2,0.1868133544921875,6.010719299316406,-0.03296661376953125,65,416,0.0,0.0,-12.400117874145508,-7.892177104949951
5.571323124997434,1.5642078749951907,3,87477.406418959,0.2,0.1868133544921875,6.010719299316406,-0.03296661376953125,65,416,0.0,0.0,-12.400117874145508,-7.892177104949951
5.571467041008873,1.5643517910066294,3,87477.406764334,0.2,0.1868133544921875,6.010719299316406,-0.03296661376953125,65,416,0.0,0.0,-12.400117874145508,-7.892177104949951
5.57150029100012,1.5643850409978768,3,87477.406814375,0.2,0.1868133544921875,6.010719299316406,-0.03296661376953125,65,416,0.0,0.0,-12.400117874145508,-7.892177104949951
5.602560375002213,1.5954451249999693,3,87477.436160209,0.2,0.1868133544921875,6.010719299316406,-0.03296661376953125,65,416,0.0,0.0,-12.400117874145508,-8.133780479431152
5.60273016600695,1.5956149160047062,3,87477.436365084,0.2,0.1868133544921875,6.010719299316406,-0.03296661376953125,65,416,0.0,0.0,-12.400117874145508,-8.133780479431152
5.602767999997013,1.5956527499947697,3,87477.436515834,0.2,0.1941394805908203,6.011100769042969,0.23077011108398438,65,416,0.0,0.0,-12.400117874145508,-8.133780479431152
5.626287500010221,1.6191722500079777,3,87477.464591959,0.2,0.1941394805908203,6.011100769042969,0.23077011108398438,65,416,0.0,0.0,-12.400117874145508,-8.133780479431152
5.626423249996151,1.6193079999939073,3,87477.46476975,0.2,0.1868133544921875,6.010719299316406,0.0549468994140625,65,416,0.0,0.0,-12.400117874145508,-8.133780479431152
5.626457125006709,1.6193418750044657,3,87477.464891959,0.2,0.1868133544921875,6.010719299316406,0.0549468994140625,65,416,0.0,0.0,-12.614870071411133,-7.731113433837891
5.657513208003365,1.6503979580011219,3,87477.494760792,0.2,0.1868133544921875,6.010719299316406,0.0549468994140625,65,416,0.0,0.0,-12.614870071411133,-7.731113433837891
5.657708166007069,1.6505929160048254,3,87477.495008,0.2,0.1868133544921875,6.010719299316406,0.0549468994140625,65,416,0.0,0.0,-12.614870071411133,-7.731113433837891
5.657738624999183,1.6506233749969397,3,87477.495066542,0.2,0.1868133544921875,6.010719299316406,0.0549468994140625,65,416,0.0,0.0,-12.614870071411133,-7.731113433837891
5.688111291005043,1.6809960410027998,3,87477.526256084,0.2,0.1868133544921875,6.010719299316406,0.0549468994140625,65,416,0.0,0.0,-12.373266220092773,-7.865340709686279
5.68825704100891,1.6811417910066666,3,87477.526560667,0.2,0.1868133544921875,6.010719299316406,0.0549468994140625,65,416,0.0,0.0,-12.373266220092773,-7.865340709686279
5.688289625002653,1.6811743750004098,3,87477.52668675,0.2,0.1868133544921875,6.010719299316406,0.0549468994140625,65,416,0.0,0.0,-12.373266220092773,-7.865340709686279
5.719428124997648,1.7123128749954049,3,87477.555920084,0.2,0.1868133544921875,6.010719299316406,0.0549468994140625,65,416,0.0,0.0,-12.373266220092773,-7.865340709686279
5.719520790997194,1.7124055409949506,3,87477.556113542,0.2,0.1868133544921875,6.011100769042969,0.09889984130859375,65,416,0.0,0.0,-12.373266220092773,-7.865340709686279
5.7195485410047695,1.712433291002526,3,87477.556146334,0.2,0.1868133544921875,6.011100769042969,0.09889984130859375,65,416,0.0,0.0,-12.400117874145508,-7.919021129608154
5.750958500007982,1.7438432500057388,3,87477.584288834,0.2,0.1868133544921875,6.011100769042969,0.09889984130859375,65,416,0.0,0.0,-12.400117874145508,-7.919021129608154
5.751016624999465,1.7439013749972219,3,87477.584436584,0.2,0.1868133544921875,6.011100769042969,0.09889984130859375,65,416,0.0,0.0,-12.400117874145508,-7.919021129608154
5.751041499999701,1.7439262499974575,3,87477.584576125,0.2,0.1868133544921875,6.011100769042969,0.09889984130859375,65,416,0.0,0.0,-12.400117874145508,-7.919021129608154
5.775897625004291,1.768782375002047,3,87477.614901625,0.2,0.1868133544921875,6.011100769042969,0.09889984130859375,65,416,0.0,0.0,-12.292742729187012,-7.838497161865234
5.77595687500434,1.7688416250020964,3,87477.615040834,0.2,0.1868133544921875,6.011100769042969,0.09889984130859375,65,416,0.0,0.0,-12.292742729187012,-7.838497161865234
5.782030458009103,1.7749152080068598,3,87477.615287959,0.2,0.1868133544921875,6.010719299316406,0.07692337036132812,65,416,0.0,0.0,-12.292742729187012,-7.838497161865234
5.806490832997952,1.799375582995708,3,87477.644479709,0.2,0.1868133544921875,6.010719299316406,0.07692337036132812,65,416,0.0,0.0,-12.292742729187012,-7.838497161865234
5.806567000006908,1.799451750004664,3,87477.644574959,0.2,0.1941394805908203,6.010719299316406,-0.14285659790039062,65,416,0.0,0.0,-12.292742729187012,-7.838497161865234
5.837374333001208,1.830259082998964,3,87477.675200084,0.2,0.1941394805908203,6.010719299316406,-0.14285659790039062,65,416,0.0,0.0,-12.292742729187012,-7.838497161865234
5.837492291000672,1.8303770409984281,3,87477.675435125,0.2,0.1868133544921875,6.011100769042969,0.25274658203125,65,416,0.0,0.0,-12.292742729187012,-7.838497161865234
5.837533249999979,1.830417999997735,3,87477.675563209,0.2,0.1868133544921875,6.011100769042969,0.25274658203125,65,416,0.0,0.0,-12.373266220092773,-7.919021129608154
5.868196291005006,1.8610810410027625,3,87477.705734709,0.2,0.1868133544921875,6.011100769042969,0.25274658203125,65,416,0.0,0.0,-12.373266220092773,-7.919021129608154
5.86833591600589,1.8612206660036463,3,87477.705967167,0.2,0.1868133544921875,6.011100769042969,0.25274658203125,65,416,0.0,0.0,-12.373266220092773,-7.919021129608154
5.868367540999316,1.8612522909970721,3,87477.706075417,0.2,0.1868133544921875,6.011100769042969,0.25274658203125,65,416,0.0,0.0,-12.373266220092773,-7.919021129608154
5.904005958000198,1.8968907079979545,3,87477.737207292,0.2,0.1868133544921875,6.011100769042969,0.25274658203125,65,416,0.0,0.0,-12.507487297058105,-7.838497161865234
5.904138541009161,1.8970232910069171,3,87477.737507,0.2,0.1868133544921875,6.011100769042969,0.25274658203125,65,416,0.0,0.0,-12.507487297058105,-7.838497161865234
5.904175165997003,1.8970599159947596,3,87477.73757375,0.2,0.1868133544921875,6.010719299316406,0.07692337036132812,65,416,0.0,0.0,-12.507487297058105,-7.838497161865234
5.928549582997221,1.921434332994977,3,87477.765715834,0.2,0.1868133544921875,6.010719299316406,0.07692337036132812,65,416,0.0,0.0,-12.507487297058105,-7.838497161865234
5.928604625005391,1.9214893750031479,3,87477.765854959,0.2,0.1868133544921875,6.010719299316406,-0.20878982543945312,65,416,0.0,0.0,-12.507487297058105,-7.838497161865234
5.928619250000338,1.9215039999980945,3,87477.765883334,0.2,0.1868133544921875,6.010719299316406,-0.20878982543945312,65,416,0.0,0.0,-12.45380687713623,-7.865340709686279
5.959590124999522,1.9524748749972787,3,87477.795949042,0.2,0.1868133544921875,6.010719299316406,-0.20878982543945312,65,416,0.0,0.0,-12.45380687713623,-7.865340709686279
5.959719165999559,1.9526039159973152,3,87477.796260084,0.2,0.1868133544921875,6.010719299316406,-0.20878982543945312,65,416,0.0,0.0,-12.45380687713623,-7.865340709686279
5.959757958000409,1.9526427079981659,3,87477.796314,0.2,0.1868133544921875,6.010719299316406,-0.20878982543945312,65,416,0.0,0.0,-12.45380687713623,-7.865340709686279
5.991590375007945,1.9844751250057016,3,87477.8253565,0.2,0.1868133544921875,6.010719299316406,-0.20878982543945312,65,416,0.0,0.0,-12.265898704528809,-7.945864677429199
5.99169087500195,1.9845756249997066,3,87477.825560792,0.2,0.1868133544921875,6.010719299316406,-0.20878982543945312,65,416,0.0,0.0,-12.265898704528809,-7.945864677429199
5.991722791004577,1.9846075410023332,3,87477.825721167,0.2,0.1868133544921875,6.010719299316406,-0.1868133544921875,65,416,0.0,0.0,-12.265898704528809,-7.945864677429199
6.015878707999946,2.008763457997702,3,87477.854592667,0.2,0.1868133544921875,6.010719299316406,-0.1868133544921875,65,416,0.0,0.0,-12.265898704528809,-7.945864677429199
6.015933250004309,2.0088180000020657,3,87477.85473925,0.2,0.1868133544921875,6.010719299316406,-0.03296661376953125,65,416,0.0,0.0,-12.265898704528809,-7.945864677429199
6.0159625410015,2.008847290999256,3,87477.854868875,0.2,0.1868133544921875,6.010719299316406,-0.03296661376953125,65,416,0.0,0.0,-12.58802604675293,-7.865340709686279
6.047476666004513,2.04036141600227,3,87477.884544625,0.2,0.1868133544921875,6.010719299316406,-0.03296661376953125,65,416,0.0,0.0,-12.58802604675293,-7.865340709686279
6.047582915998646,2.0404676659964025,3,87477.884974792,0.2,0.1868133544921875,6.010719299316406,-0.03296661376953125,65,416,0.0,0.0,-12.58802604675293,-7.865340709686279
6.047629874999984,2.0405146249977406,3,87477.88504875,0.2,0.1868133544921875,6.010719299316406,-0.03296661376953125,65,416,0.0,0.0,-12.58802604675293,-7.865340709686279
6.080598166008713,2.073482916006469,3,87477.916357584,0.2,0.1868133544921875,6.010719299316406,-0.03296661376953125,65,416,0.0,0.0,-12.695402145385742,-7.892177104949951
6.080738208009279,2.0736229580070358,3,87477.916907959,0.2,0.1868133544921875,6.010719299316406,-0.03296661376953125,65,416,0.0,0.0,-12.695402145385742,-7.892177104949951
6.080766708008014,2.07365145800577,3,87477.9169625,0.2,0.1941394805908203,6.010719299316406,-0.09889984130859375,65,416,0.0,0.0,-12.695402145385742,-7.892177104949951
6.108818916007294,2.1017036660050508,3,87477.946350584,0.2,0.1941394805908203,6.010719299316406,-0.09889984130859375,65,416,0.0,0.0,-12.695402145385742,-7.892177104949951
6.108970583009068,2.1018553330068244,3,87477.946655042,0.2,0.1941394805908203,6.010719299316406,-0.1868133544921875,65,416,0.0,0.0,-12.695402145385742,-7.892177104949951
6.109005375008564,2.101890125006321,3,87477.946786709,0.2,0.1941394805908203,6.010719299316406,-0.1868133544921875,65,416,0.0,0.0,-12.668558120727539,-7.919021129608154
6.171600625006249,2.1644853750040056,3,87478.005106667,0.2,0.1941394805908203,6.010719299316406,-0.1868133544921875,65,416,0.0,0.0,-12.668558120727539,-7.919021129608154
6.202719207998598,2.1956039579963544,3,87478.035967459,0.2,0.1941394805908203,6.010719299316406,-0.1868133544921875,65,416,0.0,0.0,-12.668558120727539,-7.919021129608154
6.202837625009124,2.1957223750068806,3,87478.036272334,0.2,0.1941394805908203,6.010719299316406,-0.1868133544921875,65,416,0.0,0.0,-12.668558120727539,-7.919021129608154
6.202985041003558,2.1958697910013143,3,87478.036451709,0.2,0.1941394805908203,6.010719299316406,-0.1868133544921875,65,416,0.0,0.0,-11.487417221069336,-8.053240776062012
6.227974458000972,2.2208592079987284,3,87478.065197834,0.2,0.1941394805908203,6.010719299316406,-0.1868133544921875,65,416,0.0,0.0,-11.487417221069336,-8.053240776062012
6.257987000004505,2.2508717500022613,3,87478.094671,0.2,0.1941394805908203,6.010719299316406,-0.1868133544921875,65,416,0.0,0.0,-11.487417221069336,-8.053240776062012
6.2580974160082405,2.250982166005997,3,87478.094988917,0.2,0.1941394805908203,6.011100769042969,0.4505500793457031,65,416,0.0,0.0,-11.487417221069336,-8.053240776062012
6.258136874996126,2.251021624993882,3,87478.095299209,0.2,0.1941394805908203,6.011100769042969,0.4505500793457031,65,416,0.0,0.0,-11.487417221069336,-8.053240776062012
6.258166166007868,2.2510509160056245,3,87478.095460792,0.2,0.1941394805908203,6.011100769042969,0.4505500793457031,65,416,0.0,0.0,-11.487417221069336,-8.053240776062012
6.288327290996676,2.2812120409944328,3,87478.125424292,0.2,0.1941394805908203,6.011100769042969,0.4505500793457031,65,416,0.0,0.0,-11.487417221069336,-8.053240776062012
6.288454666006146,2.2813394160039024,3,87478.125728917,0.2,0.1868133544921875,6.010719299316406,-0.010990142822265625,65,416,0.0,0.0,-11.487417221069336,-8.053240776062012
6.288487958008773,2.281372708006529,3,87478.1257715,0.2,0.1868133544921875,6.010719299316406,-0.010990142822265625,65,416,0.0,0.0,-12.53433895111084,-7.8116455078125
6.318473416002234,2.311358165999991,3,87478.154731084,0.2,0.1868133544921875,6.010719299316406,-0.010990142822265625,65,416,0.0,0.0,-12.53433895111084,-7.8116455078125
6.318636833006167,2.3115215830039233,3,87478.155124542,0.2,0.1868133544921875,6.010719299316406,-0.010990142822265625,65,416,0.0,0.0,-12.53433895111084,-7.8116455078125
6.318699833005667,2.311584583003423,3,87478.155181292,0.2,0.1868133544921875,6.010719299316406,-0.010990142822265625,65,416,0.0,0.0,-12.53433895111084,-7.8116455078125
6.3502460830059135,2.34313083300367,3,87478.186505,0.2,0.1868133544921875,6.010719299316406,-0.010990142822265625,65,416,0.0,0.0,-12.480649948120117,-7.8116455078125
6.350418250003713,2.3433030000014696,3,87478.186818334,0.2,0.1868133544921875,6.010719299316406,-0.010990142822265625,65,416,0.0,0.0,-12.480649948120117,-7.8116455078125
6.350453083010507,2.3433378330082633,3,87478.1868565,0.2,0.1941394805908203,6.010719299316406,-0.27472686767578125,65,416,0.0,0.0,-12.480649948120117,-7.8116455078125
6.380915500005358,2.3738002500031143,3,87478.21468575,0.2,0.1941394805908203,6.010719299316406,-0.27472686767578125,65,416,0.0,0.0,-12.480649948120117,-7.8116455078125
6.381099833000917,2.3739845829986734,3,87478.214890959,0.2,0.1868133544921875,6.010719299316406,-0.0549468994140625,65,416,0.0,0.0,-12.480649948120117,-7.8116455078125
6.381135208008345,2.3740199580061017,3,87478.215076,0.2,0.1868133544921875,6.010719299316406,-0.0549468994140625,65,416,0.0,0.0,-12.561182022094727,-7.919021129608154
6.411122749996139,2.404007499993895,3,87478.2462665,0.2,0.1868133544921875,6.010719299316406,-0.0549468994140625,65,416,0.0,0.0,-12.561182022094727,-7.919021129608154
6.411299166007666,2.4041839160054224,3,87478.2465585,0.2,0.1868133544921875,6.010719299316406,-0.0549468994140625,65,416,0.0,0.0,-12.561182022094727,-7.919021129608154
6.411356291006086,2.404241041003843,3,87478.24662475,0.2,0.1868133544921875,6.010719299316406,-0.0549468994140625,65,416,0.0,0.0,-12.561182022094727,-7.919021129608154
6.43678808301047,2.429672833008226,3,87478.275691125,0.2,0.1868133544921875,6.010719299316406,-0.0549468994140625,65,416,0.0,0.0,-12.561182022094727,-7.8116455078125
6.467792166004074,2.4606769160018303,3,87478.306362209,0.2,0.1868133544921875,6.010719299316406,-0.0549468994140625,65,416,0.0,0.0,-12.561182022094727,-7.8116455078125
6.467885916004889,2.460770666002645,3,87478.306413709,0.2,0.1868133544921875,6.010719299316406,-0.09889984130859375,65,416,0.0,0.0,-12.561182022094727,-7.8116455078125
6.467914374996326,2.4607991249940824,3,87478.30644275,0.2,0.1868133544921875,6.010719299316406,-0.09889984130859375,65,416,0.0,0.0,-12.561182022094727,-7.8116455078125
6.467940583010204,2.4608253330079606,3,87478.306468417,0.2,0.1868133544921875,6.010719299316406,0.09889984130859375,65,416,0.0,0.0,-12.561182022094727,-7.8116455078125
6.497748499998124,2.4906332499958808,3,87478.336702542,0.2,0.1868133544921875,6.010719299316406,0.09889984130859375,65,416,0.0,0.0,-12.561182022094727,-7.8116455078125
6.49784974999784,2.4907344999955967,3,87478.336881417,0.2,0.1941394805908203,6.010719299316406,-0.14285659790039062,65,416,0.0,0.0,-12.561182022094727,-7.8116455078125
6.503125916002318,2.4960106660000747,3,87478.337174959,0.2,0.1941394805908203,6.010719299316406,-0.14285659790039062,65,416,0.0,0.0,-12.58802604675293,-7.945864677429199
6.528277000004891,2.5211617500026478,3,87478.365043084,0.2,0.1941394805908203,6.010719299316406,-0.14285659790039062,65,416,0.0,0.0,-12.58802604675293,-7.945864677429199
6.528355083006318,2.521239833004074,3,87478.3652135,0.2,0.1941394805908203,6.010719299316406,-0.14285659790039062,65,416,0.0,0.0,-12.58802604675293,-7.945864677429199
6.52838299999712,2.521267749994877,3,87478.365303834,0.2,0.1941394805908203,6.010719299316406,-0.14285659790039062,65,416,0.0,0.0,-12.58802604675293,-7.945864677429199
6.559589750002488,2.552474500000244,3,87478.39484625,0.2,0.1941394805908203,6.010719299316406,-0.14285659790039062,65,416,0.0,0.0,-12.91015338897705,-7.543206214904785
6.559658375001163,2.5525431249989197,3,87478.3949845,0.2,0.1941394805908203,6.010719299316406,-0.14285659790039062,65,416,0.0,0.0,-12.91015338897705,-7.543206214904785
6.5596890410088236,2.55257379100658,3,87478.395071042,0.2,0.1941394805908203,6.010719299316406,-0.0549468994140625,65,416,0.0,0.0,-12.91015338897705,-7.543206214904785
6.590685083006974,2.5835698330047308,3,87478.424701959,0.2,0.1941394805908203,6.010719299316406,-0.0549468994140625,65,416,0.0,0.0,-12.91015338897705,-7.543206214904785
6.590788250003243,2.5836730000009993,3,87478.42478875,0.2,0.1941394805908203,6.010719299316406,0.03296661376953125,65,416,0.0,0.0,-12.91015338897705,-7.543206214904785
6.590827583000646,2.5837123329984024,3,87478.425032417,0.2,0.1941394805908203,6.010719299316406,0.03296661376953125,65,416,0.0,0.0,-12.507487297058105,-7.999560832977295
6.652930249998462,2.645814999996219,3,87478.486639,0.2,0.1941394805908203,6.010719299316406,0.03296661376953125,65,416,0.0,0.0,-12.507487297058105,-7.999560832977295
6.653080000003683,2.64596475000144,3,87478.487025584,0.2,0.1941394805908203,6.010719299316406,0.03296661376953125,65,416,0.0,0.0,-12.507487297058105,-7.999560832977295
6.65312874999654,2.6460134999942966,3,87478.487112167,0.2,0.1941394805908203,6.010719299316406,0.03296661376953125,65,416,0.0,0.0,-12.507487297058105,-7.999560832977295
6.653168916003779,2.646053666001535,3,87478.487532459,0.2,0.1941394805908203,6.010719299316406,0.03296661376953125,65,416,0.0,0.0,-12.400117874145508,-7.865340709686279
6.68102958300733,2.6739143330050865,3,87478.514975209,0.2,-52113920.0,6.010719299316406,0.14285659790039062,65,416,0.0,0.0,-12.400117874145508,-7.865340709686279
6.681171208008891,2.6740559580066474,3,87478.515337042,0.2,-52113920.0,6.010719299316406,0.14285659790039062,65,416,0.0,0.0,-12.614870071411133,-7.892177104949951
6.681217375007691,2.6741021250054473,3,87478.515402084,0.2,-52113920.0,6.010719299316406,0.14285659790039062,65,416,0.0,0.0,-12.614870071411133,-7.892177104949951
6.711038749999716,2.7039234999974724,3,87478.545021875,0.2,-52113920.0,6.010719299316406,0.14285659790039062,65,416,0.0,0.0,-12.53433895111084,-8.402219772338867
6.711158250007429,2.7040430000051856,3,87478.545514625,0.2,-52113920.0,6.010719299316406,0.14285659790039062,65,416,0.0,0.0,-12.53433895111084,-8.402219772338867
6.711207166008535,2.7040919160062913,3,87478.545856042,0.2,0.1941394805908203,6.010719299316406,0.0549468994140625,65,416,0.0,0.0,-12.53433895111084,-8.402219772338867
6.740209208001033,2.73309395799879,3,87478.576465625,0.2,0.1941394805908203,6.010719299316406,0.0549468994140625,65,416,0.0,0.0,-12.53433895111084,-8.402219772338867
6.740506916001323,2.733391665999079,3,87478.576824625,0.2,0.1941394805908203,6.010719299316406,-0.3626365661621094,65,416,0.0,0.0,-12.53433895111084,-8.402219772338867
6.74055975000374,2.7334445000014966,3,87478.577006709,0.2,0.1941394805908203,6.010719299316406,-0.3626365661621094,65,416,0.0,0.0,-12.400117874145508,-7.838497161865234
6.770722790999571,2.7636075409973273,3,87478.606377834,0.2,0.1941394805908203,6.010719299316406,-0.3626365661621094,65,416,0.0,0.0,-12.400117874145508,-7.838497161865234
6.77089212500141,2.7637768749991665,3,87478.60679625,0.2,0.1941394805908203,6.010719299316406,-0.3626365661621094,65,416,0.0,0.0,-12.400117874145508,-7.838497161865234
6.770966416006559,2.763851166004315,3,87478.606872417,0.2,0.1941394805908203,6.010719299316406,-0.3626365661621094,65,416,0.0,0.0,-12.400117874145508,-7.838497161865234
6.83179954100342,2.8246842910011765,3,87478.6654175,0.2,0.1941394805908203,6.010719299316406,-0.3626365661621094,65,416,0.0,0.0,-12.45380687713623,-7.892177104949951
6.832010708007147,2.824895458004903,3,87478.665798584,0.2,0.1941394805908203,6.010719299316406,-0.3626365661621094,65,416,0.0,0.0,-12.45380687713623,-7.892177104949951
6.832115375000285,2.8250001249980414,3,87478.666018709,0.2,0.1868133544921875,6.010719299316406,-0.03296661376953125,65,416,0.0,0.0,-12.45380687713623,-7.892177104949951
6.861463166002068,2.854347915999824,3,87478.694477167,0.2,0.1868133544921875,6.010719299316406,-0.03296661376953125,65,416,0.0,0.0,-12.45380687713623,-7.892177104949951
6.861617083006422,2.8545018330041785,3,87478.694949667,0.2,0.1868133544921875,6.010719299316406,-0.03296661376953125,65,416,0.0,0.0,-12.373266220092773,-7.838497161865234
6.861677875000169,2.854562624997925,3,87478.695118375,0.2,0.1868133544921875,6.010719299316406,-0.03296661376953125,65,416,0.0,0.0,-12.373266220092773,-7.838497161865234
6.886693874999764,2.879578624997521,3,87478.725100167,0.2,0.1868133544921875,6.010719299316406,-0.03296661376953125,65,416,0.0,0.0,-12.426962852478027,-7.972716808319092
6.886842916006572,2.879727666004328,3,87478.725591709,0.2,0.1868133544921875,6.010719299316406,-0.03296661376953125,65,416,0.0,0.0,-12.426962852478027,-7.972716808319092
6.8868970409967005,2.879781790994457,3,87478.725645292,0.2,0.1941394805908203,6.010719299316406,-0.03296661376953125,65,416,0.0,0.0,-12.426962852478027,-7.972716808319092
6.917899874999421,2.910784624997177,3,87478.756474792,0.2,0.1941394805908203,6.010719299316406,-0.03296661376953125,65,416,0.0,0.0,-12.426962852478027,-7.972716808319092
6.918107375007821,2.9109921250055777,3,87478.756947875,0.2,0.1941394805908203,6.010719299316406,0.120880126953125,65,416,0.0,0.0,-12.426962852478027,-7.972716808319092
6.918190166004933,2.91107491600269,3,87478.757027084,0.2,0.1941394805908203,6.010719299316406,0.120880126953125,65,416,0.0,0.0,-12.265898704528809,-7.892177104949951
6.949659999998403,2.9425447499961592,3,87478.78640875,0.2,0.1941394805908203,6.010719299316406,0.120880126953125,65,416,0.0,0.0,-12.265898704528809,-7.892177104949951
6.949770916005946,2.942655666003702,3,87478.786715084,0.2,0.1941394805908203,6.010719299316406,0.120880126953125,65,416,0.0,0.0,-12.265898704528809,-7.892177104949951
6.949817500004428,2.942702250002185,3,87478.787033542,0.2,0.1941394805908203,6.010719299316406,0.120880126953125,65,416,0.0,0.0,-12.265898704528809,-7.892177104949951
6.981300250001368,2.9741849999991246,3,87478.8164695,0.2,0.1941394805908203,6.010719299316406,0.120880126953125,65,416,0.0,0.0,-12.53433895111084,-7.838497161865234
6.981432833010331,2.9743175830080872,3,87478.816781875,0.2,0.1941394805908203,6.010719299316406,0.120880126953125,65,416,0.0,0.0,-12.53433895111084,-7.838497161865234
6.981477875000564,2.974362624998321,3,87478.81682625,0.2,0.1941394805908203,6.010719299316406,-0.010990142822265625,65,416,0.0,0.0,-12.53433895111084,-7.838497161865234
7.006611125005293,2.999495875003049,3,87478.845699959,0.2,0.1941394805908203,6.010719299316406,-0.010990142822265625,65,416,0.0,0.0,-12.53433895111084,-7.838497161865234
7.068889625006705,0.05580124999687541,4,87478.904889125,0.3,0.1941394805908203,6.010719299316406,-0.010990142822265625,65,416,0.0,0.0,-12.53433895111084,-7.838497161865234
7.069004375007353,0.05591599999752361,4,87478.905251792,0.3,0.1941394805908203,6.010719299316406,-0.010990142822265625,65,416,0.0,0.0,-12.507487297058105,-7.892177104949951
7.069051291007781,0.05596291599795222,4,87478.90531,0.3,0.1941394805908203,6.010719299316406,-0.010990142822265625,65,416,0.0,0.0,-12.507487297058105,-7.892177104949951
7.069088832999114,0.05600045798928477,4,87478.905417625,0.3,0.1941394805908203,6.010719299316406,-0.010990142822265625,65,416,0.0,0.0,-12.507487297058105,-7.892177104949951
7.099857958004577,0.0867695829947479,4,87478.934990542,0.3,0.1868133544921875,6.000709533691406,0.14285659790039062,65,416,0.0,0.0,-12.507487297058105,-7.892177104949951
7.099997666009585,0.0869092909997562,4,87478.935499167,0.3,0.1868133544921875,6.000709533691406,0.14285659790039062,65,416,0.0,0.0,-12.507487297058105,-1.8312923399932401e-09
7.129139583004871,0.1160512079950422,4,87478.966870459,0.3,0.1868133544921875,6.010719299316406,0.03296661376953125,65,416,0.0,0.0,-12.507487297058105,-1.8312923399932401e-09
7.129298708008719,0.1162103329988895,4,87478.967294209,0.3,0.1868133544921875,6.010719299316406,0.03296661376953125,65,416,0.0,0.0,-12.561182022094727,-7.704277515411377
7.1293607910047285,0.11627241599489935,4,87478.967518667,0.3,0.1868133544921875,6.010719299316406,0.03296661376953125,65,416,0.0,0.0,-12.561182022094727,-7.704277515411377
7.160564707999583,0.14747633298975416,4,87478.995795042,0.3,0.1868133544921875,6.010719299316406,0.03296661376953125,65,416,0.0,0.0,-12.641706466674805,-7.945864677429199
7.160705875008716,0.14761749999888707,4,87478.996283542,0.3,0.1868133544921875,6.010719299316406,0.03296661376953125,65,416,0.0,0.0,-12.641706466674805,-7.945864677429199
7.160776083008386,0.14768770799855702,4,87478.996350834,0.3,0.2967033386230469,6.011863708496094,0.09889984130859375,65,416,0.0,0.0,-12.641706466674805,-7.945864677429199
7.220690875008586,0.20760249999875668,4,87479.055315542,0.3,0.2967033386230469,6.011863708496094,0.09889984130859375,65,416,0.0,0.0,-12.641706466674805,-7.945864677429199
7.220895541002392,0.20780716599256266,4,87479.056000125,0.3,0.28937721252441406,6.011863708496094,-0.010990142822265625,65,416,0.0,0.0,-12.641706466674805,-7.945864677429199
7.220992957998533,0.20790458298870362,4,87479.056090292,0.3,0.28937721252441406,6.011863708496094,-0.010990142822265625,65,416,0.0,0.0,-12.480649948120117,-7.945864677429199
7.250848000010592,0.23775962500076275,4,87479.085078334,0.3,0.28937721252441406,6.011863708496094,-0.010990142822265625,65,416,0.0,0.0,-12.480649948120117,-7.945864677429199
7.250927415996557,0.23783904098672792,4,87479.085246334,0.3,0.28937721252441406,6.011863708496094,-0.010990142822265625,65,416,0.0,0.0,-12.480649948120117,-7.945864677429199
7.250954832998104,0.23786645798827522,4,87479.085353334,0.3,0.28937721252441406,6.011863708496094,-0.010990142822265625,65,416,0.0,0.0,-12.480649948120117,-7.945864677429199
7.282375166003476,0.2692867909936467,4,87479.115992375,0.3,0.28937721252441406,6.011863708496094,-0.010990142822265625,65,416,0.0,0.0,-12.426962852478027,-7.865340709686279
7.282457000008435,0.2693686249986058,4,87479.116160709,0.3,0.28937721252441406,6.011863708496094,-0.010990142822265625,65,416,0.0,0.0,-12.426962852478027,-7.865340709686279
7.282482666007127,0.2693942909972975,4,87479.116257125,0.3,0.28937721252441406,6.011863708496094,0.1868133544921875,65,416,0.0,0.0,-12.426962852478027,-7.865340709686279
7.3076028330106055,0.29451445800077636,4,87479.1430285,0.3,0.28937721252441406,6.011863708496094,0.1868133544921875,65,416,0.0,0.0,-12.426962852478027,-7.865340709686279
7.307671540998854,0.29458316598902456,4,87479.144296792,0.3,0.2967033386230469,6.011863708496094,-0.010990142822265625,65,416,0.0,0.0,-12.426962852478027,-7.865340709686279
7.307701041005203,0.2946126659953734,4,87479.14441825,0.3,0.2967033386230469,6.011863708496094,-0.010990142822265625,65,416,0.0,0.0,-12.346423149108887,-7.972716808319092
7.338236333001987,0.3251479579921579,4,87479.173175542,0.3,0.2967033386230469,6.011863708496094,-0.010990142822265625,65,416,0.0,0.0,-12.346423149108887,-7.972716808319092
7.338294250002946,0.3252058749931166,4,87479.174200125,0.3,0.2967033386230469,6.011863708496094,-0.010990142822265625,65,416,0.0,0.0,-12.346423149108887,-7.972716808319092
7.338321083007031,0.32523270799720194,4,87479.1743,0.3,0.2967033386230469,6.011863708496094,-0.010990142822265625,65,416,0.0,0.0,-12.346423149108887,-7.972716808319092
7.369415458000731,0.35632708299090154,4,87479.204295375,0.3,0.2967033386230469,6.011863708496094,-0.010990142822265625,65,416,0.0,0.0,-12.507487297058105,-7.999560832977295
7.36954433300707,0.35645595799724106,4,87479.204452,0.3,0.2967033386230469,6.011863708496094,-0.010990142822265625,65,416,0.0,0.0,-12.507487297058105,-7.999560832977295
7.3695899580052355,0.35650158299540635,4,87479.204584,0.3,0.28937721252441406,6.011863708496094,0.0549468994140625,65,416,0.0,0.0,-12.507487297058105,-7.999560832977295
7.401150916004553,0.38806254099472426,4,87479.235390667,0.3,0.28937721252441406,6.011863708496094,0.0549468994140625,65,416,0.0,0.0,-12.507487297058105,-7.999560832977295
7.40126075000444,0.38817237499461044,4,87479.235765917,0.3,0.28937721252441406,6.011863708496094,0.0549468994140625,65,416,0.0,0.0,-12.507487297058105,-7.999560832977295
7.401301375008188,0.388212999998359,4,87479.235829875,0.3,0.28937721252441406,6.011863708496094,0.0549468994140625,65,416,0.0,0.0,-12.507487297058105,-7.919021129608154
7.431890250009019,0.41880187499918975,4,87479.2661415,0.3,0.28937721252441406,6.011863708496094,0.0549468994140625,65,416,0.0,0.0,-12.507487297058105,-7.919021129608154
7.432060833001742,0.41897245799191296,4,87479.266466834,0.3,0.28937721252441406,6.011863708496094,0.0549468994140625,65,416,0.0,0.0,-12.507487297058105,-7.919021129608154
7.43212762499752,0.4190392499876907,4,87479.266548709,0.3,0.28937721252441406,6.011863708496094,0.0549468994140625,65,416,0.0,0.0,-12.507487297058105,-7.919021129608154
7.457347415998811,0.4442590409889817,4,87479.295638042,0.3,0.28937721252441406,6.011863708496094,0.0549468994140625,65,416,0.0,0.0,-11.890076637268066,-8.02640438079834
7.457408957998268,0.44432058298843913,4,87479.295825625,0.3,0.28937721252441406,6.011863708496094,0.0549468994140625,65,416,0.0,0.0,-11.890076637268066,-8.02640438079834
7.45744216600724,0.4443537909974111,4,87479.295932584,0.3,0.2967033386230469,6.011863708496094,0.010990142822265625,65,416,0.0,0.0,-11.890076637268066,-8.02640438079834
7.48789904100704,0.4748106659972109,4,87479.326039542,0.3,0.2967033386230469,6.011863708496094,0.010990142822265625,65,416,0.0,0.0,-11.890076637268066,-8.02640438079834
7.4879755830042996,0.4748872079944704,4,87479.326224375,0.3,0.2967033386230469,6.011863708496094,0.1868133544921875,65,416,0.0,0.0,-11.890076637268066,-8.02640438079834
7.488010291010141,0.4749219160003122,4,87479.326258542,0.3,0.2967033386230469,6.011863708496094,0.1868133544921875,65,416,0.0,0.0,-12.480649948120117,-7.919021129608154
7.51861737499712,0.5055289999872912,4,87479.35429375,0.3,0.2967033386230469,6.011863708496094,0.1868133544921875,65,416,0.0,0.0,-12.480649948120117,-7.919021129608154
7.518732875003479,0.5056444999936502,4,87479.35446375,0.3,0.2967033386230469,6.011863708496094,0.1868133544921875,65,416,0.0,0.0,-12.480649948120117,-7.919021129608154
7.518771666000248,0.5056832909904188,4,87479.354599542,0.3,0.2967033386230469,6.011863708496094,0.1868133544921875,65,416,0.0,0.0,-12.480649948120117,-7.919021129608154
7.5504738750023535,0.5373854999925243,4,87479.384626542,0.3,0.2967033386230469,6.011863708496094,0.1868133544921875,65,416,0.0,0.0,-12.614870071411133,-7.892177104949951
7.550555750000058,0.5374673749902286,4,87479.384754709,0.3,0.2967033386230469,6.011863708496094,0.1868133544921875,65,416,0.0,0.0,-12.614870071411133,-7.892177104949951
7.550580541006639,0.5374921659968095,4,87479.384837917,0.3,0.2967033386230469,6.011863708496094,0.010990142822265625,65,416,0.0,0.0,-12.614870071411133,-7.892177104949951
7.5757315829978324,0.5626432079880033,4,87479.414250084,0.3,0.2967033386230469,6.011863708496094,0.010990142822265625,65,416,0.0,0.0,-12.614870071411133,-7.892177104949951
7.5757892499968875,0.5627008749870583,4,87479.414386709,0.3,0.2967033386230469,6.000633239746094,0.010990142822265625,65,416,0.0,0.0,-12.614870071411133,-7.892177104949951
7.575817958000698,0.562729582990869,4,87479.414417417,0.3,0.2967033386230469,6.000633239746094,0.010990142822265625,65,416,0.0,0.0,-12.400117874145508,-7.892177104949951
7.606153458007611,0.5930650829977822,4,87479.44417575,0.3,0.2967033386230469,6.000633239746094,0.010990142822265625,65,416,0.0,0.0,-12.400117874145508,-7.892177104949951
7.6062192500103265,0.5931308750004973,4,87479.444339167,0.3,0.2967033386230469,6.000633239746094,0.010990142822265625,65,416,0.0,0.0,-12.400117874145508,-7.892177104949951
7.606254625003203,0.5931662499933736,4,87479.444446542,0.3,0.2967033386230469,6.000633239746094,0.010990142822265625,65,416,0.0,0.0,-12.400117874145508,-7.892177104949951
7.642539000007673,0.629450624997844,4,87479.476199792,0.3,0.2967033386230469,6.000633239746094,0.010990142822265625,65,416,0.0,0.0,-11.729012489318848,-8.080084800720215
7.642637583005126,0.6295492079952965,4,87479.476315125,0.3,0.2967033386230469,6.000633239746094,0.010990142822265625,65,416,0.0,0.0,-11.729012489318848,-8.080084800720215
7.6426828330004355,0.6295944579906063,4,87479.476575417,0.3,0.28937721252441406,6.011863708496094,-0.23077011108398438,65,416,0.0,0.0,-11.729012489318848,-8.080084800720215
7.6679854999965755,0.6548971249867463,4,87479.504818584,0.3,0.28937721252441406,6.011863708496094,-0.23077011108398438,65,416,0.0,0.0,-11.729012489318848,-8.080084800720215
7.668123958006618,0.6550355829967884,4,87479.505322,0.3,0.28937721252441406,6.011863708496094,0.23077011108398438,65,416,0.0,0.0,-11.729012489318848,-8.080084800720215
7.668173124999157,0.655084749989328,4,87479.505543292,0.3,0.28937721252441406,6.011863708496094,0.23077011108398438,65,416,0.0,0.0,-12.45380687713623,-7.892177104949951
7.698140958003933,0.6850525829941034,4,87479.535064584,0.3,0.28937721252441406,6.011863708496094,0.23077011108398438,65,416,0.0,0.0,-12.45380687713623,-7.892177104949951
7.698298250004882,0.6852098749950528,4,87479.535553,0.3,0.28937721252441406,6.011863708496094,0.23077011108398438,65,416,0.0,0.0,-12.45380687713623,-7.892177104949951
7.698345416007214,0.685257040997385,4,87479.536281167,0.3,0.28937721252441406,6.011863708496094,0.23077011108398438,65,416,0.0,0.0,-12.45380687713623,-7.892177104949951
7.7295581250073155,0.7164697499974864,4,87479.564546084,0.3,0.28937721252441406,6.011863708496094,0.23077011108398438,65,416,0.0,0.0,-12.695402145385742,-7.8116455078125
7.729719625000143,0.7166312499903142,4,87479.564714,0.3,0.28937721252441406,6.011863708496094,0.23077011108398438,65,416,0.0,0.0,-12.695402145385742,-7.8116455078125
7.729768083008821,0.7166797079989919,4,87479.564821334,0.3,0.2967033386230469,6.011863708496094,-0.16483688354492188,65,416,0.0,0.0,-12.695402145385742,-7.8116455078125
7.760399916005554,0.7473115409957245,4,87479.5941435,0.3,0.2967033386230469,6.011863708496094,-0.16483688354492188,65,416,0.0,0.0,-12.695402145385742,-7.8116455078125
7.760531125008129,0.7474427499982994,4,87479.594266792,0.3,0.28937721252441406,6.011863708496094,0.0549468994140625,65,416,0.0,0.0,-12.695402145385742,-7.8116455078125
7.760581833004835,0.7474934579950059,4,87479.594375542,0.3,0.28937721252441406,6.011863708496094,0.0549468994140625,65,416,0.0,0.0,-12.480649948120117,-7.838497161865234
7.785781458005658,0.7726930829958292,4,87479.624127792,0.3,0.28937721252441406,6.011863708496094,0.0549468994140625,65,416,0.0,0.0,-12.480649948120117,-7.838497161865234
7.84640108300664,0.8333127079968108,4,87479.685478334,0.3,0.28937721252441406,6.011863708496094,0.0549468994140625,65,416,0.0,0.0,-12.480649948120117,-7.838497161865234
7.853222125006141,0.840133749996312,4,87479.686467459,0.3,0.28937721252441406,6.011863708496094,0.0549468994140625,65,416,0.0,0.0,-12.480649948120117,-7.838497161865234
7.853312749997713,0.8402243749878835,4,87479.686829,0.3,0.28937721252441406,6.011863708496094,0.0549468994140625,65,416,0.0,0.0,-12.373266220092773,-8.10693645477295
7.853359041007934,0.840270665998105,4,87479.686896334,0.3,0.28937721252441406,6.011863708496094,0.0549468994140625,65,416,0.0,0.0,-12.373266220092773,-8.10693645477295
7.87859712500358,0.8655087499937508,4,87479.715602375,0.3,0.28937721252441406,6.011863708496094,0.0549468994140625,65,416,0.0,0.0,-12.373266220092773,-8.10693645477295
7.878751458003535,0.8656630829937058,4,87479.715935084,0.3,0.28937721252441406,6.011863708496094,-0.0549468994140625,65,416,0.0,0.0,-12.373266220092773,-8.10693645477295
7.878813666000497,0.8657252909906674,4,87479.716012375,0.3,0.28937721252441406,6.011863708496094,-0.0549468994140625,65,416,0.0,0.0,-12.695402145385742,-7.945864677429199
7.909579958009999,0.8964915830001701,4,87479.746280209,0.3,0.28937721252441406,6.011863708496094,-0.0549468994140625,65,416,0.0,0.0,-12.695402145385742,-7.945864677429199
7.909718416005489,0.8966300409956602,4,87479.746644584,0.3,0.28937721252441406,6.011863708496094,-0.0549468994140625,65,416,0.0,0.0,-12.695402145385742,-7.945864677429199
7.909775125008309,0.8966867499984801,4,87479.746867,0.3,0.28937721252441406,6.011863708496094,-0.0549468994140625,65,416,0.0,0.0,-12.695402145385742,-7.945864677429199
7.940297791006742,0.9272094159969129,4,87479.775356667,0.3,0.28937721252441406,6.011863708496094,-0.0549468994140625,65,416,0.0,0.0,-12.480649948120117,-7.972716808319092
7.940416500001447,0.9273281249916181,4,87479.775988334,0.3,0.28937721252441406,6.011863708496094,-0.0549468994140625,65,416,0.0,0.0,-12.480649948120117,-7.972716808319092
7.940464375002193,0.9273759999923641,4,87479.7760515,0.3,0.2967033386230469,6.011863708496094,-0.1868133544921875,151,416,0.0,0.0,-12.480649948120117,-7.972716808319092
7.970874958002241,0.9577865829924121,4,87479.806455834,0.3,0.2967033386230469,6.011863708496094,-0.1868133544921875,151,416,0.0,0.0,-12.480649948120117,-7.972716808319092
7.9710255000100005,0.9579371250001714,4,87479.80681625,0.3,0.28937721252441406,6.011863708496094,0.14285659790039062,65,416,0.0,0.0,-12.480649948120117,-7.972716808319092
7.9710829999967245,0.9579946249868954,4,87479.807017625,0.3,0.28937721252441406,6.011863708496094,0.14285659790039062,65,416,0.0,0.0,-12.53433895111084,-7.919021129608154
7.997241416000179,0.9841530409903498,4,87479.834571834,0.3,0.28937721252441406,6.011863708496094,0.14285659790039062,65,416,0.0,0.0,-12.53433895111084,-7.919021129608154
8.02777587500168,1.014687499991851,4,87479.866407167,0.3,0.28937721252441406,6.011863708496094,0.14285659790039062,65,416,0.0,0.0,-12.53433895111084,-7.919021129608154
8.027889333010535,1.0148009580007056,4,87479.86689375,0.3,0.28937721252441406,6.011863708496094,0.14285659790039062,65,416,0.0,0.0,-12.53433895111084,-7.919021129608154
8.058456416008994,1.0453680409991648,4,87479.895273667,0.3,0.28937721252441406,6.011863708496094,0.14285659790039062,65,416,0.0,0.0,-12.722245216369629,-7.5700578689575195
8.058599208001397,1.0455108329915674,4,87479.895579917,0.3,0.28937721252441406,6.011863708496094,0.14285659790039062,65,416,0.0,0.0,-12.722245216369629,-7.5700578689575195
8.058638916001655,1.045550540991826,4,87479.895732792,0.3,0.28937721252441406,6.011863708496094,0.14285659790039062,65,416,0.0,0.0,-12.722245216369629,-7.5700578689575195
8.087862083004438,1.0747737079946091,4,87479.925128917,0.3,0.28937721252441406,6.011863708496094,0.14285659790039062,65,416,0.0,0.0,-12.614870071411133,-7.865340709686279
8.088008291000733,1.074919915990904,4,87479.925571792,0.3,0.28937721252441406,6.011863708496094,0.14285659790039062,65,416,0.0,0.0,-12.614870071411133,-7.865340709686279
8.088053958010278,1.0749655830004485,4,87479.925635709,0.3,0.28937721252441406,6.012245178222656,0.09889984130859375,65,416,0.0,0.0,-12.614870071411133,-7.865340709686279
8.117129375008517,1.1040409999986878,4,87479.955207125,0.3,0.28937721252441406,6.012245178222656,0.09889984130859375,65,416,0.0,0.0,-12.614870071411133,-7.865340709686279
8.178692208006396,1.1656038329965668,4,87480.015057084,0.3,0.28937721252441406,6.013771057128906,0.09889984130859375,65,416,0.0,0.0,-12.614870071411133,-7.865340709686279
8.209389416006161,1.1963010409963317,4,87480.045842292,0.3,0.28937721252441406,6.013771057128906,0.09889984130859375,65,416,0.0,0.0,-12.507487297058105,-10.522906303405762
8.20954250000068,1.1964541249908507,4,87480.04624875,0.3,0.28937721252441406,6.013771057128906,0.09889984130859375,65,416,0.0,0.0,-12.507487297058105,-10.522906303405762
8.209606290998636,1.1965179159888066,4,87480.046348125,0.3,0.28937721252441406,6.013771057128906,0.09889984130859375,65,416,0.0,0.0,-12.507487297058105,-10.522906303405762
8.20965195800818,1.1965635829983512,4,87480.046660292,0.3,0.28937721252441406,6.013771057128906,0.09889984130859375,65,416,0.0,0.0,-12.507487297058105,-10.522906303405762
8.265676458002417,1.2525880829925882,4,87480.104679834,0.3,0.28937721252441406,6.013771057128906,0.09889984130859375,65,416,0.0,0.0,-12.507487297058105,-10.522906303405762
8.271458290997543,1.2583699159877142,4,87480.105316625,0.3,0.27472496032714844,6.057640075683594,1.0219764709472656,65,416,0.0,0.0,-12.507487297058105,-10.522906303405762
8.271585624999716,1.2584972499898868,4,87480.10539425,0.3,0.27472496032714844,6.057640075683594,1.0219764709472656,65,416,0.0,0.0,-14.386577606201172,-20.99211883544922
8.296891375008272,1.2838029999984428,4,87480.1351875,0.3,0.27472496032714844,6.057640075683594,1.0219764709472656,65,416,0.0,0.0,-14.386577606201172,-20.99211883544922
8.302562541008228,1.2894741659983993,4,87480.136867875,0.3,0.27472496032714844,6.057640075683594,1.0219764709472656,65,416,0.0,0.0,-14.386577606201172,-20.99211883544922
8.30266312501044,1.289574750000611,4,87480.137025834,0.3,0.27472496032714844,6.057640075683594,1.0219764709472656,65,417,0.087890625,2.7167018764593553,-14.386577606201172,-20.99211883544922
8.32767800000147,1.3145896249916404,4,87480.16579425,0.3,0.27472496032714844,6.057640075683594,1.0219764709472656,65,417,0.087890625,2.7167018764593553,-15.755633354187012,-23.300710678100586
8.327767666007276,1.3146792909974465,4,87480.165989875,0.3,0.27472496032714844,6.057640075683594,1.0219764709472656,65,417,0.087890625,0.0,-15.755633354187012,-23.300710678100586
8.327795832999982,1.3147074579901528,4,87480.166079875,0.3,0.2967033386230469,6.150720596313477,-0.07692337036132812,65,417,0.087890625,0.0,-15.755633354187012,-23.300710678100586
8.359226833010325,1.346138458000496,4,87480.194136334,0.3,0.2967033386230469,6.150720596313477,-0.07692337036132812,65,417,0.087890625,0.0,-15.755633354187012,-23.300710678100586
8.359303541001282,1.3462151659914525,4,87480.194272542,0.3,0.2967033386230469,6.150720596313477,0.1868133544921875,65,417,0.087890625,0.0,-15.755633354187012,-23.300710678100586
8.359340291004628,1.3462519159947988,4,87480.195395584,0.3,0.2967033386230469,6.150720596313477,0.1868133544921875,65,417,0.087890625,0.0,-15.084535598754883,-23.166492462158203
8.390958875010256,1.3778705000004265,4,87480.224644709,0.3,0.2967033386230469,6.150720596313477,0.1868133544921875,65,417,0.087890625,0.0,-15.084535598754883,-23.166492462158203
8.391079541004729,1.3779911659948993,4,87480.22495475,0.3,0.2967033386230469,6.150720596313477,0.1868133544921875,65,417,0.087890625,0.0,-15.084535598754883,-23.166492462158203
8.391124750007293,1.378036374997464,4,87480.225746792,0.3,0.2967033386230469,6.150720596313477,0.1868133544921875,65,417,0.087890625,0.0,-15.084535598754883,-23.166492462158203
8.421731791007915,1.4086434159980854,4,87480.255269209,0.3,0.2967033386230469,6.150720596313477,0.1868133544921875,65,417,0.087890625,0.0,-16.024072647094727,-22.951732635498047
8.421877083004802,1.4087887079949724,4,87480.25561125,0.3,0.2967033386230469,6.150720596313477,0.1868133544921875,65,417,0.087890625,0.0,-16.024072647094727,-22.951732635498047
8.421923041008995,1.4088346659991657,4,87480.255851792,0.3,0.28937721252441406,6.150720596313477,-0.20878982543945312,65,417,0.087890625,0.0,-16.024072647094727,-22.951732635498047
8.44655066600535,1.4334622909955215,4,87480.284440709,0.3,0.28937721252441406,6.150720596313477,-0.20878982543945312,65,417,0.087890625,0.0,-16.024072647094727,-22.951732635498047
8.446616500004893,1.433528124995064,4,87480.284652209,0.3,0.28937721252441406,6.150720596313477,-0.20878982543945312,65,417,0.087890625,0.0,-16.024072647094727,-22.951732635498047
8.446651083009783,1.433562707999954,4,87480.284690334,0.3,0.28937721252441406,6.150720596313477,-0.20878982543945312,65,417,0.087890625,0.0,-15.728781700134277,-23.005428314208984
8.478051790996687,1.4649634159868583,4,87480.31614875,0.3,0.28937721252441406,6.150720596313477,-0.20878982543945312,65,417,0.087890625,0.0,-15.728781700134277,-23.005428314208984
8.47813191601017,1.465043541000341,4,87480.31626875,0.3,0.28937721252441406,6.150720596313477,-0.20878982543945312,65,417,0.087890625,0.0,-15.728781700134277,-23.005428314208984
8.478169125010027,1.4650807500001974,4,87480.316331167,0.3,0.28937721252441406,6.150720596313477,-0.20878982543945312,65,417,0.087890625,0.0,-15.728781700134277,-23.005428314208984
8.508972208001069,1.4958838329912396,4,87480.345813959,0.3,0.28937721252441406,6.150720596313477,-0.20878982543945312,65,417,0.087890625,0.0,-15.701946258544922,-22.87120819091797
8.509087166006793,1.495998790996964,4,87480.345983292,0.3,0.28937721252441406,6.150720596313477,-0.20878982543945312,65,417,0.087890625,0.0,-15.701946258544922,-22.87120819091797
8.509121750001214,1.4960333749913843,4,87480.346075334,0.3,0.28937721252441406,6.150720596313477,-0.1868133544921875,65,417,0.087890625,0.0,-15.701946258544922,-22.87120819091797
8.53884479100816,1.5257564159983303,4,87480.37474575,0.3,0.28937721252441406,6.150720596313477,-0.1868133544921875,65,417,0.087890625,0.0,-15.701946258544922,-22.87120819091797
8.538919958009501,1.5258315829996718,4,87480.37493525,0.3,0.2967033386230469,6.150720596313477,0.16483688354492188,65,417,0.087890625,0.0,-15.701946258544922,-22.87120819091797
8.53895091600134,1.5258625409915112,4,87480.374996959,0.3,0.2967033386230469,6.150720596313477,0.16483688354492188,65,417,0.087890625,0.0,-14.198670387268066,-22.97857666015625
8.569343416005722,1.556255040995893,4,87480.406190084,0.3,0.2967033386230469,6.150720596313477,0.16483688354492188,65,417,0.087890625,0.0,-14.198670387268066,-22.97857666015625
8.569450416005566,1.5563620409957366,4,87480.406493292,0.3,0.2967033386230469,6.150720596313477,0.16483688354492188,65,417,0.087890625,0.0,-14.198670387268066,-22.97857666015625
8.569516875009867,1.5564285000000382,4,87480.406676959,0.3,0.2967033386230469,6.150720596313477,0.16483688354492188,65,417,0.087890625,0.0,-14.198670387268066,-22.97857666015625
8.59927420799795,1.5861858329881215,4,87480.436298584,0.3,0.2967033386230469,6.150720596313477,0.16483688354492188,65,417,0.087890625,0.0,-16.13144874572754,-22.468544006347656
8.599421666003764,1.5863332909939345,4,87480.436678542,0.3,0.2967033386230469,6.150720596313477,0.16483688354492188,65,417,0.087890625,0.0,-16.13144874572754,-22.468544006347656
8.599474458009354,1.5863860829995247,4,87480.437914959,0.3,0.2967033386230469,6.150720596313477,0.09889984130859375,65,417,0.087890625,0.0,-16.13144874572754,-22.468544006347656
8.62922604099731,1.6161376659874804,4,87480.465050042,0.3,0.2967033386230469,6.150720596313477,0.09889984130859375,65,417,0.087890625,0.0,-16.13144874572754,-22.468544006347656
8.629394415998831,1.6163060409890022,4,87480.465605084,0.3,0.2967033386230469,6.150720596313477,0.07692337036132812,65,417,0.087890625,0.0,-16.13144874572754,-22.468544006347656
8.629449625004781,1.6163612499949522,4,87480.465665375,0.3,0.2967033386230469,6.150720596313477,0.07692337036132812,65,417,0.087890625,0.0,-15.621414184570312,-22.62960433959961
8.660888708007406,1.6478003329975763,4,87480.494889792,0.3,0.2967033386230469,6.150720596313477,0.07692337036132812,65,417,0.087890625,0.0,-15.621414184570312,-22.62960433959961
8.661024665998411,1.6479362909885822,4,87480.495195625,0.3,0.2967033386230469,6.150720596313477,0.07692337036132812,65,417,0.087890625,0.0,-15.621414184570312,-22.62960433959961
8.661142375000054,1.6480539999902248,4,87480.495369334,0.3,0.2967033386230469,6.150720596313477,0.07692337036132812,65,417,0.087890625,0.0,-15.621414184570312,-22.62960433959961
8.686326750001172,1.6732383749913424,4,87480.524803417,0.3,0.2967033386230469,6.150720596313477,0.07692337036132812,65,417,0.087890625,0.0,-15.621414184570312,-22.68329429626465
8.686503457996878,1.6734150829870487,4,87480.525294667,0.3,0.2967033386230469,6.150720596313477,0.07692337036132812,65,417,0.087890625,0.0,-15.621414184570312,-22.68329429626465
8.68655679099902,1.6734684159891913,4,87480.525385792,0.3,0.2967033386230469,6.150720596313477,0.120880126953125,65,417,0.087890625,0.0,-15.621414184570312,-22.68329429626465
8.717638083006022,1.7045497079961933,4,87480.555170625,0.3,0.2967033386230469,6.150720596313477,0.120880126953125,65,417,0.087890625,0.0,-15.621414184570312,-22.68329429626465
8.71778620799887,1.7046978329890408,4,87480.555503417,0.3,0.28937721252441406,6.150720596313477,-0.03296661376953125,65,417,0.087890625,0.0,-15.621414184570312,-22.68329429626465
8.717833500006236,1.704745124996407,4,87480.555681792,0.3,0.28937721252441406,6.150720596313477,-0.03296661376953125,65,417,0.087890625,0.0,-15.057683944702148,-22.790668487548828
8.747496625001077,1.7344082499912474,4,87480.585099084,0.3,0.28937721252441406,6.150720596313477,-0.03296661376953125,65,417,0.087890625,0.0,-15.057683944702148,-22.790668487548828
8.747609208003269,1.7345208329934394,4,87480.5854875,0.3,0.28937721252441406,6.150720596313477,-0.03296661376953125,65,417,0.087890625,0.0,-15.057683944702148,-22.790668487548828
8.747658082997077,1.734569707987248,4,87480.585561167,0.3,0.28937721252441406,6.150720596313477,-0.03296661376953125,65,417,0.087890625,0.0,-15.057683944702148,-22.790668487548828
8.778586875007022,1.765498499997193,4,87480.615684334,0.3,0.28937721252441406,6.150720596313477,-0.03296661376953125,65,417,0.087890625,0.0,-16.05091667175293,-22.44169807434082
8.778726625008858,1.7656382499990286,4,87480.615893,0.3,0.28937721252441406,6.150720596313477,-0.03296661376953125,65,417,0.087890625,0.0,-16.05091667175293,-22.44169807434082
8.778766625007847,1.7656782499980181,4,87480.616121625,0.3,0.2967033386230469,6.150720596313477,0.010990142822265625,65,417,0.087890625,0.0,-16.05091667175293,-22.44169807434082
8.809085500004585,1.7959971249947557,4,87480.644906709,0.3,0.2967033386230469,6.150720596313477,0.010990142822265625,65,417,0.087890625,0.0,-16.05091667175293,-22.44169807434082
8.809223875010503,1.7961355000006733,4,87480.645208792,0.3,0.2967033386230469,6.150720596313477,0.09889984130859375,65,417,0.087890625,0.0,-16.05091667175293,-22.44169807434082
8.809284375005518,1.796195999995689,4,87480.645259084,0.3,0.2967033386230469,6.150720596313477,0.09889984130859375,65,417,0.087890625,0.0,-15.540882110595703,-22.62960433959961
8.840829583001323,1.8277412079914939,4,87480.6747315,0.3,0.2967033386230469,6.150720596313477,0.09889984130859375,65,417,0.087890625,0.0,-15.540882110595703,-22.62960433959961
8.841032875003293,1.827944499993464,4,87480.674897125,0.3,0.2967033386230469,6.150720596313477,0.09889984130859375,65,417,0.087890625,0.0,-15.540882110595703,-22.62960433959961
8.841070666006999,1.82798229099717,4,87480.675655375,0.3,0.2967033386230469,6.150720596313477,0.09889984130859375,65,417,0.087890625,0.0,-15.540882110595703,-22.62960433959961
8.86575595800241,1.8526675829925807,4,87480.70481525,0.3,0.2967033386230469,6.150720596313477,0.09889984130859375,65,417,0.087890625,0.0,-15.594562530517578,-22.656448364257812
8.872266040998511,1.8591776659886818,4,87480.705240792,0.3,0.2967033386230469,6.150720596313477,0.09889984130859375,65,417,0.087890625,0.0,-15.594562530517578,-22.656448364257812
8.872382957997615,1.8592945829877863,4,87480.705285959,0.3,0.2967033386230469,6.150720596313477,0.033580780029296875,65,417,0.087890625,0.0,-15.594562530517578,-22.656448364257812
8.897553750008228,1.884465374998399,4,87480.734648125,0.3,0.2967033386230469,6.150720596313477,0.033580780029296875,65,417,0.087890625,0.0,-15.594562530517578,-22.656448364257812
8.897699416003888,1.8846110409940593,4,87480.734864625,0.3,0.2967033386230469,6.150720596313477,-0.16483688354492188,65,417,0.087890625,0.0,-15.594562530517578,-22.656448364257812
8.897730791009963,1.8846424160001334,4,87480.735476209,0.3,0.2967033386230469,6.150720596313477,-0.16483688354492188,65,417,0.087890625,0.0,-15.487195014953613,-22.60276985168457
8.927684499998577,1.9145961249887478,4,87480.764657375,0.3,0.2967033386230469,6.150720596313477,-0.16483688354492188,65,417,0.087890625,0.0,-15.487195014953613,-22.60276985168457
8.927803790997132,1.9147154159873025,4,87480.764961125,0.3,0.2967033386230469,6.150720596313477,-0.16483688354492188,65,417,0.087890625,0.0,-15.487195014953613,-22.60276985168457
8.927837416005787,1.9147490409959573,4,87480.765014542,0.3,0.2967033386230469,6.150720596313477,-0.16483688354492188,65,417,0.087890625,0.0,-15.487195014953613,-22.60276985168457
8.959545833000448,1.9464574579906184,4,87480.795559959,0.3,0.2967033386230469,6.150720596313477,-0.16483688354492188,65,417,0.087890625,0.0,-16.104604721069336,-22.52223014831543
8.959714291006094,1.9466259159962647,4,87480.795852,0.3,0.2967033386230469,6.150720596313477,-0.16483688354492188,65,417,0.087890625,0.0,-16.104604721069336,-22.52223014831543
8.9597481660021,1.9466597909922712,4,87480.796097959,0.3,0.28937721252441406,6.150720596313477,-0.3186798095703125,65,417,0.087890625,0.0,-16.104604721069336,-22.52223014831543
8.997708249997231,1.984619874987402,4,87480.835425125,0.3,0.28937721252441406,6.150720596313477,-0.3186798095703125,65,417,0.087890625,0.0,-16.104604721069336,-22.52223014831543
8.997776290998445,1.9846879159886157,4,87480.835494875,0.3,0.28937721252441406,6.150720596313477,-0.16483688354492188,65,417,0.087890625,0.0,-16.104604721069336,-22.52223014831543
8.997794249997241,1.9847058749874122,4,87480.835597917,0.3,0.28937721252441406,6.150720596313477,-0.16483688354492188,65,417,0.087890625,0.0,-15.621414184570312,-22.71013832092285
9.017293083001277,2.0042047079914482,4,87480.855406084,0.3,0.28937721252441406,6.150720596313477,-0.16483688354492188,65,417,0.087890625,0.0,-15.621414184570312,-22.71013832092285
9.019332458003191,2.006244082993362,4,87480.856186125,0.3,0.28937721252441406,6.150720596313477,-0.16483688354492188,65,417,0.087890625,0.0,-15.621414184570312,-22.71013832092285
9.026333333007642,2.013244957997813,4,87480.859409834,0.3,0.28937721252441406,6.150720596313477,-0.16483688354492188,65,417,0.087890625,0.0,-15.621414184570312,-22.71013832092285
9.111307875005878,2.0982194999960484,4,87480.940934667,0.3,0.28937721252441406,6.150720596313477,-0.16483688354492188,65,417,0.087890625,0.0,-15.728781700134277,-22.52223014831543
9.111419125008979,2.0983307499991497,4,87480.940991875,0.3,0.28937721252441406,6.150720596313477,-0.16483688354492188,65,417,0.087890625,0.0,-15.728781700134277,-22.52223014831543
9.117699166003149,2.10461079099332,4,87480.951531375,0.3,0.28937721252441406,6.150720596313477,-0.010990142822265625,65,417,0.087890625,0.0,-15.728781700134277,-22.52223014831543
9.117791666008998,2.1047032909991685,4,87480.95159,0.3,0.28937721252441406,6.150720596313477,-0.010990142822265625,65,417,0.087890625,0.0,-15.728781700134277,-22.52223014831543
9.117807041009655,2.104718665999826,4,87480.951607875,0.3,0.28937721252441406,6.150720596313477,0.0549468994140625,65,417,0.087890625,0.0,-15.728781700134277,-22.52223014831543
9.117818958009593,2.104730582999764,4,87480.951623167,0.3,0.28937721252441406,6.150720596313477,0.0549468994140625,65,417,0.087890625,0.0,-15.648258209228516,-22.62960433959961
9.117830290997517,2.104741915987688,4,87480.951633875,0.3,0.28937721252441406,6.150720596313477,0.0549468994140625,65,417,0.087890625,0.0,-15.648258209228516,-22.62960433959961
9.117841790997772,2.1047534159879433,4,87480.951644625,0.3,0.28937721252441406,6.150720596313477,0.0549468994140625,65,417,0.087890625,0.0,-15.648258209228516,-22.62960433959961
9.117852791008772,2.104764415998943,4,87480.951655375,0.3,0.28937721252441406,6.150720596313477,0.0549468994140625,65,417,0.087890625,0.0,-15.648258209228516,-22.62960433959961
9.135847166005988,2.1227587909961585,4,87480.9746905,0.3,0.28937721252441406,6.150720596313477,0.0549468994140625,65,417,0.087890625,0.0,-15.970385551452637,-22.307479858398438
9.136022083010175,2.122933708000346,4,87480.974929709,0.3,0.28937721252441406,6.150720596313477,0.0549468994140625,65,417,0.087890625,0.0,-15.970385551452637,-22.307479858398438
9.136360415999661,2.123272040989832,4,87480.97498225,0.3,0.2967033386230469,6.150720596313477,-0.03296661376953125,65,417,0.087890625,0.0,-15.970385551452637,-22.307479858398438
9.166800416001934,2.1537120409921044,4,87481.004475292,0.3,0.2967033386230469,6.150720596313477,-0.03296661376953125,65,417,0.087890625,0.0,-15.970385551452637,-22.307479858398438
9.166860583005473,2.153772207995644,4,87481.004729292,0.3,0.2967033386230469,6.150720596313477,0.0549468994140625,65,417,0.087890625,0.0,-15.970385551452637,-22.307479858398438
9.16704270800983,2.1539543330000015,4,87481.004872334,0.3,0.2967033386230469,6.150720596313477,0.0549468994140625,65,417,0.087890625,0.0,-15.43349838256836,-22.575918197631836
9.196688458003337,2.1836000829935074,4,87481.035234667,0.3,0.2967033386230469,6.150720596313477,0.0549468994140625,65,417,0.087890625,0.0,-15.43349838256836,-22.575918197631836
9.196784375002608,2.1836959999927785,4,87481.035366209,0.3,0.2967033386230469,6.150720596313477,0.0549468994140625,65,417,0.087890625,0.0,-15.43349838256836,-22.575918197631836
9.196800666002673,2.183712290992844,4,87481.035426834,0.3,0.2967033386230469,6.150720596313477,0.0549468994140625,65,417,0.087890625,0.0,-15.43349838256836,-22.575918197631836
9.226669916009996,2.213581541000167,4,87481.0657815,0.3,0.2967033386230469,6.150720596313477,0.0549468994140625,65,417,0.087890625,0.0,-15.675101280212402,-22.495386123657227
9.25808887500898,2.2450004999991506,4,87481.094544375,0.3,0.2967033386230469,6.150720596313477,0.0549468994140625,65,417,0.087890625,0.0,-15.675101280212402,-22.495386123657227
9.258203083008993,2.2451147079991642,4,87481.094841292,0.3,0.28937721252441406,6.150720596313477,0.14285659790039062,65,417,0.087890625,0.0,-15.675101280212402,-22.495386123657227
9.25823170800868,2.2451433329988504,4,87481.094908917,0.3,0.28937721252441406,6.150720596313477,0.14285659790039062,65,417,0.087890625,0.0,-15.675101280212402,-22.495386123657227
9.258257041001343,2.245168665991514,4,87481.095072667,0.3,0.28937721252441406,6.150720596313477,-0.120880126953125,65,417,0.087890625,0.0,-15.675101280212402,-22.495386123657227
9.319223915998009,2.30613554098818,4,87481.154272084,0.3,0.28937721252441406,6.150720596313477,-0.120880126953125,65,417,0.087890625,0.0,-15.675101280212402,-22.495386123657227
9.319333375009592,2.3062449999997625,4,87481.154469209,0.3,0.28937721252441406,6.150720596313477,-0.14285659790039062,65,417,0.087890625,0.0,-15.675101280212402,-22.495386123657227
9.319383833004395,2.3062954579945654,4,87481.154573167,0.3,0.28937721252441406,6.150720596313477,-0.14285659790039062,65,417,0.087890625,0.0,-15.003995895385742,-22.71013832092285
9.349423583000316,2.336335207990487,4,87481.184529167,0.3,0.28937721252441406,6.150720596313477,-0.14285659790039062,65,417,0.087890625,0.0,-15.003995895385742,-22.71013832092285
9.349473125010263,2.336384750000434,4,87481.18470725,0.3,0.28937721252441406,6.150720596313477,-0.14285659790039062,65,417,0.087890625,0.0,-15.003995895385742,-22.71013832092285
9.349487541010603,2.336399166000774,4,87481.184757375,0.3,0.28937721252441406,6.150720596313477,-0.14285659790039062,65,417,0.087890625,0.0,-15.003995895385742,-22.71013832092285
9.409950957997353,2.3968625829875236,4,87481.245194167,0.3,0.28937721252441406,6.150720596313477,-0.14285659790039062,65,417,0.087890625,0.0,-15.755633354187012,-22.60276985168457
9.410059041008935,2.396970665999106,4,87481.245345375,0.3,0.28937721252441406,6.150720596313477,-0.14285659790039062,65,417,0.087890625,0.0,-15.755633354187012,-22.60276985168457
9.41008933300327,2.3970009579934413,4,87481.245390584,0.3,0.28937721252441406,6.150720596313477,0.07692337036132812,65,417,0.087890625,0.0,-15.755633354187012,-22.60276985168457
9.410113958001602,2.3970255829917733,4,87481.24562825,0.3,0.28937721252441406,6.150720596313477,0.07692337036132812,65,417,0.087890625,0.0,-15.755633354187012,-22.60276985168457
9.439760332999867,2.426671957990038,4,87481.275123584,0.3,0.28937721252441406,6.150720596313477,0.07692337036132812,65,417,0.087890625,0.0,-15.621414184570312,-22.52223014831543
9.43985741600045,2.426769040990621,4,87481.275391542,0.3,0.28937721252441406,6.150720596313477,0.07692337036132812,65,417,0.087890625,0.0,-15.621414184570312,-22.52223014831543
9.439888000008068,2.426799624998239,4,87481.275423542,0.3,0.28937721252441406,6.150720596313477,-0.09889984130859375,65,417,0.087890625,0.0,-15.621414184570312,-22.52223014831543
9.466212833009195,2.4531244579993654,4,87481.304119709,0.3,0.28937721252441406,6.150720596313477,-0.09889984130859375,65,417,0.087890625,0.0,-15.621414184570312,-22.52223014831543
9.466284541005734,2.453196165995905,4,87481.304251,0.3,0.2967033386230469,6.150720596313477,0.09889984130859375,65,417,0.087890625,0.0,-15.621414184570312,-22.52223014831543
9.46630462500616,2.4532162499963306,4,87481.30438625,0.3,0.2967033386230469,6.150720596313477,0.09889984130859375,65,417,0.087890625,0.0,-14.789237022399902,-22.549074172973633
9.498150208004517,2.4850618329946883,4,87481.334849625,0.3,0.2967033386230469,6.150720596313477,0.09889984130859375,65,417,0.087890625,0.0,-14.789237022399902,-22.549074172973633
9.498215915999026,2.485127540989197,4,87481.335134917,0.3,0.2967033386230469,6.150720596313477,0.09889984130859375,65,417,0.087890625,0.0,-14.789237022399902,-22.549074172973633
9.498241749999579,2.48515337498975,4,87481.335811209,0.3,0.2967033386230469,6.150720596313477,0.09889984130859375,65,417,0.087890625,0.0,-14.789237022399902,-22.549074172973633
9.528954333000001,2.5158659579901723,4,87481.364260709,0.3,0.2967033386230469,6.150720596313477,0.09889984130859375,65,417,0.087890625,0.0,-15.970385551452637,-22.414854049682617
9.529066582996165,2.515978207986336,4,87481.364430792,0.3,0.2967033386230469,6.150720596313477,0.09889984130859375,65,417,0.087890625,0.0,-15.970385551452637,-22.414854049682617
9.529100583007676,2.5160122079978464,4,87481.364465084,0.3,0.2967033386230469,6.150720596313477,-0.25274658203125,65,417,0.087890625,0.0,-15.970385551452637,-22.414854049682617
9.559039375002612,2.545950999992783,4,87481.394500292,0.3,0.2967033386230469,6.150720596313477,-0.25274658203125,65,417,0.087890625,0.0,-15.970385551452637,-22.414854049682617
9.55913533300918,2.5460469579993514,4,87481.394761667,0.3,0.28937721252441406,6.150720596313477,0.0549468994140625,65,417,0.087890625,0.0,-15.970385551452637,-22.414854049682617
9.559163915997487,2.5460755409876583,4,87481.394800084,0.3,0.28937721252441406,6.150720596313477,0.0549468994140625,65,417,0.087890625,0.0,-15.594562530517578,-22.44169807434082
9.622582541007432,2.609494165997603,4,87481.455747375,0.3,0.28937721252441406,6.150720596313477,0.0549468994140625,65,417,0.087890625,0.0,-15.594562530517578,-22.44169807434082
9.623389333006344,2.6103009579965146,4,87481.456691667,0.3,0.28937721252441406,6.150720596313477,0.0549468994140625,65,417,0.087890625,0.0,-15.594562530517578,-22.44169807434082
9.623541875000228,2.610453499990399,4,87481.457205,0.3,0.28937721252441406,6.150720596313477,0.0549468994140625,65,417,0.087890625,0.0,-15.594562530517578,-22.44169807434082
9.623604041000362,2.6105156659905333,4,87481.45749375,0.3,0.28937721252441406,6.150720596313477,0.0549468994140625,65,417,0.087890625,0.0,-15.648258209228516,-22.44169807434082
9.648164500002167,2.635076124992338,4,87481.485036542,0.3,0.2967033386230469,6.150720596313477,0.16483688354492188,65,417,0.087890625,0.0,-15.648258209228516,-22.44169807434082
9.648348375005298,2.635259999995469,4,87481.4854725,0.3,0.2967033386230469,6.150720596313477,0.16483688354492188,65,417,0.087890625,0.0,-15.567718505859375,2.678702751329405e-34
9.648409415996866,2.635321040987037,4,87481.485534167,0.3,0.2967033386230469,6.150720596313477,0.16483688354492188,65,417,0.087890625,0.0,-15.567718505859375,2.678702751329405e-34
9.711445458000526,2.6983570829906967,4,87481.545463709,0.3,0.2967033386230469,6.150720596313477,0.16483688354492188,65,417,0.087890625,0.0,-15.460343360900879,-22.414854049682617
9.71160716599843,2.698518790988601,4,87481.545950292,0.3,0.2967033386230469,6.150720596313477,0.16483688354492188,65,417,0.087890625,0.0,-15.460343360900879,-22.414854049682617
9.711720874998719,2.6986324999888893,4,87481.546456542,0.3,0.2967033386230469,6.150720596313477,0.0549468994140625,65,417,0.087890625,0.0,-15.460343360900879,-22.414854049682617
9.711776583004394,2.6986882079945644,4,87481.546503959,0.3,0.2967033386230469,6.150720596313477,0.0549468994140625,65,417,0.087890625,0.0,-15.460343360900879,-22.414854049682617
9.747690707998117,2.7346023329882883,4,87481.580828834,0.3,0.2967033386230469,6.150720596313477,0.0549468994140625,65,417,0.087890625,0.0,-15.675101280212402,-22.25379180908203
9.766443166008685,2.7533547909988556,4,87481.604182084,0.3,0.2967033386230469,6.150720596313477,0.0549468994140625,65,417,0.087890625,0.0,-15.675101280212402,-22.25379180908203
9.766499999997905,2.7534116249880753,4,87481.604294,0.3,0.28937721252441406,6.150720596313477,0.09889984130859375,65,417,0.087890625,0.0,-15.675101280212402,-22.25379180908203
9.766519124998013,2.7534307499881834,4,87481.604371917,0.3,0.28937721252441406,6.150720596313477,0.09889984130859375,65,417,0.087890625,0.0,-15.675101280212402,-22.25379180908203
9.76653554099903,2.7534471659892006,4,87481.604456334,0.3,0.2967033386230469,6.150720596313477,0.09889984130859375,65,417,0.087890625,0.0,-15.675101280212402,-22.25379180908203
9.798035790998256,2.7849474159884267,4,87481.63469875,0.3,0.2967033386230469,6.150720596313477,0.09889984130859375,65,417,0.087890625,0.0,-15.675101280212402,-22.25379180908203
9.798165416010306,2.785077041000477,4,87481.634778209,0.3,0.2967033386230469,6.150720596313477,0.03296661376953125,65,417,0.087890625,0.0,-15.675101280212402,-22.25379180908203
9.798199625001871,2.785111249992042,4,87481.635157375,0.3,0.2967033386230469,6.150720596313477,0.03296661376953125,65,417,0.087890625,0.0,-15.567718505859375,-22.280635833740234
9.831660833006026,2.818572457996197,4,87481.664753417,0.3,0.2967033386230469,6.150720596313477,0.03296661376953125,65,417,0.087890625,0.0,-15.567718505859375,-22.280635833740234
9.831764415997895,2.8186760409880662,4,87481.665104709,0.3,0.2967033386230469,6.150720596313477,0.03296661376953125,65,417,0.087890625,0.0,-15.567718505859375,-22.280635833740234
9.831792708006105,2.818704332996276,4,87481.665160375,0.3,0.2967033386230469,6.150720596313477,0.03296661376953125,65,417,0.087890625,0.0,-15.567718505859375,-22.280635833740234
9.8660496250086,2.8529612499987707,4,87481.699116917,0.3,0.2967033386230469,6.150720596313477,0.03296661376953125,65,417,0.087890625,0.0,-15.245598793029785,-22.280635833740234
9.866183500009356,2.853095124999527,4,87481.699174667,0.3,0.2967033386230469,6.150720596313477,0.03296661376953125,65,417,0.087890625,0.0,-15.245598793029785,-22.280635833740234
9.866225541001768,2.8531371659919387,4,87481.69920375,0.3,0.2967033386230469,6.150720596313477,-0.20878982543945312,65,417,0.087890625,0.0,-15.245598793029785,-22.280635833740234
9.890778291010065,2.877689916000236,4,87481.726336167,0.3,0.2967033386230469,6.150720596313477,-0.20878982543945312,65,417,0.087890625,0.0,-15.245598793029785,-22.280635833740234
9.890906375003397,2.8778179999935674,4,87481.726611625,0.3,0.2967033386230469,6.150720596313477,-0.20878982543945312,65,417,0.087890625,0.0,-15.245598793029785,-22.280635833740234
9.890940875004162,2.877852499994333,4,87481.726827,0.3,0.2967033386230469,6.150720596313477,-0.20878982543945312,65,417,0.087890625,0.0,-15.675101280212402,-22.388010025024414
9.922745415999088,2.9096570409892593,4,87481.756461209,0.3,0.2967033386230469,6.150720596313477,-0.20878982543945312,65,417,0.087890625,0.0,-15.675101280212402,-22.388010025024414
9.922866041000816,2.909777665990987,4,87481.75654725,0.3,0.2967033386230469,6.150720596313477,-0.20878982543945312,65,417,0.087890625,0.0,-15.675101280212402,-22.388010025024414
9.922894333009026,2.909805957999197,4,87481.757568125,0.3,0.2967033386230469,6.150720596313477,-0.20878982543945312,65,417,0.087890625,0.0,-15.675101280212402,-22.388010025024414
9.94794237500173,2.934853999991901,4,87481.784617417,0.3,0.2967033386230469,6.150720596313477,-0.20878982543945312,65,417,0.087890625,0.0,-15.514039039611816,-22.280635833740234
9.948091708007269,2.9350033329974394,4,87481.784770792,0.3,0.2967033386230469,6.150720596313477,-0.20878982543945312,65,417,0.087890625,0.0,-15.514039039611816,-22.280635833740234
9.948121541005094,2.9350331659952644,4,87481.78484225,0.3,0.2967033386230469,6.150720596313477,0.010990142822265625,65,417,0.087890625,0.0,-15.514039039611816,-22.280635833740234
9.979031750001013,2.965943374991184,4,87481.814387167,0.3,0.2967033386230469,6.150720596313477,0.010990142822265625,65,417,0.087890625,0.0,-15.514039039611816,-22.280635833740234
9.979140166004072,2.9660517909942428,4,87481.814583167,0.3,0.2963752746582031,6.150720596313477,-0.16483688354492188,65,417,0.087890625,0.0,-15.514039039611816,-22.280635833740234
9.979171250000945,2.966082874991116,4,87481.814683042,0.3,0.2963752746582031,6.150720596313477,-0.16483688354492188,65,417,0.087890625,0.0,-15.675101280212402,-22.36116600036621
10.010036499996204,2.9969481249863748,4,87481.846033209,0.3,0.2963752746582031,6.150720596313477,-0.16483688354492188,65,417,0.087890625,0.0,-15.675101280212402,-22.36116600036621
10.010436458003824,2.9973480829939945,4,87481.846314125,0.3,0.2963752746582031,6.150720596313477,-0.16483688354492188,65,417,0.087890625,0.0,-15.675101280212402,-22.36116600036621
10.012086125003407,2.9989977499935776,4,87481.846506709,0.3,0.2963752746582031,6.150720596313477,-0.16483688354492188,65,417,0.087890625,0.0,-15.675101280212402,-22.36116600036621
10.036896666002576,0.018179374994360842,5,87481.875724875,0.4,0.2963752746582031,6.150720596313477,-0.16483688354492188,65,417,0.087890625,0.0,0.0002367254492128268,-22.495386123657227
10.037001375007094,0.018284083998878486,5,87481.875991209,0.4,0.2963752746582031,6.150720596313477,-0.16483688354492188,65,417,0.087890625,0.0,0.0002367254492128268,-22.495386123657227
10.03702712499944,0.018309833991224878,5,87481.876026209,0.4,0.2967033386230469,6.150720596313477,0.14285659790039062,65,417,0.087890625,0.0,0.0002367254492128268,-22.495386123657227
10.067696833008085,0.04897954199986998,5,87481.905895042,0.4,0.2967033386230469,6.150720596313477,0.14285659790039062,65,417,0.087890625,0.0,0.0002367254492128268,-22.495386123657227
10.067745583000942,0.049028291992726736,5,87481.906012167,0.4,0.28937721252441406,6.151102066040039,0.25274658203125,65,417,0.087890625,0.0,0.0002367254492128268,-22.495386123657227
10.099145540996687,0.08042824998847209,5,87481.935969167,0.4,0.28937721252441406,6.151102066040039,0.25274658203125,65,417,0.087890625,0.0,0.0002367254492128268,-22.495386123657227
10.099221249998664,0.08050395899044815,5,87481.936082125,0.4,0.28937721252441406,6.150720596313477,-0.14285659790039062,65,417,0.087890625,0.0,0.0002367254492128268,-22.495386123657227
10.099255291002919,0.08053799999470357,5,87481.93613475,0.4,0.28937721252441406,6.150720596313477,-0.14285659790039062,65,417,0.087890625,0.0,-15.782477378845215,-22.307479858398438
10.130589666005108,0.11187237499689218,5,87481.965654209,0.4,0.28937721252441406,6.150720596313477,-0.14285659790039062,65,417,0.087890625,0.0,-15.782477378845215,-22.307479858398438
10.130628041006275,0.11191074999806006,5,87481.965769917,0.4,0.28937721252441406,6.150720596313477,-0.14285659790039062,65,417,0.087890625,0.0,-15.782477378845215,-22.307479858398438
10.13064779099659,0.11193049998837523,5,87481.965849209,0.4,0.28937721252441406,6.150720596313477,-0.14285659790039062,65,417,0.087890625,0.0,-15.782477378845215,-22.307479858398438
10.160654125007568,0.14193683399935253,5,87481.995362042,0.4,0.28937721252441406,6.150720596313477,-0.14285659790039062,65,417,0.087890625,0.0,-15.648258209228516,-23.649682998657227
10.160707707997062,0.14199041698884685,5,87481.995492334,0.4,0.28937721252441406,6.150720596313477,-0.14285659790039062,65,417,0.087890625,0.0,-15.648258209228516,-23.649682998657227
10.160734582997975,0.14201729198975954,5,87481.995518209,0.4,0.2967033386230469,6.150720596313477,-0.14285659790039062,65,417,0.087890625,0.0,-15.648258209228516,-23.649682998657227
10.185155583007145,0.16643829199892934,5,87482.024107042,0.4,0.2967033386230469,6.150720596313477,-0.14285659790039062,65,417,0.087890625,0.0,-15.648258209228516,-23.649682998657227
10.185203916000319,0.16648662499210332,5,87482.024240959,0.4,0.2967033386230469,6.150720596313477,-0.14285659790039062,65,417,0.087890625,0.0,-15.648258209228516,-23.649682998657227
10.190344208007446,0.17162691699923016,5,87482.02445325,0.4,0.2967033386230469,6.150720596313477,-0.14285659790039062,65,417,0.087890625,0.0,-15.782477378845215,-23.9986629486084
10.220906166010536,0.20218887500232086,5,87482.054095375,0.4,0.2967033386230469,6.150720596313477,-0.14285659790039062,65,417,0.087890625,0.0,-15.782477378845215,-23.9986629486084
10.220981708000181,0.20226441699196585,5,87482.054282584,0.4,0.2967033386230469,6.150720596313477,-0.14285659790039062,65,417,0.087890625,0.0,-15.782477378845215,-23.9986629486084
10.221014458002173,0.20229716699395794,5,87482.054313042,0.4,0.2967033386230469,6.150720596313477,-0.14285659790039062,65,417,0.087890625,0.0,-15.782477378845215,-23.9986629486084
10.245815083006164,0.22709779199794866,5,87482.084622709,0.4,0.2967033386230469,6.150720596313477,-0.14285659790039062,65,417,0.087890625,0.0,-15.43349838256836,-23.434932708740234
10.245886083008372,0.22716879200015683,5,87482.084775459,0.4,0.2967033386230469,6.150720596313477,-0.14285659790039062,65,417,0.087890625,0.0,-15.43349838256836,-23.434932708740234
10.245917332998943,0.2272000419907272,5,87482.084928125,0.4,0.39926719665527344,6.162164688110352,-0.03296661376953125,65,417,0.087890625,0.0,-15.43349838256836,-23.434932708740234
10.277314624996507,0.2585973339882912,5,87482.114813959,0.4,0.39926719665527344,6.162164688110352,-0.03296661376953125,65,417,0.087890625,0.0,-15.43349838256836,-23.434932708740234
10.277407832996687,0.2586905419884715,5,87482.115037417,0.4,0.39926719665527344,6.162164688110352,-0.0549468994140625,65,417,0.087890625,0.0,-15.43349838256836,-23.434932708740234
10.277439875004347,0.258722583996132,5,87482.115177459,0.4,0.39926719665527344,6.162164688110352,-0.0549468994140625,65,417,0.087890625,0.0,-16.077760696411133,-23.783903121948242
10.308243040999514,0.28952574999129865,5,87482.144746,0.4,0.39926719665527344,6.162164688110352,-0.0549468994140625,65,417,0.087890625,0.0,-16.077760696411133,-23.783903121948242
10.3085289580049,0.2898116669966839,5,87482.145302625,0.4,0.39926719665527344,6.162164688110352,-0.0549468994140625,65,417,0.087890625,0.0,-16.077760696411133,-23.783903121948242
10.308743458008394,0.29002616700017825,5,87482.14569675,0.4,0.39926719665527344,6.162164688110352,-0.0549468994140625,65,417,0.087890625,0.0,-16.077760696411133,-23.783903121948242
10.367261583000072,0.3485442919918569,5,87482.204837542,0.4,0.39926719665527344,6.162164688110352,-0.0549468994140625,65,417,0.087890625,0.0,-15.809322357177734,-23.67653465270996
10.367366375008714,0.348649084000499,5,87482.205101792,0.4,0.39926719665527344,6.162164688110352,-0.0549468994140625,65,417,0.087890625,0.0,-15.809322357177734,-23.67653465270996
10.367403208001633,0.3486859169934178,5,87482.205160084,0.4,0.39926719665527344,6.161783218383789,-0.09889984130859375,65,417,0.087890625,0.0,-15.809322357177734,-23.67653465270996
10.397027291008271,0.3783100000000559,5,87482.23482025,0.4,0.39926719665527344,6.161783218383789,-0.09889984130859375,65,417,0.087890625,0.0,-15.809322357177734,-23.67653465270996
10.397142625006381,0.378425333998166,5,87482.235562959,0.4,0.3919410705566406,6.162164688110352,0.09889984130859375,65,417,0.087890625,0.0,-15.809322357177734,-23.67653465270996
10.397188458009623,0.3784711670014076,5,87482.235812917,0.4,0.3919410705566406,6.162164688110352,0.09889984130859375,65,417,0.087890625,0.0,-14.89661979675293,-23.56915283203125
10.427538875010214,0.4088215840019984,5,87482.264628834,0.4,0.3919410705566406,6.162164688110352,0.09889984130859375,65,417,0.087890625,0.0,-14.89661979675293,-23.56915283203125
10.427685165996081,0.4089678749878658,5,87482.265065167,0.4,0.3919410705566406,6.162164688110352,-0.09889984130859375,65,417,0.087890625,0.0,-14.89661979675293,-23.56915283203125
10.427738790996955,0.4090214999887394,5,87482.265159125,0.4,0.3919410705566406,6.162164688110352,-0.09889984130859375,65,417,0.087890625,0.0,-15.91669750213623,-23.730215072631836
10.459595457999967,0.44087816699175164,5,87482.296959,0.4,0.3919410705566406,6.162164688110352,-0.09889984130859375,65,417,0.087890625,0.0,-15.91669750213623,-23.730215072631836
10.45968320799875,0.44096591699053533,5,87482.297012,0.4,0.3919410705566406,6.162164688110352,-0.09889984130859375,65,417,0.087890625,0.0,-15.91669750213623,-23.730215072631836
10.459718958009034,0.441001667000819,5,87482.297049375,0.4,0.3919410705566406,6.162164688110352,-0.09889984130859375,65,417,0.087890625,0.0,-15.91669750213623,-23.730215072631836
10.491067208000459,0.4723499169922434,5,87482.324758959,0.4,0.3919410705566406,6.162164688110352,-0.09889984130859375,65,417,0.087890625,0.0,-16.13144874572754,-23.622838973999023
10.491123375002644,0.4724060839944286,5,87482.324862334,0.4,0.3919410705566406,6.162164688110352,-0.09889984130859375,65,417,0.087890625,0.0,-16.13144874572754,-23.622838973999023
10.49114012499922,0.47242283399100415,5,87482.324920667,0.4,0.39926719665527344,6.161783218383789,-0.1868133544921875,65,417,0.087890625,0.0,-16.13144874572754,-23.622838973999023
10.515193958010059,0.49647666700184345,5,87482.354167,0.4,0.39926719665527344,6.161783218383789,-0.1868133544921875,65,417,0.087890625,0.0,-16.13144874572754,-23.622838973999023
10.515257541002939,0.4965402499947231,5,87482.354305375,0.4,0.3919410705566406,6.162164688110352,0.120880126953125,65,417,0.087890625,0.0,-16.13144874572754,-23.622838973999023
10.515338666009484,0.49662137500126846,5,87482.354338542,0.4,0.3919410705566406,6.162164688110352,0.120880126953125,65,417,0.087890625,0.0,-15.755633354187012,-23.67653465270996
10.57678579101048,0.558068500002264,5,87482.414543625,0.4,0.3919410705566406,6.162164688110352,0.120880126953125,65,417,0.087890625,0.0,-15.755633354187012,-23.67653465270996
10.576871249999385,0.5581539589911699,5,87482.414674625,0.4,0.3919410705566406,6.162164688110352,0.120880126953125,65,417,0.087890625,0.0,-15.755633354187012,-23.67653465270996
10.576887041010195,0.55816975000198,5,87482.41474,0.4,0.3919410705566406,6.162164688110352,0.120880126953125,65,417,0.087890625,0.0,-15.755633354187012,-23.67653465270996
10.60828295799729,0.5895656669890741,5,87482.444496959,0.4,0.3919410705566406,6.162164688110352,0.120880126953125,65,417,0.087890625,0.0,-15.809322357177734,-23.622838973999023
10.60834145800618,0.5896241669979645,5,87482.444583209,0.4,0.3919410705566406,6.162164688110352,0.120880126953125,65,417,0.087890625,0.0,-15.809322357177734,-23.622838973999023
10.608359040998039,0.5896417499898234,5,87482.444603625,0.4,0.3919410705566406,6.162164688110352,0.14285659790039062,65,417,0.087890625,0.0,-15.809322357177734,-23.622838973999023
10.639261958000134,0.6205446669919183,5,87482.474249125,0.4,0.3919410705566406,6.162164688110352,0.14285659790039062,65,417,0.087890625,0.0,-15.809322357177734,-23.622838973999023
10.639299208007287,0.6205819169990718,5,87482.47436975,0.4,0.39926719665527344,6.162164688110352,-0.010990142822265625,65,417,0.087890625,0.0,-15.809322357177734,-23.622838973999023
10.639320625006803,0.6206033339985879,5,87482.474391084,0.4,0.39926719665527344,6.162164688110352,-0.010990142822265625,65,417,0.087890625,0.0,-15.91669750213623,-23.59599494934082
10.669594958002563,0.6508776669943472,5,87482.504686959,0.4,0.39926719665527344,6.162164688110352,-0.010990142822265625,65,417,0.087890625,0.0,-15.91669750213623,-23.59599494934082
10.669693666000967,0.6509763749927515,5,87482.504844709,0.4,0.39926719665527344,6.162164688110352,-0.010990142822265625,65,417,0.087890625,0.0,-15.91669750213623,-23.59599494934082
10.669714125004248,0.6509968339960324,5,87482.504922625,0.4,0.39926719665527344,6.162164688110352,-0.010990142822265625,65,417,0.087890625,0.0,-15.91669750213623,-23.59599494934082
10.701134083006764,0.6824167919985484,5,87482.534925042,0.4,0.39926719665527344,6.162164688110352,-0.010990142822265625,65,417,0.087890625,0.0,-15.997228622436523,-23.67653465270996
10.70119550000527,0.682478208997054,5,87482.535058959,0.4,0.39926719665527344,6.162164688110352,-0.010990142822265625,65,417,0.087890625,0.0,-15.997228622436523,-23.67653465270996
10.701222290997976,0.6825049999897601,5,87482.53514025,0.4,0.3919410705566406,6.161783218383789,-0.1868133544921875,65,417,0.087890625,0.0,-15.997228622436523,-23.67653465270996
10.726363541005412,0.7076462499971967,5,87482.564295209,0.4,0.3919410705566406,6.161783218383789,-0.1868133544921875,65,417,0.087890625,0.0,-16.024072647094727,-23.461774826049805
10.72642491600709,0.707707624998875,5,87482.56442475,0.4,0.3919410705566406,6.161783218383789,-0.1868133544921875,65,417,0.087890625,0.0,-16.024072647094727,-23.461774826049805
10.726454582996666,0.707737291988451,5,87482.564544209,0.4,0.39926719665527344,6.162164688110352,-0.0549468994140625,65,417,0.087890625,0.0,-16.024072647094727,-23.461774826049805
10.757248291003634,0.7385309999954188,5,87482.594369292,0.4,0.39926719665527344,6.162164688110352,-0.0549468994140625,65,417,0.087890625,0.0,-16.024072647094727,-23.461774826049805
10.757313583002542,0.7385962919943267,5,87482.594545667,0.4,0.3919410705566406,6.162164688110352,-0.09889984130859375,65,417,0.087890625,0.0,-16.024072647094727,-23.461774826049805
10.757348833009019,0.7386315420008032,5,87482.594581375,0.4,0.3919410705566406,6.162164688110352,-0.09889984130859375,65,417,0.087890625,0.0,-15.272435188293457,-23.730215072631836
10.789420583008905,0.7707032920006895,5,87482.624649417,0.4,0.3919410705566406,6.162164688110352,-0.09889984130859375,65,417,0.087890625,0.0,-15.272435188293457,-23.730215072631836
10.789568624997628,0.7708513339894125,5,87482.624713167,0.4,0.3919410705566406,6.162164688110352,-0.09889984130859375,65,417,0.087890625,0.0,-15.272435188293457,-23.730215072631836
10.789602375007235,0.7708850839990191,5,87482.624750584,0.4,0.3919410705566406,6.162164688110352,-0.09889984130859375,65,417,0.087890625,0.0,-15.272435188293457,-23.730215072631836
10.819401083004777,0.8006837919965619,5,87482.655107375,0.4,0.3919410705566406,6.162164688110352,-0.09889984130859375,65,417,0.087890625,0.0,-16.158300399780273,-23.32755470275879
10.819568375009112,0.8008510840008967,5,87482.655435584,0.4,0.3919410705566406,6.162164688110352,-0.09889984130859375,65,417,0.087890625,0.0,-16.158300399780273,-23.32755470275879
10.81960208300734,0.800884791999124,5,87482.655767334,0.4,0.39926719665527344,6.162164688110352,-0.07692337036132812,65,417,0.087890625,0.0,-16.158300399780273,-23.32755470275879
10.850052125009825,0.8313348340016091,5,87482.68494475,0.4,0.39926719665527344,6.162164688110352,-0.07692337036132812,65,417,0.087890625,0.0,-16.158300399780273,-23.32755470275879
10.850197666004533,0.8314803749963176,5,87482.685026917,0.4,0.39926719665527344,6.162164688110352,-0.07692337036132812,65,417,0.087890625,0.0,-16.158300399780273,-23.32755470275879
10.85022791600204,0.8315106249938253,5,87482.685307834,0.4,0.39926719665527344,6.162164688110352,-0.07692337036132812,65,417,0.087890625,0.0,-16.05091667175293,-23.488618850708008
10.879579291009577,0.8608620000013616,5,87482.7143535,0.4,0.39926719665527344,6.162164688110352,-0.07692337036132812,65,417,0.087890625,0.0,-16.05091667175293,-23.488618850708008
10.879681416001404,0.8609641249931883,5,87482.71453,0.4,0.39926719665527344,6.162164688110352,-0.07692337036132812,65,417,0.087890625,0.0,-16.05091667175293,-23.488618850708008
10.879717375006294,0.8610000839980785,5,87482.714652875,0.4,0.39926719665527344,6.162164688110352,-0.07692337036132812,65,417,0.087890625,0.0,-16.05091667175293,-23.488618850708008
10.911126291000983,0.8924089999927673,5,87482.744846542,0.4,0.39926719665527344,6.162164688110352,-0.07692337036132812,65,417,0.087890625,0.0,-15.863000869750977,-23.461774826049805
10.911207750003086,0.892490458994871,5,87482.745083125,0.4,0.39926719665527344,6.162164688110352,-0.07692337036132812,65,417,0.087890625,0.0,-15.863000869750977,-23.461774826049805
10.911239166001906,0.8925218749936903,5,87482.7451625,0.4,0.3919410705566406,6.162164688110352,0.27472686767578125,65,417,0.087890625,0.0,-15.863000869750977,-23.461774826049805
10.935763583009248,0.9170462920010323,5,87482.774287917,0.4,0.3919410705566406,6.162164688110352,0.27472686767578125,65,417,0.087890625,0.0,-15.863000869750977,-23.461774826049805
10.935846791006043,0.9171294999978272,5,87482.774449084,0.4,0.39926719665527344,6.162164688110352,-0.20878982543945312,65,417,0.087890625,0.0,-15.863000869750977,-23.461774826049805
10.93588379099674,0.9171664999885252,5,87482.774545,0.4,0.39926719665527344,6.162164688110352,-0.20878982543945312,65,417,0.087890625,0.0,-15.165040016174316,-23.86443519592285
10.965379250003025,0.9466619589948095,5,87482.804327792,0.4,0.39926719665527344,6.162164688110352,-0.20878982543945312,65,417,0.087890625,0.0,-15.165040016174316,-23.86443519592285
10.96549208300712,0.9467747919989051,5,87482.804506625,0.4,0.39926719665527344,6.162164688110352,-0.20878982543945312,65,417,0.087890625,0.0,-15.165040016174316,-23.86443519592285
10.971760833010194,0.9530435420019785,5,87482.804776959,0.4,0.39926719665527344,6.162164688110352,-0.20878982543945312,65,417,0.087890625,0.0,-15.165040016174316,-23.86443519592285
10.996123832999729,0.9774065419915132,5,87482.835211459,0.4,0.39926719665527344,6.162164688110352,-0.20878982543945312,65,417,0.087890625,0.0,-16.346200942993164,-23.40808868408203
11.002735041009146,0.9840177500009304,5,87482.835677959,0.4,0.39926719665527344,6.162164688110352,-0.20878982543945312,65,417,0.087890625,0.0,-16.346200942993164,-23.40808868408203
11.002829165998264,0.9841118749900488,5,87482.835849042,0.4,0.3919410705566406,6.162164688110352,0.20878982543945312,65,417,0.087890625,0.0,-16.346200942993164,-23.40808868408203
11.02808258299774,1.0093652919895248,5,87482.864418584,0.4,0.3919410705566406,6.162164688110352,0.20878982543945312,65,417,0.087890625,0.0,-16.346200942993164,-23.40808868408203
11.028144500000053,1.0094272089918377,5,87482.864693959,0.4,0.3919410705566406,6.161783218383789,-0.23077011108398438,65,417,0.087890625,0.0,-16.346200942993164,-23.40808868408203
11.02817220799625,1.0094549169880338,5,87482.864814917,0.4,0.3919410705566406,6.161783218383789,-0.23077011108398438,65,417,0.087890625,0.0,-15.889853477478027,-23.703371047973633
11.059592416000669,1.0408751249924535,5,87482.894362042,0.4,0.3919410705566406,6.161783218383789,-0.23077011108398438,65,417,0.087890625,0.0,-15.889853477478027,-23.703371047973633
11.059662540996214,1.040945249987999,5,87482.894479459,0.4,0.3919410705566406,6.161783218383789,-0.23077011108398438,65,417,0.087890625,0.0,-15.889853477478027,-23.703371047973633
11.059693333008909,1.0409760420006933,5,87482.894578084,0.4,0.3919410705566406,6.161783218383789,-0.23077011108398438,65,417,0.087890625,0.0,-15.889853477478027,-23.703371047973633
11.091119707998587,1.0724024169903714,5,87482.925171042,0.4,0.3919410705566406,6.161783218383789,-0.23077011108398438,65,417,0.087890625,0.0,-15.91669750213623,-23.59599494934082
11.091249541001162,1.0725322499929462,5,87482.925319084,0.4,0.3919410705566406,6.161783218383789,-0.23077011108398438,65,417,0.087890625,0.0,-15.91669750213623,-23.59599494934082
11.091282583001885,1.0725652919936692,5,87482.925454,0.4,0.3919410705566406,6.161783218383789,-0.3626365661621094,65,417,0.087890625,0.0,-15.91669750213623,-23.59599494934082
11.116489332998754,1.0977720419905381,5,87482.954608209,0.4,0.3919410705566406,6.161783218383789,-0.3626365661621094,65,417,0.087890625,0.0,-15.91669750213623,-23.59599494934082
11.116619499996887,1.0979022089886712,5,87482.9548785,0.4,0.3919410705566406,6.162164688110352,-0.14285659790039062,65,417,0.087890625,0.0,-15.91669750213623,-23.59599494934082
11.116650291005499,1.0979329999972833,5,87482.954928417,0.4,0.3919410705566406,6.162164688110352,-0.14285659790039062,65,417,0.087890625,0.0,-14.950196266174316,-24.267101287841797
11.147751041004085,1.1290337499958696,5,87482.985131084,0.4,0.3919410705566406,6.162164688110352,-0.14285659790039062,65,417,0.087890625,0.0,-14.950196266174316,-24.267101287841797
11.147877291004988,1.129159999996773,5,87482.985542375,0.4,0.3919410705566406,6.162164688110352,-0.14285659790039062,65,417,0.087890625,0.0,-14.950196266174316,-24.267101287841797
11.14790870800789,1.1291914169996744,5,87482.985929625,0.4,0.3919410705566406,6.162164688110352,-0.14285659790039062,65,417,0.087890625,0.0,-14.950196266174316,-24.267101287841797
11.179350250007701,1.1606329589994857,5,87483.015129625,0.4,0.3919410705566406,6.162164688110352,-0.14285659790039062,65,417,0.087890625,0.0,-16.399887084960938,-23.273868560791016
11.179631457998767,1.1609141669905512,5,87483.015268417,0.4,0.3919410705566406,6.162164688110352,-0.14285659790039062,65,417,0.087890625,0.0,-16.399887084960938,-23.273868560791016
11.179683333000867,1.1609660419926513,5,87483.015531917,0.4,0.39926719665527344,6.162164688110352,0.3186798095703125,65,417,0.087890625,0.0,-16.399887084960938,-23.273868560791016
11.210544000001391,1.191826708993176,5,87483.045134959,0.4,0.39926719665527344,6.162164688110352,0.3186798095703125,65,417,0.087890625,0.0,-16.399887084960938,-23.273868560791016
11.210699083007057,1.1919817919988418,5,87483.045385334,0.4,0.3919410705566406,6.162164688110352,0.14285659790039062,65,417,0.087890625,0.0,-16.399887084960938,-23.273868560791016
11.210745333009982,1.1920280420017662,5,87483.045603292,0.4,0.3919410705566406,6.162164688110352,0.14285659790039062,65,417,0.087890625,0.0,-15.943541526794434,-23.542314529418945
11.236171915996238,1.2174546249880223,5,87483.075208625,0.4,0.3919410705566406,6.162164688110352,0.14285659790039062,65,417,0.087890625,0.0,-15.943541526794434,-23.542314529418945
11.241974083008245,1.2232567920000292,5,87483.075940584,0.4,0.3919410705566406,6.162164688110352,0.14285659790039062,65,417,0.087890625,0.0,-15.943541526794434,-23.542314529418945
11.24226958300278,1.2235522919945652,5,87483.076206917,0.4,0.3919410705566406,6.162164688110352,0.14285659790039062,65,417,0.087890625,0.0,-15.943541526794434,-23.542314529418945
11.267376957999659,1.2486596669914434,5,87483.104946334,0.4,0.3919410705566406,6.162164688110352,0.14285659790039062,65,417,0.087890625,0.0,-16.104604721069336,-23.542314529418945
11.267444958008127,1.248727666999912,5,87483.10523725,0.4,0.3919410705566406,6.162164688110352,0.14285659790039062,65,417,0.087890625,0.0,-16.104604721069336,-23.542314529418945
11.267471333005233,1.2487540419970173,5,87483.105370959,0.4,0.37582969665527344,6.161783218383789,-0.40659332275390625,65,417,0.087890625,0.0,-16.104604721069336,-23.542314529418945
11.298519832998863,1.279802541990648,5,87483.134638334,0.4,0.37582969665527344,6.161783218383789,-0.40659332275390625,65,417,0.087890625,0.0,-16.104604721069336,-23.542314529418945
11.298575749999145,1.2798584589909296,5,87483.134750625,0.4,0.3919410705566406,6.162164688110352,-0.16483688354492188,65,417,0.087890625,0.0,-16.104604721069336,-23.542314529418945
11.29859208301059,1.2798747920023743,5,87483.1348125,0.4,0.3919410705566406,6.162164688110352,-0.16483688354492188,65,417,0.087890625,0.0,-15.91669750213623,-24.02549934387207
11.32910037500551,1.3103830839972943,5,87483.164356125,0.4,0.3919410705566406,6.162164688110352,-0.16483688354492188,65,417,0.087890625,0.0,-15.91669750213623,-24.02549934387207
11.359259000004386,1.3405417089961702,5,87483.194680667,0.4,0.3919410705566406,6.162164688110352,-0.16483688354492188,65,417,0.087890625,0.0,-15.91669750213623,-24.02549934387207
11.35931712501042,1.3405998340022052,5,87483.194895709,0.4,0.3919410705566406,6.162164688110352,-0.16483688354492188,65,49569,0.087890625,0.0,-15.91669750213623,-24.02549934387207
11.359331540996209,1.3406142499879934,5,87483.194974042,0.4,0.3919410705566406,6.162164688110352,-0.16483688354492188,65,49569,0.087890625,0.0,-16.185136795043945,-23.22018051147461
11.359343290998368,1.3406259999901522,5,87483.19499475,0.4,0.3919410705566406,6.162164688110352,-0.16483688354492188,65,417,0.087890625,0.0,-16.185136795043945,-23.22018051147461
11.419869332996313,1.401152041988098,5,87483.254920417,0.4,0.3919410705566406,6.162164688110352,-0.16483688354492188,65,417,0.087890625,0.0,-15.782477378845215,-23.56915283203125
11.419945083005587,1.4012277919973712,5,87483.255047084,0.4,0.3919410705566406,6.162164688110352,-0.16483688354492188,65,417,0.087890625,0.0,-15.782477378845215,-23.56915283203125
11.419959416001802,1.401242124993587,5,87483.255065209,0.4,0.39926719665527344,6.162164688110352,0.03296661376953125,65,417,0.087890625,0.0,-15.782477378845215,-23.56915283203125
11.450601333010127,1.4318840420019114,5,87483.285617875,0.4,0.39926719665527344,6.162164688110352,0.03296661376953125,65,417,0.087890625,0.0,-15.782477378845215,-23.56915283203125
11.480047040997306,1.4613297499890905,5,87483.316814584,0.4,0.39926719665527344,6.162546157836914,0.2967033386230469,65,417,0.087890625,0.0,-15.782477378845215,-23.56915283203125
11.480110707998392,1.4613934169901768,5,87483.316900542,0.4,0.39926719665527344,6.162546157836914,0.2967033386230469,65,417,0.087890625,0.0,-15.728781700134277,-23.56915283203125
11.480125458008843,1.4614081670006271,5,87483.316931875,0.4,0.39926719665527344,6.162546157836914,0.2967033386230469,65,417,0.087890625,0.0,-15.728781700134277,-23.56915283203125
11.480137916005333,1.4614206249971176,5,87483.316960834,0.4,0.39926719665527344,6.162546157836914,0.2967033386230469,65,417,0.087890625,0.0,-15.728781700134277,-23.56915283203125
11.510924250003882,1.4922069589956664,5,87483.344355417,0.4,0.39926719665527344,6.162546157836914,0.2967033386230469,65,417,0.087890625,0.0,-15.728781700134277,-23.56915283203125
11.51103750000766,1.4923202089994447,5,87483.344385834,0.4,0.39926719665527344,6.162546157836914,0.2967033386230469,65,417,0.087890625,0.0,-15.970385551452637,-23.434932708740234
11.511064207996242,1.4923469169880264,5,87483.344402667,0.4,0.39926719665527344,6.162546157836914,0.2967033386230469,65,417,0.087890625,0.0,-15.970385551452637,-23.434932708740234
11.53616979099752,1.5174524999893038,5,87483.374520334,0.4,0.39926719665527344,6.162546157836914,0.2967033386230469,65,417,0.087890625,0.0,-14.84293270111084,-23.488618850708008
11.53621233299782,1.517495041989605,5,87483.37462475,0.4,0.39926719665527344,6.162546157836914,0.2967033386230469,65,417,0.087890625,0.0,-14.84293270111084,-23.488618850708008
11.536224708004738,1.5175074169965228,5,87483.374671,0.4,0.39926719665527344,6.162164688110352,-0.09889984130859375,65,417,0.087890625,0.0,-14.84293270111084,-23.488618850708008
11.566431291008485,1.5477140000002692,5,87483.404450542,0.4,0.39926719665527344,6.162164688110352,-0.09889984130859375,65,417,0.087890625,0.0,-16.104604721069336,-23.40808868408203
11.566482916008681,1.5477656250004657,5,87483.404608375,0.4,0.39926719665527344,6.162164688110352,-0.09889984130859375,65,417,0.087890625,0.0,-16.104604721069336,-23.40808868408203
11.566499207998277,1.5477819169900613,5,87483.404621542,0.4,0.39926719665527344,6.162164688110352,0.07692337036132812,65,417,0.087890625,0.0,-16.104604721069336,-23.40808868408203
11.597854250008822,1.579136959000607,5,87483.434276125,0.4,0.39926719665527344,6.162164688110352,0.07692337036132812,65,417,0.087890625,0.0,-16.104604721069336,-23.40808868408203
11.597948750000796,1.5792314589925809,5,87483.434382542,0.4,0.3919410705566406,6.162164688110352,-0.23077011108398438,65,417,0.087890625,0.0,-16.104604721069336,-23.40808868408203
11.597964083004626,1.579246791996411,5,87483.434402,0.4,0.3919410705566406,6.162164688110352,-0.23077011108398438,65,417,0.087890625,0.0,-15.863000869750977,-23.32755470275879
11.628144540998619,1.6094272499904037,5,87483.464426667,0.4,0.3919410705566406,6.162164688110352,-0.23077011108398438,65,417,0.087890625,0.0,-15.863000869750977,-23.32755470275879
11.628208207999705,1.60949091699149,5,87483.464542417,0.4,0.3919410705566406,6.162164688110352,-0.23077011108398438,65,417,0.087890625,0.0,-15.863000869750977,-23.32755470275879
11.628225125008612,1.6095078340003965,5,87483.464559375,0.4,0.3919410705566406,6.162164688110352,-0.23077011108398438,65,417,0.087890625,0.0,-15.863000869750977,-23.32755470275879
11.658408750008675,1.6396914590004599,5,87483.494361042,0.4,0.3919410705566406,6.162164688110352,-0.23077011108398438,65,417,0.087890625,0.0,-15.889853477478027,-23.461774826049805
11.689223666006,1.6705063749977853,5,87483.524095459,0.4,0.3919410705566406,6.162164688110352,-0.23077011108398438,65,417,0.087890625,0.0,-15.889853477478027,-23.461774826049805
11.68927658299799,1.6705592919897754,5,87483.524207917,0.4,0.3919410705566406,6.162164688110352,0.3186798095703125,65,417,0.087890625,0.0,-15.889853477478027,-23.461774826049805
11.689298500001314,1.6705812089930987,5,87483.525071084,0.4,0.3919410705566406,6.162164688110352,0.3186798095703125,65,417,0.087890625,0.0,-15.889853477478027,-23.461774826049805
11.689317124997615,1.6705998339893995,5,87483.525143417,0.4,0.3919410705566406,6.162164688110352,0.3186798095703125,65,417,0.087890625,0.0,-15.889853477478027,-23.461774826049805
11.720184040997992,1.7014667499897769,5,87483.554201917,0.4,0.3919410705566406,6.162164688110352,0.3186798095703125,65,417,0.087890625,0.0,-15.889853477478027,-23.461774826049805
11.720224500008044,1.7015072089998284,5,87483.554355542,0.4,0.3919410705566406,6.162164688110352,-0.07692337036132812,65,417,0.087890625,0.0,-15.889853477478027,-23.461774826049805
11.720247707999079,1.7015304169908632,5,87483.55439275,0.4,0.3919410705566406,6.162164688110352,-0.07692337036132812,65,417,0.087890625,0.0,-15.889853477478027,-23.461774826049805
11.745398875005776,1.7266815839975607,5,87483.584417459,0.4,0.3919410705566406,6.162164688110352,-0.07692337036132812,65,417,0.087890625,0.0,-15.889853477478027,-23.461774826049805
11.745438790996559,1.7267214999883436,5,87483.584542834,0.4,0.3919410705566406,6.162164688110352,-0.07692337036132812,65,417,0.087890625,0.0,-15.889853477478027,-23.461774826049805
11.751745665998897,1.7330283749906812,5,87483.584715334,0.4,0.3919410705566406,6.162164688110352,-0.07692337036132812,65,417,0.087890625,0.0,-15.889853477478027,-23.461774826049805
11.776869916007854,1.7581526249996386,5,87483.614771,0.4,0.3919410705566406,6.162164688110352,-0.07692337036132812,65,417,0.087890625,0.0,-15.91669750213623,-23.40808868408203
11.776912790999631,1.758195499991416,5,87483.614886917,0.4,0.3919410705566406,6.162164688110352,-0.07692337036132812,65,417,0.087890625,0.0,-15.91669750213623,-23.40808868408203
11.776941208008793,1.7582239170005778,5,87483.614982875,0.4,0.39926719665527344,6.162164688110352,0.010990142822265625,65,417,0.087890625,0.0,-15.91669750213623,-23.40808868408203
11.808396541004186,1.7896792499959702,5,87483.644580709,0.4,0.39926719665527344,6.162164688110352,0.010990142822265625,65,417,0.087890625,0.0,-15.91669750213623,-23.40808868408203
11.808461166001507,1.7897438749932917,5,87483.644661792,0.4,0.39926719665527344,6.162164688110352,0.010990142822265625,65,417,0.087890625,0.0,-15.91669750213623,-23.40808868408203
11.808487750007771,1.7897704589995556,5,87483.644689542,0.4,0.39926719665527344,6.162164688110352,0.010990142822265625,65,417,0.087890625,0.0,-15.836165428161621,-23.488618850708008
11.838648916003876,1.819931624995661,5,87483.674999709,0.4,0.39926719665527344,6.162164688110352,0.010990142822265625,65,417,0.087890625,0.0,-15.836165428161621,-23.488618850708008
11.83877366600791,1.8200563749996945,5,87483.675110292,0.4,0.39926719665527344,6.162164688110352,0.010990142822265625,65,417,0.087890625,0.0,-15.836165428161621,-23.488618850708008
11.838820832999772,1.820103541991557,5,87483.67539825,0.4,0.39926719665527344,6.162164688110352,0.010990142822265625,65,417,0.087890625,0.0,-15.836165428161621,-23.488618850708008
11.869521875007194,1.850804583998979,5,87483.705186167,0.4,0.39926719665527344,6.162164688110352,0.010990142822265625,65,417,0.087890625,0.0,-15.728781700134277,-23.488618850708008
11.869701415998861,1.8509841249906458,5,87483.705537625,0.4,0.39926719665527344,6.162164688110352,0.010990142822265625,65,417,0.087890625,0.0,-15.728781700134277,-23.488618850708008
11.869770165998489,1.8510528749902733,5,87483.705699084,0.4,0.39926719665527344,6.162164688110352,-0.20878982543945312,65,417,0.087890625,0.0,-15.728781700134277,-23.488618850708008
11.901468166004634,1.8827508749964181,5,87483.734984834,0.4,0.39926719665527344,6.162164688110352,-0.20878982543945312,65,417,0.087890625,0.0,-15.728781700134277,-23.488618850708008
11.901681540999562,1.8829642499913462,5,87483.735379209,0.4,0.39926719665527344,6.162164688110352,0.0549468994140625,65,417,0.087890625,0.0,-15.728781700134277,-23.488618850708008
11.901787374998094,1.8830700839898782,5,87483.735459584,0.4,0.39926719665527344,6.162164688110352,0.0549468994140625,65,417,0.087890625,0.0,-16.23882484436035,-23.193336486816406
11.932099625002593,1.9133823339943774,5,87483.765302709,0.4,0.39926719665527344,6.162164688110352,0.0549468994140625,65,417,0.087890625,0.0,-16.23882484436035,-23.193336486816406
11.932251791004092,1.913534499995876,5,87483.76569825,0.4,0.39926719665527344,6.162164688110352,0.0549468994140625,65,417,0.087890625,0.0,-16.23882484436035,-23.193336486816406
11.932312375007314,1.9135950839990983,5,87483.765761917,0.4,0.39926719665527344,6.162164688110352,0.0549468994140625,65,417,0.087890625,0.0,-16.23882484436035,-23.193336486816406
11.956976708010188,1.938259417001973,5,87483.79526675,0.4,0.39926719665527344,6.162164688110352,0.0549468994140625,65,417,0.087890625,0.0,-15.809322357177734,-23.40808868408203
11.957139582998934,1.9384222919907188,5,87483.795750417,0.4,0.39926719665527344,6.162164688110352,0.0549468994140625,65,417,0.087890625,0.0,-15.809322357177734,-23.40808868408203
11.957267958001466,1.938550666993251,5,87483.795824875,0.4,0.3919410705566406,6.162164688110352,-0.2967033386230469,65,417,0.087890625,0.0,-15.809322357177734,-23.40808868408203
11.987817458008067,1.9691001669998514,5,87483.824541209,0.4,0.3919410705566406,6.162164688110352,-0.2967033386230469,65,417,0.087890625,0.0,-15.809322357177734,-23.40808868408203
11.987960583006497,1.969243291998282,5,87483.824830042,0.4,0.3919410705566406,6.162164688110352,-0.07692337036132812,65,417,0.087890625,0.0,-15.809322357177734,-23.40808868408203
11.988357916008681,1.9696406250004657,5,87483.824891834,0.4,0.3919410705566406,6.162164688110352,-0.07692337036132812,65,417,0.087890625,0.0,-15.943541526794434,-23.381244659423828
12.019459500006633,2.0007422089984175,5,87483.854472625,0.4,0.3919410705566406,6.162164688110352,-0.07692337036132812,65,417,0.087890625,0.0,-15.943541526794434,-23.381244659423828
12.019544374998077,2.0008270839898614,5,87483.854647875,0.4,0.3919410705566406,6.162164688110352,-0.07692337036132812,65,417,0.087890625,0.0,-15.943541526794434,-23.381244659423828
12.019577750004828,2.0008604589966126,5,87483.854765209,0.4,0.3919410705566406,6.162164688110352,-0.07692337036132812,65,417,0.087890625,0.0,-15.943541526794434,-23.381244659423828
12.050638000000617,2.031920708992402,5,87483.884716584,0.4,0.3919410705566406,6.162164688110352,-0.07692337036132812,65,417,0.087890625,0.0,-15.782477378845215,-23.354400634765625
12.050762915998348,2.0320456249901326,5,87483.884923042,0.4,0.3919410705566406,6.162164688110352,-0.07692337036132812,65,417,0.087890625,0.0,-15.782477378845215,-23.354400634765625
12.050904125004308,2.032186833996093,5,87483.884962042,0.4,0.3919410705566406,6.162164688110352,-0.20878982543945312,65,417,0.087890625,0.0,-15.782477378845215,-23.354400634765625
12.075296166003682,2.0565788749954663,5,87483.914337042,0.4,0.3919410705566406,6.162164688110352,-0.20878982543945312,65,417,0.087890625,0.0,-15.782477378845215,-23.354400634765625
12.07551916599914,2.0568018749909243,5,87483.914641875,0.4,0.39926719665527344,6.163309097290039,-0.3186798095703125,65,417,0.087890625,0.0,-15.782477378845215,-23.354400634765625
12.081936832997599,2.0632195419893833,5,87483.9148465,0.4,0.39926719665527344,6.163309097290039,-0.3186798095703125,65,417,0.087890625,0.0,-16.23882484436035,-23.08595085144043
12.105683083005715,2.0869657919974998,5,87483.94431275,0.4,0.39926719665527344,6.163309097290039,-0.3186798095703125,65,417,0.087890625,0.0,-16.23882484436035,-23.08595085144043
12.1057450829976,2.087027791989385,5,87483.944446,0.4,0.39926719665527344,6.163309097290039,-0.3186798095703125,65,417,0.087890625,0.0,-16.23882484436035,-23.08595085144043
12.105778416007524,2.087061124999309,5,87483.944581417,0.4,0.39926719665527344,6.163309097290039,-0.3186798095703125,65,417,0.087890625,0.0,-16.23882484436035,-23.08595085144043
12.168488625000464,2.1497713339922484,5,87484.005047084,0.4,0.39926719665527344,6.163309097290039,-0.3186798095703125,65,417,0.087890625,0.0,-16.05091667175293,-23.32755470275879
12.168650874999003,2.149933583990787,5,87484.005526584,0.4,0.39926719665527344,6.163309097290039,-0.3186798095703125,65,417,0.087890625,0.0,-16.05091667175293,-23.32755470275879
12.20028912500129,2.1815718339930754,5,87484.035353542,0.4,0.39926719665527344,6.163690567016602,0.120880126953125,65,417,0.087890625,0.0,-16.05091667175293,-23.32755470275879
12.200462666005478,2.181745374997263,5,87484.0357965,0.4,0.39926719665527344,6.163690567016602,0.120880126953125,65,417,0.087890625,0.0,-16.05091667175293,-23.32755470275879
12.200531583002885,2.1818142919946695,5,87484.0358485,0.4,0.39926719665527344,6.163690567016602,0.120880126953125,65,417,0.087890625,0.0,-15.943541526794434,-23.300710678100586
12.226778791009565,2.2080615000013495,5,87484.065177959,0.4,0.39926719665527344,6.163690567016602,0.120880126953125,65,417,0.087890625,0.0,-15.943541526794434,-23.300710678100586
12.226941957997042,2.2082246669888264,5,87484.065795584,0.4,0.39926719665527344,6.163690567016602,0.120880126953125,65,417,0.087890625,0.0,-15.782477378845215,-23.56915283203125
12.227006875007646,2.2082895839994308,5,87484.065863542,0.4,0.39926719665527344,6.163690567016602,0.120880126953125,65,417,0.087890625,0.0,-15.782477378845215,-23.56915283203125
12.257194582998636,2.238477291990421,5,87484.095293417,0.4,0.39926719665527344,6.163690567016602,0.120880126953125,65,417,0.087890625,0.0,-15.782477378845215,-23.434932708740234
12.257320707998588,2.2386034169903724,5,87484.095637417,0.4,0.39926719665527344,6.163690567016602,0.120880126953125,65,417,0.087890625,0.0,-15.782477378845215,-23.434932708740234
12.257377333007753,2.2386600419995375,5,87484.095708625,0.4,0.3919410705566406,6.164072036743164,0.07692337036132812,65,417,0.087890625,0.0,-15.782477378845215,-23.434932708740234
12.287561666002148,2.2688443749939324,5,87484.126019292,0.4,0.3919410705566406,6.164072036743164,0.07692337036132812,65,417,0.087890625,0.0,-15.782477378845215,-23.434932708740234
12.287692041005357,2.2689747499971418,5,87484.12614475,0.4,0.3919410705566406,6.164072036743164,-0.09889984130859375,65,417,0.087890625,0.0,-15.782477378845215,-23.434932708740234
12.287744957997347,2.269027666989132,5,87484.126201625,0.4,0.3919410705566406,6.164072036743164,-0.09889984130859375,65,417,0.087890625,0.0,-16.185136795043945,-23.300710678100586
12.319571540996549,2.3008542499883333,5,87484.154912834,0.4,0.3919410705566406,6.164072036743164,-0.09889984130859375,65,417,0.087890625,0.0,-16.185136795043945,-23.300710678100586
12.319720958010294,2.301003667002078,5,87484.155303334,0.4,0.3919410705566406,6.164072036743164,-0.09889984130859375,65,417,0.087890625,0.0,-16.185136795043945,-23.300710678100586
12.380077583002276,2.3613602919940604,5,87484.214558875,0.4,0.3919410705566406,6.164072036743164,-0.09889984130859375,65,417,0.087890625,0.0,-16.185136795043945,-23.300710678100586
12.380169666008442,2.3614523750002263,5,87484.2147145,0.4,0.3919410705566406,6.164072036743164,-0.09889984130859375,65,417,0.087890625,0.0,-15.889853477478027,-23.542314529418945
12.380197582999244,2.361480291991029,5,87484.21481425,0.4,0.3919410705566406,6.164072036743164,-0.09889984130859375,65,417,0.087890625,0.0,-15.889853477478027,-23.542314529418945
12.38022320800519,2.3615059169969754,5,87484.215338084,0.4,0.39926719665527344,6.164453506469727,0.09889984130859375,65,417,0.087890625,0.0,-15.889853477478027,-23.542314529418945
12.410931916005211,2.3922146249969956,5,87484.244195667,0.4,0.39926719665527344,6.164453506469727,0.09889984130859375,65,417,0.087890625,0.0,-15.889853477478027,-23.542314529418945
12.410996291000629,2.3922789999924134,5,87484.24432425,0.4,0.3919410705566406,6.164453506469727,0.09889984130859375,65,417,0.087890625,0.0,-15.889853477478027,-23.542314529418945
12.411029082999448,2.392311791991233,5,87484.24440975,0.4,0.3919410705566406,6.164453506469727,0.09889984130859375,65,417,0.087890625,0.0,-15.91669750213623,-23.59599494934082
12.466724333004095,2.4480070419958793,5,87484.305163042,0.4,0.3919410705566406,6.164453506469727,0.09889984130859375,65,417,0.087890625,0.0,-15.91669750213623,-23.59599494934082
12.466873041004874,2.4481557499966584,5,87484.305500375,0.4,0.3919410705566406,6.164453506469727,0.09889984130859375,65,417,0.087890625,0.0,-15.91669750213623,-23.59599494934082
12.466944625004544,2.4482273339963285,5,87484.305704417,0.4,0.3919410705566406,6.164453506469727,0.09889984130859375,65,417,0.087890625,0.0,-15.91669750213623,-23.59599494934082
12.502762250005617,2.4840449589974014,5,87484.33601775,0.4,0.3919410705566406,6.164453506469727,0.09889984130859375,65,417,0.087890625,0.0,-15.621414184570312,-23.40808868408203
12.50292787500075,2.4842105839925352,5,87484.336561875,0.4,0.3919410705566406,6.164453506469727,0.09889984130859375,65,417,0.087890625,0.0,-15.621414184570312,-23.40808868408203
12.502995583010488,2.484278292002273,5,87484.33662575,0.4,0.39926719665527344,6.164834976196289,-0.010990142822265625,65,417,0.087890625,0.0,-15.621414184570312,-23.40808868408203
12.527694000003976,2.5089767089957604,5,87484.366181917,0.4,0.39926719665527344,6.164834976196289,-0.010990142822265625,65,417,0.087890625,0.0,-15.621414184570312,-23.40808868408203
12.527845832999446,2.509128541991231,5,87484.366556792,0.4,0.3919410705566406,6.164834976196289,0.07692337036132812,65,417,0.087890625,0.0,-15.621414184570312,-23.40808868408203
12.527903000009246,2.5091857090010308,5,87484.366815959,0.4,0.3919410705566406,6.164834976196289,0.07692337036132812,65,417,0.087890625,0.0,-16.024072647094727,-23.59599494934082
12.559368375004851,2.540651083996636,5,87484.394587417,0.4,0.3919410705566406,6.164834976196289,0.07692337036132812,65,417,0.087890625,0.0,-16.024072647094727,-23.59599494934082
12.559639458006131,2.540922166997916,5,87484.394731042,0.4,0.3919410705566406,6.164834976196289,0.07692337036132812,65,417,0.087890625,0.0,-16.024072647094727,-23.59599494934082
12.559703916005674,2.5409866249974584,5,87484.394847125,0.4,0.3919410705566406,6.164834976196289,0.07692337036132812,65,417,0.087890625,0.0,-16.024072647094727,-23.59599494934082
12.589695333008422,2.570978042000206,5,87484.426379667,0.4,0.3919410705566406,6.164834976196289,0.07692337036132812,65,417,0.087890625,0.0,-16.024072647094727,-23.59599494934082
12.589808083008393,2.5710907920001773,5,87484.426764375,0.4,0.39926719665527344,6.164834976196289,0.03296661376953125,65,417,0.087890625,0.0,-16.024072647094727,-23.59599494934082
12.589859875006368,2.571142583998153,5,87484.426969209,0.4,0.39926719665527344,6.164834976196289,0.03296661376953125,65,417,0.087890625,0.0,-15.889853477478027,-23.515214920043945
12.62015387500287,2.601436583994655,5,87484.455075292,0.4,0.39926719665527344,6.164834976196289,0.03296661376953125,65,417,0.087890625,0.0,-15.889853477478027,-23.515214920043945
12.620278125003097,2.6015608339948812,5,87484.455559625,0.4,0.39926719665527344,6.164834976196289,0.03296661376953125,65,417,0.087890625,0.0,-15.889853477478027,-23.515214920043945
12.620327583004837,2.6016102919966215,5,87484.456150375,0.4,0.39926719665527344,6.164834976196289,0.03296661376953125,65,417,0.087890625,0.0,-15.889853477478027,-23.515214920043945
12.681124666007236,2.6624073749990202,5,87484.516637334,0.4,0.39926719665527344,6.164834976196289,0.03296661376953125,65,417,0.087890625,0.0,-15.540882110595703,-23.810754776000977
12.681252374997712,2.6625350839894963,5,87484.517062417,0.4,0.39926719665527344,6.164834976196289,0.03296661376953125,65,417,0.087890625,0.0,-15.540882110595703,-23.810754776000977
12.681304500001715,2.6625872089935,5,87484.517300042,0.4,0.3919410705566406,6.164834976196289,0.1868133544921875,65,417,0.087890625,0.0,-15.540882110595703,-23.810754776000977
12.681344958007685,2.6626276669994695,5,87484.51755875,0.4,0.3919410705566406,6.164834976196289,0.1868133544921875,65,417,0.087890625,0.0,-15.540882110595703,-23.810754776000977
12.711128791008377,2.692411500000162,5,87484.546336625,0.4,0.3919410705566406,6.164834976196289,0.1868133544921875,65,417,0.087890625,0.0,-16.13144874572754,-23.622838973999023
12.711275749999913,2.692558458991698,5,87484.546835375,0.4,0.3919410705566406,6.164834976196289,0.1868133544921875,65,417,0.087890625,0.0,-16.13144874572754,-23.622838973999023
12.71133216599992,2.6926148749917047,5,87484.546908417,0.4,0.40659332275390625,6.165216445922852,0.0549468994140625,65,417,0.087890625,0.0,-16.13144874572754,-23.622838973999023
12.740088125006878,2.7213708339986624,5,87484.5762305,0.4,0.40659332275390625,6.165216445922852,0.0549468994140625,65,417,0.087890625,0.0,-16.13144874572754,-23.622838973999023
12.740234708006028,2.7215174169978127,5,87484.576611167,0.4,0.3919410705566406,6.164834976196289,-0.3846168518066406,65,417,0.087890625,0.0,-16.13144874572754,-23.622838973999023
12.740291416004766,2.7215741249965504,5,87484.576674959,0.4,0.3919410705566406,6.164834976196289,-0.3846168518066406,65,417,0.087890625,0.0,-15.782477378845215,-23.649682998657227
12.769327665999299,2.7506103749910835,5,87484.6062505,0.4,0.3919410705566406,6.164834976196289,-0.3846168518066406,65,417,0.087890625,0.0,-15.782477378845215,-23.649682998657227
12.7694500409998,2.7507327499915846,5,87484.606688667,0.4,0.3919410705566406,6.164834976196289,-0.3846168518066406,65,417,0.087890625,0.0,-15.782477378845215,-23.649682998657227
12.769502041002852,2.7507847499946365,5,87484.6067565,0.4,0.3919410705566406,6.164834976196289,-0.3846168518066406,65,417,0.087890625,0.0,-15.782477378845215,-23.649682998657227
12.79854020800849,2.779822917000274,5,87484.636821792,0.4,0.3919410705566406,6.164834976196289,-0.3846168518066406,65,417,0.087890625,0.0,-16.077760696411133,-23.83759880065918
12.798744958010502,2.7800276670022868,5,87484.637442375,0.4,0.3919410705566406,6.164834976196289,-0.3846168518066406,65,417,0.087890625,0.0,-16.077760696411133,-23.83759880065918
12.798834083005204,2.7801167919969885,5,87484.637539875,0.4,0.3919410705566406,6.165216445922852,0.09889984130859375,65,417,0.087890625,0.0,-16.077760696411133,-23.83759880065918
12.829659583003377,2.810942291995161,5,87484.665070125,0.4,0.3919410705566406,6.165216445922852,0.09889984130859375,65,417,0.087890625,0.0,-16.077760696411133,-23.83759880065918
12.829786832997343,2.811069541989127,5,87484.665619,0.4,0.3919410705566406,6.164834976196289,-0.120880126953125,65,417,0.087890625,0.0,-16.077760696411133,-23.83759880065918
12.829862166006933,2.8111448749987176,5,87484.665947,0.4,0.3919410705566406,6.164834976196289,-0.120880126953125,65,417,0.087890625,0.0,-16.319364547729492,-23.461774826049805
12.860159333009506,2.8414420420012902,5,87484.696372625,0.4,0.3919410705566406,6.164834976196289,-0.120880126953125,65,417,0.087890625,0.0,-16.319364547729492,-23.461774826049805
12.86032000000705,2.8416027089988347,5,87484.696932959,0.4,0.3919410705566406,6.164834976196289,-0.120880126953125,65,417,0.087890625,0.0,-16.319364547729492,-23.461774826049805
12.860378291006782,2.8416609999985667,5,87484.69700825,0.4,0.3919410705566406,6.164834976196289,-0.120880126953125,65,417,0.087890625,0.0,-16.319364547729492,-23.461774826049805
12.891325999997207,2.8726087089889916,5,87484.7262525,0.4,0.3919410705566406,6.164834976196289,-0.120880126953125,65,417,0.087890625,0.0,-16.024072647094727,-23.59599494934082
12.89148729100998,2.872770000001765,5,87484.726895709,0.4,0.3919410705566406,6.164834976196289,-0.120880126953125,65,417,0.087890625,0.0,-16.024072647094727,-23.59599494934082
12.891551583001274,2.8728342919930583,5,87484.727378709,0.4,0.3919410705566406,6.165216445922852,-0.20878982543945312,65,417,0.087890625,0.0,-16.024072647094727,-23.59599494934082
12.91720716599957,2.8984898749913555,5,87484.755712417,0.4,0.3919410705566406,6.165216445922852,-0.20878982543945312,65,417,0.087890625,0.0,-16.024072647094727,-23.59599494934082
12.91726162499981,2.8985443339915946,5,87484.755843625,0.4,0.39926719665527344,6.165216445922852,0.20878982543945312,65,417,0.087890625,0.0,-16.024072647094727,-23.59599494934082
12.917278000008082,2.8985607089998666,5,87484.755862625,0.4,0.39926719665527344,6.165216445922852,0.20878982543945312,65,417,0.087890625,0.0,-15.889853477478027,-23.730215072631836
12.95095791600761,2.9322406249993946,5,87484.78460625,0.4,0.39926719665527344,6.165216445922852,0.20878982543945312,65,417,0.087890625,0.0,-15.889853477478027,-23.730215072631836
12.951102500010165,2.93238520900195,5,87484.784828834,0.4,0.39926719665527344,6.165216445922852,0.20878982543945312,65,417,0.087890625,0.0,-15.889853477478027,-23.730215072631836
12.951155125003424,2.932437833995209,5,87484.784870209,0.4,0.39926719665527344,6.165216445922852,0.20878982543945312,65,417,0.087890625,0.0,-15.889853477478027,-23.730215072631836
12.976328958000522,2.9576116669923067,5,87484.814877334,0.4,0.39926719665527344,6.165216445922852,0.20878982543945312,65,417,0.087890625,0.0,-15.782477378845215,-23.56915283203125
12.97643799999787,2.9577207089896547,5,87484.815136459,0.4,0.39926719665527344,6.165216445922852,0.20878982543945312,65,417,0.087890625,0.0,-15.782477378845215,-23.56915283203125
12.976468583001406,2.9577512919931905,5,87484.815230875,0.4,0.39926719665527344,6.165216445922852,-0.03296661376953125,65,417,0.087890625,0.0,-15.782477378845215,-23.56915283203125
13.007825749999029,2.9891084589908132,5,87484.8445865,0.4,0.39926719665527344,6.165216445922852,-0.03296661376953125,65,417,0.087890625,0.0,-15.782477378845215,-23.56915283203125
13.007992416009074,2.9892751250008587,5,87484.844997792,0.4,0.39926719665527344,6.165216445922852,0.09889984130859375,65,417,0.087890625,0.0,-15.782477378845215,-23.56915283203125
13.008138999997755,2.989421708989539,5,87484.845957209,0.4,0.39926719665527344,6.165216445922852,0.09889984130859375,65,417,0.087890625,0.0,-16.426740646362305,-23.461774826049805
13.03808804100845,0.01815687501220964,6,87484.875267959,0.5,0.39926719665527344,6.165216445922852,0.09889984130859375,65,417,0.087890625,0.0,-16.426740646362305,-23.461774826049805
13.038154666006449,0.018223500010208227,6,87484.875384959,0.5,0.39926719665527344,6.165216445922852,0.09889984130859375,65,417,0.087890625,0.0,-16.426740646362305,-23.461774826049805
13.03817329100275,0.018242125006509013,6,87484.8754605,0.5,0.39926719665527344,6.165216445922852,0.09889984130859375,65,417,0.087890625,0.0,-16.426740646362305,-23.461774826049805
13.068131332998746,0.04820016700250562,6,87484.906136292,0.5,0.39926719665527344,6.165216445922852,0.09889984130859375,65,417,0.087890625,0.0,-16.23882484436035,-23.59599494934082
13.068193166007404,0.048262000011163764,6,87484.906170375,0.5,0.39926719665527344,6.165216445922852,0.09889984130859375,65,417,0.087890625,0.0,-16.23882484436035,-23.59599494934082
13.09758933300327,0.07765816700702999,6,87484.935081875,0.5,0.39926719665527344,6.165216445922852,0.09889984130859375,65,417,0.087890625,0.0,-16.21198081970215,-23.542314529418945
13.09764316600922,0.07771200001297984,6,87484.935209542,0.5,0.39926719665527344,6.165216445922852,0.09889984130859375,65,417,0.087890625,0.0,-16.21198081970215,-23.542314529418945
13.097669000009773,0.07773783401353285,6,87484.935277042,0.5,0.3919410705566406,6.165216445922852,0.010990142822265625,65,417,0.087890625,0.0,-16.21198081970215,-23.542314529418945
13.160487208006089,0.14055604200984817,6,87484.99454975,0.5,0.3919410705566406,6.165216445922852,0.010990142822265625,65,417,0.087890625,0.0,-16.21198081970215,-23.542314529418945
13.160611166007584,0.1406800000113435,6,87484.994888959,0.5,0.39926719665527344,6.165216445922852,0.07692337036132812,65,417,0.087890625,0.0,-16.21198081970215,-23.542314529418945
13.160676041006809,0.14074487501056865,6,87484.995094625,0.5,0.39926719665527344,6.165216445922852,0.07692337036132812,65,417,0.087890625,0.0,-16.185136795043945,-24.45500946044922
13.190861625000252,0.17093045900401194,6,87485.026735125,0.5,0.39926719665527344,6.165216445922852,0.07692337036132812,65,417,0.087890625,0.0,-16.185136795043945,-24.45500946044922
13.19097654100915,0.17104537501290906,6,87485.027257792,0.5,0.39926719665527344,6.165216445922852,0.07692337036132812,65,417,0.087890625,0.0,-16.185136795043945,-24.45500946044922
13.191018833007547,0.17108766701130662,6,87485.027362542,0.5,0.39926719665527344,6.165216445922852,0.07692337036132812,65,417,0.087890625,0.0,-16.185136795043945,-24.45500946044922
13.22223450000456,0.20230333400832023,6,87485.056098584,0.5,0.39926719665527344,6.165216445922852,0.07692337036132812,65,417,0.087890625,0.0,-24.238380432128906,-37.66232681274414
13.222390583003289,0.20245941700704861,6,87485.056419625,0.5,0.39926719665527344,6.165216445922852,0.07692337036132812,65,420,0.3515625,9.074297934005394,-24.238380432128906,-37.66232681274414
13.222448665997945,0.20251750000170432,6,87485.056470584,0.5,0.4945058822631836,6.251811981201172,1.8571434020996094,65,420,0.3515625,9.074297934005394,-24.238380432128906,-37.66232681274414
13.251412958008586,0.23148179201234598,6,87485.086090625,0.5,0.4945058822631836,6.251811981201172,1.8571434020996094,65,423,0.615234375,8.887791043166697,-24.238380432128906,-37.66232681274414
13.251703333007754,0.23177216701151337,6,87485.086501084,0.5,0.5018310546875,6.333066940307617,0.8461532592773438,65,423,0.615234375,8.887791043166697,-24.238380432128906,-37.66232681274414
13.25177075000829,0.23183958401205018,6,87485.086552167,0.5,0.5018310546875,6.333066940307617,0.8461532592773438,65,423,0.615234375,8.887791043166697,-30.68096923828125,-47.138301849365234
13.281651500001317,0.26172033400507644,6,87485.11651175,0.5,0.5018310546875,6.333066940307617,0.8461532592773438,65,423,0.615234375,8.887791043166697,-30.68096923828125,-47.138301849365234
13.281791208006325,0.2618600420100847,6,87485.116978459,0.5,0.5018310546875,6.333066940307617,0.8461532592773438,65,423,0.615234375,8.887791043166697,-30.68096923828125,-47.138301849365234
13.31130362499971,0.291372459003469,6,87485.146335959,0.5,0.5018310546875,6.333066940307617,0.8461532592773438,65,423,0.615234375,0.0,-30.68096923828125,-47.138301849365234
13.337018749996787,0.3170875840005465,6,87485.175902084,0.5,0.5018310546875,6.333066940307617,0.8461532592773438,65,423,0.615234375,0.0,-30.57359504699707,-47.00408172607422
13.337426833008067,0.3174956670118263,6,87485.1765,0.5,0.5018310546875,6.333066940307617,0.8461532592773438,65,423,0.615234375,0.0,-30.57359504699707,-47.00408172607422
13.337481291004224,0.3175501250079833,6,87485.176551417,0.5,0.4945058822631836,6.339933395385742,0.120880126953125,65,423,0.615234375,0.0,-30.57359504699707,-47.00408172607422
13.400010583005496,0.38007941700925585,6,87485.2365955,0.5,0.4945058822631836,6.339933395385742,0.120880126953125,65,424,0.703125,1.462623414617509,-30.57359504699707,-47.00408172607422
13.400153333001072,0.38022216700483114,6,87485.237085,0.5,0.4871797561645508,6.339933395385742,0.0549468994140625,65,424,0.703125,1.462623414617509,-30.57359504699707,-47.00408172607422
13.400205416008248,0.38027425001200754,6,87485.237145167,0.5,0.4871797561645508,6.339933395385742,0.0549468994140625,65,424,0.703125,1.462623414617509,-30.73465919494629,-46.57456970214844
13.4610452909983,0.44111412500205915,6,87485.296602917,0.5,0.4871797561645508,6.339933395385742,0.0549468994140625,65,424,0.703125,1.462623414617509,-30.73465919494629,-46.57456970214844
13.461238750009215,0.441307584012975,6,87485.29716925,0.5,0.4871797561645508,6.339933395385742,0.0549468994140625,65,424,0.703125,0.0,-30.73465919494629,-46.57456970214844
13.461328500008676,0.44139733401243575,6,87485.297239959,0.5,0.4945058822631836,6.340314865112305,-0.16483688354492188,65,424,0.703125,0.0,-30.73465919494629,-46.57456970214844
13.520053833010024,0.5001226670137839,6,87485.35630425,0.5,0.4945058822631836,6.340314865112305,-0.16483688354492188,65,424,0.703125,0.0,-30.73465919494629,-46.57456970214844
13.520215500000631,0.500284334004391,6,87485.356409125,0.5,0.4871797561645508,6.340314865112305,-0.0549468994140625,65,424,0.703125,0.0,-30.73465919494629,-46.57456970214844
13.52027537500544,0.5003442090091994,6,87485.356483875,0.5,0.4871797561645508,6.340314865112305,-0.0549468994140625,65,424,0.703125,0.0,-30.600439071655273,-46.35981369018555
13.55067974999838,0.53074858400214,6,87485.385287375,0.5,0.4871797561645508,6.340314865112305,-0.0549468994140625,65,424,0.703125,0.0,-30.600439071655273,-46.35981369018555
13.550798500000383,0.5308673340041423,6,87485.385664,0.5,0.4871797561645508,6.340314865112305,-0.0549468994140625,65,424,0.703125,0.0,-30.600439071655273,-46.35981369018555
13.550839707997511,0.5309085420012707,6,87485.385830334,0.5,0.4871797561645508,6.340314865112305,-0.0549468994140625,65,423,0.615234375,-2.9750571217902886,-30.600439071655273,-46.35981369018555
13.606256333005149,0.5863251670089085,6,87485.445026542,0.5,0.4871797561645508,6.340314865112305,-0.0549468994140625,65,423,0.615234375,-2.9750571217902886,-30.305147171020508,-46.2792854309082
13.606460000009974,0.586528834013734,6,87485.445382417,0.5,0.4871797561645508,6.340314865112305,-0.0549468994140625,65,424,0.703125,1.4759110408954472,-30.305147171020508,-46.2792854309082
13.61284491600236,0.5929137500061188,6,87485.445848417,0.5,0.4871797561645508,6.340696334838867,-0.0549468994140625,65,424,0.703125,1.4759110408954472,-30.305147171020508,-46.2792854309082
13.637267790996702,0.6173366250004619,6,87485.474968,0.5,0.4871797561645508,6.340696334838867,-0.0549468994140625,65,424,0.703125,0.0,-30.305147171020508,-46.2792854309082
13.637411875010002,0.617480709013762,6,87485.47544175,0.5,0.4945058822631836,6.34107780456543,0.14285659790039062,65,424,0.703125,0.0,-30.305147171020508,-46.2792854309082
13.637467874999857,0.6175367090036161,6,87485.475545834,0.5,0.4945058822631836,6.34107780456543,0.14285659790039062,65,424,0.703125,0.0,-30.600439071655273,-46.198753356933594
13.697246291005285,0.677315125009045,6,87485.535540084,0.5,0.4945058822631836,6.34107780456543,0.14285659790039062,65,424,0.703125,0.0,-30.600439071655273,-46.198753356933594
13.697733875000267,0.6778027090040268,6,87485.536100917,0.5,0.4945058822631836,6.34107780456543,0.14285659790039062,65,424,0.703125,0.0,-30.600439071655273,-46.198753356933594
13.697881540996605,0.6779503750003641,6,87485.536664,0.5,0.4945058822631836,6.34107780456543,0.14285659790039062,65,424,0.703125,0.0,-30.600439071655273,-46.198753356933594
13.729281166000874,0.7093500000046333,6,87485.566108375,0.5,0.4945058822631836,6.34107780456543,0.14285659790039062,65,424,0.703125,0.0,-30.546751022338867,-46.198753356933594
13.729404583005817,0.7094734170095762,6,87485.56657375,0.5,0.4945058822631836,6.34107780456543,0.14285659790039062,65,423,0.615234375,-2.9378728058329533,-30.546751022338867,-46.198753356933594
13.729461750001065,0.709530584004824,6,87485.566654334,0.5,0.4871797561645508,6.34107780456543,-0.1868133544921875,65,423,0.615234375,-2.9378728058329533,-30.546751022338867,-46.198753356933594
13.759135458007222,0.7392042920109816,6,87485.594721584,0.5,0.4871797561645508,6.34107780456543,-0.1868133544921875,65,424,0.703125,3.1240419599594387,-30.546751022338867,-46.198753356933594
13.759301041005529,0.7393698750092881,6,87485.595364625,0.5,0.4871797561645508,6.341459274291992,-0.1868133544921875,65,424,0.703125,3.1240419599594387,-30.546751022338867,-46.198753356933594
13.75936145799642,0.7394302920001792,6,87485.595433459,0.5,0.4871797561645508,6.341459274291992,-0.1868133544921875,65,424,0.703125,3.1240419599594387,-30.922565460205078,-45.82293701171875
13.789326958009042,0.7693957920128014,6,87485.624974334,0.5,0.4871797561645508,6.341459274291992,-0.1868133544921875,65,424,0.703125,3.1240419599594387,-30.922565460205078,-45.82293701171875
13.78951883300033,0.7695876670040889,6,87485.625680292,0.5,0.4871797561645508,6.341459274291992,-0.1868133544921875,65,424,0.703125,3.1240419599594387,-30.922565460205078,-45.82293701171875
13.789608708000742,0.7696775420045014,6,87485.625758334,0.5,0.4871797561645508,6.341459274291992,-0.1868133544921875,65,424,0.703125,0.0,-30.922565460205078,-45.82293701171875
13.821200625010533,0.8012694590142928,6,87485.655159959,0.5,0.4871797561645508,6.341459274291992,-0.1868133544921875,65,424,0.703125,0.0,-30.627273559570312,-45.90346908569336
13.821371750003891,0.8014405840076506,6,87485.655471375,0.5,0.4871797561645508,6.341459274291992,-0.1868133544921875,65,424,0.703125,0.0,-30.627273559570312,-45.90346908569336
13.821535124996444,0.8016039590002038,6,87485.655891792,0.5,0.4871797561645508,6.341459274291992,-0.07692337036132812,65,424,0.703125,0.0,-30.627273559570312,-45.90346908569336
13.845668166002724,0.8257370000064839,6,87485.684782292,0.5,0.4871797561645508,6.341459274291992,-0.07692337036132812,65,424,0.703125,0.0,-30.627273559570312,-45.90346908569336
13.852172708007856,0.8322415420116158,6,87485.685584709,0.5,0.4871797561645508,6.341459274291992,-0.07692337036132812,65,424,0.703125,0.0,-30.627273559570312,-45.90346908569336
13.852322291000746,0.8323911250045057,6,87485.685694209,0.5,0.4871797561645508,6.341459274291992,-0.07692337036132812,65,424,0.703125,0.0,-30.466209411621094,-46.01084518432617
13.908785125007853,0.8888539590116125,6,87485.745011709,0.5,0.4871797561645508,6.341459274291992,-0.07692337036132812,65,424,0.703125,0.0,-30.466209411621094,-46.01084518432617
13.908929166005692,0.8889980000094511,6,87485.745304667,0.5,0.4871797561645508,6.341459274291992,-0.07692337036132812,65,424,0.703125,0.0,-30.466209411621094,-46.01084518432617
13.908975083002588,0.8890439170063473,6,87485.745436959,0.5,0.4871797561645508,6.341459274291992,-0.07692337036132812,65,424,0.703125,0.0,-30.466209411621094,-46.01084518432617
13.93943283300905,0.9195016670128098,6,87485.774983,0.5,0.4871797561645508,6.341459274291992,-0.07692337036132812,65,424,0.703125,0.0,-30.600439071655273,-45.82293701171875
13.939599083008943,0.9196679170127027,6,87485.77536425,0.5,0.4871797561645508,6.341459274291992,-0.07692337036132812,65,424,0.703125,0.0,-30.600439071655273,-45.82293701171875
13.9397404580086,0.91980929201236,6,87485.775412334,0.5,0.4871797561645508,6.342222213745117,0.3186798095703125,65,424,0.703125,0.0,-30.600439071655273,-45.82293701171875
13.970562916001654,0.9506317500054138,6,87485.804755,0.5,0.4871797561645508,6.342222213745117,0.3186798095703125,65,424,0.703125,0.0,-30.600439071655273,-45.82293701171875
13.970711083005881,0.9507799170096405,6,87485.805257959,0.5,0.4945058822631836,6.342222213745117,-0.40659332275390625,65,424,0.703125,0.0,-30.600439071655273,-45.82293701171875
13.970764249999775,0.9508330840035342,6,87485.805508875,0.5,0.4945058822631836,6.342222213745117,-0.40659332275390625,65,424,0.703125,0.0,-30.600439071655273,-45.876625061035156
14.001275000002352,0.9813438340061111,6,87485.834882167,0.5,0.4945058822631836,6.342222213745117,-0.40659332275390625,65,424,0.703125,0.0,-30.600439071655273,-45.876625061035156
14.001500666010543,0.9815695000143023,6,87485.835283334,0.5,0.4945058822631836,6.342222213745117,-0.40659332275390625,65,424,0.703125,0.0,-30.600439071655273,-45.876625061035156
14.00159841599816,0.9816672500019195,6,87485.835498042,0.5,0.4945058822631836,6.342222213745117,-0.40659332275390625,65,424,0.703125,0.0,-30.600439071655273,-45.876625061035156
14.030338458003826,1.010407292007585,6,87485.865844042,0.5,0.4945058822631836,6.342222213745117,-0.40659332275390625,65,424,0.703125,0.0,-30.41253089904785,-46.01084518432617
14.03050437499769,1.0105732090014499,6,87485.866361834,0.5,0.4945058822631836,6.342222213745117,-0.40659332275390625,65,423,0.615234375,-2.8484781486490554,-30.41253089904785,-46.01084518432617
14.030556666009943,1.0106255000137025,6,87485.866729125,0.5,0.4945058822631836,6.342985153198242,0.010990142822265625,65,423,0.615234375,-2.8484781486490554,-30.41253089904785,-46.01084518432617
14.055412665999029,1.0354815000027884,6,87485.894447625,0.5,0.4945058822631836,6.342985153198242,0.010990142822265625,65,424,0.703125,3.1284900037849264,-30.41253089904785,-46.01084518432617
14.055674333008938,1.035743167012697,6,87485.8947805,0.5,0.4871797561645508,6.343366622924805,0.34066009521484375,65,424,0.703125,3.1284900037849264,-30.41253089904785,-46.01084518432617
14.062210290998337,1.0422791250020964,6,87485.895015417,0.5,0.4871797561645508,6.343366622924805,0.34066009521484375,65,424,0.703125,3.1284900037849264,-30.654125213623047,-46.65510177612305
14.087427625010605,1.0674964590143645,6,87485.924375292,0.5,0.4871797561645508,6.343366622924805,0.34066009521484375,65,424,0.703125,3.1284900037849264,-30.654125213623047,-46.65510177612305
14.087511916004587,1.0675807500083465,6,87485.924525667,0.5,0.4871797561645508,6.343366622924805,0.34066009521484375,65,424,0.703125,3.1284900037849264,-30.654125213623047,-46.65510177612305
14.087544708003406,1.067613542007166,6,87485.924625417,0.5,0.4871797561645508,6.343366622924805,0.34066009521484375,65,424,0.703125,0.0,-30.654125213623047,-46.65510177612305
14.118503083009273,1.0985719170130324,6,87485.954711959,0.5,0.4871797561645508,6.343366622924805,0.34066009521484375,65,424,0.703125,0.0,1000.0,-47.18862533569336
14.11856324999826,1.0986320840020198,6,87485.954870375,0.5,0.4871797561645508,6.343366622924805,0.34066009521484375,65,424,0.703125,0.0,1000.0,-47.18862533569336
14.118596250002156,1.0986650840059156,6,87485.954975125,0.5,0.4945058822631836,6.346799850463867,0.010990142822265625,65,424,0.703125,0.0,1000.0,-47.18862533569336
14.149611415996333,1.1296802500000922,6,87485.984266084,0.5,0.4945058822631836,6.346799850463867,0.010990142822265625,65,424,0.703125,0.0,1000.0,-47.18862533569336
14.149911375003285,1.1299802090070443,6,87485.984412125,0.5,0.4871797561645508,6.346799850463867,0.07692337036132812,65,424,0.703125,0.0,1000.0,-47.18862533569336
14.149978291010484,1.1300471250142436,6,87485.984511,0.5,0.4871797561645508,6.346799850463867,0.07692337036132812,65,424,0.703125,0.0,-30.68096923828125,-46.923545837402344
14.17516795800475,1.155236792008509,6,87486.014312584,0.5,0.4871797561645508,6.346799850463867,0.07692337036132812,65,424,0.703125,0.0,-30.68096923828125,-46.923545837402344
14.181566291008494,1.1616351250122534,6,87486.014556042,0.5,0.4871797561645508,6.346799850463867,0.07692337036132812,65,424,0.703125,0.0,-30.68096923828125,-46.923545837402344
14.18169912500889,1.16176795901265,6,87486.014725959,0.5,0.4871797561645508,6.346799850463867,0.07692337036132812,65,423,0.615234375,-2.885384820638553,-30.68096923828125,-46.923545837402344
14.205920250009513,1.185989084013272,6,87486.044993542,0.5,0.4871797561645508,6.346799850463867,0.07692337036132812,65,423,0.615234375,-2.885384820638553,-30.788347244262695,-47.16514205932617
14.212452416002634,1.1925212500063935,6,87486.0454125,0.5,0.4871797561645508,6.346799850463867,0.07692337036132812,65,424,0.703125,2.864227955974094,-30.788347244262695,-47.16514205932617
14.212497625005199,1.1925664590089582,6,87486.045447792,0.5,0.4945058822631836,6.346799850463867,0.120880126953125,65,424,0.703125,2.864227955974094,-30.788347244262695,-47.16514205932617
14.23669241600146,1.21676125000522,6,87486.074635834,0.5,0.4945058822631836,6.346799850463867,0.120880126953125,65,423,0.615234375,-3.0078241549112943,-30.788347244262695,-47.16514205932617
14.236853000009432,1.216921834013192,6,87486.074803,0.5,0.4871797561645508,6.346799850463867,0.07692337036132812,65,423,0.615234375,-3.0078241549112943,-30.788347244262695,-47.16514205932617
14.236897000009776,1.2169658340135356,6,87486.074895792,0.5,0.4871797561645508,6.346799850463867,0.07692337036132812,65,423,0.615234375,-3.0078241549112943,-30.68096923828125,-46.843013763427734
14.268320375005715,1.2483892090094741,6,87486.104271667,0.5,0.4871797561645508,6.346799850463867,0.07692337036132812,65,423,0.615234375,-3.0078241549112943,-30.68096923828125,-46.843013763427734
14.268390208002529,1.2484590420062887,6,87486.104392875,0.5,0.4871797561645508,6.346799850463867,0.07692337036132812,65,423,0.615234375,-3.0078241549112943,-30.68096923828125,-46.843013763427734
14.268423083005473,1.2484919170092326,6,87486.104508834,0.5,0.4871797561645508,6.346799850463867,0.07692337036132812,65,424,0.703125,2.9419127160602816,-30.68096923828125,-46.843013763427734
14.298479416000191,1.2785482500039507,6,87486.135205792,0.5,0.4871797561645508,6.346799850463867,0.07692337036132812,65,424,0.703125,2.9419127160602816,-30.84203338623047,-46.97723388671875
14.298609125005896,1.2786779590096558,6,87486.13556575,0.5,0.4871797561645508,6.346799850463867,0.07692337036132812,65,424,0.703125,0.0,-30.84203338623047,-46.97723388671875
14.298655999999028,1.2787248340027872,6,87486.135625375,0.5,0.4945058822631836,6.34718132019043,0.16483688354492188,65,424,0.703125,0.0,-30.84203338623047,-46.97723388671875
14.329289500004961,1.3093583340087207,6,87486.165093,0.5,0.4945058822631836,6.34718132019043,0.16483688354492188,65,424,0.703125,0.0,-30.84203338623047,-46.97723388671875
14.329452083009528,1.3095209170132875,6,87486.166216834,0.5,0.4871797561645508,6.34718132019043,0.09889984130859375,65,424,0.703125,0.0,-30.84203338623047,-46.97723388671875
14.361193958000513,1.3412627920042723,6,87486.194354375,0.5,0.4871797561645508,6.34718132019043,0.09889984130859375,65,424,0.703125,0.0,-30.84203338623047,-46.7893180847168
14.361361041010241,1.3414298750140006,6,87486.194504042,0.5,0.4871797561645508,6.34718132019043,0.09889984130859375,65,424,0.703125,0.0,-30.84203338623047,-46.7893180847168
14.361421708003036,1.3414905420067953,6,87486.194607,0.5,0.4871797561645508,6.34718132019043,0.09889984130859375,65,424,0.703125,0.0,-30.84203338623047,-46.7893180847168
14.386475582999992,1.3665444170037517,6,87486.225154042,0.5,0.4871797561645508,6.34718132019043,0.09889984130859375,65,424,0.703125,0.0,-30.84203338623047,-46.7893180847168
14.392917832999956,1.3729866670037154,6,87486.225923209,0.5,0.4871797561645508,6.34718132019043,0.09889984130859375,65,424,0.703125,0.0,-30.84203338623047,-46.8161735534668
14.39298258299823,1.3730514170019887,6,87486.226349542,0.5,0.4871797561645508,6.34718132019043,0.09889984130859375,65,424,0.703125,0.0,-30.84203338623047,-46.8161735534668
14.417099915997824,1.3971687500015832,6,87486.254883875,0.5,0.4871797561645508,6.34718132019043,0.09889984130859375,65,424,0.703125,0.0,-30.546751022338867,-46.843013763427734
14.417159958000411,1.3972287920041708,6,87486.255051917,0.5,0.4871797561645508,6.34718132019043,0.09889984130859375,65,424,0.703125,0.0,-30.546751022338867,-46.843013763427734
14.448208333007642,1.4282771670114016,6,87486.286469584,0.5,0.4945058822631836,6.347562789916992,0.07692337036132812,65,424,0.703125,0.0,-30.546751022338867,-46.843013763427734
14.448335416003829,1.4284042500075884,6,87486.286917584,0.5,0.4945058822631836,6.347562789916992,0.07692337036132812,65,424,0.703125,0.0,-30.546751022338867,-46.843013763427734
14.448390500008827,1.4284593340125866,6,87486.286980875,0.5,0.4871797561645508,6.347944259643555,0.1868133544921875,65,424,0.703125,0.0,-30.546751022338867,-46.843013763427734
14.478756875003455,1.4588257090072148,6,87486.316460209,0.5,0.4871797561645508,6.347944259643555,0.1868133544921875,65,424,0.703125,0.0,-30.546751022338867,-46.843013763427734
14.478892833009013,1.4589616670127725,6,87486.316810792,0.5,0.4945058822631836,6.348325729370117,0.3846168518066406,65,424,0.703125,0.0,-30.546751022338867,-46.843013763427734
14.478930083001615,1.458998917005374,6,87486.316867334,0.5,0.4945058822631836,6.348325729370117,0.3846168518066406,65,424,0.703125,0.0,-30.197771072387695,-47.00408172607422
14.510425333006424,1.4904941670101834,6,87486.346487292,0.5,0.4945058822631836,6.348325729370117,0.3846168518066406,65,424,0.703125,0.0,-30.197771072387695,-47.00408172607422
14.510548500009463,1.4906173340132227,6,87486.346943167,0.5,0.4945058822631836,6.348325729370117,0.3846168518066406,65,424,0.703125,0.0,-30.197771072387695,-47.00408172607422
14.510602249996737,1.4906710840004962,6,87486.347001167,0.5,0.4945058822631836,6.348325729370117,0.3846168518066406,65,424,0.703125,0.0,-30.197771072387695,-47.00408172607422
14.540654208001797,1.5207230420055566,6,87486.374695625,0.5,0.4945058822631836,6.348325729370117,0.3846168518066406,65,424,0.703125,0.0,-30.868877410888672,-46.73563766479492
14.540750041007414,1.520818875011173,6,87486.374867875,0.5,0.4945058822631836,6.348325729370117,0.3846168518066406,65,424,0.703125,0.0,-30.868877410888672,-46.73563766479492
14.540786375000607,1.5208552090043668,6,87486.374994875,0.5,0.4945058822631836,6.349088668823242,0.120880126953125,65,424,0.703125,0.0,-30.868877410888672,-46.73563766479492
14.571217541000806,1.5512863750045653,6,87486.404679834,0.5,0.4945058822631836,6.349088668823242,0.120880126953125,65,424,0.703125,0.0,-30.868877410888672,-46.73563766479492
14.571293750006589,1.5513625840103487,6,87486.404978209,0.5,0.4945058822631836,6.349088668823242,-0.07692337036132812,65,424,0.703125,0.0,-30.868877410888672,-46.73563766479492
14.571327041005134,1.5513958750088932,6,87486.405192584,0.5,0.4945058822631836,6.349088668823242,-0.07692337036132812,65,424,0.703125,0.0,-30.519906997680664,-46.97723388671875
14.596641625001212,1.5767104590049712,6,87486.435423084,0.5,0.4945058822631836,6.349088668823242,-0.07692337036132812,65,424,0.703125,0.0,-30.519906997680664,-46.97723388671875
14.596707832999527,1.576776667003287,6,87486.435558209,0.5,0.4945058822631836,6.349088668823242,-0.07692337036132812,65,424,0.703125,0.0,-30.519906997680664,-46.97723388671875
14.596742249996169,1.576811083999928,6,87486.435658459,0.5,0.4945058822631836,6.349088668823242,-0.07692337036132812,65,424,0.703125,0.0,-30.519906997680664,-46.97723388671875
14.628185916008078,1.608254750011838,6,87486.465281084,0.5,0.4945058822631836,6.349088668823242,-0.07692337036132812,65,424,0.703125,0.0,-30.922565460205078,-47.540958404541016
14.628312458007713,1.6083812920114724,6,87486.465656625,0.5,0.4945058822631836,6.349088668823242,-0.07692337036132812,65,424,0.703125,0.0,-30.922565460205078,-47.540958404541016
14.628398000000743,1.6084668340045027,6,87486.465874459,0.5,0.4871797561645508,6.35328483581543,0.1868133544921875,65,424,0.703125,0.0,-30.922565460205078,-47.540958404541016
14.658813957998063,1.638882792001823,6,87486.496561084,0.5,0.4871797561645508,6.35328483581543,0.1868133544921875,65,424,0.703125,0.0,-30.922565460205078,-47.540958404541016
14.658892624996952,1.6389614590007113,6,87486.496764459,0.5,0.4945058822631836,6.35786247253418,0.03296661376953125,65,424,0.703125,0.0,-30.922565460205078,-47.540958404541016
14.658984499998041,1.639053334001801,6,87486.496912959,0.5,0.4945058822631836,6.35786247253418,0.03296661376953125,65,424,0.703125,0.0,-30.493053436279297,-49.500579833984375
14.690672249998897,1.6707410840026569,6,87486.525698875,0.5,0.4945058822631836,6.35786247253418,0.03296661376953125,65,424,0.703125,0.0,-30.493053436279297,-49.500579833984375
14.690900957997655,1.670969792001415,6,87486.525980917,0.5,0.4945058822631836,6.35786247253418,0.03296661376953125,65,424,0.703125,0.0,-30.493053436279297,-49.500579833984375
14.690955458005192,1.6710242920089513,6,87486.526024959,0.5,0.4945058822631836,6.35786247253418,0.03296661376953125,65,424,0.703125,0.0,-30.493053436279297,-49.500579833984375
14.721962291005184,1.7020311250089435,6,87486.555133042,0.5,0.4945058822631836,6.35786247253418,0.03296661376953125,65,424,0.703125,0.0,-32.34530258178711,-49.151611328125
14.722155124996789,1.7022239590005483,6,87486.555302209,0.5,0.4945058822631836,6.35786247253418,0.03296661376953125,65,424,0.703125,0.0,-32.34530258178711,-49.151611328125
14.72224533300323,1.702314167006989,6,87486.555375459,0.5,0.4945058822631836,6.361295700073242,-0.23077011108398438,65,424,0.703125,0.0,-32.34530258178711,-49.151611328125
14.746329665998928,1.7263985000026878,6,87486.58526,0.5,0.4945058822631836,6.361295700073242,-0.23077011108398438,65,424,0.703125,0.0,-32.34530258178711,-49.151611328125
14.746970000007423,1.7270388340111822,6,87486.586002917,0.5,0.4945058822631836,6.362058639526367,-0.3626365661621094,65,424,0.703125,0.0,-32.34530258178711,-49.151611328125
14.747051333004492,1.7271201670082519,6,87486.586081334,0.5,0.4945058822631836,6.362058639526367,-0.3626365661621094,65,424,0.703125,0.0,-31.969486236572266,-49.95693588256836
14.775953625008697,1.7560224590124562,6,87486.614887334,0.5,0.4945058822631836,6.362058639526367,-0.3626365661621094,65,424,0.703125,0.0,-31.969486236572266,-49.95693588256836
14.776210708005237,1.756279542008997,6,87486.615054542,0.5,0.4945058822631836,6.362058639526367,-0.3626365661621094,65,424,0.703125,0.0,-31.969486236572266,-49.95693588256836
14.776278040997568,1.7563468750013271,6,87486.615317667,0.5,0.4945058822631836,6.362058639526367,-0.3626365661621094,65,424,0.703125,0.0,-31.969486236572266,-49.95693588256836
14.812174207996577,1.7922430420003366,6,87486.646416334,0.5,0.4945058822631836,6.362058639526367,-0.3626365661621094,65,424,0.703125,0.0,-32.02317428588867,-49.930084228515625
14.812279541001772,1.7923483750055311,6,87486.646818209,0.5,0.4945058822631836,6.362058639526367,-0.3626365661621094,65,424,0.703125,0.0,-32.02317428588867,-49.930084228515625
14.812322833007784,1.7923916670115432,6,87486.64688025,0.5,0.4945058822631836,6.366254806518555,-0.0549468994140625,65,424,0.703125,0.0,-32.02317428588867,-49.930084228515625
14.843637750003836,1.8237065840075957,6,87486.6768395,0.5,0.4945058822631836,6.366254806518555,-0.0549468994140625,65,425,0.791015625,2.928784458465989,-32.02317428588867,-49.930084228515625
14.843793375010137,1.823862209013896,6,87486.677240667,0.5,0.4871797561645508,6.36701774597168,-0.16483688354492188,65,425,0.791015625,2.928784458465989,-32.02317428588867,-49.930084228515625
14.8439389999985,1.8240078340022592,6,87486.677348084,0.5,0.4871797561645508,6.36701774597168,-0.16483688354492188,65,425,0.791015625,2.928784458465989,-31.620515823364258,-50.41328048706055
14.898774665998644,1.8788435000024037,6,87486.736013292,0.5,0.4871797561645508,6.36701774597168,-0.16483688354492188,65,425,0.791015625,2.928784458465989,-31.620515823364258,-50.41328048706055
14.899025874998188,1.8790947090019472,6,87486.736432417,0.5,0.4871797561645508,6.36701774597168,-0.16483688354492188,65,425,0.791015625,2.928784458465989,-31.620515823364258,-50.41328048706055
14.899097625006107,1.8791664590098662,6,87486.736548375,0.5,0.4871797561645508,6.36701774597168,-0.16483688354492188,65,425,0.791015625,0.0,-31.620515823364258,-50.41328048706055
14.929467541005579,1.9095363750093384,6,87486.766606125,0.5,0.4871797561645508,6.36701774597168,-0.16483688354492188,65,425,0.791015625,0.0,-32.694278717041016,-49.84954833984375
14.929593624998233,1.9096624590019928,6,87486.766913917,0.5,0.4871797561645508,6.36701774597168,-0.16483688354492188,65,424,0.703125,-2.8943722035642483,-32.694278717041016,-49.84954833984375
14.929647249999107,1.9097160840028664,6,87486.767352042,0.5,0.4945058822631836,6.367399215698242,0.010990142822265625,65,424,0.703125,-2.8943722035642483,-32.694278717041016,-49.84954833984375
14.960352291003801,1.9404211250075605,6,87486.796413,0.5,0.4945058822631836,6.367399215698242,0.010990142822265625,65,425,0.791015625,2.9812211870934173,-32.694278717041016,-49.84954833984375
14.9604947080079,1.9405635420116596,6,87486.796873417,0.5,0.4945058822631836,6.367780685424805,0.4285697937011719,65,425,0.791015625,2.9812211870934173,-32.694278717041016,-49.84954833984375
14.960554332996253,1.9406231670000125,6,87486.7969845,0.5,0.4945058822631836,6.367780685424805,0.4285697937011719,65,425,0.791015625,2.9812211870934173,-32.34530258178711,-49.79586410522461
14.989940166007727,1.970009000011487,6,87486.826658584,0.5,0.4945058822631836,6.367780685424805,0.4285697937011719,65,424,0.703125,-2.9049350331898354,-32.34530258178711,-49.79586410522461
14.99006370799907,1.9701325420028297,6,87486.827092292,0.5,0.4945058822631836,6.367780685424805,0.4285697937011719,65,424,0.703125,-2.9049350331898354,-32.34530258178711,-49.79586410522461
14.990197791004903,1.9702666250086622,6,87486.827307417,0.5,0.4945058822631836,6.367780685424805,0.4285697937011719,65,424,0.703125,-2.9049350331898354,-32.318458557128906,-49.95693588256836
15.020111625010031,2.000180459013791,6,87486.856752834,0.5,0.4945058822631836,6.367780685424805,0.4285697937011719,65,424,0.703125,-2.9049350331898354,-32.318458557128906,-49.95693588256836
15.020224040999892,2.0002928750036517,6,87486.857230834,0.5,0.4945058822631836,6.367780685424805,0.4285697937011719,65,424,0.703125,-2.9049350331898354,-32.318458557128906,-49.95693588256836
15.020268125008442,2.000336959012202,6,87486.857290209,0.5,0.4945058822631836,6.367780685424805,0.4285697937011719,65,424,0.703125,0.0,-32.318458557128906,-49.95693588256836
15.045388915998046,2.025457750001806,6,87486.884459,0.5,0.4945058822631836,6.367780685424805,0.4285697937011719,65,424,0.703125,0.0,-32.291622161865234,-49.769020080566406
15.075939500005916,2.0560083340096753,6,87486.914843625,0.5,0.4945058822631836,6.367780685424805,0.4285697937011719,65,425,0.791015625,1.5272632271199011,-32.291622161865234,-49.769020080566406
15.076284916009172,2.0563537500129314,6,87486.915294334,0.5,0.4945058822631836,6.367780685424805,0.14285659790039062,65,425,0.791015625,1.5272632271199011,-32.291622161865234,-49.769020080566406
15.076408916007495,2.056477750011254,6,87486.915367875,0.5,0.4945058822631836,6.367780685424805,0.14285659790039062,65,425,0.791015625,0.0,-32.291622161865234,-49.769020080566406
15.081769583004643,2.0618384170084028,6,87486.915722584,0.5,0.4945058822631836,6.367780685424805,0.0549468994140625,65,425,0.791015625,0.0,-32.291622161865234,-49.769020080566406
15.106929790999857,2.0869986250036163,6,87486.944395334,0.5,0.4945058822631836,6.367780685424805,0.0549468994140625,65,424,0.703125,-3.028092116018179,-32.291622161865234,-49.769020080566406
15.106999041003291,2.087067875007051,6,87486.944583292,0.5,0.4871797561645508,6.36854362487793,-0.010990142822265625,65,424,0.703125,-3.028092116018179,-32.291622161865234,-49.769020080566406
15.107034915999975,2.0871037500037346,6,87486.944714417,0.5,0.4871797561645508,6.36854362487793,-0.010990142822265625,65,424,0.703125,-3.028092116018179,-32.37214660644531,-49.581111907958984
15.138437500005239,2.1185063340089982,6,87486.976325625,0.5,0.4871797561645508,6.36854362487793,-0.010990142822265625,65,424,0.703125,-3.028092116018179,-32.37214660644531,-49.581111907958984
15.13855895800225,2.1186277920060093,6,87486.976656375,0.5,0.4871797561645508,6.36854362487793,-0.010990142822265625,65,424,0.703125,-3.028092116018179,-32.37214660644531,-49.581111907958984
15.138603291008621,2.118672125012381,6,87486.976970042,0.5,0.4871797561645508,6.36854362487793,-0.010990142822265625,65,424,0.703125,0.0,-32.37214660644531,-49.581111907958984
15.200576540999464,2.1806453750032233,6,87487.035180584,0.5,0.4871797561645508,6.36854362487793,0.14285659790039062,65,424,0.703125,0.0,-32.37214660644531,-49.581111907958984
15.200697416003095,2.1807662500068545,6,87487.035550959,0.5,0.4871797561645508,6.36854362487793,0.14285659790039062,65,424,0.703125,0.0,-32.26477813720703,-49.7421760559082
15.200756791004096,2.1808256250078557,6,87487.035628542,0.5,0.4871797561645508,6.36854362487793,0.14285659790039062,65,424,0.703125,0.0,-32.26477813720703,-49.7421760559082
15.231053833005717,2.2111226670094766,6,87487.065304292,0.5,0.4871797561645508,6.36854362487793,0.14285659790039062,65,424,0.703125,0.0,-32.18423843383789,-49.7421760559082
15.231208416007576,2.211277250011335,6,87487.06582675,0.5,0.4871797561645508,6.36854362487793,0.14285659790039062,65,425,0.791015625,2.9105786785057206,-32.18423843383789,-49.7421760559082
15.231259666004917,2.211328500008676,6,87487.065894834,0.5,0.4871797561645508,6.36854362487793,-0.3186798095703125,65,425,0.791015625,2.9105786785057206,-32.18423843383789,-49.7421760559082
15.261098290997325,2.241167125001084,6,87487.0968105,0.5,0.4871797561645508,6.36854362487793,-0.3186798095703125,65,424,0.703125,-2.836790551804936,-32.18423843383789,-49.7421760559082
15.261233791010454,2.241302625014214,6,87487.09729725,0.5,0.4945058822631836,6.36854362487793,-0.120880126953125,65,424,0.703125,-2.836790551804936,-32.18423843383789,-49.7421760559082
15.26129233300162,2.2413611670053797,6,87487.097357917,0.5,0.4945058822631836,6.36854362487793,-0.120880126953125,65,424,0.703125,-2.836790551804936,-32.560062408447266,-49.36635971069336
15.28607145800197,2.26614029200573,6,87487.124918542,0.5,0.4945058822631836,6.36854362487793,-0.120880126953125,65,424,0.703125,-2.836790551804936,-32.560062408447266,-49.36635971069336
15.286508874996798,2.2665777090005577,6,87487.12549825,0.5,0.4945058822631836,6.36854362487793,-0.120880126953125,65,424,0.703125,-2.836790551804936,-32.560062408447266,-49.36635971069336
15.286951707996195,2.2670205419999547,6,87487.125598,0.5,0.4945058822631836,6.36854362487793,-0.120880126953125,65,424,0.703125,0.0,-32.560062408447266,-49.36635971069336
15.378341125004226,2.358409959007986,6,87487.216386125,0.5,0.4945058822631836,6.36854362487793,-0.120880126953125,65,424,0.703125,0.0,-32.15739440917969,-49.55426788330078
15.37855891599611,2.3586277499998687,6,87487.216757334,0.5,0.4945058822631836,6.36854362487793,-0.120880126953125,65,425,0.791015625,0.9641345380191457,-32.15739440917969,-49.55426788330078
15.378625124998507,2.3586939590022666,6,87487.2168215,0.5,0.4871797561645508,6.36854362487793,-0.120880126953125,65,425,0.791015625,0.9641345380191457,-32.15739440917969,-49.55426788330078
15.378667124998174,2.3587359590019332,6,87487.21713375,0.5,0.4871797561645508,6.36854362487793,-0.120880126953125,65,424,0.703125,-230.28090826898946,-32.15739440917969,-49.55426788330078
15.408838750008726,2.388907584012486,6,87487.246495042,0.5,0.4871797561645508,6.36854362487793,-0.120880126953125,65,424,0.703125,-230.28090826898946,-32.291622161865234,-49.581111907958984
15.408957375009777,2.3890262090135366,6,87487.24668025,0.5,0.4871797561645508,6.36854362487793,-0.120880126953125,65,425,0.791015625,2.9752039559273835,-32.291622161865234,-49.581111907958984
15.409005916008027,2.389074750011787,6,87487.246827334,0.5,0.4945058822631836,6.36854362487793,-0.07692337036132812,65,425,0.791015625,2.9752039559273835,-32.291622161865234,-49.581111907958984
15.440241083008004,2.420309917011764,6,87487.276414667,0.5,0.4945058822631836,6.36854362487793,-0.07692337036132812,65,424,0.703125,-2.9567789873456176,-32.291622161865234,-49.581111907958984
15.471189458010485,2.451258292014245,6,87487.305965084,0.5,0.4871797561645508,6.36854362487793,0.03296661376953125,65,424,0.703125,-2.9567789873456176,-32.291622161865234,-49.581111907958984
15.471315250004409,2.4513840840081684,6,87487.306428,0.5,0.4871797561645508,6.36854362487793,0.03296661376953125,65,424,0.703125,-2.9567789873456176,-32.42584228515625,-49.36635971069336
15.471366875004605,2.451435709008365,6,87487.30661575,0.5,0.4871797561645508,6.36854362487793,0.03296661376953125,65,424,0.703125,-2.9567789873456176,-32.42584228515625,-49.36635971069336
15.502636582998093,2.4827054170018528,6,87487.336302292,0.5,0.4871797561645508,6.36854362487793,0.03296661376953125,65,425,0.791015625,1.4674821604945532,-32.42584228515625,-49.36635971069336
15.5027573749976,2.4828262090013595,6,87487.336648875,0.5,0.4871797561645508,6.368925094604492,-0.0549468994140625,65,425,0.791015625,1.4674821604945532,-32.42584228515625,-49.36635971069336
15.502810040998156,2.4828788750019157,6,87487.336889042,0.5,0.4871797561645508,6.368925094604492,-0.0549468994140625,65,425,0.791015625,1.4674821604945532,-32.2379264831543,-49.527427673339844
15.528034666000167,2.5081035000039265,6,87487.366856334,0.5,0.4871797561645508,6.368925094604492,-0.0549468994140625,65,425,0.791015625,1.4674821604945532,-32.2379264831543,-49.527427673339844
15.528284333006013,2.5083531670097727,6,87487.366990917,0.5,0.4871797561645508,6.368925094604492,-0.0549468994140625,65,425,0.791015625,1.4674821604945532,-32.2379264831543,-49.527427673339844
15.558855000010226,2.5389238340139855,6,87487.396382959,0.5,0.4871797561645508,6.368925094604492,-0.0549468994140625,65,424,0.703125,-1.4629429482725071,-32.2379264831543,-49.527427673339844
15.558994166000048,2.5390630000038072,6,87487.396671875,0.5,0.4871797561645508,6.368925094604492,-0.0549468994140625,65,424,0.703125,-1.4629429482725071,-32.130558013916016,-49.7421760559082
15.559046666006907,2.5391155000106664,6,87487.396727875,0.5,0.4871797561645508,6.368925094604492,-0.0549468994140625,65,425,0.791015625,245.5333492203608,-32.130558013916016,-49.7421760559082
15.59020820799924,2.5702770420029992,6,87487.42610575,0.5,0.4871797561645508,6.368925094604492,-0.0549468994140625,65,424,0.703125,-2.993583850018838,-32.130558013916016,-49.7421760559082
15.590342541006976,2.5704113750107354,6,87487.42663825,0.5,0.4945058822631836,6.368925094604492,0.1868133544921875,65,424,0.703125,-2.993583850018838,-32.130558013916016,-49.7421760559082
15.59037495800294,2.5704437920066994,6,87487.426864917,0.5,0.4945058822631836,6.368925094604492,0.1868133544921875,65,424,0.703125,-2.993583850018838,-31.19101333618164,-49.930084228515625
15.65104045800399,2.63110929200775,6,87487.485882709,0.5,0.4945058822631836,6.368925094604492,0.1868133544921875,65,424,0.703125,-2.993583850018838,-31.19101333618164,-49.930084228515625
15.651201540997135,2.631270375000895,6,87487.486143917,0.5,0.4945058822631836,6.368925094604492,0.1868133544921875,65,424,0.703125,-2.993583850018838,-31.19101333618164,-49.930084228515625
15.651289708010154,2.6313585420139134,6,87487.486394709,0.5,0.4945058822631836,6.368925094604492,0.1868133544921875,65,424,0.703125,0.0,-31.19101333618164,-49.930084228515625
15.65136491600424,2.631433750008,6,87487.486602167,0.5,0.4945058822631836,6.368925094604492,0.1868133544921875,65,424,0.703125,0.0,-32.560062408447266,-49.285831451416016
15.678865125009906,2.658933959013666,6,87487.516328875,0.5,0.4871797561645508,6.368925094604492,0.16483688354492188,65,424,0.703125,0.0,-32.560062408447266,-49.285831451416016
15.679028291007853,2.6590971250116127,6,87487.516687917,0.5,0.4871797561645508,6.368925094604492,0.16483688354492188,65,424,0.703125,0.0,-32.291622161865234,-49.527427673339844
15.679082041009679,2.659150875013438,6,87487.516755875,0.5,0.4871797561645508,6.368925094604492,0.16483688354492188,65,425,0.791015625,2.894999804983599,-32.291622161865234,-49.527427673339844
15.709378125000512,2.6894469590042718,6,87487.545243542,0.5,0.4871797561645508,6.368925094604492,0.16483688354492188,65,425,0.791015625,2.894999804983599,-32.18423843383789,-49.63479995727539
15.70967104099691,2.6897398750006687,6,87487.545745792,0.5,0.4871797561645508,6.368925094604492,0.16483688354492188,65,425,0.791015625,0.0,-32.18423843383789,-49.63479995727539
15.709757083008299,2.689825917012058,6,87487.54603775,0.5,0.4871797561645508,6.36854362487793,-0.0549468994140625,65,425,0.791015625,0.0,-32.18423843383789,-49.63479995727539
15.739902790999622,2.7199716250033816,6,87487.575025,0.5,0.4871797561645508,6.36854362487793,-0.0549468994140625,65,424,0.703125,-3.0023057719862867,-32.18423843383789,-49.63479995727539
15.740090874998714,2.7201597090024734,6,87487.575461709,0.5,0.4871797561645508,6.36854362487793,-0.0549468994140625,65,424,0.703125,-3.0023057719862867,-32.18423843383789,-49.63479995727539
15.74017874999845,2.720247584002209,6,87487.575532042,0.5,0.4871797561645508,6.36854362487793,-0.0549468994140625,65,424,0.703125,-3.0023057719862867,-31.99633026123047,-49.60795593261719
15.77150887499738,2.7515777090011397,6,87487.604991917,0.5,0.4871797561645508,6.36854362487793,-0.0549468994140625,65,424,0.703125,-3.0023057719862867,-31.99633026123047,-49.60795593261719
15.771621082996717,2.7516899170004763,6,87487.605374834,0.5,0.4871797561645508,6.36854362487793,-0.0549468994140625,65,424,0.703125,-3.0023057719862867,-31.99633026123047,-49.60795593261719
15.771660583006451,2.7517294170102105,6,87487.605561959,0.5,0.4871797561645508,6.36854362487793,-0.0549468994140625,65,424,0.703125,0.0,-31.99633026123047,-49.60795593261719
15.796404916007305,2.776473750011064,6,87487.635443625,0.5,0.4871797561645508,6.36854362487793,-0.0549468994140625,65,424,0.703125,0.0,-32.26477813720703,-49.769020080566406
15.803193958010525,2.783262792014284,6,87487.635956834,0.5,0.4871797561645508,6.36854362487793,-0.0549468994140625,65,425,0.791015625,2.8914798707565947,-32.26477813720703,-49.769020080566406
15.803646208005375,2.7837150420091348,6,87487.636009375,0.5,0.4945058822631836,6.36854362487793,-0.03296661376953125,65,425,0.791015625,2.8914798707565947,-32.26477813720703,-49.769020080566406
15.828919666004367,2.8089885000081267,6,87487.664505834,0.5,0.4945058822631836,6.36854362487793,-0.03296661376953125,65,424,0.703125,-3.078763809574423,-32.26477813720703,-49.769020080566406
15.82900666599744,2.8090755000011995,6,87487.664666959,0.5,0.4945058822631836,6.36854362487793,-0.120880126953125,65,424,0.703125,-3.078763809574423,-32.26477813720703,-49.769020080566406
15.829040416007047,2.809109250010806,6,87487.664775917,0.5,0.4945058822631836,6.36854362487793,-0.120880126953125,65,424,0.703125,-3.078763809574423,-32.34530258178711,-49.527427673339844
15.859736541009624,2.839805375013384,6,87487.694364209,0.5,0.4945058822631836,6.36854362487793,-0.120880126953125,65,424,0.703125,-3.078763809574423,-32.34530258178711,-49.527427673339844
15.859871291002491,2.839940125006251,6,87487.694524042,0.5,0.4945058822631836,6.36854362487793,-0.120880126953125,65,424,0.703125,-3.078763809574423,-32.34530258178711,-49.527427673339844
15.859919916008948,2.839988750012708,6,87487.69464275,0.5,0.4945058822631836,6.36854362487793,-0.120880126953125,65,425,0.791015625,2.9158654233418586,-32.34530258178711,-49.527427673339844
15.891281875010463,2.871350709014223,6,87487.724886,0.5,0.4945058822631836,6.36854362487793,-0.120880126953125,65,425,0.791015625,2.9158654233418586,-32.10370635986328,-49.60795593261719
15.891432000003988,2.8715008340077475,6,87487.725242667,0.5,0.4945058822631836,6.36854362487793,-0.120880126953125,65,424,0.703125,-2.8726298878494254,-32.10370635986328,-49.60795593261719
15.891485625004862,2.871554459008621,6,87487.725337625,0.5,0.4871797561645508,6.36854362487793,0.03296661376953125,65,424,0.703125,-2.8726298878494254,-32.10370635986328,-49.60795593261719
15.916091666003922,2.8961605000076815,6,87487.754829875,0.5,0.4871797561645508,6.36854362487793,0.03296661376953125,65,425,0.791015625,2.9711181588481113,-32.10370635986328,-49.60795593261719
15.916431999998167,2.8965008340019267,6,87487.755209125,0.5,0.4945058822631836,6.36854362487793,-0.120880126953125,65,425,0.791015625,2.9711181588481113,-32.10370635986328,-49.60795593261719
15.922810457996093,2.9028792919998523,6,87487.755785,0.5,0.4945058822631836,6.36854362487793,-0.120880126953125,65,425,0.791015625,2.9711181588481113,-32.211082458496094,-49.581111907958984
15.947126875005779,2.9271957090095384,6,87487.785567125,0.5,0.4945058822631836,6.36854362487793,-0.120880126953125,65,425,0.791015625,2.9711181588481113,-32.211082458496094,-49.581111907958984
15.947900166007457,2.927969000011217,6,87487.786152959,0.5,0.4945058822631836,6.36854362487793,-0.120880126953125,65,425,0.791015625,2.9711181588481113,-32.211082458496094,-49.581111907958984
15.948095083003864,2.9281639170076232,6,87487.786225292,0.5,0.4945058822631836,6.36854362487793,-0.120880126953125,65,424,0.703125,-2.799071888999017,-32.211082458496094,-49.581111907958984
15.979285374996834,2.959354209000594,6,87487.815135,0.5,0.4945058822631836,6.36854362487793,-0.120880126953125,65,424,0.703125,-2.799071888999017,-32.18423843383789,-49.55426788330078
15.9794404580025,2.95950929200626,6,87487.815330542,0.5,0.4945058822631836,6.36854362487793,-0.120880126953125,65,425,0.791015625,3.0194792644763555,-32.18423843383789,-49.55426788330078
15.979480374997365,2.959549209001125,6,87487.815465584,0.5,0.4945058822631836,6.36854362487793,-0.34066009521484375,65,425,0.791015625,3.0194792644763555,-32.18423843383789,-49.55426788330078
16.010192708010436,2.9902615420141956,6,87487.844730875,0.5,0.4945058822631836,6.36854362487793,-0.34066009521484375,65,425,0.791015625,0.0,-32.18423843383789,-49.55426788330078
16.01038212500862,2.990450959012378,6,87487.845087667,0.5,0.4871797561645508,6.36854362487793,-0.07692337036132812,65,425,0.791015625,0.0,-32.18423843383789,-49.55426788330078
16.01042975000746,2.9904985840112204,6,87487.845134417,0.5,0.4871797561645508,6.36854362487793,-0.07692337036132812,65,425,0.791015625,0.0,-32.53321838378906,-49.39320755004883
16.040155708004022,0.016839292002259754,7,87487.87486775,0.6,0.4871797561645508,6.36854362487793,-0.07692337036132812,65,425,0.791015625,0.0,-32.53321838378906,-49.39320755004883
16.040283000009367,0.01696658400760498,7,87487.874976667,0.6,0.4871797561645508,6.36854362487793,-0.07692337036132812,65,425,0.791015625,0.0,-32.53321838378906,-49.39320755004883
16.04031179100275,0.016995375000988133,7,87487.875003709,0.6,0.4871797561645508,6.36854362487793,-0.07692337036132812,65,424,0.703125,-2.901682300301382,-32.53321838378906,-49.39320755004883
16.071607165999012,0.048290749997249804,7,87487.905284209,0.6,0.4871797561645508,6.36854362487793,-0.07692337036132812,65,424,0.703125,-2.901682300301382,-32.18423843383789,-49.36635971069336
16.07168462499976,0.04836820899799932,7,87487.90535125,0.6,0.4871797561645508,6.36854362487793,-0.07692337036132812,65,425,0.791015625,2.896363199702646,-32.18423843383789,-49.36635971069336
16.096138000008068,0.07282158400630578,7,87487.935095417,0.6,0.4871797561645508,6.36854362487793,-0.07692337036132812,65,425,0.791015625,2.896363199702646,-32.15739440917969,-49.33951950073242
16.09628787499969,0.07297145899792667,7,87487.93525775,0.6,0.4871797561645508,6.36854362487793,-0.07692337036132812,65,425,0.791015625,0.0,-32.15739440917969,-49.33951950073242
16.096330333006335,0.07301391700457316,7,87487.935419209,0.6,0.4871797561645508,6.368925094604492,0.1868133544921875,65,425,0.791015625,0.0,-32.15739440917969,-49.33951950073242
16.127098333003232,0.10378191700146999,7,87487.964606584,0.6,0.4871797561645508,6.368925094604492,0.1868133544921875,65,424,0.703125,-2.995713830677185,-32.15739440917969,-49.33951950073242
16.127201082999818,0.10388466699805576,7,87487.96488175,0.6,0.4871797561645508,6.368925094604492,0.1868133544921875,65,424,0.703125,-2.995713830677185,-32.15739440917969,-49.33951950073242
16.12723462500435,0.10391820900258608,7,87487.965745584,0.6,0.4871797561645508,6.368925094604492,0.1868133544921875,65,424,0.703125,-2.995713830677185,-32.07686233520508,-49.39320755004883
16.15868550000596,0.13536908400419634,7,87487.994932584,0.6,0.4871797561645508,6.368925094604492,0.1868133544921875,65,424,0.703125,-2.995713830677185,-32.07686233520508,-49.39320755004883
16.15886108300765,0.1355446670058882,7,87487.995375625,0.6,0.4871797561645508,6.368925094604492,0.1868133544921875,65,424,0.703125,-2.995713830677185,-32.07686233520508,-49.39320755004883
16.158900666006957,0.13558425000519492,7,87487.995566417,0.6,0.4871797561645508,6.368925094604492,0.1868133544921875,65,425,0.791015625,2.8387107942629455,-32.07686233520508,-49.39320755004883
16.188941583008273,0.1656251670065103,7,87488.025030334,0.6,0.4871797561645508,6.368925094604492,0.1868133544921875,65,425,0.791015625,2.8387107942629455,-31.83526039123535,-49.87639617919922
16.189051125009428,0.16573470900766551,7,87488.025238709,0.6,0.4871797561645508,6.368925094604492,0.1868133544921875,65,425,0.791015625,0.0,-31.83526039123535,-49.87639617919922
16.18908412499877,0.16576770899700932,7,87488.025311,0.6,0.5897436141967773,6.370832443237305,0.25274658203125,65,425,0.791015625,0.0,-31.83526039123535,-49.87639617919922
16.21966429099848,0.19634787499671802,7,87488.054542834,0.6,0.5897436141967773,6.370832443237305,0.25274658203125,65,424,0.703125,-2.9994794884577978,-31.83526039123535,-49.87639617919922
16.21974191600748,0.19642550000571646,7,87488.054751709,0.6,0.5897436141967773,6.370832443237305,0.25274658203125,65,424,0.703125,-2.9994794884577978,-31.83526039123535,-49.87639617919922
16.21977616600634,0.19645975000457838,7,87488.054953959,0.6,0.5897436141967773,6.370832443237305,0.25274658203125,65,424,0.703125,-2.9994794884577978,-32.42584228515625,-51.406517028808594
16.251348416000837,0.2280319999990752,7,87488.085127084,0.6,0.5897436141967773,6.370832443237305,0.25274658203125,65,424,0.703125,-2.9994794884577978,-32.42584228515625,-51.406517028808594
16.253318415998365,0.23000199999660254,7,87488.085629792,0.6,0.5897436141967773,6.370832443237305,0.25274658203125,65,424,0.703125,-2.9994794884577978,-32.42584228515625,-51.406517028808594
16.255506708010216,0.23219029200845398,7,87488.085701792,0.6,0.5897436141967773,6.370832443237305,0.25274658203125,65,424,0.703125,0.0,-32.42584228515625,-51.406517028808594
16.280096540998784,0.25678012499702163,7,87488.11501675,0.6,0.5897436141967773,6.370832443237305,0.25274658203125,65,424,0.703125,0.0,-32.452674865722656,-51.43335723876953
16.280238958002883,0.25692254200112075,7,87488.115301542,0.6,0.5897436141967773,6.370832443237305,0.25274658203125,65,425,0.791015625,2.9695579740565674,-32.452674865722656,-51.43335723876953
16.280272125004558,0.25695570900279563,7,87488.115338917,0.6,0.5897436141967773,6.37922477722168,0.1868133544921875,65,425,0.791015625,2.9695579740565674,-32.452674865722656,-51.43335723876953
16.30610762500146,0.2827912089996971,7,87488.145096167,0.6,0.5897436141967773,6.37922477722168,0.1868133544921875,65,424,0.703125,-2.951408984837391,-32.452674865722656,-51.43335723876953
16.312094666005578,0.28877825000381563,7,87488.145795292,0.6,0.5970697402954102,6.378843307495117,0.120880126953125,65,424,0.703125,-2.951408984837391,-32.452674865722656,-51.43335723876953
16.312262040999485,0.2889456249977229,7,87488.145844334,0.6,0.5970697402954102,6.378843307495117,0.120880126953125,65,424,0.703125,-2.951408984837391,-32.39899826049805,-51.379669189453125
16.36887358300737,0.3455571670056088,7,87488.205083625,0.6,0.5970697402954102,6.378843307495117,0.120880126953125,65,424,0.703125,-2.951408984837391,-32.39899826049805,-51.379669189453125
16.36903179100773,0.34571537500596605,7,87488.205490292,0.6,0.5970697402954102,6.378843307495117,0.120880126953125,65,424,0.703125,-2.951408984837391,-32.39899826049805,-51.379669189453125
16.36908562500321,0.34576920900144614,7,87488.205564167,0.6,0.5970697402954102,6.378843307495117,0.120880126953125,65,425,0.791015625,1.4531138995800894,-32.39899826049805,-51.379669189453125
16.399112208004226,0.3757957920024637,7,87488.234730209,0.6,0.5970697402954102,6.378843307495117,0.120880126953125,65,425,0.791015625,1.4531138995800894,-32.050018310546875,-51.62126541137695
16.39927108300617,0.3759546670044074,7,87488.235073917,0.6,0.5970697402954102,6.378843307495117,0.120880126953125,65,424,0.703125,-2.9785144868056324,-32.050018310546875,-51.62126541137695
16.399319832999026,0.37600341699726414,7,87488.236383,0.6,0.5897436141967773,6.37922477722168,0.120880126953125,65,424,0.703125,-2.9785144868056324,-32.050018310546875,-51.62126541137695
16.43064783299633,0.4073314169945661,7,87488.265207417,0.6,0.5897436141967773,6.37922477722168,0.120880126953125,65,425,0.791015625,2.9175956214929983,-32.050018310546875,-51.62126541137695
16.430796166008804,0.40747975000704173,7,87488.265526167,0.6,0.5897436141967773,6.37922477722168,0.03296661376953125,65,425,0.791015625,2.9175956214929983,-32.050018310546875,-51.62126541137695
16.43085050000809,0.40753408400632907,7,87488.265583334,0.6,0.5897436141967773,6.37922477722168,0.03296661376953125,65,425,0.791015625,2.9175956214929983,-32.42584228515625,-51.11123275756836
16.462309916008962,0.43899350000720005,7,87488.298866417,0.6,0.5897436141967773,6.37922477722168,0.03296661376953125,65,425,0.791015625,2.9175956214929983,-32.42584228515625,-51.11123275756836
16.46247454099648,0.4391581249947194,7,87488.299237334,0.6,0.5897436141967773,6.37922477722168,0.03296661376953125,65,425,0.791015625,2.9175956214929983,-32.42584228515625,-51.11123275756836
16.462525833005202,0.43920941700343974,7,87488.299304584,0.6,0.5897436141967773,6.37922477722168,0.03296661376953125,65,424,0.703125,-2.577022035470446,-32.42584228515625,-51.11123275756836
16.487281416004407,0.46396500000264496,7,87488.325039292,0.6,0.5897436141967773,6.37922477722168,0.03296661376953125,65,424,0.703125,-2.577022035470446,-32.774803161621094,-51.21860885620117
16.48738616600167,0.4640697499999078,7,87488.325299417,0.6,0.5897436141967773,6.37922477722168,0.03296661376953125,65,425,0.791015625,3.3808909501806435,-32.774803161621094,-51.21860885620117
16.487428250009543,0.464111834007781,7,87488.325587625,0.6,0.5970697402954102,6.378843307495117,-0.07692337036132812,65,425,0.791015625,3.3808909501806435,-32.774803161621094,-51.21860885620117
16.51900983300584,0.49569341700407676,7,87488.354402625,0.6,0.5970697402954102,6.378843307495117,-0.07692337036132812,65,425,0.791015625,0.0,-32.774803161621094,-51.21860885620117
16.519092415997875,0.49577599999611266,7,87488.354591,0.6,0.5970697402954102,6.378843307495117,-0.07692337036132812,65,425,0.791015625,0.0,-32.774803161621094,-51.21860885620117
16.51913308299845,0.4958166669966886,7,87488.354733042,0.6,0.5970697402954102,6.378843307495117,-0.07692337036132812,65,425,0.791015625,0.0,-32.694278717041016,-51.1917610168457
16.54955566600256,0.5262392500007991,7,87488.384855417,0.6,0.5970697402954102,6.378843307495117,-0.07692337036132812,65,425,0.791015625,0.0,-32.694278717041016,-51.1917610168457
16.54970020800829,0.5263837920065271,7,87488.3850355,0.6,0.5970697402954102,6.378843307495117,-0.07692337036132812,65,425,0.791015625,0.0,-32.694278717041016,-51.1917610168457
16.549732665997,0.5264162499952363,7,87488.385146875,0.6,0.5970697402954102,6.378843307495117,-0.07692337036132812,65,425,0.791015625,0.0,-32.694278717041016,-51.1917610168457
16.57981591600401,0.5564995000022464,7,87488.414838625,0.6,0.5970697402954102,6.378843307495117,-0.07692337036132812,65,425,0.791015625,0.0,-32.909027099609375,-51.00384521484375
16.5798891250015,0.5565727089997381,7,87488.415032625,0.6,0.5970697402954102,6.378843307495117,-0.07692337036132812,65,425,0.791015625,0.0,-32.909027099609375,-51.00384521484375
16.579921915996238,0.5566054999944754,7,87488.415133292,0.6,0.5897436141967773,6.378843307495117,-0.6703300476074219,65,425,0.791015625,0.0,-32.909027099609375,-51.00384521484375
16.610226707998663,0.5869102919969009,7,87488.446255084,0.6,0.5897436141967773,6.378843307495117,-0.6703300476074219,65,425,0.791015625,0.0,-32.909027099609375,-51.00384521484375
16.642022500003804,0.6187060840020422,7,87488.47507325,0.6,0.5897436141967773,6.378843307495117,-0.47252655029296875,65,425,0.791015625,0.0,-32.909027099609375,-51.00384521484375
16.642188458004966,0.6188720420032041,7,87488.47574775,0.6,0.5897436141967773,6.378843307495117,-0.47252655029296875,65,425,0.791015625,0.0,-32.774803161621094,-51.164920806884766
16.642244875009055,0.618928459007293,7,87488.475825917,0.6,0.5897436141967773,6.378843307495117,-0.47252655029296875,65,425,0.791015625,0.0,-32.774803161621094,-51.164920806884766
16.666439541004365,0.643123125002603,7,87488.50549875,0.6,0.5897436141967773,6.378843307495117,-0.47252655029296875,65,425,0.791015625,0.0,-32.774803161621094,-51.164920806884766
16.66727620799793,0.643959791996167,7,87488.50626325,0.6,0.5897436141967773,6.378843307495117,-0.47252655029296875,65,425,0.791015625,0.0,-32.74797058105469,-51.05754470825195
16.667598500003805,0.6442820840020431,7,87488.506387959,0.6,0.5897436141967773,6.378843307495117,-0.47252655029296875,65,425,0.791015625,0.0,-32.74797058105469,-51.05754470825195
16.69785937501001,0.6745429590082495,7,87488.535226667,0.6,0.5897436141967773,6.378843307495117,-0.47252655029296875,65,425,0.791015625,0.0,-32.774803161621094,-51.1917610168457
16.69794012499915,0.6746237089973874,7,87488.5353905,0.6,0.5897436141967773,6.378843307495117,-0.47252655029296875,65,425,0.791015625,0.0,-32.774803161621094,-51.1917610168457
16.697973875008756,0.674657459006994,7,87488.535680084,0.6,0.5897436141967773,6.37922477722168,-0.14285659790039062,65,425,0.791015625,0.0,-32.774803161621094,-51.1917610168457
16.729458832996897,0.7061424169951351,7,87488.564197209,0.6,0.5897436141967773,6.37922477722168,-0.14285659790039062,65,425,0.791015625,0.0,-32.774803161621094,-51.1917610168457
16.729520207998576,0.7062037919968134,7,87488.564338834,0.6,0.5970697402954102,6.37922477722168,0.20878982543945312,65,425,0.791015625,0.0,-32.774803161621094,-51.1917610168457
16.729553915996803,0.7062374999950407,7,87488.564461792,0.6,0.5970697402954102,6.37922477722168,0.20878982543945312,65,425,0.791015625,0.0,-32.37214660644531,-51.27229690551758
16.760979041006067,0.7376626250043046,7,87488.594365375,0.6,0.5970697402954102,6.37922477722168,0.20878982543945312,65,425,0.791015625,0.0,-32.37214660644531,-51.27229690551758
16.761098500006483,0.7377820840047207,7,87488.59450575,0.6,0.5970697402954102,6.37922477722168,0.20878982543945312,65,425,0.791015625,0.0,-32.37214660644531,-51.27229690551758
16.761157083004946,0.7378406670031836,7,87488.59464025,0.6,0.5970697402954102,6.37922477722168,0.20878982543945312,65,425,0.791015625,0.0,-32.37214660644531,-51.27229690551758
16.786141791002592,0.7628253750008298,7,87488.624863709,0.6,0.5970697402954102,6.37922477722168,0.20878982543945312,65,425,0.791015625,0.0,-32.96271896362305,-50.977012634277344
16.786250791003113,0.7629343750013504,7,87488.62514425,0.6,0.5970697402954102,6.37922477722168,0.20878982543945312,65,425,0.791015625,0.0,-32.96271896362305,-50.977012634277344
16.786296000005677,0.7629795840039151,7,87488.625190875,0.6,0.5897436141967773,6.37922477722168,0.25274658203125,65,425,0.791015625,0.0,-32.96271896362305,-50.977012634277344
16.818013208001503,0.7946967919997405,7,87488.655266084,0.6,0.5897436141967773,6.37922477722168,0.25274658203125,65,424,0.703125,-2.91918650619858,-32.96271896362305,-50.977012634277344
16.818339707999257,0.7950232919974951,7,87488.655551417,0.6,0.5970697402954102,6.37922477722168,-0.120880126953125,65,424,0.703125,-2.91918650619858,-32.96271896362305,-50.977012634277344
16.849895916006062,0.8265795000042999,7,87488.685600125,0.6,0.5970697402954102,6.37922477722168,-0.120880126953125,65,424,0.703125,-2.91918650619858,-32.96271896362305,-51.164920806884766
16.850029875000473,0.8267134589987108,7,87488.686448209,0.6,0.5970697402954102,6.37922477722168,-0.120880126953125,65,424,0.703125,-2.91918650619858,-32.96271896362305,-51.164920806884766
16.85007937499904,0.8267629589972785,7,87488.68651075,0.6,0.5970697402954102,6.37922477722168,-0.120880126953125,65,424,0.703125,-2.91918650619858,-32.96271896362305,-51.164920806884766
16.850115875000483,0.8267994589987211,7,87488.686563625,0.6,0.5970697402954102,6.37922477722168,-0.120880126953125,65,425,0.791015625,2.807196239771931,-32.96271896362305,-51.164920806884766
16.881633500001044,0.8583170839992817,7,87488.714646209,0.6,0.5970697402954102,6.37922477722168,-0.120880126953125,65,425,0.791015625,2.807196239771931,-32.64058303833008,-51.05754470825195
16.8817677909974,0.8584513749956386,7,87488.71479275,0.6,0.5970697402954102,6.37922477722168,-0.120880126953125,65,425,0.791015625,0.0,-32.64058303833008,-51.05754470825195
16.8818028329988,0.8584864169970388,7,87488.714896542,0.6,0.5970697402954102,6.378843307495117,-0.4505500793457031,65,425,0.791015625,0.0,-32.64058303833008,-51.05754470825195
16.90599333299906,0.8826769169972977,7,87488.744363292,0.6,0.5970697402954102,6.378843307495117,-0.4505500793457031,65,425,0.791015625,0.0,-32.64058303833008,-51.05754470825195
16.906074625003384,0.8827582090016222,7,87488.744544584,0.6,0.5970697402954102,6.378843307495117,-0.4505500793457031,65,425,0.791015625,0.0,-32.64058303833008,-51.05754470825195
16.90611241600709,0.8827960000053281,7,87488.744662125,0.6,0.5970697402954102,6.378843307495117,-0.4505500793457031,65,425,0.791015625,0.0,-32.15739440917969,-51.4870491027832
16.93730891600717,0.9139925000054063,7,87488.774694542,0.6,0.5970697402954102,6.378843307495117,-0.4505500793457031,65,425,0.791015625,0.0,-32.15739440917969,-51.4870491027832
16.937411916005658,0.9140955000038957,7,87488.774853209,0.6,0.5970697402954102,6.378843307495117,-0.4505500793457031,65,425,0.791015625,0.0,-32.15739440917969,-51.4870491027832
16.93744362500729,0.9141272090055281,7,87488.774957542,0.6,0.5970697402954102,6.378843307495117,-0.4505500793457031,65,425,0.791015625,0.0,-32.15739440917969,-51.4870491027832
16.968853915997897,0.945537499996135,7,87488.8047865,0.6,0.5970697402954102,6.378843307495117,-0.4505500793457031,65,425,0.791015625,0.0,-32.774803161621094,-50.923316955566406
16.968930916002137,0.9456145000003744,7,87488.804913084,0.6,0.5970697402954102,6.378843307495117,-0.4505500793457031,65,425,0.791015625,0.0,-32.774803161621094,-50.923316955566406
16.968962833008845,0.9456464170070831,7,87488.804996709,0.6,0.5897436141967773,6.37922477722168,-0.09889984130859375,65,425,0.791015625,0.0,-32.774803161621094,-50.923316955566406
16.999842500008526,0.976526084006764,7,87488.834274917,0.6,0.5897436141967773,6.37922477722168,-0.09889984130859375,65,425,0.791015625,0.0,-32.774803161621094,-50.923316955566406
16.999964707996696,0.976648291994934,7,87488.834414875,0.6,0.5970697402954102,6.37922477722168,0.07692337036132812,65,425,0.791015625,0.0,-32.774803161621094,-50.923316955566406
16.999996458005626,0.9766800420038635,7,87488.834514375,0.6,0.5970697402954102,6.37922477722168,0.07692337036132812,65,425,0.791015625,0.0,-32.64058303833008,-51.05754470825195
17.030133207998006,1.0068167919962434,7,87488.86440425,0.6,0.5970697402954102,6.37922477722168,0.07692337036132812,65,425,0.791015625,0.0,-32.64058303833008,-51.05754470825195
17.030276040997705,1.0069596249959432,7,87488.864568334,0.6,0.5970697402954102,6.37922477722168,0.07692337036132812,65,425,0.791015625,0.0,-32.64058303833008,-51.05754470825195
17.030326624997542,1.00701020899578,7,87488.864689417,0.6,0.5970697402954102,6.37922477722168,0.07692337036132812,65,425,0.791015625,0.0,-32.64058303833008,-51.05754470825195
17.061885832998087,1.0385694169963244,7,87488.895073917,0.6,0.5970697402954102,6.37922477722168,0.07692337036132812,65,425,0.791015625,0.0,-32.560062408447266,-51.03070068359375
17.062051957997028,1.0387355419952655,7,87488.895288125,0.6,0.5970697402954102,6.37922477722168,0.07692337036132812,65,424,0.703125,-2.87277861691539,-32.560062408447266,-51.03070068359375
17.062088000006042,1.0387715840042802,7,87488.895408375,0.6,0.5897436141967773,6.37922477722168,0.010990142822265625,65,424,0.703125,-2.87277861691539,-32.560062408447266,-51.03070068359375
17.091708375010057,1.068391959008295,7,87488.9250975,0.6,0.5897436141967773,6.37922477722168,0.010990142822265625,65,425,0.791015625,2.9519417954670795,-32.560062408447266,-51.03070068359375
17.091855291000684,1.0685388749989215,7,87488.925704125,0.6,0.5897436141967773,6.378843307495117,-0.25274658203125,65,425,0.791015625,2.9519417954670795,-32.560062408447266,-51.03070068359375
17.091888625000138,1.0685722089983756,7,87488.925912167,0.6,0.5897436141967773,6.378843307495117,-0.25274658203125,65,425,0.791015625,2.9519417954670795,-32.64058303833008,-50.86962890625
17.117175040999427,1.0938586249976652,7,87488.954500917,0.6,0.5897436141967773,6.378843307495117,-0.25274658203125,65,425,0.791015625,2.9519417954670795,-32.64058303833008,-50.86962890625
17.117268290996435,1.0939518749946728,7,87488.954666917,0.6,0.5897436141967773,6.378843307495117,-0.25274658203125,65,425,0.791015625,2.9519417954670795,-32.64058303833008,-50.86962890625
17.117304665996926,1.0939882499951636,7,87488.9547725,0.6,0.5897436141967773,6.378843307495117,-0.25274658203125,65,425,0.791015625,0.0,-32.64058303833008,-50.86962890625
17.148568666001665,1.1252522499999031,7,87488.984814792,0.6,0.5897436141967773,6.378843307495117,-0.25274658203125,65,425,0.791015625,0.0,-33.123783111572266,-50.8427848815918
17.148644500004593,1.125328084002831,7,87488.984960709,0.6,0.5897436141967773,6.378843307495117,-0.25274658203125,65,425,0.791015625,0.0,-33.123783111572266,-50.8427848815918
17.148682250001002,1.1253658339992398,7,87488.985059542,0.6,0.5970697402954102,6.37922477722168,0.03296661376953125,65,425,0.791015625,0.0,-33.123783111572266,-50.8427848815918
17.186492875000113,1.1631764589983504,7,87489.019761417,0.6,0.5970697402954102,6.37922477722168,0.03296661376953125,65,425,0.791015625,0.0,-33.123783111572266,-50.8427848815918
17.18655325000873,1.163236834006966,7,87489.019900584,0.6,0.5970697402954102,6.37922477722168,0.03296661376953125,65,425,0.791015625,0.0,-33.123783111572266,-50.8427848815918
17.186569708006573,1.1632532920048106,7,87489.019921792,0.6,0.5970697402954102,6.37922477722168,0.03296661376953125,65,425,0.791015625,0.0,-32.58690643310547,-50.8427848815918
17.205244041004335,1.1819276250025723,7,87489.044388959,0.6,0.5970697402954102,6.37922477722168,0.03296661376953125,65,425,0.791015625,0.0,-32.58690643310547,-50.8427848815918
17.211646666008164,1.188330250006402,7,87489.044600959,0.6,0.5970697402954102,6.37922477722168,0.03296661376953125,65,425,0.791015625,0.0,-32.58690643310547,-50.8427848815918
17.211730249997345,1.1884138339955825,7,87489.044665917,0.6,0.5970697402954102,6.37922477722168,0.03296661376953125,65,425,0.791015625,0.0,-32.58690643310547,-50.8427848815918
17.23636599999736,1.2130495839955984,7,87489.07545575,0.6,0.5970697402954102,6.37922477722168,0.03296661376953125,65,425,0.791015625,0.0,-32.88218688964844,-51.11123275756836
17.242928040999686,1.219611624997924,7,87489.076014959,0.6,0.5970697402954102,6.37922477722168,0.03296661376953125,65,425,0.791015625,0.0,-32.88218688964844,-51.11123275756836
17.24310208299721,1.219785666995449,7,87489.076071,0.6,0.5897436141967773,6.37568473815918,0.010990142822265625,65,425,0.791015625,0.0,-32.88218688964844,-51.11123275756836
17.268576665999717,1.2452602499979548,7,87489.105086584,0.6,0.5897436141967773,6.37568473815918,0.010990142822265625,65,425,0.791015625,0.0,-32.88218688964844,-51.11123275756836
17.268958500004373,1.2456420840026112,7,87489.105540417,0.6,0.5970697402954102,6.37922477722168,0.0549468994140625,65,425,0.791015625,0.0,-32.88218688964844,-51.11123275756836
17.269031666000956,1.2457152499991935,7,87489.1056065,0.6,0.5970697402954102,6.37922477722168,0.0549468994140625,65,425,0.791015625,0.0,-32.050018310546875,-51.084381103515625
17.30063374999736,1.2773173339955974,7,87489.134961584,0.6,0.5970697402954102,6.37922477722168,0.0549468994140625,65,425,0.791015625,0.0,-32.050018310546875,-51.084381103515625
17.300762583006872,1.2774461670051096,7,87489.135332167,0.6,0.5970697402954102,6.37922477722168,0.0549468994140625,65,425,0.791015625,0.0,-32.050018310546875,-51.084381103515625
17.300858208007412,1.2775417920056498,7,87489.135513334,0.6,0.5970697402954102,6.37922477722168,0.0549468994140625,65,425,0.791015625,0.0,-32.050018310546875,-51.084381103515625
17.331886208005017,1.3085697920032544,7,87489.165089584,0.6,0.5970697402954102,6.37922477722168,0.0549468994140625,65,425,0.791015625,0.0,-33.17747116088867,-50.654876708984375
17.332049125005142,1.3087327090033796,7,87489.165369084,0.6,0.5970697402954102,6.37922477722168,0.0549468994140625,65,425,0.791015625,0.0,-33.17747116088867,-50.654876708984375
17.332104708009865,1.3087882920081029,7,87489.165507709,0.6,0.5897436141967773,6.37922477722168,-0.0549468994140625,65,425,0.791015625,0.0,-33.17747116088867,-50.654876708984375
17.38974754100491,1.366431125003146,7,87489.224728084,0.6,0.5897436141967773,6.37922477722168,-0.0549468994140625,65,425,0.791015625,0.0,-33.17747116088867,-50.654876708984375
17.389843915996607,1.3665274999948451,7,87489.224866167,0.6,0.5970697402954102,6.37922477722168,-0.0549468994140625,65,425,0.791015625,0.0,-33.17747116088867,-50.654876708984375
17.38989591599966,1.366579499997897,7,87489.224983292,0.6,0.5970697402954102,6.37922477722168,-0.0549468994140625,65,425,0.791015625,0.0,-32.88218688964844,-50.896480560302734
17.41812558300444,1.394809167002677,7,87489.254665334,0.6,0.5970697402954102,6.37922477722168,-0.0549468994140625,65,425,0.791015625,0.0,-32.88218688964844,-50.896480560302734
17.41825504100416,1.3949386250023963,7,87489.255000334,0.6,0.5970697402954102,6.37922477722168,-0.0549468994140625,65,425,0.791015625,0.0,-32.88218688964844,-50.896480560302734
17.418307665997418,1.3949912499956554,7,87489.255222584,0.6,0.5970697402954102,6.37922477722168,-0.0549468994140625,65,425,0.791015625,0.0,-32.88218688964844,-50.896480560302734
17.479281040999922,1.4559646249981597,7,87489.315451084,0.6,0.5970697402954102,6.37922477722168,-0.0549468994140625,65,425,0.791015625,0.0,-32.721126556396484,-50.977012634277344
17.47944754100172,1.4561311249999562,7,87489.31600975,0.6,0.5970697402954102,6.37922477722168,-0.0549468994140625,65,425,0.791015625,0.0,-32.721126556396484,-50.977012634277344
17.479534625002998,1.4562182090012357,7,87489.316386709,0.6,0.5970697402954102,6.37922477722168,-0.03296661376953125,65,425,0.791015625,0.0,-32.721126556396484,-50.977012634277344
17.511334958006046,1.4880185420042835,7,87489.344767459,0.6,0.5970697402954102,6.37922477722168,-0.03296661376953125,65,425,0.791015625,0.0,-32.721126556396484,-50.977012634277344
17.511740916001145,1.4884244999993825,7,87489.345370959,0.6,0.5970697402954102,6.37922477722168,-0.0549468994140625,65,425,0.791015625,0.0,-32.721126556396484,-50.977012634277344
17.511812958007795,1.4884965420060325,7,87489.345499042,0.6,0.5970697402954102,6.37922477722168,-0.0549468994140625,65,425,0.791015625,0.0,-32.93587875366211,-50.654876708984375
17.567517582996516,1.5442011669947533,7,87489.406416084,0.6,0.5970697402954102,6.37922477722168,-0.0549468994140625,65,425,0.791015625,0.0,-32.93587875366211,-50.654876708984375
17.573443000001134,1.550126583999372,7,87489.406983875,0.6,0.5970697402954102,6.37922477722168,-0.0549468994140625,65,425,0.791015625,0.0,-32.93587875366211,-50.654876708984375
17.573588833009126,1.5502724170073634,7,87489.407067334,0.6,0.5970697402954102,6.37922477722168,-0.0549468994140625,65,425,0.791015625,0.0,-32.93587875366211,-50.654876708984375
17.602863708001678,1.5795472919999156,7,87489.43608375,0.6,0.5970697402954102,6.37922477722168,-0.0549468994140625,65,425,0.791015625,0.0,-32.613739013671875,-50.81594467163086
17.603004916003556,1.5796885000017937,7,87489.43623475,0.6,0.5970697402954102,6.37922477722168,-0.0549468994140625,65,425,0.791015625,0.0,-32.613739013671875,-50.81594467163086
17.603043166003772,1.5797267500020098,7,87489.43637475,0.6,0.5888280868530273,6.37922477722168,-0.07692337036132812,65,425,0.791015625,0.0,-32.613739013671875,-50.81594467163086
17.628192457996192,1.6048760419944301,7,87489.464986875,0.6,0.5888280868530273,6.37922477722168,-0.07692337036132812,65,425,0.791015625,0.0,-32.613739013671875,-50.81594467163086
17.628301165997982,1.6049847499962198,7,87489.465291084,0.6,0.5897436141967773,6.37922477722168,-0.07692337036132812,65,425,0.791015625,0.0,-32.613739013671875,-50.81594467163086
17.628342625001096,1.605026208999334,7,87489.465330167,0.6,0.5897436141967773,6.37922477722168,-0.07692337036132812,65,425,0.791015625,0.0,-32.613739013671875,-51.13807678222656
17.657860708000953,1.634544291999191,7,87489.494694584,0.6,0.5897436141967773,6.37922477722168,-0.07692337036132812,65,425,0.791015625,0.0,-32.613739013671875,-51.13807678222656
17.657981249998556,1.6346648339967942,7,87489.495025459,0.6,0.5897436141967773,6.37922477722168,-0.07692337036132812,65,425,0.791015625,0.0,-32.613739013671875,-51.13807678222656
17.65802783300751,1.6347114170057466,7,87489.495195084,0.6,0.5897436141967773,6.37922477722168,-0.07692337036132812,65,425,0.791015625,0.0,-32.613739013671875,-51.13807678222656
17.68959658300446,1.6662801670026965,7,87489.525006875,0.6,0.5897436141967773,6.37922477722168,-0.07692337036132812,65,425,0.791015625,0.0,-33.123783111572266,-50.52065658569336
17.68975175000378,1.666435334002017,7,87489.5252425,0.6,0.5897436141967773,6.37922477722168,-0.07692337036132812,65,425,0.791015625,0.0,-33.123783111572266,-50.52065658569336
17.689785499998834,1.6664690839970717,7,87489.525285209,0.6,0.5970697402954102,6.37922477722168,0.27472686767578125,65,425,0.791015625,0.0,-33.123783111572266,-50.52065658569336
17.72079858300276,1.6974821670009987,7,87489.554789125,0.6,0.5970697402954102,6.37922477722168,0.27472686767578125,65,425,0.791015625,0.0,-33.123783111572266,-50.52065658569336
17.72091166600876,1.697595250006998,7,87489.555038042,0.6,0.5897436141967773,6.37922477722168,-0.1868133544921875,65,425,0.791015625,0.0,-33.123783111572266,-50.52065658569336
17.720958208010416,1.6976417920086533,7,87489.555084875,0.6,0.5897436141967773,6.37922477722168,-0.1868133544921875,65,425,0.791015625,0.0,-32.64058303833008,-50.68172073364258
17.751364750001812,1.72804833400005,7,87489.584682959,0.6,0.5897436141967773,6.37922477722168,-0.1868133544921875,65,425,0.791015625,0.0,-32.64058303833008,-50.68172073364258
17.751494791009463,1.728178375007701,7,87489.584927292,0.6,0.5897436141967773,6.37922477722168,-0.1868133544921875,65,425,0.791015625,0.0,-32.64058303833008,-50.68172073364258
17.75153200000932,1.7282155840075575,7,87489.585069334,0.6,0.5897436141967773,6.37922477722168,-0.1868133544921875,65,425,0.791015625,0.0,-32.64058303833008,-50.68172073364258
17.78180350000912,1.7584870840073563,7,87489.616048125,0.6,0.5897436141967773,6.37922477722168,-0.1868133544921875,65,425,0.791015625,0.0,-32.64058303833008,-50.76226043701172
17.78191412500746,1.7585977090056986,7,87489.616126584,0.6,0.5897436141967773,6.37922477722168,-0.1868133544921875,65,424,0.703125,-2.82996281683403,-32.64058303833008,-50.76226043701172
17.781944832997397,1.7586284169956343,7,87489.616293292,0.6,0.5970697402954102,6.37922477722168,0.16483688354492188,65,424,0.703125,-2.82996281683403,-32.64058303833008,-50.76226043701172
17.81165983300889,1.7883434170071268,7,87489.644706875,0.6,0.5970697402954102,6.37922477722168,0.16483688354492188,65,425,0.791015625,3.075733583699912,-32.64058303833008,-50.76226043701172
17.811776125003234,1.7884597090014722,7,87489.645003084,0.6,0.5970697402954102,6.37922477722168,-0.14285659790039062,65,425,0.791015625,3.075733583699912,-32.64058303833008,-50.76226043701172
17.81182308300049,1.7885066669987282,7,87489.645059084,0.6,0.5970697402954102,6.37922477722168,-0.14285659790039062,65,425,0.791015625,3.075733583699912,-32.613739013671875,-51.11123275756836
17.8359786660003,1.8126622499985388,7,87489.674589,0.6,0.5970697402954102,6.37922477722168,-0.14285659790039062,65,425,0.791015625,3.075733583699912,-32.613739013671875,-51.11123275756836
17.836070332996314,1.8127539169945521,7,87489.6748965,0.6,0.5970697402954102,6.37922477722168,-0.14285659790039062,65,425,0.791015625,3.075733583699912,-32.613739013671875,-51.11123275756836
17.836110333009856,1.8127939170080936,7,87489.674962084,0.6,0.5970697402954102,6.37922477722168,-0.14285659790039062,65,425,0.791015625,0.0,-32.613739013671875,-51.11123275756836
17.866498625007807,1.843182209006045,7,87489.7052515,0.6,0.5970697402954102,6.37922477722168,-0.14285659790039062,65,425,0.791015625,0.0,-32.88218688964844,-50.49381637573242
17.866630958000314,1.8433145419985522,7,87489.705547834,0.6,0.5970697402954102,6.37922477722168,-0.14285659790039062,65,425,0.791015625,0.0,-32.88218688964844,-50.49381637573242
17.866681833009352,1.8433654170075897,7,87489.705611125,0.6,0.5970697402954102,6.37922477722168,0.0549468994140625,65,425,0.791015625,0.0,-32.88218688964844,-50.49381637573242
17.895983750000596,1.8726673339988338,7,87489.734709084,0.6,0.5970697402954102,6.37922477722168,0.0549468994140625,65,425,0.791015625,0.0,-32.88218688964844,-50.49381637573242
17.896139040996786,1.872822624995024,7,87489.734938667,0.6,0.5897436141967773,6.37922477722168,-0.07692337036132812,65,425,0.791015625,0.0,-32.88218688964844,-50.49381637573242
17.896194125001784,1.8728777090000222,7,87489.734998959,0.6,0.5897436141967773,6.37922477722168,-0.07692337036132812,65,425,0.791015625,0.0,-32.909027099609375,-50.654876708984375
17.93739366599766,1.9140772499958985,7,87489.771521917,0.6,0.5897436141967773,6.37922477722168,-0.07692337036132812,65,425,0.791015625,0.0,-32.909027099609375,-50.654876708984375
17.937454416009132,1.9141380000073696,7,87489.771655125,0.6,0.5897436141967773,6.37922477722168,-0.07692337036132812,65,425,0.791015625,0.0,-32.909027099609375,-50.654876708984375
17.93746870799805,1.9141522919962881,7,87489.771671959,0.6,0.5897436141967773,6.37922477722168,-0.07692337036132812,65,425,0.791015625,0.0,-32.909027099609375,-50.654876708984375
17.95614279100846,1.932826375006698,7,87489.794569792,0.6,0.5897436141967773,6.37922477722168,-0.07692337036132812,65,425,0.791015625,0.0,-32.721126556396484,-50.735408782958984
17.956192833007663,1.9328764170059003,7,87489.794667917,0.6,0.5897436141967773,6.37922477722168,-0.07692337036132812,65,425,0.791015625,0.0,-32.721126556396484,-50.735408782958984
17.95620687500923,1.9328904590074671,7,87489.794686417,0.6,0.5897436141967773,6.37922477722168,-0.1868133544921875,65,425,0.791015625,0.0,-32.721126556396484,-50.735408782958984
17.98769591600285,1.9643795000010869,7,87489.825053125,0.6,0.5897436141967773,6.37922477722168,-0.1868133544921875,65,425,0.791015625,0.0,-32.721126556396484,-50.735408782958984
17.98794641600398,1.9646300000022165,7,87489.825802125,0.6,0.5970697402954102,6.37922477722168,-0.07692337036132812,65,425,0.791015625,0.0,-32.721126556396484,-50.735408782958984
17.98840154100617,1.965085125004407,7,87489.8263775,0.6,0.5970697402954102,6.37922477722168,-0.07692337036132812,65,425,0.791015625,0.0,-32.50636672973633,-50.70856475830078
18.018945375006297,1.9956289590045344,7,87489.854802084,0.6,0.5970697402954102,6.37922477722168,-0.07692337036132812,65,425,0.791015625,0.0,-32.50636672973633,-50.70856475830078
18.019117957999697,1.9958015419979347,7,87489.855372,0.6,0.5970697402954102,6.37922477722168,-0.07692337036132812,65,425,0.791015625,0.0,-32.50636672973633,-50.70856475830078
18.01918812500662,1.9958717090048594,7,87489.855459292,0.6,0.5970697402954102,6.37922477722168,-0.07692337036132812,65,425,0.791015625,0.0,-32.50636672973633,-50.70856475830078
18.049435041000834,2.0261186249990715,7,87489.884885959,0.6,0.5970697402954102,6.37922477722168,-0.07692337036132812,65,425,0.791015625,0.0,-32.18423843383789,-50.62803649902344
18.04951854099636,2.0262021249945974,7,87489.885104709,0.6,0.5970697402954102,6.37922477722168,-0.07692337036132812,65,425,0.791015625,0.0,-32.18423843383789,-50.62803649902344
18.049554083001567,2.026237666999805,7,87489.885225959,0.6,0.5897436141967773,6.37922477722168,-0.07692337036132812,65,425,0.791015625,0.0,-32.18423843383789,-50.62803649902344
18.081138333000126,2.057821916998364,7,87489.914593584,0.6,0.5897436141967773,6.37922477722168,-0.07692337036132812,65,425,0.791015625,0.0,-32.18423843383789,-50.62803649902344
18.08125691600435,2.057940500002587,7,87489.914958042,0.6,0.5897436141967773,6.37922477722168,-0.07692337036132812,65,425,0.791015625,0.0,-32.18423843383789,-50.62803649902344
18.081303041006322,2.0579866250045598,7,87489.915036834,0.6,0.5897436141967773,6.37922477722168,-0.07692337036132812,65,425,0.791015625,0.0,-32.721126556396484,-50.81594467163086
18.105894041000283,2.082577624998521,7,87489.944506375,0.6,0.5897436141967773,6.37922477722168,-0.07692337036132812,65,425,0.791015625,0.0,-32.721126556396484,-50.81594467163086
18.105981665998115,2.082665249996353,7,87489.944677084,0.6,0.5897436141967773,6.37922477722168,-0.07692337036132812,65,425,0.791015625,0.0,-32.721126556396484,-50.81594467163086
18.10601137499907,2.0826949589973083,7,87489.94478825,0.6,0.5897436141967773,6.37922477722168,-0.07692337036132812,65,425,0.791015625,0.0,-32.721126556396484,-50.81594467163086
18.137401125000906,2.114084708999144,7,87489.975381959,0.6,0.5897436141967773,6.37922477722168,-0.07692337036132812,65,425,0.791015625,0.0,-32.452674865722656,-50.68172073364258
18.137514916001237,2.1141984999994747,7,87489.975718875,0.6,0.5897436141967773,6.37922477722168,-0.07692337036132812,65,425,0.791015625,0.0,-32.452674865722656,-50.68172073364258
18.137549999999464,2.1142335839977022,7,87489.975800917,0.6,0.5897436141967773,6.37922477722168,0.09889984130859375,65,425,0.791015625,0.0,-32.452674865722656,-50.68172073364258
18.16810016600357,2.1447837500018068,7,87490.004909209,0.6,0.5897436141967773,6.37922477722168,0.09889984130859375,65,425,0.791015625,0.0,-32.452674865722656,-50.68172073364258
18.16824241600989,2.1449260000081267,7,87490.00528075,0.6,0.5897436141967773,6.379606246948242,0.34066009521484375,65,425,0.791015625,0.0,-32.452674865722656,-50.68172073364258
18.168273875009618,2.1449574590078555,7,87490.00532575,0.6,0.5897436141967773,6.379606246948242,0.34066009521484375,65,425,0.791015625,0.0,-32.66743469238281,-50.70856475830078
18.198041583003942,2.1747251670021797,7,87490.035233959,0.6,0.5897436141967773,6.379606246948242,0.34066009521484375,65,425,0.791015625,0.0,-32.66743469238281,-50.70856475830078
18.19818358300836,2.174867167006596,7,87490.035833667,0.6,0.5897436141967773,6.379606246948242,0.34066009521484375,65,425,0.791015625,0.0,-32.66743469238281,-50.70856475830078
18.198236124997493,2.1749197089957306,7,87490.035903959,0.6,0.5897436141967773,6.379606246948242,0.34066009521484375,65,425,0.791015625,0.0,-32.66743469238281,-50.70856475830078
18.257746666000457,2.234430249998695,7,87490.096297209,0.6,0.5897436141967773,6.379606246948242,0.34066009521484375,65,425,0.791015625,0.0,-32.07686233520508,-50.62803649902344
18.257900374999736,2.2345839589979732,7,87490.096407042,0.6,0.5897436141967773,6.379606246948242,0.34066009521484375,65,424,0.703125,-1.4527365947056847,-32.07686233520508,-50.62803649902344
18.25796750000154,2.234651083999779,7,87490.096459959,0.6,0.5897436141967773,6.37922477722168,-0.14285659790039062,65,424,0.703125,-1.4527365947056847,-32.07686233520508,-50.62803649902344
18.2891551250068,2.2658387090050383,7,87490.125086834,0.6,0.5897436141967773,6.37922477722168,-0.14285659790039062,65,425,0.791015625,3.064918552202658,-32.07686233520508,-50.62803649902344
18.28928712500783,2.2659707090060692,7,87490.125455459,0.6,0.5970697402954102,6.37922477722168,-0.25274658203125,65,425,0.791015625,3.064918552202658,-32.07686233520508,-50.62803649902344
18.289337833004538,2.2660214170027757,7,87490.125824625,0.6,0.5970697402954102,6.37922477722168,-0.25274658203125,65,425,0.791015625,3.064918552202658,-32.721126556396484,-50.735408782958984
18.318967625004007,2.2956512090022443,7,87490.154886417,0.6,0.5970697402954102,6.37922477722168,-0.25274658203125,65,425,0.791015625,3.064918552202658,-32.721126556396484,-50.735408782958984
18.319298166010412,2.29598175000865,7,87490.15534875,0.6,0.5970697402954102,6.37922477722168,-0.25274658203125,65,425,0.791015625,3.064918552202658,-32.721126556396484,-50.735408782958984
18.319378540996695,2.2960621249949327,7,87490.155406084,0.6,0.5970697402954102,6.37922477722168,-0.25274658203125,65,425,0.791015625,0.0,-32.721126556396484,-50.735408782958984
18.34982937500172,2.326512958999956,7,87490.185409334,0.6,0.5970697402954102,6.37922477722168,-0.25274658203125,65,425,0.791015625,0.0,-32.53321838378906,-50.68172073364258
18.35005620800075,2.326739791998989,7,87490.185798084,0.6,0.5970697402954102,6.37922477722168,-0.25274658203125,65,425,0.791015625,0.0,-32.53321838378906,-50.68172073364258
18.409098875010386,2.385782459008624,7,87490.245040917,0.6,-4.899398264535844e+34,6.379150867462158,-0.27472686767578125,65,425,0.791015625,0.0,-32.53321838378906,-50.68172073364258
18.409275124999112,2.38595870899735,7,87490.246128209,0.6,-4.899398264535844e+34,6.379150867462158,-0.27472686767578125,65,425,0.791015625,0.0,-32.53321838378906,-50.68172073364258
18.40936429100111,2.386047874999349,7,87490.246246625,0.6,0.5897436141967773,6.379606246948242,0.120880126953125,65,425,0.791015625,0.0,-32.53321838378906,-50.68172073364258
18.40944716600643,2.386130750004668,7,87490.246582375,0.6,0.5897436141967773,6.379606246948242,0.120880126953125,65,425,0.791015625,0.0,-31.969486236572266,-50.57434844970703
18.440103625005577,2.4167872090038145,7,87490.275236167,0.6,0.5897436141967773,6.379606246948242,0.120880126953125,65,425,0.791015625,0.0,-31.969486236572266,-50.57434844970703
18.440272624997306,2.4169562089955434,7,87490.275752875,0.6,0.5897436141967773,6.379606246948242,0.120880126953125,65,425,0.791015625,0.0,-31.969486236572266,-50.57434844970703
18.440340000001015,2.417023583999253,7,87490.275819584,0.6,0.5897436141967773,6.379606246948242,0.120880126953125,65,425,0.791015625,0.0,-31.969486236572266,-50.57434844970703
18.501229250003234,2.477912834001472,7,87490.335947709,0.6,0.5897436141967773,6.379606246948242,0.120880126953125,65,425,0.791015625,0.0,-32.53321838378906,-50.54750061035156
18.50142324999615,2.4781068339943886,7,87490.336625542,0.6,0.5897436141967773,6.379606246948242,0.120880126953125,65,425,0.791015625,0.0,-32.53321838378906,-50.54750061035156
18.50153933301044,2.4782229170086794,7,87490.336846125,0.6,0.5970697402954102,6.37922477722168,0.010990142822265625,65,425,0.791015625,0.0,-32.53321838378906,-50.54750061035156
18.53249404100643,2.509177625004668,7,87490.366110709,0.6,0.5970697402954102,6.37922477722168,0.010990142822265625,65,425,0.791015625,0.0,-32.53321838378906,-50.54750061035156
18.53263662500831,2.509320209006546,7,87490.366388667,0.6,0.5897436141967773,6.37922477722168,0.07692337036132812,65,425,0.791015625,0.0,-32.53321838378906,-50.54750061035156
18.53268258299795,2.5093661669961875,7,87490.366554167,0.6,0.5897436141967773,6.37922477722168,0.07692337036132812,65,425,0.791015625,0.0,-32.560062408447266,-50.654876708984375
18.591221208000206,2.567904791998444,7,87490.425194417,0.6,0.5897436141967773,6.37922477722168,0.07692337036132812,65,425,0.791015625,0.0,-32.560062408447266,-50.654876708984375
18.591337625010055,2.5680212090082932,7,87490.425682834,0.6,0.5897436141967773,6.37922477722168,0.07692337036132812,65,425,0.791015625,0.0,-32.560062408447266,-50.654876708984375
18.591382041006,2.5680656250042375,7,87490.425770125,0.6,0.5897436141967773,6.37922477722168,0.07692337036132812,65,425,0.791015625,0.0,-32.560062408447266,-50.654876708984375
18.62256287499622,2.5992464589944575,7,87490.456564334,0.6,0.5897436141967773,6.37922477722168,0.07692337036132812,65,425,0.791015625,0.0,-32.774803161621094,-50.62803649902344
18.622728250004002,2.5994118340022396,7,87490.457007084,0.6,0.5897436141967773,6.37922477722168,0.07692337036132812,65,425,0.791015625,0.0,-32.774803161621094,-50.62803649902344
18.622838208000758,2.5995217919989955,7,87490.457276625,0.6,0.5970697402954102,6.37922477722168,-0.14285659790039062,65,425,0.791015625,0.0,-32.774803161621094,-50.62803649902344
18.677163208005368,2.6538467920036055,7,87490.515962,0.6,0.5970697402954102,6.37922477722168,-0.14285659790039062,65,425,0.791015625,0.0,-32.774803161621094,-50.62803649902344
18.67723337499774,2.6539169589959783,7,87490.516102542,0.6,0.5970697402954102,6.37922477722168,0.23077011108398438,65,425,0.791015625,0.0,-32.774803161621094,-50.62803649902344
18.677261707998696,2.6539452919969335,7,87490.516197334,0.6,0.5970697402954102,6.37922477722168,0.23077011108398438,65,425,0.791015625,0.0,-32.721126556396484,-50.49381637573242
18.740075791007257,2.716759375005495,7,87490.574912959,0.6,0.5970697402954102,6.37922477722168,0.23077011108398438,65,425,0.791015625,0.0,-32.721126556396484,-50.49381637573242
18.740192333003506,2.716875917001744,7,87490.575220625,0.6,0.5970697402954102,6.37922477722168,0.23077011108398438,65,425,0.791015625,0.0,-32.721126556396484,-50.49381637573242
18.740236208002898,2.7169197920011356,7,87490.575415084,0.6,0.5970697402954102,6.37922477722168,0.23077011108398438,65,425,0.791015625,0.0,-32.721126556396484,-50.49381637573242
18.770757332997164,2.7474409169954015,7,87490.605039667,0.6,0.5970697402954102,6.37922477722168,0.23077011108398438,65,425,0.791015625,0.0,-32.66743469238281,-50.52065658569336
18.770889040999464,2.7475726249977015,7,87490.605326917,0.6,0.5897436141967773,6.379606246948242,0.34066009521484375,65,425,0.791015625,0.0,-32.66743469238281,-50.52065658569336
18.7709432499978,2.747626833996037,7,87490.605521042,0.6,0.5897436141967773,6.379606246948242,0.34066009521484375,65,425,0.791015625,0.0,-31.513139724731445,-51.00384521484375
18.80245337499946,2.7791369589976966,7,87490.636556167,0.6,0.5970697402954102,6.37922477722168,-0.09889984130859375,65,425,0.791015625,0.0,-31.513139724731445,-51.00384521484375
18.802578583010472,2.77926216700871,7,87490.636848542,0.6,0.5970697402954102,6.37922477722168,-0.09889984130859375,65,425,0.791015625,0.0,-32.909027099609375,-50.27906036376953
18.802632958002505,2.7793165420007426,7,87490.637028667,0.6,0.5970697402954102,6.37922477722168,-0.09889984130859375,65,425,0.791015625,0.0,-32.909027099609375,-50.27906036376953
18.826681958002155,2.8033655420003925,7,87490.665506667,0.6,0.5970697402954102,6.37922477722168,-0.09889984130859375,65,425,0.791015625,0.0,-32.909027099609375,-50.52065658569336
18.82707204100734,2.8037556250055786,7,87490.666072209,0.6,0.5970697402954102,6.37922477722168,-0.09889984130859375,65,425,0.791015625,0.0,-32.909027099609375,-50.52065658569336
18.827244166008313,2.803927750006551,7,87490.666151959,0.6,0.5897436141967773,6.37922477722168,-0.3846168518066406,65,425,0.791015625,0.0,-32.909027099609375,-50.52065658569336
18.85795925000275,2.834642834000988,7,87490.695141834,0.6,0.5897436141967773,6.37922477722168,-0.3846168518066406,65,425,0.791015625,0.0,-32.909027099609375,-50.52065658569336
18.858096458003274,2.834780042001512,7,87490.695832375,0.6,0.5897436141967773,6.37922477722168,-0.3846168518066406,65,425,0.791015625,0.0,-32.909027099609375,-50.52065658569336
18.85814312500588,2.834826709004119,7,87490.695904542,0.6,0.5897436141967773,6.37922477722168,-0.3846168518066406,65,425,0.791015625,0.0,-32.613739013671875,-50.62803649902344
18.889254833004088,2.865938417002326,7,87490.725055292,0.6,0.5897436141967773,6.37922477722168,-0.3846168518066406,65,425,0.791015625,0.0,-32.613739013671875,-50.62803649902344
18.88939737500914,2.866080959007377,7,87490.725327792,0.6,0.5897436141967773,6.37922477722168,-0.3846168518066406,65,425,0.791015625,0.0,-32.613739013671875,-50.62803649902344
18.88943720801035,2.866120792008587,7,87490.725494334,0.6,0.5897436141967773,6.37922477722168,-0.3846168518066406,65,425,0.791015625,0.0,-32.613739013671875,-50.62803649902344
18.920370958003332,2.8970545420015696,7,87490.756385542,0.6,0.5897436141967773,6.37922477722168,-0.3846168518066406,65,425,0.791015625,0.0,-32.479522705078125,-50.60118865966797
18.920519040999352,2.8972026249975897,7,87490.756870584,0.6,0.5897436141967773,6.37922477722168,-0.3846168518066406,65,425,0.791015625,0.0,-32.479522705078125,-50.60118865966797
18.920574333009426,2.897257917007664,7,87490.756931917,0.6,0.5970697402954102,6.37922477722168,0.0549468994140625,65,425,0.791015625,0.0,-32.479522705078125,-50.60118865966797
18.9455793750094,2.9222629590076394,7,87490.784602542,0.6,0.5970697402954102,6.37922477722168,0.0549468994140625,65,425,0.791015625,0.0,-32.479522705078125,-50.60118865966797
18.95282187500561,2.929505459003849,7,87490.784972709,0.6,0.5897436141967773,6.37922477722168,-0.27472686767578125,65,425,0.791015625,0.0,-32.479522705078125,-50.60118865966797
18.95299254100246,2.9296761250006966,7,87490.785017209,0.6,0.5897436141967773,6.37922477722168,-0.27472686767578125,65,425,0.791015625,0.0,-32.318458557128906,-50.225372314453125
18.978171499999007,2.954855083997245,7,87490.814613709,0.6,0.5897436141967773,6.37922477722168,-0.27472686767578125,65,425,0.791015625,0.0,-32.318458557128906,-50.225372314453125
18.97825491600088,2.954938499999116,7,87490.814776625,0.6,0.5897436141967773,6.37922477722168,-0.27472686767578125,65,425,0.791015625,0.0,-32.318458557128906,-50.225372314453125
18.97829037500196,2.954973959000199,7,87490.814882959,0.6,0.5897436141967773,6.37922477722168,-0.27472686767578125,65,425,0.791015625,0.0,-32.318458557128906,-50.225372314453125
19.04222191601002,0.015146500008995645,8,87490.876025417,0.7,0.5897436141967773,6.37922477722168,-0.27472686767578125,65,425,0.791015625,0.0,-32.80165481567383,-50.440128326416016
19.042401708007674,0.015326292006648146,8,87490.876135542,0.7,0.5897436141967773,6.37922477722168,-0.27472686767578125,65,425,0.791015625,0.0,-32.80165481567383,-50.440128326416016
19.042471624998143,0.015396208997117355,8,87490.876606084,0.7,0.5970697402954102,6.37922477722168,0.09889984130859375,65,425,0.791015625,0.0,-32.80165481567383,-50.440128326416016
19.042522125004325,0.015446709003299475,8,87490.877079584,0.7,0.5970697402954102,6.37922477722168,0.09889984130859375,65,425,0.791015625,0.0,-32.80165481567383,-50.440128326416016
19.067237666007713,0.04016225000668783,8,87490.904800792,0.7,0.5970697402954102,6.37922477722168,0.09889984130859375,65,425,0.791015625,0.0,-32.74797058105469,-50.52065658569336
19.067305333010154,0.04022991700912826,8,87490.904865417,0.7,0.5970697402954102,6.37922477722168,0.09889984130859375,65,425,0.791015625,0.0,-32.74797058105469,-50.52065658569336
19.097069208000903,0.06999379199987743,8,87490.934885125,0.7,0.5970697402954102,6.37922477722168,0.09889984130859375,65,425,0.791015625,0.0,-32.64058303833008,-50.57434844970703
19.09720354100864,0.07012812500761356,8,87490.93520325,0.7,0.5970697402954102,6.37922477722168,0.09889984130859375,65,425,0.791015625,0.0,-32.64058303833008,-50.57434844970703
19.12746254100057,0.10038712499954272,8,87490.964788209,0.7,0.5897436141967773,6.379606246948242,0.07692337036132812,65,425,0.791015625,0.0,-32.64058303833008,-50.57434844970703
19.127601708009024,0.10052629200799856,8,87490.965172542,0.7,0.5897436141967773,6.379606246948242,0.07692337036132812,65,425,0.791015625,0.0,-32.64058303833008,-50.57434844970703
19.127653582996572,0.10057816699554678,8,87490.96523825,0.7,0.5897436141967773,6.379606246948242,0.07692337036132812,65,425,0.791015625,0.0,-32.64058303833008,-50.57434844970703
19.127691500005312,0.10061608400428668,8,87490.965438792,0.7,0.5897436141967773,6.379606246948242,0.07692337036132812,65,425,0.791015625,0.0,-32.130558013916016,-51.1917610168457
19.158940708002774,0.13186529200174846,8,87490.995085,0.7,0.5897436141967773,6.379606246948242,0.07692337036132812,65,425,0.791015625,0.0,-32.130558013916016,-51.1917610168457
19.159053291004966,0.13197787500394043,8,87490.995362625,0.7,0.5897436141967773,6.379606246948242,0.07692337036132812,65,425,0.791015625,0.0,-32.130558013916016,-51.1917610168457
19.159089708002284,0.13201429200125858,8,87490.99550025,0.7,0.5897436141967773,6.379606246948242,0.07692337036132812,65,425,0.791015625,0.0,-32.130558013916016,-51.1917610168457
19.189774790997035,0.16269937499600928,8,87491.025375709,0.7,0.5897436141967773,6.379606246948242,0.07692337036132812,65,425,0.791015625,0.0,-33.338539123535156,-51.86286163330078
19.189893041009782,0.1628176250087563,8,87491.025750459,0.7,0.5897436141967773,6.379606246948242,0.07692337036132812,65,425,0.791015625,0.0,-33.338539123535156,-51.86286163330078
19.1899423750001,0.162866958999075,8,87491.025809459,0.7,0.6923074722290039,6.381513595581055,0.7582435607910156,65,425,0.791015625,0.0,-33.338539123535156,-51.86286163330078
19.220473583001876,0.19339816700085066,8,87491.055062125,0.7,0.6923074722290039,6.381513595581055,0.7582435607910156,65,425,0.791015625,0.0,-33.338539123535156,-51.86286163330078
19.220595582999522,0.19352016699849628,8,87491.055871167,0.7,0.7069597244262695,6.38532829284668,0.03296661376953125,65,425,0.791015625,0.0,-33.338539123535156,-51.86286163330078
19.22064795800543,0.19357254200440366,8,87491.055948,0.7,0.7069597244262695,6.38532829284668,0.03296661376953125,65,425,0.791015625,0.0,-33.043251037597656,-52.2923698425293
19.280826791000436,0.2537513749994105,8,87491.115075792,0.7,0.7069597244262695,6.38532829284668,0.03296661376953125,65,425,0.791015625,0.0,-33.043251037597656,-52.2923698425293
19.280960500007495,0.2538850840064697,8,87491.115397542,0.7,0.7069597244262695,6.38532829284668,0.03296661376953125,65,425,0.791015625,0.0,-33.043251037597656,-52.2923698425293
19.281040208006743,0.25396479200571775,8,87491.115562334,0.7,0.7069597244262695,6.38532829284668,0.03296661376953125,65,425,0.791015625,0.0,-33.043251037597656,-52.2923698425293
19.28113766601018,0.25406225000915583,8,87491.115722959,0.7,0.7069597244262695,6.38532829284668,0.03296661376953125,65,425,0.791015625,0.0,-32.82849884033203,-52.158145904541016
19.336444250002387,0.3093688340013614,8,87491.17503925,0.7,0.6996335983276367,6.38838005065918,0.4505500793457031,65,425,0.791015625,0.0,-32.82849884033203,-52.158145904541016
19.33704245800618,0.30996704200515524,8,87491.176064084,0.7,0.6996335983276367,6.38838005065918,0.4505500793457031,65,425,0.791015625,0.0,-32.855342864990234,1.0307558254450873e-29
19.337194958003238,0.31011954200221226,8,87491.176164459,0.7,0.6996335983276367,6.38838005065918,0.4505500793457031,65,425,0.791015625,0.0,-32.855342864990234,1.0307558254450873e-29
19.368177791009657,0.3411023750086315,8,87491.205116167,0.7,0.6996335983276367,6.38838005065918,0.4505500793457031,65,425,0.791015625,0.0,-32.210941314697266,-52.66818618774414
19.36846645800688,0.3413910420058528,8,87491.205246667,0.7,0.6996335983276367,6.38838005065918,0.4505500793457031,65,425,0.791015625,0.0,-32.210941314697266,-52.66818618774414
19.368491041008383,0.34141562500735745,8,87491.205321667,0.7,0.6996335983276367,6.387998580932617,-0.16483688354492188,65,425,0.791015625,0.0,-32.210941314697266,-52.66818618774414
19.399857374999556,0.37278195899853017,8,87491.234573875,0.7,0.6996335983276367,6.387998580932617,-0.16483688354492188,65,425,0.791015625,0.0,-32.210941314697266,-52.66818618774414
19.399912416003644,0.3728370000026189,8,87491.234705584,0.7,0.6996335983276367,6.387998580932617,-0.20878982543945312,65,425,0.791015625,0.0,-32.210941314697266,-52.66818618774414
19.399938333008322,0.37286291700729635,8,87491.236023167,0.7,0.6996335983276367,6.387998580932617,-0.20878982543945312,65,425,0.791015625,0.0,-32.82849884033203,-52.238685607910156
19.43138620800164,0.40431079200061504,8,87491.264787417,0.7,0.6996335983276367,6.387998580932617,-0.20878982543945312,65,425,0.791015625,0.0,-32.82849884033203,-52.238685607910156
19.431443541005137,0.4043681250041118,8,87491.264921542,0.7,0.6996335983276367,6.387998580932617,-0.20878982543945312,65,425,0.791015625,0.0,-32.82849884033203,-52.238685607910156
19.43147070800478,0.40439529200375546,8,87491.265047084,0.7,0.6996335983276367,6.387998580932617,-0.20878982543945312,65,425,0.791015625,0.0,-32.82849884033203,-52.238685607910156
19.45559308301017,0.42851766700914595,8,87491.294445792,0.7,0.6996335983276367,6.387998580932617,-0.20878982543945312,65,425,0.791015625,0.0,-32.88218688964844,-52.26552963256836
19.455655541009037,0.42858012500801124,8,87491.294612959,0.7,0.6996335983276367,6.387998580932617,-0.20878982543945312,65,425,0.791015625,0.0,-32.88218688964844,-52.26552963256836
19.455688957998063,0.42861354199703783,8,87491.2947275,0.7,0.6996335983276367,6.38838005065918,0.25274658203125,65,425,0.791015625,0.0,-32.88218688964844,-52.26552963256836
19.48714758300048,0.46007216699945275,8,87491.325041334,0.7,0.6996335983276367,6.38838005065918,0.25274658203125,65,425,0.791015625,0.0,-32.88218688964844,-52.26552963256836
19.487250791004044,0.4601753750030184,8,87491.325168042,0.7,0.6996335983276367,6.388761520385742,-0.07692337036132812,65,425,0.791015625,0.0,-32.88218688964844,-52.26552963256836
19.487292125006206,0.46021670900518075,8,87491.325426417,0.7,0.6996335983276367,6.388761520385742,-0.07692337036132812,65,425,0.791015625,0.0,1.6881872777993447e-21,-52.37290573120117
19.522485374996904,0.4954099589958787,8,87491.355730709,0.7,0.6996335983276367,6.388761520385742,-0.07692337036132812,65,425,0.791015625,0.0,1.6881872777993447e-21,-52.37290573120117
19.52261666599952,0.4955412499984959,8,87491.356238375,0.7,0.6996335983276367,6.388761520385742,-0.07692337036132812,65,425,0.791015625,0.0,1.6881872777993447e-21,-52.37290573120117
19.522670874997857,0.49559545899683144,8,87491.356436875,0.7,0.6996335983276367,6.388761520385742,-0.07692337036132812,65,425,0.791015625,0.0,1.6881872777993447e-21,-52.37290573120117
19.55124387500109,0.5241684590000659,8,87491.385407042,0.7,0.6996335983276367,6.388761520385742,-0.07692337036132812,65,425,0.791015625,0.0,-32.98956298828125,-52.238685607910156
19.55133625000599,0.5242608340049628,8,87491.385469917,0.7,0.6996335983276367,6.388761520385742,-0.07692337036132812,65,425,0.791015625,0.0,-32.98956298828125,-52.238685607910156
19.551365749997785,0.5242903339967597,8,87491.385504334,0.7,0.6996335983276367,6.388761520385742,0.010990142822265625,65,425,0.791015625,0.0,-32.98956298828125,-52.238685607910156
19.60596854100004,0.5788931249990128,8,87491.444792125,0.7,0.6996335983276367,6.388761520385742,0.010990142822265625,65,425,0.791015625,0.0,-32.98956298828125,-52.238685607910156
19.60615120800503,0.579075792004005,8,87491.445090042,0.7,0.6996335983276367,6.388761520385742,0.07692337036132812,65,425,0.791015625,0.0,-32.98956298828125,-52.238685607910156
19.6122973330057,0.5852219170046737,8,87491.445544792,0.7,0.6996335983276367,6.388761520385742,0.07692337036132812,65,425,0.791015625,0.0,-32.74797058105469,-52.18499755859375
19.636396041008993,0.6093206250079675,8,87491.475184167,0.7,0.6996335983276367,6.388761520385742,0.07692337036132812,65,425,0.791015625,0.0,-32.74797058105469,-52.18499755859375
19.64257720799651,0.6155017919954844,8,87491.475906042,0.7,0.6996335983276367,6.388761520385742,0.07692337036132812,65,425,0.791015625,0.0,-32.74797058105469,-52.18499755859375
19.64266925000993,0.6155938340089051,8,87491.476189,0.7,0.6996335983276367,6.388761520385742,0.07692337036132812,65,425,0.791015625,0.0,-32.74797058105469,-52.18499755859375
19.704674291002448,0.6775988750014221,8,87491.543563709,0.7,0.6996335983276367,6.388761520385742,0.07692337036132812,65,425,0.791015625,0.0,-32.80165481567383,-52.2923698425293
19.704795833007665,0.6777204170066398,8,87491.543654334,0.7,0.6996335983276367,6.388761520385742,0.07692337036132812,65,425,0.791015625,0.0,-32.80165481567383,-52.2923698425293
19.70484537500306,0.6777699590020347,8,87491.543700584,0.7,0.6923074722290039,6.388761520385742,0.010990142822265625,65,425,0.791015625,0.0,-32.80165481567383,-52.2923698425293
19.727763208007673,0.7006877920066472,8,87491.564411542,0.7,0.6923074722290039,6.388761520385742,0.010990142822265625,65,425,0.791015625,0.0,-32.80165481567383,-52.2923698425293
19.727816416008864,0.700741000007838,8,87491.564578,0.7,0.6996335983276367,6.389142990112305,0.09889984130859375,65,425,0.791015625,0.0,-32.80165481567383,-52.2923698425293
19.72783995801001,0.700764542008983,8,87491.564606292,0.7,0.6996335983276367,6.389142990112305,0.09889984130859375,65,425,0.791015625,0.0,-32.93587875366211,-52.21184158325195
19.759400499999174,0.7323250839981483,8,87491.594855667,0.7,0.6996335983276367,6.389142990112305,0.09889984130859375,65,425,0.791015625,0.0,-32.93587875366211,-52.21184158325195
19.75951691600494,0.7324415000039153,8,87491.595233292,0.7,0.6996335983276367,6.389142990112305,0.09889984130859375,65,425,0.791015625,0.0,-32.93587875366211,-52.21184158325195
19.759563208004693,0.732487792003667,8,87491.595307417,0.7,0.6996335983276367,6.389142990112305,0.09889984130859375,65,425,0.791015625,0.0,-32.93587875366211,-52.21184158325195
19.818982333003078,0.7919069170020521,8,87491.655576667,0.7,0.6996335983276367,6.389142990112305,0.09889984130859375,65,425,0.791015625,0.0,-32.909027099609375,-52.21184158325195
19.819138624996413,0.792063208995387,8,87491.656263209,0.7,0.6996335983276367,6.389142990112305,0.09889984130859375,65,425,0.791015625,0.0,-32.909027099609375,-52.21184158325195
19.819205375009915,0.7921299590088893,8,87491.656684667,0.7,0.6996335983276367,6.388761520385742,-0.09889984130859375,65,425,0.791015625,0.0,-32.909027099609375,-52.21184158325195
19.85024612500274,0.8231707090017153,8,87491.685011709,0.7,0.6996335983276367,6.388761520385742,-0.09889984130859375,65,425,0.791015625,0.0,-32.909027099609375,-52.21184158325195
19.85036958300043,0.8232941669994034,8,87491.685444375,0.7,0.6923074722290039,6.389142990112305,0.1868133544921875,65,425,0.791015625,0.0,-32.909027099609375,-52.21184158325195
19.850417791007203,0.8233423750061775,8,87491.685513834,0.7,0.6923074722290039,6.389142990112305,0.1868133544921875,65,425,0.791015625,0.0,-33.07009506225586,-52.21184158325195
19.881031500000972,0.8539560839999467,8,87491.714613542,0.7,0.6923074722290039,6.389142990112305,0.1868133544921875,65,425,0.791015625,0.0,-33.07009506225586,-52.21184158325195
19.88117062499805,0.8540952089970233,8,87491.7147615,0.7,0.6923074722290039,6.389142990112305,0.1868133544921875,65,425,0.791015625,0.0,-33.07009506225586,-52.21184158325195
19.881224708005902,0.8541492920048768,8,87491.714864459,0.7,0.6923074722290039,6.389142990112305,0.1868133544921875,65,425,0.791015625,0.0,-33.07009506225586,-52.21184158325195
19.910477500001434,0.8834020840004086,8,87491.745244084,0.7,0.6923074722290039,6.389142990112305,0.1868133544921875,65,425,0.791015625,0.0,-33.499603271484375,-51.86286163330078
19.91063962499902,0.8835642089979956,8,87491.745742417,0.7,0.6923074722290039,6.389142990112305,0.1868133544921875,65,425,0.791015625,0.0,-33.499603271484375,-51.86286163330078
19.910692833000212,0.8836174169991864,8,87491.745905917,0.7,0.6996335983276367,6.389142990112305,-0.120880126953125,65,425,0.791015625,0.0,-33.499603271484375,-51.86286163330078
19.94011062500067,0.913035208999645,8,87491.775282709,0.7,0.6996335983276367,6.389142990112305,-0.120880126953125,65,425,0.791015625,0.0,-33.499603271484375,-51.86286163330078
19.940305916010402,0.9132305000093766,8,87491.775817792,0.7,0.6923074722290039,6.389142990112305,0.03296661376953125,65,425,0.791015625,0.0,-33.499603271484375,-51.86286163330078
19.940443750005215,0.9133683340041898,8,87491.775915625,0.7,0.6923074722290039,6.389142990112305,0.03296661376953125,65,425,0.791015625,0.0,-32.96271896362305,-52.02392578125
19.970902875007596,0.9438274590065703,8,87491.804660417,0.7,0.6923074722290039,6.389142990112305,0.03296661376953125,65,425,0.791015625,0.0,-32.96271896362305,-52.02392578125
19.99636124999961,0.9692858339985833,8,87491.835166084,0.7,0.6923074722290039,6.389142990112305,0.03296661376953125,65,425,0.791015625,0.0,-33.204322814941406,-52.02392578125
19.996430041006533,0.9693546250055078,8,87491.835343667,0.7,0.6923074722290039,6.389142990112305,0.03296661376953125,65,425,0.791015625,0.0,-33.204322814941406,-52.02392578125
19.99645987500844,0.969384459007415,8,87491.835461959,0.7,0.6923074722290039,6.389142990112305,0.03296661376953125,65,425,0.791015625,0.0,-32.88218688964844,-51.94339370727539
20.090088500001002,1.0630130839999765,8,87491.925359209,0.7,0.6923074722290039,6.389142990112305,0.03296661376953125,65,425,0.791015625,0.0,-32.88218688964844,-51.94339370727539
20.09024112499901,1.0631657089979853,8,87491.925828167,0.7,0.6923074722290039,6.389142990112305,0.03296661376953125,65,425,0.791015625,0.0,-33.07009506225586,-52.131309509277344
20.090323124997667,1.0632477089966414,8,87491.926152917,0.7,0.6923074722290039,6.389142990112305,0.03296661376953125,65,425,0.791015625,0.0,-33.07009506225586,-52.131309509277344
20.090393375008716,1.0633179590076907,8,87491.926486042,0.7,0.6923074722290039,6.389142990112305,0.03296661376953125,65,425,0.791015625,0.0,-33.15062713623047,-52.21184158325195
20.120042125010514,1.0929667090094881,8,87491.955338375,0.7,0.6996335983276367,6.38990592956543,0.010990142822265625,65,425,0.791015625,0.0,-33.15062713623047,-52.21184158325195
20.120170333000715,1.0930949169996893,8,87491.955656542,0.7,0.6996335983276367,6.38990592956543,0.010990142822265625,65,425,0.791015625,0.0,-33.15062713623047,-52.158145904541016
20.120215875009308,1.093140459008282,8,87491.955713667,0.7,0.6996335983276367,6.38990592956543,0.010990142822265625,65,425,0.791015625,0.0,-33.15062713623047,-52.158145904541016
20.15057495801011,1.1234995420090854,8,87491.985430542,0.7,0.6996335983276367,6.38990592956543,0.010990142822265625,65,425,0.791015625,0.0,-33.07009506225586,-52.2923698425293
20.15070429100888,1.123628875007853,8,87491.985817292,0.7,0.6996335983276367,6.38990592956543,0.010990142822265625,65,425,0.791015625,0.0,-33.07009506225586,-52.2923698425293
20.15083600000071,1.1237605839996831,8,87491.985874834,0.7,0.6996335983276367,6.38990592956543,-0.25274658203125,65,425,0.791015625,0.0,-33.07009506225586,-52.2923698425293
20.176142208001693,1.1490667920006672,8,87492.0152425,0.7,0.6996335983276367,6.38990592956543,-0.25274658203125,65,425,0.791015625,0.0,-33.07009506225586,-52.2923698425293
20.18175925000105,1.154683834000025,8,87492.015814,0.7,0.6923074722290039,6.38990592956543,-0.120880126953125,65,425,0.791015625,0.0,-33.07009506225586,-52.2923698425293
20.181897665999713,1.1548222499986878,8,87492.016067334,0.7,0.6923074722290039,6.38990592956543,-0.120880126953125,65,425,0.791015625,0.0,-33.09693908691406,-52.158145904541016
20.207116749996203,1.1800413339951774,8,87492.044779375,0.7,0.6923074722290039,6.38990592956543,-0.120880126953125,65,425,0.791015625,0.0,-33.09693908691406,-52.158145904541016
20.20720745800645,1.1801320420054253,8,87492.045054875,0.7,0.6923074722290039,6.38990592956543,-0.120880126953125,65,425,0.791015625,0.0,-33.09693908691406,-52.158145904541016
20.20724537500064,1.1801699589996133,8,87492.045093375,0.7,0.6923074722290039,6.38990592956543,-0.120880126953125,65,425,0.791015625,0.0,-33.09693908691406,-52.158145904541016
20.238649541002815,1.211574125001789,8,87492.07473525,0.7,0.6923074722290039,6.38990592956543,-0.120880126953125,65,425,0.791015625,0.0,-33.31168746948242,-52.131309509277344
20.238698875007685,1.2116234590066597,8,87492.074848959,0.7,0.6923074722290039,6.38990592956543,-0.120880126953125,65,425,0.791015625,0.0,-33.31168746948242,-52.131309509277344
20.23871516600775,1.211639750006725,8,87492.074877542,0.7,0.6849813461303711,6.390287399291992,-0.09889984130859375,65,425,0.791015625,0.0,-33.31168746948242,-52.131309509277344
20.270117207997828,1.2430417919968022,8,87492.105902167,0.7,0.6849813461303711,6.390287399291992,-0.09889984130859375,65,425,0.791015625,0.0,-33.31168746948242,-52.131309509277344
20.27020183300192,1.2431264170008944,8,87492.106193792,0.7,0.6923074722290039,6.390287399291992,0.14285659790039062,65,425,0.791015625,0.0,-33.31168746948242,-52.131309509277344
20.270238166005583,1.243162750004558,8,87492.106243,0.7,0.6923074722290039,6.390287399291992,0.14285659790039062,65,425,0.791015625,0.0,-33.55328369140625,-52.050777435302734
20.301643208003952,1.2745677920029266,8,87492.135024625,0.7,0.6923074722290039,6.390287399291992,0.14285659790039062,65,425,0.791015625,0.0,-33.55328369140625,-52.050777435302734
20.301776250009425,1.2747008340083994,8,87492.135178459,0.7,0.6923074722290039,6.390287399291992,0.14285659790039062,65,425,0.791015625,0.0,-33.55328369140625,-52.050777435302734
20.301804625007208,1.274729209006182,8,87492.135268667,0.7,0.6923074722290039,6.390287399291992,0.14285659790039062,65,425,0.791015625,0.0,-33.55328369140625,-52.050777435302734
20.326082083003712,1.2990066670026863,8,87492.16448775,0.7,0.6923074722290039,6.390287399291992,0.14285659790039062,65,425,0.791015625,0.0,-33.55328369140625,-52.050777435302734
20.32619591600087,1.2991204999998445,8,87492.164613084,0.7,0.6923074722290039,6.390287399291992,0.07692337036132812,65,425,0.791015625,0.0,-33.55328369140625,-52.050777435302734
20.357535582996206,1.3304601669951808,8,87492.194657875,0.7,0.6923074722290039,6.390287399291992,0.07692337036132812,65,425,0.791015625,0.0,-33.043251037597656,-52.34606170654297
20.35764604099677,1.3305706249957439,8,87492.194962167,0.7,0.6923074722290039,6.390287399291992,0.07692337036132812,65,425,0.791015625,0.0,-33.043251037597656,-52.34606170654297
20.357686540999566,1.3306111249985406,8,87492.19520425,0.7,0.6923074722290039,6.390287399291992,0.07692337036132812,65,425,0.791015625,0.0,-33.043251037597656,-52.34606170654297
20.357718458006275,1.3306430420052493,8,87492.19525625,0.7,0.6923074722290039,6.390287399291992,0.07692337036132812,65,425,0.791015625,0.0,-33.043251037597656,-52.34606170654297
20.389187125008903,1.362111709007877,8,87492.224956625,0.7,0.6923074722290039,6.390287399291992,0.07692337036132812,65,425,0.791015625,0.0,-33.07009506225586,-52.533966064453125
20.38928787500481,1.3622124590037856,8,87492.225172209,0.7,0.6923074722290039,6.390287399291992,0.07692337036132812,65,425,0.791015625,0.0,-33.07009506225586,-52.533966064453125
20.38932712499809,1.3622517089970643,8,87492.2253315,0.7,0.6923074722290039,6.393339157104492,-0.20878982543945312,65,425,0.791015625,0.0,-33.07009506225586,-52.533966064453125
20.42099391600641,1.393918500005384,8,87492.254984334,0.7,0.6923074722290039,6.393339157104492,-0.20878982543945312,65,425,0.791015625,0.0,-33.07009506225586,-52.533966064453125
20.421090083007584,1.3940146670065587,8,87492.255359709,0.7,0.6923074722290039,6.394102096557617,-0.07692337036132812,65,425,0.791015625,0.0,-33.07009506225586,-52.533966064453125
20.42112787500082,1.394052458999795,8,87492.255436042,0.7,0.6923074722290039,6.394102096557617,-0.07692337036132812,65,425,0.791015625,0.0,-33.123783111572266,-53.09769058227539
20.451937999998336,1.4248625839973101,8,87492.28548975,0.7,0.6923074722290039,6.394102096557617,-0.07692337036132812,65,425,0.791015625,0.0,-33.123783111572266,-53.09769058227539
20.452150458004326,1.4250750420033,8,87492.28591325,0.7,0.6923074722290039,6.394102096557617,-0.07692337036132812,65,425,0.791015625,0.0,-33.123783111572266,-53.09769058227539
20.45222916601051,1.4251537500094855,8,87492.286164959,0.7,0.6923074722290039,6.394102096557617,-0.07692337036132812,65,425,0.791015625,0.0,-33.123783111572266,-53.09769058227539
20.543083208001917,1.5160077920008916,8,87492.376327875,0.7,0.6923074722290039,6.394102096557617,-0.07692337036132812,65,425,0.791015625,0.0,-33.60697937011719,-52.66818618774414
20.543249416004983,1.5161740000039572,8,87492.377011875,0.7,0.6923074722290039,6.394102096557617,-0.07692337036132812,65,425,0.791015625,0.0,-33.60697937011719,-52.66818618774414
20.54333004100772,1.5162546250066953,8,87492.377125625,0.7,0.6923074722290039,6.39448356628418,0.34066009521484375,65,425,0.791015625,0.0,-33.60697937011719,-52.66818618774414
20.543399707996286,1.5163242919952609,8,87492.377451709,0.7,0.6923074722290039,6.39448356628418,0.34066009521484375,65,425,0.791015625,0.0,-33.60697937011719,-52.66818618774414
20.569369125005323,1.5422937090042979,8,87492.405203959,0.7,0.6923074722290039,6.39448356628418,0.34066009521484375,65,425,0.791015625,0.0,-33.15062713623047,-52.93662643432617
20.569484874999034,1.5424094589980086,8,87492.405671875,0.7,0.6923074722290039,6.39448356628418,0.34066009521484375,65,425,0.791015625,0.0,-33.15062713623047,-52.93662643432617
20.569525750004686,1.5424503340036608,8,87492.405721209,0.7,0.6923074722290039,6.394102096557617,-0.34066009521484375,65,425,0.791015625,0.0,-33.15062713623047,-52.93662643432617
20.600255875004223,1.573180459003197,8,87492.434566167,0.7,0.6923074722290039,6.394102096557617,-0.34066009521484375,65,425,0.791015625,0.0,-33.15062713623047,-52.93662643432617
20.600383291006438,1.573307875005412,8,87492.434717834,0.7,0.6923074722290039,6.394102096557617,-0.34066009521484375,65,425,0.791015625,0.0,-33.15062713623047,-52.93662643432617
20.60041708299832,1.573341666997294,8,87492.436217459,0.7,0.6923074722290039,6.394102096557617,-0.34066009521484375,65,425,0.791015625,0.0,-33.17747116088867,-53.01716232299805
20.631165124999825,1.6040897089987993,8,87492.464976292,0.7,0.6923074722290039,6.394102096557617,-0.34066009521484375,65,425,0.791015625,0.0,-33.17747116088867,-53.01716232299805
20.63130654100678,1.6042311250057537,8,87492.465433584,0.7,0.6923074722290039,6.394102096557617,-0.34066009521484375,65,425,0.791015625,0.0,-33.17747116088867,-53.01716232299805
20.631362125001033,1.6042867090000072,8,87492.465499209,0.7,0.6923074722290039,6.394102096557617,-0.34066009521484375,65,425,0.791015625,0.0,-33.17747116088867,-53.01716232299805
20.692144166008802,1.6650687500077765,8,87492.525913667,0.7,0.6923074722290039,6.394102096557617,-0.34066009521484375,65,425,0.791015625,0.0,-32.98956298828125,-52.802406311035156
20.69235195800138,1.6652765420003561,8,87492.526409084,0.7,0.6923074722290039,6.394102096557617,-0.34066009521484375,65,425,0.791015625,0.0,-32.98956298828125,-52.802406311035156
20.692903125003795,1.6658277090027696,8,87492.526489209,0.7,0.6776552200317383,6.394102096557617,-0.16483688354492188,65,425,0.791015625,0.0,-32.98956298828125,-52.802406311035156
20.6929927910096,1.6659173750085756,8,87492.526821292,0.7,0.6776552200317383,6.394102096557617,-0.16483688354492188,65,425,0.791015625,0.0,-32.98956298828125,-52.802406311035156
20.717461082997033,1.6903856669960078,8,87492.556323792,0.7,0.6776552200317383,6.394102096557617,-0.16483688354492188,65,425,0.791015625,0.0,-33.365386962890625,-52.93662643432617
20.724292915998376,1.6972174999973504,8,87492.557062792,0.7,0.6776552200317383,6.394102096557617,-0.16483688354492188,65,425,0.791015625,0.0,-33.365386962890625,-52.93662643432617
20.724458083001082,1.6973826670000562,8,87492.557165084,0.7,0.7069597244262695,6.394102096557617,0.09889984130859375,65,425,0.791015625,0.0,-33.365386962890625,-52.93662643432617
20.749808833003044,1.7227334170020185,8,87492.586076834,0.7,0.7069597244262695,6.394102096557617,0.09889984130859375,65,425,0.791015625,0.0,-33.365386962890625,-52.93662643432617
20.749954416009132,1.7228790000081062,8,87492.58622775,0.7,0.7069597244262695,6.394102096557617,0.09889984130859375,65,425,0.791015625,0.0,-33.365386962890625,-52.93662643432617
20.750097791009466,1.7230223750084406,8,87492.586334292,0.7,0.7069597244262695,6.394102096557617,0.09889984130859375,65,425,0.791015625,0.0,-33.419063568115234,-52.9097900390625
20.84038954100106,1.8133141250000335,8,87492.675298,0.7,0.7069597244262695,6.394102096557617,0.09889984130859375,65,425,0.791015625,0.0,-33.419063568115234,-52.9097900390625
20.84058712499973,1.8135117089987034,8,87492.675951917,0.7,0.7069597244262695,6.394102096557617,0.09889984130859375,65,425,0.791015625,0.0,-33.419063568115234,-52.9097900390625
20.840683458009153,1.813608042008127,8,87492.676046292,0.7,0.7069597244262695,6.394102096557617,0.09889984130859375,65,425,0.791015625,0.0,-33.419063568115234,-52.9097900390625
20.87039024999831,1.8433148339972831,8,87492.705363625,0.7,0.7069597244262695,6.394102096557617,0.09889984130859375,65,425,0.791015625,0.0,-33.499603271484375,-52.9097900390625
20.870549500003108,1.8434740840020822,8,87492.705803709,0.7,0.6923074722290039,6.394102096557617,0.010990142822265625,65,425,0.791015625,0.0,-33.499603271484375,-52.9097900390625
20.870760208010324,1.8436847920092987,8,87492.705876,0.7,0.6923074722290039,6.394102096557617,0.010990142822265625,65,425,0.791015625,0.0,-33.17747116088867,-52.829254150390625
20.899705707997782,1.8726302919967566,8,87492.736510292,0.7,0.6996335983276367,6.394102096557617,-0.09889984130859375,65,425,0.791015625,0.0,-33.17747116088867,-52.829254150390625
20.89982695800427,1.8727515420032432,8,87492.736954459,0.7,0.6996335983276367,6.394102096557617,-0.09889984130859375,65,425,0.791015625,0.0,-33.365386962890625,-53.01716232299805
20.899876499999664,1.8728010839986382,8,87492.737022542,0.7,0.6996335983276367,6.394102096557617,-0.09889984130859375,65,425,0.791015625,0.0,-33.365386962890625,-53.01716232299805
20.93062495799677,1.9035495419957442,8,87492.766321292,0.7,0.6996335983276367,6.394102096557617,-0.09889984130859375,65,425,0.791015625,0.0,-33.31168746948242,-52.93662643432617
20.930768083009752,1.9036926670087269,8,87492.766651625,0.7,0.6996335983276367,6.394102096557617,-0.09889984130859375,65,425,0.791015625,0.0,-33.31168746948242,-52.93662643432617
20.930820374996983,1.9037449589959579,8,87492.766851875,0.7,0.6996335983276367,6.39448356628418,0.14285659790039062,65,425,0.791015625,0.0,-33.31168746948242,-52.93662643432617
20.9604835830105,1.9334081670094747,8,87492.795211792,0.7,0.6996335983276367,6.39448356628418,0.14285659790039062,65,425,0.791015625,0.0,-33.31168746948242,-52.93662643432617
20.96064358300646,1.9335681670054328,8,87492.795467459,0.7,0.6776552200317383,6.394102096557617,-0.14285659790039062,65,425,0.791015625,0.0,-33.31168746948242,-52.93662643432617
20.960697750007967,1.933622334006941,8,87492.795529084,0.7,0.6776552200317383,6.394102096557617,-0.14285659790039062,65,425,0.791015625,0.0,-33.15062713623047,-52.9097900390625
20.986173166005756,1.9590977500047302,8,87492.82523725,0.7,0.6776552200317383,6.394102096557617,-0.14285659790039062,65,425,0.791015625,0.0,-33.15062713623047,-52.9097900390625
20.986904375007725,1.9598289590066997,8,87492.825878834,0.7,0.6776552200317383,6.394102096557617,-0.14285659790039062,65,425,0.791015625,0.0,-33.15062713623047,-52.9097900390625
20.987132708003628,1.9600572920026025,8,87492.826023084,0.7,0.6776552200317383,6.394102096557617,-0.14285659790039062,65,425,0.791015625,0.0,-33.15062713623047,-52.9097900390625
21.016880499999388,1.9898050839983625,8,87492.855197292,0.7,0.6776552200317383,6.394102096557617,-0.14285659790039062,65,425,0.791015625,0.0,-32.50636672973633,-52.9097900390625
21.017000125008053,1.9899247090070276,8,87492.855662875,0.7,0.6776552200317383,6.394102096557617,-0.14285659790039062,65,425,0.791015625,0.0,-32.50636672973633,-52.9097900390625
21.017064416009816,1.9899890000087908,8,87492.855871,0.7,0.6996335983276367,6.39448356628418,0.2967033386230469,65,425,0.791015625,0.0,-32.50636672973633,-52.9097900390625
21.047512000004645,2.020436584003619,8,87492.886324584,0.7,0.6996335983276367,6.39448356628418,0.2967033386230469,65,425,0.791015625,0.0,-32.50636672973633,-52.9097900390625
21.047704458003864,2.020629042002838,8,87492.886635209,0.7,0.6996335983276367,6.394102096557617,0.0549468994140625,65,425,0.791015625,0.0,-32.50636672973633,-52.9097900390625
21.055726666003466,2.02865125000244,8,87492.887072334,0.7,0.6996335983276367,6.394102096557617,0.0549468994140625,65,425,0.791015625,0.0,-33.58012771606445,-52.72187423706055
21.08104145800462,2.0539660420035943,8,87492.915072667,0.7,0.6996335983276367,6.394102096557617,0.0549468994140625,65,425,0.791015625,0.0,-33.63382339477539,-52.69503402709961
21.081114125001477,2.0540387090004515,8,87492.91522525,0.7,0.6996335983276367,6.394102096557617,0.0549468994140625,65,425,0.791015625,0.0,-33.63382339477539,-52.69503402709961
21.08114266600751,2.054067250006483,8,87492.9153395,0.7,0.6849813461303711,6.394102096557617,-0.03296661376953125,65,425,0.791015625,0.0,-33.63382339477539,-52.69503402709961
21.112449207997997,2.0853737919969717,8,87492.945863959,0.7,0.6849813461303711,6.394102096557617,-0.03296661376953125,65,425,0.791015625,0.0,-33.63382339477539,-52.69503402709961
21.112579166001524,2.0855037500004983,8,87492.946056584,0.7,0.6849813461303711,6.394102096557617,-0.07692337036132812,65,425,0.791015625,0.0,-33.63382339477539,-52.69503402709961
21.11261850000301,2.0855430840019835,8,87492.946118375,0.7,0.6849813461303711,6.394102096557617,-0.07692337036132812,65,425,0.791015625,0.0,-33.419063568115234,-52.66818618774414
21.137131750001572,2.1100563340005465,8,87492.976061292,0.7,0.6849813461303711,6.394102096557617,-0.07692337036132812,65,425,0.791015625,0.0,-33.419063568115234,-52.66818618774414
21.137274791006348,2.1101993750053225,8,87492.976238792,0.7,0.6849813461303711,6.394102096557617,-0.07692337036132812,65,425,0.791015625,0.0,-33.419063568115234,-52.66818618774414
21.143358790999628,2.116283374998602,8,87492.976622125,0.7,0.6849813461303711,6.394102096557617,-0.07692337036132812,65,425,0.791015625,0.0,-33.419063568115234,-52.66818618774414
21.168514208009583,2.1414387920085574,8,87493.005986125,0.7,0.6849813461303711,6.394102096557617,-0.07692337036132812,65,425,0.791015625,0.0,-33.419063568115234,-52.77556610107422
21.168579290999332,2.141503874998307,8,87493.006194042,0.7,0.6849813461303711,6.394102096557617,-0.07692337036132812,65,425,0.791015625,0.0,-33.419063568115234,-52.77556610107422
21.16861045800033,2.1415350419993047,8,87493.006242959,0.7,0.7142858505249023,6.39448356628418,0.34066009521484375,65,425,0.791015625,0.0,-33.419063568115234,-52.77556610107422
21.199048916008906,2.17197350000788,8,87493.035702167,0.7,0.7142858505249023,6.39448356628418,0.34066009521484375,65,425,0.791015625,0.0,-33.419063568115234,-52.77556610107422
21.199221500006388,2.1721460840053624,8,87493.035964209,0.7,0.7069597244262695,6.39448356628418,0.2967033386230469,65,425,0.791015625,0.0,-33.419063568115234,-52.77556610107422
21.199370583010023,2.172295167008997,8,87493.036004042,0.7,0.7069597244262695,6.39448356628418,0.2967033386230469,65,425,0.791015625,0.0,-33.660667419433594,-52.45343780517578
21.23015616599878,2.2030807499977527,8,87493.065193209,0.7,0.7069597244262695,6.39448356628418,0.2967033386230469,65,425,0.791015625,0.0,-33.660667419433594,-52.45343780517578
21.23027812500368,2.203202709002653,8,87493.065647792,0.7,0.7069597244262695,6.39448356628418,0.2967033386230469,65,425,0.791015625,0.0,-33.660667419433594,-52.45343780517578
21.230326916003833,2.203251500002807,8,87493.0657035,0.7,0.7069597244262695,6.39448356628418,0.2967033386230469,65,425,0.791015625,0.0,-33.660667419433594,-52.45343780517578
21.260734916009824,2.233659500008798,8,87493.09958175,0.7,0.7069597244262695,6.39448356628418,0.2967033386230469,65,425,0.791015625,0.0,-33.338539123535156,-52.66818618774414
21.26081904101011,2.233743625009083,8,87493.099624125,0.7,0.7069597244262695,6.39448356628418,0.2967033386230469,65,425,0.791015625,0.0,-33.338539123535156,-52.66818618774414
21.260852791005163,2.233777375004138,8,87493.099654084,0.7,0.6849813461303711,6.394102096557617,0.14285659790039062,65,425,0.791015625,0.0,-33.338539123535156,-52.66818618774414
21.287041290997877,2.259965874996851,8,87493.12597975,0.7,0.6849813461303711,6.394102096557617,0.14285659790039062,65,425,0.791015625,0.0,-33.338539123535156,-52.66818618774414
21.28712683300546,2.2600514170044335,8,87493.126130792,0.7,0.7069597244262695,6.394102096557617,-0.120880126953125,65,425,0.791015625,0.0,-33.338539123535156,-52.66818618774414
21.293130707999808,2.266055291998782,8,87493.126450292,0.7,0.7069597244262695,6.394102096557617,-0.120880126953125,65,425,0.791015625,0.0,-33.52643966674805,-52.74871826171875
21.318287125002826,2.2912117090018,8,87493.156258084,0.7,0.7069597244262695,6.394102096557617,-0.120880126953125,65,425,0.791015625,0.0,-33.52643966674805,-52.74871826171875
21.318345416002558,2.291270000001532,8,87493.156430959,0.7,0.7069597244262695,6.394102096557617,-0.120880126953125,65,425,0.791015625,0.0,-33.52643966674805,-52.74871826171875
21.318381375007448,2.291305959006422,8,87493.1565245,0.7,0.7069597244262695,6.394102096557617,-0.120880126953125,65,425,0.791015625,0.0,-33.52643966674805,-52.74871826171875
21.350043083002674,2.322967667001649,8,87493.185307375,0.7,0.7069597244262695,6.394102096557617,-0.120880126953125,65,425,0.791015625,0.0,-33.3922233581543,-52.614498138427734
21.35017683300248,2.3231014170014532,8,87493.185693875,0.7,0.7069597244262695,6.394102096557617,-0.120880126953125,65,425,0.791015625,0.0,-33.3922233581543,-52.614498138427734
21.350244125002064,2.3231687090010382,8,87493.185747959,0.7,0.6923074722290039,6.394102096557617,0.010990142822265625,65,425,0.791015625,0.0,-33.3922233581543,-52.614498138427734
21.38144920799823,2.3543737919972045,8,87493.215255667,0.7,0.6923074722290039,6.394102096557617,0.010990142822265625,65,425,0.791015625,0.0,-33.3922233581543,-52.614498138427734
21.381562249996932,2.3544868339959066,8,87493.215726417,0.7,0.6923074722290039,6.394102096557617,0.010990142822265625,65,425,0.791015625,0.0,-33.3922233581543,-52.614498138427734
21.38160362500639,2.354528209005366,8,87493.215957292,0.7,0.6923074722290039,6.394102096557617,0.010990142822265625,65,425,0.791015625,0.0,-33.768043518066406,-52.319217681884766
21.411601708008675,2.3845262920076493,8,87493.24610925,0.7,0.6923074722290039,6.394102096557617,0.010990142822265625,65,425,0.791015625,0.0,-33.768043518066406,-52.319217681884766
21.41167108299851,2.384595666997484,8,87493.246527292,0.7,0.6923074722290039,6.394102096557617,0.010990142822265625,65,425,0.791015625,0.0,-33.768043518066406,-52.319217681884766
21.41170312500617,2.3846277090051444,8,87493.246796542,0.7,0.6923074722290039,6.394102096557617,0.010990142822265625,65,425,0.791015625,0.0,-33.768043518066406,-52.319217681884766
21.437557625002228,2.410482209001202,8,87493.275885709,0.7,0.6923074722290039,6.394102096557617,0.010990142822265625,65,425,0.791015625,0.0,-33.55328369140625,-52.5876579284668
21.43761799999629,2.410542583995266,8,87493.275993417,0.7,0.6923074722290039,6.394102096557617,0.010990142822265625,65,425,0.791015625,0.0,-33.55328369140625,-52.5876579284668
21.43763454099826,2.410559124997235,8,87493.276009459,0.7,0.7069597244262695,6.39448356628418,0.14285659790039062,65,425,0.791015625,0.0,-33.55328369140625,-52.5876579284668
21.468232083003386,2.4411566670023603,8,87493.304557375,0.7,0.7069597244262695,6.39448356628418,0.14285659790039062,65,425,0.791015625,0.0,-33.55328369140625,-52.5876579284668
21.468311500007985,2.4412360840069596,8,87493.304717042,0.7,0.7069597244262695,6.394102096557617,-0.09889984130859375,65,425,0.791015625,0.0,-33.55328369140625,-52.5876579284668
21.468340082996292,2.4412646669952665,8,87493.304802,0.7,0.7069597244262695,6.394102096557617,-0.09889984130859375,65,425,0.791015625,0.0,-33.44590759277344,-52.74871826171875
21.499019458002294,2.471944042001269,8,87493.335166584,0.7,0.7069597244262695,6.394102096557617,-0.09889984130859375,65,425,0.791015625,0.0,-33.44590759277344,-52.74871826171875
21.49922491599864,2.472149499997613,8,87493.335643417,0.7,0.7069597244262695,6.394102096557617,-0.09889984130859375,65,425,0.791015625,0.0,-33.44590759277344,-52.74871826171875
21.49932433301001,2.472248917008983,8,87493.335954334,0.7,0.7069597244262695,6.394102096557617,-0.09889984130859375,65,425,0.791015625,0.0,-33.44590759277344,-52.74871826171875
21.528647541010287,2.501572125009261,8,87493.365294875,0.7,0.7069597244262695,6.394102096557617,-0.09889984130859375,65,425,0.791015625,0.0,-33.499603271484375,-52.614498138427734
21.528819708008086,2.5017442920070607,8,87493.365755917,0.7,0.7069597244262695,6.394102096557617,-0.09889984130859375,65,425,0.791015625,0.0,-33.499603271484375,-52.614498138427734
21.528909458007547,2.5018340420065215,8,87493.365817292,0.7,0.6923074722290039,6.394102096557617,0.16483688354492188,65,425,0.791015625,0.0,-33.499603271484375,-52.614498138427734
21.559529500009376,2.53245408400835,8,87493.394703167,0.7,0.6923074722290039,6.394102096557617,0.16483688354492188,65,425,0.791015625,0.0,-33.499603271484375,-52.614498138427734
21.559592375007924,2.532516959006898,8,87493.394888625,0.7,0.6776552200317383,6.394102096557617,0.03296661376953125,65,425,0.791015625,0.0,-33.499603271484375,-52.614498138427734
21.559614708006848,2.532539292005822,8,87493.394914417,0.7,0.6776552200317383,6.394102096557617,0.03296661376953125,65,425,0.791015625,0.0,-33.71434783935547,-52.319217681884766
21.59016116600833,2.5630857500073034,8,87493.425922542,0.7,0.6776552200317383,6.394102096557617,0.03296661376953125,65,425,0.791015625,0.0,-33.71434783935547,-52.319217681884766
21.59021783299977,2.563142416998744,8,87493.426042167,0.7,0.6776552200317383,6.394102096557617,0.03296661376953125,65,425,0.791015625,0.0,-33.71434783935547,-52.319217681884766
21.590233208000427,2.5631577919994015,8,87493.42606925,0.7,0.6776552200317383,6.394102096557617,0.03296661376953125,65,425,0.791015625,0.0,-33.71434783935547,-52.319217681884766
21.621514915997977,2.594439499996952,8,87493.456002125,0.7,0.6776552200317383,6.394102096557617,0.03296661376953125,65,425,0.791015625,0.0,-33.3922233581543,-52.50712585449219
21.621563207998406,2.5944877919973806,8,87493.456084375,0.7,0.6776552200317383,6.394102096557617,0.03296661376953125,65,425,0.791015625,0.0,-33.3922233581543,-52.50712585449219
21.651838000005228,2.624762584004202,8,87493.485383792,0.7,0.7069597244262695,6.394102096557617,-0.3846168518066406,65,425,0.791015625,0.0,-33.3922233581543,-52.50712585449219
21.65189975000976,2.6248243340087356,8,87493.485515625,0.7,0.7069597244262695,6.394102096557617,-0.3846168518066406,65,425,0.791015625,0.0,-33.3922233581543,-52.50712585449219
21.651913666006294,2.6248382500052685,8,87493.485533709,0.7,0.7069597244262695,6.394102096557617,-0.03296661376953125,65,425,0.791015625,0.0,-33.3922233581543,-52.50712585449219
21.65192679100437,2.6248513750033453,8,87493.485551292,0.7,0.7069597244262695,6.394102096557617,-0.03296661376953125,65,425,0.791015625,0.0,-33.338539123535156,-52.6413459777832
21.681788208006765,2.654712792005739,8,87493.516076792,0.7,0.7069597244262695,6.394102096557617,-0.03296661376953125,65,425,0.791015625,0.0,-33.338539123535156,-52.6413459777832
21.68182016600622,2.654744750005193,8,87493.516184334,0.7,0.7069597244262695,6.394102096557617,-0.03296661376953125,65,425,0.791015625,0.0,-33.338539123535156,-52.6413459777832
21.68183549999958,2.6547600839985535,8,87493.516210375,0.7,0.7069597244262695,6.394102096557617,-0.03296661376953125,65,425,0.791015625,0.0,-33.338539123535156,-52.6413459777832
21.70691262499895,2.679837208997924,8,87493.5458755,0.7,0.7069597244262695,6.394102096557617,-0.03296661376953125,65,425,0.791015625,0.0,-33.338539123535156,-52.6413459777832
21.70694387500407,2.679868459003046,8,87493.54596625,0.7,0.7069597244262695,6.394102096557617,-0.2967033386230469,65,425,0.791015625,0.0,-33.338539123535156,-52.6413459777832
21.706961541000055,2.6798861249990296,8,87493.546058875,0.7,0.7069597244262695,6.394102096557617,-0.2967033386230469,65,425,0.791015625,0.0,-9.895123182454892e-35,-37.49031448364258
21.737442041005124,2.7103666250040988,8,87493.574507709,0.7,0.7069597244262695,6.394102096557617,-0.2967033386230469,65,425,0.791015625,0.0,-9.895123182454892e-35,-37.49031448364258
21.73749758300255,2.710422167001525,8,87493.574604167,0.7,0.7069597244262695,6.394102096557617,-0.2967033386230469,65,425,0.791015625,0.0,-9.895123182454892e-35,-37.49031448364258
21.73751849999826,2.7104430839972338,8,87493.574676084,0.7,0.7069597244262695,6.394102096557617,-0.2967033386230469,65,425,0.791015625,0.0,-9.895123182454892e-35,-37.49031448364258
21.76837108300242,2.7412956670013955,8,87493.604768584,0.7,0.7069597244262695,6.394102096557617,-0.2967033386230469,65,425,0.791015625,0.0,-33.7411994934082,-52.26552963256836
21.768422332999762,2.7413469169987366,8,87493.604907709,0.7,0.7069597244262695,6.394102096557617,-0.2967033386230469,65,425,0.791015625,0.0,-33.7411994934082,-52.26552963256836
21.76844670799619,2.741371291995165,8,87493.604980084,0.7,0.6849813461303711,6.39448356628418,-0.010990142822265625,65,425,0.791015625,0.0,-33.7411994934082,-52.26552963256836
21.799841750005726,2.7727663340047,8,87493.634754042,0.7,0.6849813461303711,6.39448356628418,-0.010990142822265625,65,425,0.791015625,0.0,-33.7411994934082,-52.26552963256836
21.79991129100381,2.7728358750027837,8,87493.634959125,0.7,0.6849813461303711,6.39448356628418,-0.010990142822265625,65,425,0.791015625,0.0,-33.55328369140625,-52.69503402709961
21.79994179100322,2.772866375002195,8,87493.635051875,0.7,0.6849813461303711,6.39448356628418,-0.010990142822265625,65,425,0.791015625,0.0,-33.55328369140625,-52.69503402709961
21.831000332997064,2.8039249169960385,8,87493.664815125,0.7,0.6849813461303711,6.39448356628418,-0.010990142822265625,65,425,0.791015625,0.0,-33.3922233581543,-52.614498138427734
21.83107120799832,2.803995791997295,8,87493.664948167,0.7,0.6849813461303711,6.39448356628418,-0.010990142822265625,65,425,0.791015625,0.0,-33.3922233581543,-52.614498138427734
21.831098624999868,2.804023208998842,8,87493.66501725,0.7,0.6996335983276367,6.394102096557617,-0.120880126953125,65,425,0.791015625,0.0,-33.3922233581543,-52.614498138427734
21.855615416003275,2.828540000002249,8,87493.694456042,0.7,0.6996335983276367,6.394102096557617,-0.120880126953125,65,425,0.791015625,0.0,-33.3922233581543,-52.614498138427734
21.855662000001757,2.828586584000732,8,87493.694591334,0.7,0.6996335983276367,6.39448356628418,0.1868133544921875,65,425,0.791015625,0.0,-33.3922233581543,-52.614498138427734
21.855690249998588,2.8286148339975625,8,87493.694678292,0.7,0.6996335983276367,6.39448356628418,0.1868133544921875,65,425,0.791015625,0.0,-33.31168746948242,-52.69503402709961
21.88743820801028,2.860362792009255,8,87493.726160334,0.7,0.6996335983276367,6.39448356628418,0.1868133544921875,65,425,0.791015625,0.0,-33.31168746948242,-52.69503402709961
21.887795125003322,2.8607197090022964,8,87493.726851959,0.7,0.6996335983276367,6.39448356628418,0.1868133544921875,65,425,0.791015625,0.0,-33.31168746948242,-52.69503402709961
21.887875957996584,2.860800541995559,8,87493.72692475,0.7,0.6996335983276367,6.39448356628418,0.1868133544921875,65,425,0.791015625,0.0,-33.31168746948242,-52.69503402709961
21.917667208006606,2.89059179200558,8,87493.756208584,0.7,0.6996335983276367,6.39448356628418,0.1868133544921875,65,425,0.791015625,0.0,-33.31168746948242,-52.614498138427734
21.91806650000217,2.8909910840011435,8,87493.757045459,0.7,0.6996335983276367,6.39448356628418,0.1868133544921875,65,425,0.791015625,0.0,-33.31168746948242,-52.614498138427734
21.918205291003687,2.8911298750026617,8,87493.75715675,0.7,0.6849813461303711,6.394102096557617,-0.09889984130859375,65,425,0.791015625,0.0,-33.31168746948242,-52.614498138427734
21.947397541007376,2.9203221250063507,8,87493.784933625,0.7,0.6849813461303711,6.394102096557617,-0.09889984130859375,65,425,0.791015625,0.0,-33.31168746948242,-52.614498138427734
21.947506875003455,2.9204314590024296,8,87493.785191167,0.7,0.7069597244262695,6.39448356628418,0.2967033386230469,65,425,0.791015625,0.0,-33.31168746948242,-52.614498138427734
21.947536791005405,2.920461375004379,8,87493.785244459,0.7,0.7069597244262695,6.39448356628418,0.2967033386230469,65,425,0.791015625,0.0,-33.23115921020508,-52.6413459777832
21.983224708004855,2.956149292003829,8,87493.818043125,0.7,0.7069597244262695,6.39448356628418,0.2967033386230469,65,425,0.791015625,0.0,-33.23115921020508,-52.6413459777832
21.983294749996276,2.95621933399525,8,87493.818218959,0.7,0.7069597244262695,6.39448356628418,0.2967033386230469,65,425,0.791015625,0.0,-33.23115921020508,-52.6413459777832
21.983321833002265,2.956246417001239,8,87493.818254584,0.7,0.7069597244262695,6.39448356628418,0.2967033386230469,65,425,0.791015625,0.0,-33.23115921020508,-52.6413459777832
22.008489500003634,2.9814140840026084,8,87493.845273834,0.7,0.7069597244262695,6.39448356628418,0.2967033386230469,65,425,0.791015625,0.0,-33.23115921020508,-52.560813903808594
22.008665665998706,2.98159024999768,8,87493.845447667,0.7,0.7069597244262695,6.39448356628418,0.2967033386230469,65,425,0.791015625,0.0,-33.23115921020508,-52.560813903808594
22.008729416003916,2.981654000002891,8,87493.845522375,0.7,0.6996335983276367,6.394102096557617,-0.23077011108398438,65,425,0.791015625,0.0,-33.23115921020508,-52.560813903808594
22.03986887499923,0.01223020900215488,9,87493.873537625,0.8,0.6996335983276367,6.394102096557617,-0.23077011108398438,65,425,0.791015625,0.0,-33.23115921020508,-52.560813903808594
22.039956000007805,0.012317334010731429,9,87493.874629542,0.8,0.6996335983276367,6.39448356628418,0.120880126953125,65,425,0.791015625,0.0,-33.23115921020508,-52.560813903808594
22.039985791008803,0.012347125011729077,9,87493.874751459,0.8,0.6996335983276367,6.39448356628418,0.120880126953125,65,425,0.791015625,0.0,-33.365386962890625,-52.614498138427734
22.071394375001546,0.04375570900447201,9,87493.905037625,0.8,0.6996335983276367,6.39448356628418,0.120880126953125,65,425,0.791015625,0.0,-33.365386962890625,-52.614498138427734
22.071503750004922,0.043865084007848054,9,87493.905207917,0.8,0.6996335983276367,6.39448356628418,0.120880126953125,65,425,0.791015625,0.0,-33.365386962890625,-52.614498138427734
22.071538415999385,0.04389975000231061,9,87493.905331834,0.8,0.6996335983276367,6.39448356628418,0.120880126953125,65,425,0.791015625,0.0,-33.365386962890625,-52.614498138427734
22.096495541001786,0.06885687500471249,9,87493.93549125,0.8,0.6996335983276367,6.39448356628418,0.120880126953125,65,425,0.791015625,0.0,-33.25800323486328,-52.614498138427734
22.096579040997312,0.06894037500023842,9,87493.935553375,0.8,0.6996335983276367,6.39448356628418,0.120880126953125,65,425,0.791015625,0.0,-33.25800323486328,-52.614498138427734
22.128367875004187,0.10072920900711324,9,87493.964448584,0.8,0.6996335983276367,6.39448356628418,0.120880126953125,65,425,0.791015625,0.0,-33.123783111572266,-52.50712585449219
22.12843250000151,0.10079383400443476,9,87493.964603917,0.8,0.6996335983276367,6.39448356628418,0.120880126953125,65,425,0.791015625,0.0,-33.123783111572266,-52.50712585449219
22.128465000001597,0.10082633400452323,9,87493.964710584,0.8,0.7069597244262695,6.394102096557617,-0.07692337036132812,65,425,0.791015625,0.0,-33.123783111572266,-52.50712585449219
22.160073040999123,0.1324343750020489,9,87493.994822542,0.8,0.7069597244262695,6.394102096557617,-0.07692337036132812,65,425,0.791015625,0.0,-33.123783111572266,-52.50712585449219
22.16021475000889,0.13257608401181642,9,87493.995141334,0.8,0.7069597244262695,6.394102096557617,-0.120880126953125,65,425,0.791015625,0.0,-33.123783111572266,-52.50712585449219
22.160260165997897,0.1326215000008233,9,87493.995191875,0.8,0.7069597244262695,6.394102096557617,-0.120880126953125,65,425,0.791015625,0.0,-34.519676208496094,-56.45320510864258
22.185831750000943,0.15819308400386944,9,87494.024783542,0.8,0.7069597244262695,6.394102096557617,-0.120880126953125,65,425,0.791015625,0.0,-34.519676208496094,-56.45320510864258
22.19185216599726,0.1642135000001872,9,87494.025524667,0.8,0.7069597244262695,6.394102096557617,-0.120880126953125,65,425,0.791015625,0.0,-34.519676208496094,-56.45320510864258
22.19273358299688,0.16509491699980572,9,87494.025587459,0.8,0.7069597244262695,6.394102096557617,-0.120880126953125,65,426,0.87890625,2.8562656677742915,-34.519676208496094,-56.45320510864258
22.217954332998488,0.1903156670014141,9,87494.054657584,0.8,0.7069597244262695,6.394102096557617,-0.120880126953125,65,426,0.87890625,2.8562656677742915,-41.177024841308594,-65.0970230102539
22.248476207998465,0.22083754200139083,9,87494.084870709,0.8,0.7069597244262695,6.394102096557617,-0.120880126953125,65,427,0.966796875,1.4830419098915355,-41.177024841308594,-65.0970230102539
22.248617375007598,0.22097870901052374,9,87494.085288084,0.8,0.7655677795410156,6.4654388427734375,1.373626708984375,65,427,0.966796875,1.4830419098915355,-41.177024841308594,-65.0970230102539
22.24870391600416,0.22106525000708643,9,87494.0853595,0.8,0.7655677795410156,6.4654388427734375,1.373626708984375,65,430,1.23046875,522.5105419022357,-41.177024841308594,-65.0970230102539
22.248726582998643,0.2210879170015687,9,87494.0855145,0.8,0.7582416534423828,6.5417327880859375,1.5054931640625,65,430,1.23046875,522.5105419022357,-41.177024841308594,-65.0970230102539
22.279360750006163,0.2517220840090886,9,87494.114941417,0.8,0.7582416534423828,6.5417327880859375,1.5054931640625,65,432,1.40625,5.942679680741178,-41.177024841308594,-65.0970230102539
22.283025791010004,0.2553871250129305,9,87494.115244625,0.8,0.8095235824584961,6.5547027587890625,0.868133544921875,65,432,1.40625,5.942679680741178,-41.177024841308594,-65.0970230102539
22.283416083009797,0.25577741701272316,9,87494.115290584,0.8,0.8095235824584961,6.5547027587890625,0.868133544921875,65,432,1.40625,5.942679680741178,-51.243167877197266,-82.33094787597656
22.308290708009736,0.2806520420126617,9,87494.144989042,0.8,0.8095235824584961,6.5547027587890625,0.868133544921875,65,432,1.40625,5.942679680741178,-51.243167877197266,-82.33094787597656
22.30842054099776,0.2807818750006845,9,87494.145401125,0.8,0.8095235824584961,6.5547027587890625,0.868133544921875,65,432,1.40625,5.942679680741178,-51.243167877197266,-82.33094787597656
22.308496124998783,0.2808574590017088,9,87494.146134959,0.8,0.8095235824584961,6.5547027587890625,0.868133544921875,65,433,1.494140625,2.817695831313808,-51.243167877197266,-82.33094787597656
22.339275375008583,0.3116367090115091,9,87494.175414292,0.8,0.8095235824584961,6.5547027587890625,0.868133544921875,65,433,1.494140625,2.817695831313808,-53.068973541259766,-84.02213287353516
22.339384040998993,0.31174537500191946,9,87494.175832834,0.8,0.8095235824584961,6.5547027587890625,0.868133544921875,65,434,1.58203125,2.959168212557609,-53.068973541259766,-84.02213287353516
22.339415583002847,0.3117769170057727,9,87494.176029709,0.8,0.7948713302612305,6.569581985473633,0.6923065185546875,65,434,1.58203125,2.959168212557609,-53.068973541259766,-84.02213287353516
22.37100687500788,0.343368209010805,9,87494.205055625,0.8,0.7948713302612305,6.569581985473633,0.6923065185546875,65,434,1.58203125,0.0,-53.068973541259766,-84.02213287353516
22.37114516600559,0.343506500008516,9,87494.205238667,0.8,0.7948713302612305,6.59819221496582,-0.07692337036132812,65,434,1.58203125,0.0,-53.068973541259766,-84.02213287353516
22.37117958300223,0.3435409170051571,9,87494.205387959,0.8,0.7948713302612305,6.59819221496582,-0.07692337036132812,65,434,1.58203125,0.0,-53.17634963989258,-83.13628387451172
22.401561708000372,0.3739230420032982,9,87494.235245709,0.8,0.7948713302612305,6.59819221496582,-0.07692337036132812,65,434,1.58203125,0.0,-53.17634963989258,-83.13628387451172
22.40173841599608,0.3740997499990044,9,87494.235392959,0.8,0.7948713302612305,6.59819221496582,-0.07692337036132812,65,434,1.58203125,0.0,-53.17634963989258,-83.13628387451172
22.401773958001286,0.3741352920042118,9,87494.235532834,0.8,0.7948713302612305,6.59819221496582,-0.07692337036132812,65,434,1.58203125,0.0,-53.17634963989258,-83.13628387451172
22.42615758300235,0.3985189170052763,9,87494.265240417,0.8,0.7948713302612305,6.59819221496582,-0.07692337036132812,65,434,1.58203125,0.0,-53.068973541259766,-82.84098815917969
22.432664332998684,0.4050256670016097,9,87494.265643834,0.8,0.7948713302612305,6.59819221496582,-0.07692337036132812,65,434,1.58203125,0.0,-53.068973541259766,-82.84098815917969
22.432747124999878,0.405108459002804,9,87494.265761917,0.8,0.7948713302612305,6.59819221496582,-0.07692337036132812,65,434,1.58203125,0.0,-53.068973541259766,-82.84098815917969
22.457236125002964,0.4295974590058904,9,87494.294446209,0.8,0.7948713302612305,6.59819221496582,-0.07692337036132812,65,434,1.58203125,0.0,-53.068973541259766,-82.84098815917969
22.45731812500162,0.4296794590045465,9,87494.294603584,0.8,0.7875461578369141,6.59819221496582,-0.0549468994140625,65,434,1.58203125,0.0,-53.068973541259766,-82.84098815917969
22.457354124999256,0.4297154590021819,9,87494.294729542,0.8,0.7875461578369141,6.59819221496582,-0.0549468994140625,65,434,1.58203125,0.0,-52.23680114746094,-82.49201965332031
22.487912083000992,0.46027341700391844,9,87494.325204167,0.8,0.7875461578369141,6.59819221496582,-0.0549468994140625,65,434,1.58203125,0.0,-52.23680114746094,-82.49201965332031
22.488020916003734,0.4603822500066599,9,87494.325463625,0.8,0.7875461578369141,6.59819221496582,-0.0549468994140625,65,434,1.58203125,0.0,-52.23680114746094,-82.49201965332031
22.488134875005926,0.460496209008852,9,87494.325603917,0.8,0.7875461578369141,6.59819221496582,-0.0549468994140625,65,434,1.58203125,0.0,-52.23680114746094,-82.49201965332031
22.550039000008837,0.5224003340117633,9,87494.385431292,0.8,0.7875461578369141,6.59819221496582,-0.0549468994140625,65,434,1.58203125,0.0,-53.14950180053711,-82.06250762939453
22.550183500003186,0.5225448340061121,9,87494.386047084,0.8,0.7875461578369141,6.59819221496582,-0.0549468994140625,65,434,1.58203125,0.0,-53.14950180053711,-82.06250762939453
22.55023741599871,0.5225987500016345,9,87494.386118917,0.8,0.7948713302612305,6.59819221496582,0.0549468994140625,65,434,1.58203125,0.0,-53.14950180053711,-82.06250762939453
22.582130124996183,0.5544914589991095,9,87494.415543417,0.8,0.7948713302612305,6.59819221496582,0.0549468994140625,65,434,1.58203125,0.0,-53.14950180053711,-82.06250762939453
22.58225916599622,0.554620499999146,9,87494.416040584,0.8,0.7948713302612305,6.59819221496582,0.0549468994140625,65,434,1.58203125,0.0,-53.14950180053711,-82.06250762939453
22.582314416009467,0.5546757500123931,9,87494.416173709,0.8,0.7875461578369141,6.59819221496582,-0.1868133544921875,65,434,1.58203125,0.0,-53.14950180053711,-82.06250762939453
22.582354750004015,0.554716084006941,9,87494.416349875,0.8,0.7875461578369141,6.59819221496582,-0.1868133544921875,65,434,1.58203125,0.0,-52.96159744262695,-82.25041961669922
22.607544333004626,0.5799056670075515,9,87494.44495475,0.8,0.7875461578369141,6.59819221496582,-0.1868133544921875,65,434,1.58203125,0.0,-52.96159744262695,-82.25041961669922
22.607660749999923,0.5800220840028487,9,87494.445221417,0.8,0.7875461578369141,6.59819221496582,-0.1868133544921875,65,434,1.58203125,0.0,-52.96159744262695,-82.25041961669922
22.607707582996227,0.5800689169991529,9,87494.445389959,0.8,0.7875461578369141,6.59819221496582,-0.1868133544921875,65,434,1.58203125,0.0,-52.96159744262695,-82.25041961669922
22.638273457996547,0.6106347919994732,9,87494.475030209,0.8,0.7875461578369141,6.59819221496582,-0.1868133544921875,65,434,1.58203125,0.0,-52.7736930847168,-82.00882720947266
22.63838050000777,0.610741834010696,9,87494.475371542,0.8,0.7875461578369141,6.59819221496582,-0.1868133544921875,65,434,1.58203125,0.0,-52.7736930847168,-82.00882720947266
22.63841579100699,0.6107771250099177,9,87494.475620667,0.8,0.7948713302612305,6.59819221496582,0.07692337036132812,65,434,1.58203125,0.0,-52.7736930847168,-82.00882720947266
22.66911295799946,0.6414742920023855,9,87494.505180584,0.8,0.7948713302612305,6.59819221496582,0.07692337036132812,65,434,1.58203125,0.0,-52.7736930847168,-82.00882720947266
22.669244125005207,0.641605459008133,9,87494.505462209,0.8,0.7875461578369141,6.59819221496582,-0.34066009521484375,65,434,1.58203125,0.0,-52.7736930847168,-82.00882720947266
22.669300333000137,0.6416616670030635,9,87494.5055045,0.8,0.7875461578369141,6.59819221496582,-0.34066009521484375,65,434,1.58203125,0.0,-53.17634963989258,-81.55247497558594
22.700912166008493,0.673273500011419,9,87494.53634475,0.8,0.7875461578369141,6.59819221496582,-0.34066009521484375,65,434,1.58203125,0.0,-53.17634963989258,-81.55247497558594
22.701074791009887,0.6734361250128131,9,87494.536482334,0.8,0.7875461578369141,6.59819221496582,-0.34066009521484375,65,434,1.58203125,0.0,-53.17634963989258,-81.55247497558594
22.701130333007313,0.6734916670102393,9,87494.536999167,0.8,0.7875461578369141,6.59819221496582,-0.34066009521484375,65,434,1.58203125,0.0,-53.17634963989258,-81.55247497558594
22.730640416004462,0.7030017500073882,9,87494.566533792,0.8,0.7875461578369141,6.59819221496582,-0.34066009521484375,65,434,1.58203125,0.0,-52.61261749267578,-81.98197937011719
22.7307597080071,0.7031210420100251,9,87494.566894375,0.8,0.7875461578369141,6.59819221496582,-0.34066009521484375,65,434,1.58203125,0.0,-52.61261749267578,-81.98197937011719
22.730811415996868,0.7031727499997942,9,87494.566955584,0.8,0.7948713302612305,6.597810745239258,-0.40659332275390625,65,434,1.58203125,0.0,-52.61261749267578,-81.98197937011719
22.757011583002168,0.7293729170050938,9,87494.595721834,0.8,0.7948713302612305,6.597810745239258,-0.40659332275390625,65,434,1.58203125,0.0,-52.61261749267578,-81.98197937011719
22.75742516599712,0.7297865000000456,9,87494.596413792,0.8,0.7948713302612305,6.59819221496582,0.16483688354492188,65,434,1.58203125,0.0,-52.61261749267578,-81.98197937011719
22.763876750002964,0.7362380840058904,9,87494.596802917,0.8,0.7948713302612305,6.59819221496582,0.16483688354492188,65,434,1.58203125,0.0,-52.639469146728516,-81.8477554321289
22.820488500001375,0.7928498340043006,9,87494.656101917,0.8,0.7948713302612305,6.59819221496582,0.16483688354492188,65,434,1.58203125,0.0,-52.639469146728516,-81.8477554321289
22.82054375000007,0.7929050840029959,9,87494.656215292,0.8,0.7948713302612305,6.59819221496582,0.16483688354492188,65,434,1.58203125,0.0,-52.639469146728516,-81.8477554321289
22.851973625001847,0.8243349590047728,9,87494.685555792,0.8,0.7948713302612305,6.59819221496582,0.16483688354492188,65,434,1.58203125,0.0,-52.639469146728516,-81.8477554321289
22.85202995799773,0.8243912920006551,9,87494.685679209,0.8,0.7948713302612305,6.59819221496582,0.16483688354492188,65,434,1.58203125,0.0,-52.85422134399414,-81.7403793334961
22.85204395800247,0.8244052920053946,9,87494.685763375,0.8,0.7948713302612305,6.59819221496582,0.010990142822265625,65,434,1.58203125,0.0,-52.85422134399414,-81.7403793334961
22.852055333001772,0.824416667004698,9,87494.685780584,0.8,0.7948713302612305,6.59819221496582,0.010990142822265625,65,434,1.58203125,0.0,-51.646236419677734,-81.95513916015625
22.910816375006107,0.8831777090090327,9,87494.744797834,0.8,0.7948713302612305,6.59819221496582,0.07692337036132812,65,434,1.58203125,0.0,-51.646236419677734,-81.95513916015625
22.910948250006186,0.8833095840091119,9,87494.744825,0.8,0.7948713302612305,6.59819221496582,0.07692337036132812,65,434,1.58203125,0.0,-53.068973541259766,-81.36456298828125
22.910982832996524,0.88334416699945,9,87494.744841084,0.8,0.7948713302612305,6.59819221496582,0.07692337036132812,65,434,1.58203125,0.0,-53.068973541259766,-81.36456298828125
22.935985250005615,0.908346584008541,9,87494.774765875,0.8,0.7948713302612305,6.59819221496582,0.07692337036132812,65,434,1.58203125,0.0,-52.478397369384766,-81.55247497558594
22.936095750003005,0.9084570840059314,9,87494.774921375,0.8,0.7948713302612305,6.59819221496582,0.07692337036132812,65,434,1.58203125,0.0,-52.478397369384766,-81.55247497558594
22.936139915997046,0.9085012499999721,9,87494.774936417,0.8,0.7875461578369141,6.59819221496582,-0.23077011108398438,65,434,1.58203125,0.0,-52.478397369384766,-81.55247497558594
22.97826499999792,0.9506263340008445,9,87494.811925417,0.8,0.7875461578369141,6.59819221496582,-0.23077011108398438,65,434,1.58203125,0.0,-52.478397369384766,-81.55247497558594
22.978341000009095,0.9507023340120213,9,87494.811948959,0.8,0.7948713302612305,6.59819221496582,-0.010990142822265625,65,434,1.58203125,0.0,-52.478397369384766,-81.55247497558594
22.9783545829996,0.9507159170025261,9,87494.811962209,0.8,0.7948713302612305,6.59819221496582,-0.010990142822265625,65,434,1.58203125,0.0,-52.478397369384766,-81.52562713623047
23.02856191599858,1.000923250001506,9,87494.864280709,0.8,0.7948713302612305,6.59819221496582,-0.010990142822265625,65,434,1.58203125,0.0,-52.478397369384766,-81.52562713623047
23.060043582998333,1.0324049170012586,9,87494.894672459,0.8,0.7875461578369141,6.59819221496582,-0.14285659790039062,65,434,1.58203125,0.0,-52.478397369384766,-81.52562713623047
23.0601131250005,1.0324744590034243,9,87494.894901875,0.8,0.7875461578369141,6.59819221496582,-0.14285659790039062,65,434,1.58203125,0.0,-52.478397369384766,-81.498779296875
23.06012937500782,1.0324907090107445,9,87494.894923959,0.8,0.7875461578369141,6.59819221496582,-0.14285659790039062,65,434,1.58203125,0.0,-52.478397369384766,-81.498779296875
23.060144125003717,1.032505459006643,9,87494.894943375,0.8,0.7875461578369141,6.59819221496582,-0.14285659790039062,65,434,1.58203125,0.0,-52.478397369384766,-81.498779296875
23.09155766600452,1.063919000007445,9,87494.924926959,0.8,0.7875461578369141,6.59819221496582,-0.14285659790039062,65,434,1.58203125,0.0,-52.53208923339844,-81.31088256835938
23.091675000003306,1.0640363340062322,9,87494.925054125,0.8,0.7875461578369141,6.59819221496582,-0.14285659790039062,65,434,1.58203125,0.0,-52.53208923339844,-81.31088256835938
23.091693416005,1.0640547500079265,9,87494.92507675,0.8,0.7875461578369141,6.59819221496582,0.09889984130859375,65,434,1.58203125,0.0,-52.53208923339844,-81.31088256835938
23.115556165997987,1.0879175000009127,9,87494.954410084,0.8,0.7875461578369141,6.59819221496582,0.09889984130859375,65,434,1.58203125,0.0,-52.53208923339844,-81.31088256835938
23.115597750002053,1.0879590840049786,9,87494.954536,0.8,0.7875461578369141,6.59819221496582,-0.14285659790039062,65,434,1.58203125,0.0,-52.53208923339844,-81.31088256835938
23.115619999996852,1.0879813339997781,9,87494.954629042,0.8,0.7875461578369141,6.59819221496582,-0.14285659790039062,65,434,1.58203125,0.0,-52.5052490234375,-81.33771514892578
23.146548083008383,1.1189094170113094,9,87494.984747917,0.8,0.7875461578369141,6.59819221496582,-0.14285659790039062,65,434,1.58203125,0.0,-52.5052490234375,-81.33771514892578
23.146590290998574,1.1189516250015004,9,87494.984914292,0.8,0.7875461578369141,6.59819221496582,-0.14285659790039062,65,434,1.58203125,0.0,-52.5052490234375,-81.33771514892578
23.14661262500158,1.1189739590045065,9,87494.984942209,0.8,0.7875461578369141,6.59819221496582,-0.14285659790039062,65,435,1.669921875,2.8785099910944165,-52.5052490234375,-81.33771514892578
23.177535416005412,1.1498967500083381,9,87495.014855,0.8,0.7875461578369141,6.59819221496582,-0.14285659790039062,65,435,1.669921875,2.8785099910944165,-52.371028900146484,-81.41825103759766
23.177610291008023,1.1499716250109486,9,87495.015058209,0.8,0.7875461578369141,6.59819221496582,-0.14285659790039062,65,434,1.58203125,-2.9184796629401077,-52.371028900146484,-81.41825103759766
23.17764375000843,1.1500050840113545,9,87495.015097834,0.8,0.7948713302612305,6.59819221496582,0.14285659790039062,65,434,1.58203125,-2.9184796629401077,-52.371028900146484,-81.41825103759766
23.208129541002563,1.1804908750054892,9,87495.04457175,0.8,0.7948713302612305,6.59819221496582,0.14285659790039062,65,434,1.58203125,0.0,-52.371028900146484,-81.41825103759766
23.208188415999757,1.1805497500026831,9,87495.044739959,0.8,0.7875461578369141,6.59819221496582,-0.09889984130859375,65,434,1.58203125,0.0,-52.371028900146484,-81.41825103759766
23.208221541004605,1.1805828750075307,9,87495.044815084,0.8,0.7875461578369141,6.59819221496582,-0.09889984130859375,65,434,1.58203125,0.0,-52.478397369384766,-80.82769012451172
23.2376696249994,1.2100309590023244,9,87495.076486334,0.8,0.7875461578369141,6.59819221496582,-0.09889984130859375,65,434,1.58203125,0.0,-52.478397369384766,-80.82769012451172
23.237795207998715,1.2101565420016414,9,87495.076647709,0.8,0.7875461578369141,6.59819221496582,-0.09889984130859375,65,434,1.58203125,0.0,-52.478397369384766,-80.82769012451172
23.237842583010206,1.210203917013132,9,87495.076773417,0.8,0.7875461578369141,6.59819221496582,-0.09889984130859375,65,434,1.58203125,0.0,-52.478397369384766,-80.82769012451172
23.269073625007877,1.2414349590108031,9,87495.105578792,0.8,0.7875461578369141,6.59819221496582,-0.09889984130859375,65,434,1.58203125,0.0,-52.45155334472656,-81.04244232177734
23.269178333008313,1.2415396670112386,9,87495.105904125,0.8,0.7875461578369141,6.59819221496582,-0.09889984130859375,65,434,1.58203125,0.0,-52.45155334472656,-81.04244232177734
23.269228832999943,1.2415901670028688,9,87495.106638417,0.8,0.7875461578369141,6.59819221496582,-0.0549468994140625,65,434,1.58203125,0.0,-52.45155334472656,-81.04244232177734
23.29986920800002,1.2722305420029443,9,87495.135548917,0.8,0.7875461578369141,6.59819221496582,-0.0549468994140625,65,434,1.58203125,0.0,-52.45155334472656,-81.04244232177734
23.300000875009573,1.272362209012499,9,87495.135894417,0.8,0.7875461578369141,6.59819221496582,0.03296661376953125,65,434,1.58203125,0.0,-52.45155334472656,-81.04244232177734
23.300058125008945,1.2724194590118714,9,87495.136097125,0.8,0.7875461578369141,6.59819221496582,0.03296661376953125,65,434,1.58203125,0.0,-52.39786911010742,-81.09612274169922
23.33148875000188,1.3038500840048073,9,87495.166289417,0.8,0.7875461578369141,6.59819221496582,0.03296661376953125,65,434,1.58203125,0.0,-52.39786911010742,-81.09612274169922
23.331642040997394,1.3040033750003204,9,87495.16728675,0.8,0.7875461578369141,6.59819221496582,0.03296661376953125,65,434,1.58203125,0.0,-52.39786911010742,-81.09612274169922
23.331738458000473,1.3040997920033988,9,87495.167550792,0.8,0.7875461578369141,6.59819221496582,0.03296661376953125,65,434,1.58203125,0.0,-52.39786911010742,-81.09612274169922
23.36252587499621,1.3348872089991346,9,87495.196914417,0.8,0.7875461578369141,6.59819221496582,0.03296661376953125,65,434,1.58203125,0.0,-52.29049301147461,-81.12297058105469
23.362674666001112,1.3350360000040382,9,87495.197417792,0.8,0.7875461578369141,6.59819221496582,0.03296661376953125,65,434,1.58203125,0.0,-52.29049301147461,-81.12297058105469
23.362727083003847,1.335088417006773,9,87495.197512042,0.8,0.7948713302612305,6.59819221496582,-0.23077011108398438,65,434,1.58203125,0.0,-52.29049301147461,-81.12297058105469
23.387999665996176,1.3603609999991022,9,87495.225613875,0.8,0.7948713302612305,6.59819221496582,-0.23077011108398438,65,434,1.58203125,0.0,-52.344181060791016,-81.04244232177734
23.388108583007124,1.3604699170100503,9,87495.225914542,0.8,0.7948713302612305,6.59819221496582,-0.23077011108398438,65,434,1.58203125,0.0,-52.344181060791016,-81.04244232177734
23.388152291008737,1.360513625011663,9,87495.226119667,0.8,0.7875461578369141,6.59819221496582,-0.1868133544921875,65,434,1.58203125,0.0,-52.344181060791016,-81.04244232177734
23.418512958000065,1.3908742920029908,9,87495.255876709,0.8,0.7875461578369141,6.59819221496582,-0.1868133544921875,65,434,1.58203125,0.0,-52.344181060791016,-81.04244232177734
23.418573540999205,1.3909348750021309,9,87495.2559885,0.8,0.7875461578369141,6.59819221496582,-0.1868133544921875,65,434,1.58203125,0.0,-52.344181060791016,-81.04244232177734
23.418593583002803,1.390954917005729,9,87495.256056667,0.8,0.7875461578369141,6.59819221496582,-0.1868133544921875,65,434,1.58203125,0.0,-52.371028900146484,-81.04244232177734
23.449974375005695,1.422335709008621,9,87495.284727834,0.8,0.7875461578369141,6.59819221496582,-0.1868133544921875,65,434,1.58203125,0.0,-52.371028900146484,-81.04244232177734
23.4500340000086,1.4223953340115258,9,87495.284839209,0.8,0.7875461578369141,6.59819221496582,-0.1868133544921875,65,434,1.58203125,0.0,-52.371028900146484,-81.04244232177734
23.4500562500034,1.4224175840063253,9,87495.2849705,0.8,0.7875461578369141,6.59819221496582,-0.1868133544921875,65,434,1.58203125,0.0,-52.371028900146484,-81.04244232177734
23.48046258300019,1.4528239170031156,9,87495.314722875,0.8,0.7875461578369141,6.59819221496582,-0.1868133544921875,65,434,1.58203125,0.0,-52.371028900146484,-81.09612274169922
23.480515250004828,1.452876584007754,9,87495.314835,0.8,0.7875461578369141,6.59819221496582,-0.1868133544921875,65,434,1.58203125,0.0,-52.371028900146484,-81.09612274169922
23.480538333009463,1.4528996670123888,9,87495.314961667,0.8,0.7875461578369141,6.59819221496582,-0.1868133544921875,65,434,1.58203125,0.0,-52.371028900146484,-81.09612274169922
23.510123083004146,1.482484417007072,9,87495.345269709,0.8,0.7875461578369141,6.59819221496582,-0.1868133544921875,65,434,1.58203125,0.0,-52.371028900146484,-81.09612274169922
23.510176166004385,1.4825375000073109,9,87495.345460125,0.8,0.7875461578369141,6.59819221496582,-0.14285659790039062,65,434,1.58203125,0.0,-52.371028900146484,-81.09612274169922
23.510203083002125,1.482564417005051,9,87495.345491792,0.8,0.7875461578369141,6.59819221496582,-0.14285659790039062,65,434,1.58203125,0.0,-52.5052490234375,-81.04244232177734
23.54063941600907,1.5130007500119973,9,87495.375948292,0.8,0.7875461578369141,6.59819221496582,-0.14285659790039062,65,434,1.58203125,0.0,-52.5052490234375,-81.04244232177734
23.540697999997064,1.5130593339999905,9,87495.376093417,0.8,0.7875461578369141,6.59819221496582,-0.14285659790039062,65,434,1.58203125,0.0,-52.5052490234375,-81.04244232177734
23.540854624996427,1.5132159589993535,9,87495.376191292,0.8,0.7875461578369141,6.59819221496582,-0.14285659790039062,65,434,1.58203125,0.0,-52.5052490234375,-81.04244232177734
23.57132620800985,1.5436875420127762,9,87495.404903459,0.8,0.7875461578369141,6.59819221496582,-0.14285659790039062,65,434,1.58203125,0.0,-52.23680114746094,-80.90821838378906
23.57139687500603,1.5437582090089563,9,87495.405065459,0.8,0.7875461578369141,6.59819221496582,-0.14285659790039062,65,417,0.087890625,-51.75043125295569,-52.23680114746094,-80.90821838378906
23.57142545800889,1.5437867920118151,9,87495.405156167,0.8,0.7875461578369141,6.59819221496582,0.27472686767578125,65,417,0.087890625,-51.75043125295569,-52.23680114746094,-80.90821838378906
23.59535729100753,1.567718625010457,9,87495.434447709,0.8,0.7875461578369141,6.59819221496582,0.27472686767578125,65,434,1.58203125,50.85657092756436,-52.23680114746094,-80.90821838378906
23.601846874997136,1.5742082090000622,9,87495.434689625,0.8,0.7948713302612305,6.59819221496582,0.09889984130859375,65,434,1.58203125,50.85657092756436,-52.23680114746094,-80.90821838378906
23.601966333008022,1.574327667010948,9,87495.434847209,0.8,0.7948713302612305,6.59819221496582,0.09889984130859375,65,434,1.58203125,50.85657092756436,-52.585784912109375,-80.61293029785156
23.657935833005467,1.6302971670083934,9,87495.494917167,0.8,0.7948713302612305,6.59819221496582,0.09889984130859375,65,434,1.58203125,50.85657092756436,-52.585784912109375,-80.61293029785156
23.658051083009923,1.630412417012849,9,87495.495209292,0.8,0.7948713302612305,6.59819221496582,0.09889984130859375,65,434,1.58203125,50.85657092756436,-52.585784912109375,-80.61293029785156
23.658095958002377,1.6304572920053033,9,87495.49541825,0.8,0.7948713302612305,6.59819221496582,0.09889984130859375,65,434,1.58203125,0.0,-52.585784912109375,-80.61293029785156
23.688582375005353,1.6609437090082793,9,87495.524919709,0.8,0.7948713302612305,6.59819221496582,0.09889984130859375,65,434,1.58203125,0.0,-52.585784912109375,-80.61293029785156
23.68869820800319,1.6610595420061145,9,87495.525439459,0.8,0.7875461578369141,6.59819221496582,-0.07692337036132812,65,434,1.58203125,0.0,-52.585784912109375,-80.61293029785156
23.68874583300203,1.6611071670049569,9,87495.525497209,0.8,0.7875461578369141,6.59819221496582,-0.07692337036132812,65,434,1.58203125,0.0,-52.61261749267578,-80.80084228515625
23.720064916007686,1.6924262500106124,9,87495.555697542,0.8,0.7875461578369141,6.59819221496582,-0.07692337036132812,65,434,1.58203125,0.0,-52.61261749267578,-80.80084228515625
23.720238791007432,1.6926001250103582,9,87495.556044459,0.8,0.7875461578369141,6.59819221496582,-0.07692337036132812,65,434,1.58203125,0.0,-52.61261749267578,-80.80084228515625
23.720456958006253,1.6928182920091785,9,87495.55631875,0.8,0.7875461578369141,6.59819221496582,-0.07692337036132812,65,434,1.58203125,0.0,-52.61261749267578,-80.80084228515625
23.751191041010316,1.7235523750132415,9,87495.585507667,0.8,0.7875461578369141,6.59819221496582,-0.07692337036132812,65,434,1.58203125,0.0,-52.23680114746094,-80.77398681640625
23.751354791005724,1.7237161250086501,9,87495.585984,0.8,0.7875461578369141,6.59819221496582,-0.07692337036132812,65,49842,24.08203125,758.5974376226217,-52.23680114746094,-80.77398681640625
23.75142549999873,1.7237868340016576,9,87495.58605775,0.8,0.7948713302612305,6.59819221496582,-0.010990142822265625,65,49842,24.08203125,758.5974376226217,-52.23680114746094,-80.77398681640625
23.779932040997664,1.7522933750005905,9,87495.615142292,0.8,0.7948713302612305,6.59819221496582,-0.010990142822265625,65,434,1.58203125,-771.7449957548661,-52.23680114746094,-80.77398681640625
23.78006516600726,1.7524265000101877,9,87495.615559459,0.8,0.7875461578369141,6.59819221496582,0.010990142822265625,65,434,1.58203125,-771.7449957548661,-52.23680114746094,-80.77398681640625
23.7801272910001,1.752488625003025,9,87495.615797834,0.8,0.7875461578369141,6.59819221496582,0.010990142822265625,65,434,1.58203125,-771.7449957548661,-52.639469146728516,-80.66661834716797
23.811178125004517,1.783539459007443,9,87495.645467334,0.8,0.7875461578369141,6.59819221496582,0.010990142822265625,65,434,1.58203125,-771.7449957548661,-52.639469146728516,-80.66661834716797
23.811305625000386,1.7836669590033125,9,87495.645857667,0.8,0.7875461578369141,6.59819221496582,0.010990142822265625,65,434,1.58203125,-771.7449957548661,-52.639469146728516,-80.66661834716797
23.81136483300361,1.7837261670065345,9,87495.646075959,0.8,0.7875461578369141,6.59819221496582,0.010990142822265625,65,435,1.669921875,2.8405264972511346,-52.639469146728516,-80.66661834716797
23.83639250000124,1.8087538340041647,9,87495.675141792,0.8,0.7875461578369141,6.59819221496582,0.010990142822265625,65,435,1.669921875,2.8405264972511346,-52.29049301147461,-80.90821838378906
23.841995416005375,1.8143567500083009,9,87495.676126667,0.8,0.7875461578369141,6.59819221496582,0.010990142822265625,65,434,1.58203125,-2.924877733595579,-52.29049301147461,-80.90821838378906
23.842158291008673,1.8145196250115987,9,87495.676184875,0.8,0.7948713302612305,6.59819221496582,0.3846168518066406,65,434,1.58203125,-2.924877733595579,-52.29049301147461,-80.90821838378906
23.867351958004292,1.8397132920072181,9,87495.705106875,0.8,0.7948713302612305,6.59819221496582,0.3846168518066406,65,434,1.58203125,0.0,-52.29049301147461,-80.90821838378906
23.867466958006844,1.83982829200977,9,87495.705602417,0.8,0.7948713302612305,6.59819221496582,0.0549468994140625,65,434,1.58203125,0.0,-52.29049301147461,-80.90821838378906
23.8675139160041,1.839875250007026,9,87495.705674709,0.8,0.7948713302612305,6.59819221496582,0.0549468994140625,65,434,1.58203125,0.0,-52.2099609375,-80.74715423583984
23.898009791009827,1.8703711250127526,9,87495.735388209,0.8,0.7948713302612305,6.59819221496582,0.0549468994140625,65,434,1.58203125,0.0,-52.2099609375,-80.74715423583984
23.89827287499793,1.8706342090008548,9,87495.736053042,0.8,0.7948713302612305,6.59819221496582,0.0549468994140625,65,434,1.58203125,0.0,-52.2099609375,-80.74715423583984
23.89834729100403,1.8707086250069551,9,87495.737004375,0.8,0.7948713302612305,6.59819221496582,0.0549468994140625,65,434,1.58203125,0.0,-52.2099609375,-80.74715423583984
23.92929416600964,1.9016555000125663,9,87495.764535459,0.8,0.7948713302612305,6.59819221496582,0.0549468994140625,65,434,1.58203125,0.0,-52.18311309814453,-80.82769012451172
23.929457958001876,1.9018192920048023,9,87495.764710042,0.8,0.7948713302612305,6.59819221496582,0.0549468994140625,65,434,1.58203125,0.0,-52.18311309814453,-80.82769012451172
23.929502125,1.901863459002925,9,87495.764813709,0.8,0.7875461578369141,6.59819221496582,-0.07692337036132812,65,434,1.58203125,0.0,-52.18311309814453,-80.82769012451172
23.989697541008354,1.9620588750112802,9,87495.825191209,0.8,0.7875461578369141,6.59819221496582,-0.07692337036132812,65,434,1.58203125,0.0,-52.18311309814453,-80.82769012451172
23.989868500008015,1.962229834010941,9,87495.825611625,0.8,0.7875461578369141,6.59819221496582,0.0549468994140625,65,434,1.58203125,0.0,-52.18311309814453,-80.82769012451172
23.98993500000506,1.9622963340079878,9,87495.826211834,0.8,0.7875461578369141,6.59819221496582,0.0549468994140625,65,434,1.58203125,0.0,-52.53208923339844,-80.5860824584961
24.051731125000515,2.024092459003441,9,87495.886327125,0.8,0.7875461578369141,6.59819221496582,0.0549468994140625,65,434,1.58203125,0.0,-52.53208923339844,-80.5860824584961
24.05181495800207,2.024176292004995,9,87495.886457125,0.8,0.7875461578369141,6.59819221496582,0.0549468994140625,65,434,1.58203125,0.0,-52.53208923339844,-80.5860824584961
24.05183766600385,2.0241990000067744,9,87495.886489875,0.8,0.7875461578369141,6.59819221496582,0.0549468994140625,65,434,1.58203125,0.0,-52.53208923339844,-80.5860824584961
24.05185662501026,2.0242179590131855,9,87495.886587417,0.8,0.7875461578369141,6.59819221496582,0.0549468994140625,65,434,1.58203125,0.0,-52.10258483886719,-80.90821838378906
24.080909791009617,2.053271125012543,9,87495.915338042,0.8,0.7948713302612305,6.59819221496582,-0.010990142822265625,65,434,1.58203125,0.0,-52.10258483886719,-80.90821838378906
24.080997915996704,2.0533592499996303,9,87495.91549375,0.8,0.7948713302612305,6.59819221496582,-0.010990142822265625,65,434,1.58203125,0.0,-52.263648986816406,-80.74715423583984
24.08109708300617,2.0534584170090966,9,87495.915526834,0.8,0.7948713302612305,6.59819221496582,-0.010990142822265625,65,434,1.58203125,0.0,-52.263648986816406,-80.74715423583984
24.105837166003766,2.0781985000066925,9,87495.944801709,0.8,0.7948713302612305,6.59819221496582,-0.010990142822265625,65,434,1.58203125,0.0,-52.129425048828125,-80.53239440917969
24.10588508300134,2.078246417004266,9,87495.944935125,0.8,0.7948713302612305,6.59819221496582,-0.010990142822265625,65,434,1.58203125,0.0,-52.129425048828125,-80.53239440917969
24.111023707999266,2.0833850420021918,9,87495.945138209,0.8,0.7948713302612305,6.59819221496582,-0.20878982543945312,65,434,1.58203125,0.0,-52.129425048828125,-80.53239440917969
24.135502165998332,2.107863500001258,9,87495.974459042,0.8,0.7948713302612305,6.59819221496582,-0.20878982543945312,65,434,1.58203125,0.0,-52.129425048828125,-80.53239440917969
24.135552040999755,2.1079133750026813,9,87495.974580709,0.8,0.7875461578369141,6.59819221496582,-0.0549468994140625,65,434,1.58203125,0.0,-52.129425048828125,-80.53239440917969
24.135583499999484,2.10794483400241,9,87495.974623125,0.8,0.7875461578369141,6.59819221496582,-0.0549468994140625,65,434,1.58203125,0.0,-52.5052490234375,-80.50554656982422
24.172121458002948,2.144482792005874,9,87496.005484167,0.8,0.7875461578369141,6.59819221496582,-0.0549468994140625,65,434,1.58203125,0.0,-52.5052490234375,-80.50554656982422
24.172202375004417,2.1445637090073433,9,87496.005670334,0.8,0.7875461578369141,6.59819221496582,-0.0549468994140625,65,434,1.58203125,0.0,-52.5052490234375,-80.50554656982422
24.172241375010344,2.14460270901327,9,87496.005870667,0.8,0.7875461578369141,6.59819221496582,-0.0549468994140625,65,434,1.58203125,0.0,-52.5052490234375,-80.50554656982422
24.197616625009687,2.1699779590126127,9,87496.036188542,0.8,0.7875461578369141,6.59819221496582,-0.0549468994140625,65,434,1.58203125,0.0,-52.23680114746094,-80.66661834716797
24.197761707997415,2.1701230420003412,9,87496.036378792,0.8,0.7875461578369141,6.59819221496582,-0.0549468994140625,65,434,1.58203125,0.0,-52.23680114746094,-80.66661834716797
24.19783533300506,2.1701966670079855,9,87496.036712334,0.8,0.7948713302612305,6.59819221496582,-0.07692337036132812,65,434,1.58203125,0.0,-52.23680114746094,-80.66661834716797
24.22839400000521,2.200755334008136,9,87496.064478417,0.8,0.7948713302612305,6.59819221496582,-0.07692337036132812,65,434,1.58203125,0.0,-52.23680114746094,-80.66661834716797
24.228457958000945,2.200819292003871,9,87496.064636625,0.8,0.7948713302612305,6.59819221496582,-0.07692337036132812,65,434,1.58203125,0.0,-52.23680114746094,-80.66661834716797
24.228489957997226,2.200851292000152,9,87496.064708959,0.8,0.7948713302612305,6.59819221496582,-0.07692337036132812,65,434,1.58203125,0.0,-52.10258483886719,-80.61293029785156
24.25894966600754,2.2313110000104643,9,87496.094412792,0.8,0.7948713302612305,6.59819221496582,-0.07692337036132812,65,434,1.58203125,0.0,-52.10258483886719,-80.61293029785156
24.25908000000345,2.2314413340063766,9,87496.094533792,0.8,0.7948713302612305,6.59819221496582,-0.07692337036132812,65,434,1.58203125,0.0,-52.10258483886719,-80.61293029785156
24.259183957998175,2.231545292001101,9,87496.09465475,0.8,0.7948713302612305,6.59819221496582,-0.07692337036132812,65,434,1.58203125,0.0,-52.10258483886719,-80.61293029785156
24.29075087500678,2.263112209009705,9,87496.124781959,0.8,0.7948713302612305,6.59819221496582,-0.07692337036132812,65,434,1.58203125,0.0,-52.29049301147461,-80.53239440917969
24.290882333007175,2.2632436670101015,9,87496.124974042,0.8,0.7948713302612305,6.59819221496582,-0.07692337036132812,65,434,1.58203125,0.0,-52.29049301147461,-80.53239440917969
24.290914625002188,2.2632759590051137,9,87496.125098334,0.8,0.7875461578369141,6.59819221496582,0.20878982543945312,65,434,1.58203125,0.0,-52.29049301147461,-80.53239440917969
24.321419790998334,2.29378112500126,9,87496.155142917,0.8,0.7875461578369141,6.59819221496582,0.20878982543945312,65,434,1.58203125,0.0,-52.29049301147461,-80.53239440917969
24.32152887500706,2.2938902090099873,9,87496.155562375,0.8,0.7948713302612305,6.59819221496582,-0.3626365661621094,65,434,1.58203125,0.0,-52.29049301147461,-80.53239440917969
24.32157170800201,2.2939330420049373,9,87496.155628667,0.8,0.7948713302612305,6.59819221496582,-0.3626365661621094,65,434,1.58203125,0.0,-52.558929443359375,-80.3981704711914
24.345993249997264,2.31835458400019,9,87496.184905292,0.8,0.7948713302612305,6.59819221496582,-0.3626365661621094,65,434,1.58203125,0.0,-52.558929443359375,-80.3981704711914
24.346387750003487,2.318749084006413,9,87496.18543075,0.8,0.7948713302612305,6.59819221496582,-0.3626365661621094,65,434,1.58203125,0.0,-52.558929443359375,-80.3981704711914
24.346627874998376,2.318989209001302,9,87496.185769209,0.8,0.7948713302612305,6.59819221496582,-0.3626365661621094,65,434,1.58203125,0.0,-52.558929443359375,-80.3981704711914
24.377840540997568,2.3502018750004936,9,87496.214994209,0.8,0.7948713302612305,6.59819221496582,-0.3626365661621094,65,434,1.58203125,0.0,-52.2099609375,-80.55924224853516
24.377917874997365,2.3502792090002913,9,87496.215110709,0.8,0.7948713302612305,6.59819221496582,-0.3626365661621094,65,434,1.58203125,0.0,-52.2099609375,-80.55924224853516
24.40856925000844,2.3809305840113666,9,87496.246030375,0.8,0.7948713302612305,6.59819221496582,-0.3186798095703125,65,434,1.58203125,0.0,-52.2099609375,-80.55924224853516
24.40864937500737,2.3810107090102974,9,87496.246398667,0.8,0.7948713302612305,6.59819221496582,-0.3186798095703125,65,434,1.58203125,0.0,-52.2099609375,-80.55924224853516
24.408680874999845,2.3810422090027714,9,87496.246718709,0.8,0.7875461578369141,6.59819221496582,-0.09889984130859375,65,434,1.58203125,0.0,-52.2099609375,-80.55924224853516
24.408711416006554,2.38107275000948,9,87496.246772792,0.8,0.7875461578369141,6.59819221496582,-0.09889984130859375,65,434,1.58203125,0.0,-52.156272888183594,-80.50554656982422
24.440221041004406,2.4125823750073323,9,87496.276635709,0.8,0.7875461578369141,6.59819221496582,-0.09889984130859375,65,434,1.58203125,0.0,-52.156272888183594,-80.50554656982422
24.440358375009964,2.4127197090128902,9,87496.276774125,0.8,0.7875461578369141,6.59819221496582,-0.09889984130859375,65,434,1.58203125,0.0,-52.156272888183594,-80.50554656982422
24.440402666004957,2.4127640000078827,9,87496.27687,0.8,0.7875461578369141,6.59819221496582,-0.09889984130859375,65,434,1.58203125,0.0,-52.156272888183594,-80.50554656982422
24.47194975000457,2.444311084007495,9,87496.306292959,0.8,0.7875461578369141,6.59819221496582,-0.09889984130859375,65,434,1.58203125,0.0,-52.18311309814453,-80.47870635986328
24.472072457996546,2.4444337919994723,9,87496.306480209,0.8,0.7875461578369141,6.59819221496582,-0.09889984130859375,65,434,1.58203125,0.0,-52.18311309814453,-80.47870635986328
24.472128875000635,2.444490209003561,9,87496.306617042,0.8,0.7875461578369141,6.59819221496582,-0.14285659790039062,65,434,1.58203125,0.0,-52.18311309814453,-80.47870635986328
24.49648962500214,2.468850959005067,9,87496.335091875,0.8,0.7875461578369141,6.59819221496582,-0.14285659790039062,65,434,1.58203125,0.0,-52.18311309814453,-80.47870635986328
24.496626708001713,2.4689880420046393,9,87496.335465125,0.8,0.7875461578369141,6.597810745239258,-0.3846168518066406,65,434,1.58203125,0.0,-52.18311309814453,-80.47870635986328
24.49667695800599,2.469038292008918,9,87496.335527792,0.8,0.7875461578369141,6.597810745239258,-0.3846168518066406,65,434,1.58203125,0.0,-52.45155334472656,-80.26395416259766
24.526861582999118,2.4992229170020437,9,87496.36563675,0.8,0.7875461578369141,6.597810745239258,-0.3846168518066406,65,434,1.58203125,0.0,-52.45155334472656,-80.26395416259766
24.532865500004846,2.5052268340077717,9,87496.366704167,0.8,0.7875461578369141,6.597810745239258,-0.3846168518066406,65,434,1.58203125,0.0,-52.45155334472656,-80.26395416259766
24.532982290998916,2.505343625001842,9,87496.366805792,0.8,0.7875461578369141,6.597810745239258,-0.3846168518066406,65,434,1.58203125,0.0,-52.45155334472656,-80.26395416259766
24.559193291002885,2.5315546250058105,9,87496.396164292,0.8,0.7875461578369141,6.597810745239258,-0.3846168518066406,65,434,1.58203125,0.0,-52.129425048828125,-80.53239440917969
24.55944370799989,2.5318050420028158,9,87496.396917875,0.8,0.7875461578369141,6.597810745239258,-0.3846168518066406,65,434,1.58203125,0.0,-52.129425048828125,-80.53239440917969
24.55947795799875,2.5318392920016777,9,87496.396960709,0.8,0.7948713302612305,6.59819221496582,0.23077011108398438,65,434,1.58203125,0.0,-52.129425048828125,-80.53239440917969
24.59091083300882,2.563272167011746,9,87496.42610025,0.8,0.7948713302612305,6.59819221496582,0.23077011108398438,65,434,1.58203125,0.0,-52.129425048828125,-80.53239440917969
24.617252958007157,2.589614292010083,9,87496.455237375,0.8,0.7875461578369141,6.59819221496582,-0.23077011108398438,65,434,1.58203125,0.0,-52.129425048828125,-80.53239440917969
24.617377000002307,2.589738334005233,9,87496.456229959,0.8,0.7875461578369141,6.59819221496582,-0.23077011108398438,65,434,1.58203125,0.0,-52.18311309814453,-80.45186614990234
24.61742012501054,2.589781459013466,9,87496.456299459,0.8,0.7875461578369141,6.59819221496582,-0.23077011108398438,65,434,1.58203125,0.0,-52.18311309814453,-80.45186614990234
24.617451124999207,2.5898124590021325,9,87496.456337209,0.8,0.7875461578369141,6.59819221496582,-0.23077011108398438,65,434,1.58203125,0.0,-52.18311309814453,-80.45186614990234
24.64778491600009,2.6201462500030175,9,87496.48494125,0.8,0.7948713302612305,6.59819221496582,-0.07692337036132812,65,434,1.58203125,0.0,-52.18311309814453,-80.45186614990234
24.647885790996952,2.620247124999878,9,87496.485385209,0.8,0.7948713302612305,6.59819221496582,-0.07692337036132812,65,434,1.58203125,0.0,-52.075740814208984,-80.47870635986328
24.647924250006326,2.6202855840092525,9,87496.485460209,0.8,0.7948713302612305,6.59819221496582,-0.07692337036132812,65,434,1.58203125,0.0,-52.075740814208984,-80.47870635986328
24.679219625002588,2.651580959005514,9,87496.51543875,0.8,0.7948713302612305,6.59819221496582,-0.07692337036132812,65,434,1.58203125,0.0,-52.23680114746094,-80.50554656982422
24.679420540996944,2.6517818749998696,9,87496.515796625,0.8,0.7948713302612305,6.59819221496582,-0.07692337036132812,65,434,1.58203125,0.0,-52.23680114746094,-80.50554656982422
24.679466540997964,2.6518278750008903,9,87496.51602575,0.8,0.7875461578369141,6.59819221496582,-0.010990142822265625,65,434,1.58203125,0.0,-52.23680114746094,-80.50554656982422
24.74184483299905,2.7142061670019757,9,87496.575393375,0.8,0.7875461578369141,6.59819221496582,-0.010990142822265625,65,434,1.58203125,0.0,-52.23680114746094,-80.50554656982422
24.74204725000891,2.714408584011835,9,87496.575940959,0.8,0.7948713302612305,6.59819221496582,-0.0549468994140625,65,434,1.58203125,0.0,-52.23680114746094,-80.50554656982422
24.742144250005367,2.7145055840082932,9,87496.57602175,0.8,0.7948713302612305,6.59819221496582,-0.0549468994140625,65,434,1.58203125,0.0,-52.42470932006836,-80.3981704711914
24.742221874999814,2.7145832090027397,9,87496.576444584,0.8,0.7948713302612305,6.59819221496582,-0.0549468994140625,65,434,1.58203125,0.0,-52.42470932006836,-80.3981704711914
24.767163291006,2.739524625008926,9,87496.605138542,0.8,0.7948713302612305,6.59819221496582,-0.0549468994140625,65,434,1.58203125,0.0,-52.42470932006836,-80.3981704711914
24.767291500000283,2.739652834003209,9,87496.605846042,0.8,0.7875461578369141,6.59819221496582,-0.010990142822265625,65,434,1.58203125,0.0,-52.42470932006836,-80.3981704711914
24.767347583008814,2.7397089170117397,9,87496.605913209,0.8,0.7875461578369141,6.59819221496582,-0.010990142822265625,65,434,1.58203125,0.0,-52.075740814208984,-80.53239440917969
24.798402375003207,2.7707637090061326,9,87496.634941834,0.8,0.7875461578369141,6.59819221496582,-0.010990142822265625,65,434,1.58203125,0.0,-52.075740814208984,-80.53239440917969
24.798521750009968,2.770883084012894,9,87496.635244709,0.8,0.7875461578369141,6.59819221496582,-0.010990142822265625,65,434,1.58203125,0.0,-52.075740814208984,-80.53239440917969
24.8603535410075,2.8327148750104243,9,87496.695515292,0.8,0.7875461578369141,6.59819221496582,-0.010990142822265625,65,434,1.58203125,0.0,-52.075740814208984,-80.53239440917969
24.860516166008892,2.8328775000118185,9,87496.696254334,0.8,0.7875461578369141,6.59819221496582,-0.010990142822265625,65,434,1.58203125,0.0,-52.075740814208984,-80.29080200195312
24.860602625005413,2.832963959008339,9,87496.696600209,0.8,0.7875461578369141,6.59819221496582,-0.010990142822265625,65,434,1.58203125,0.0,-52.075740814208984,-80.29080200195312
24.860672958006035,2.8330342920089606,9,87496.696929625,0.8,0.7875461578369141,6.59819221496582,-0.0549468994140625,65,434,1.58203125,0.0,-52.075740814208984,-80.29080200195312
24.885847915997147,2.8582092500000726,9,87496.724811542,0.8,0.7875461578369141,6.59819221496582,-0.0549468994140625,65,434,1.58203125,0.0,-52.075740814208984,-80.29080200195312
24.89222583299852,2.8645871670014458,9,87496.725314292,0.8,0.7948713302612305,6.59819221496582,-0.120880126953125,65,434,1.58203125,0.0,-52.075740814208984,-80.29080200195312
24.892337666009553,2.864699000012479,9,87496.72537275,0.8,0.7948713302612305,6.59819221496582,-0.120880126953125,65,434,1.58203125,0.0,-52.31733322143555,-80.12973022460938
24.917545999996946,2.889907333999872,9,87496.755235584,0.8,0.7948713302612305,6.59819221496582,-0.120880126953125,65,434,1.58203125,0.0,-52.31733322143555,-80.12973022460938
24.917652916003135,2.890014250006061,9,87496.75570125,0.8,0.7948713302612305,6.59819221496582,-0.120880126953125,65,434,1.58203125,0.0,-52.31733322143555,-80.12973022460938
24.91769208300684,2.890053417009767,9,87496.755772917,0.8,0.7948713302612305,6.59819221496582,-0.120880126953125,65,434,1.58203125,0.0,-52.31733322143555,-80.12973022460938
24.952032583008986,2.924393917011912,9,87496.787002834,0.8,0.7948713302612305,6.59819221496582,-0.120880126953125,65,434,1.58203125,0.0,-52.10258483886719,-80.42501831054688
24.952149000004283,2.924510334007209,9,87496.787532042,0.8,0.7948713302612305,6.59819221496582,-0.120880126953125,65,434,1.58203125,0.0,-52.10258483886719,-80.42501831054688
24.952195541001856,2.9245568750047823,9,87496.787613625,0.8,0.7948713302612305,6.59819221496582,-0.2967033386230469,65,434,1.58203125,0.0,-52.10258483886719,-80.42501831054688
24.98220370800118,2.9545650420041056,9,87496.816799084,0.8,0.7948713302612305,6.59819221496582,-0.2967033386230469,65,434,1.58203125,0.0,-52.10258483886719,-80.42501831054688
24.982331500010332,2.954692834013258,9,87496.817413334,0.8,0.7948713302612305,6.59819221496582,-0.0549468994140625,65,434,1.58203125,0.0,-52.10258483886719,-80.42501831054688
24.982376291009132,2.954737625012058,9,87496.817474209,0.8,0.7948713302612305,6.59819221496582,-0.0549468994140625,65,434,1.58203125,0.0,-52.23680114746094,-80.23710632324219
25.038097625001683,0.00630033400375396,10,87496.875441625,0.9,0.7948713302612305,6.59819221496582,-0.0549468994140625,65,434,1.58203125,0.0,-52.23680114746094,-80.23710632324219
25.038206458004424,0.006409167006495409,10,87496.875908959,0.9,0.7948713302612305,6.59819221496582,-0.0549468994140625,65,434,1.58203125,0.0,-52.23680114746094,-80.23710632324219
25.0382603330072,0.006463042009272613,10,87496.876281542,0.9,0.7948713302612305,6.59819221496582,-0.0549468994140625,65,434,1.58203125,0.0,-52.23680114746094,-80.23710632324219
25.068490999998176,0.0366937090002466,10,87496.905977417,0.9,0.7948713302612305,6.59819221496582,-0.0549468994140625,65,434,1.58203125,0.0,-52.02205276489258,-80.3981704711914
25.06856308299757,0.036765791999641806,10,87496.906200292,0.9,0.7948713302612305,6.59819221496582,-0.0549468994140625,65,434,1.58203125,0.0,-52.02205276489258,-80.3981704711914
25.068597500008764,0.036800209010834806,10,87496.906375125,0.9,0.7875461578369141,6.59819221496582,0.03296661376953125,65,434,1.58203125,0.0,-52.02205276489258,-80.3981704711914
25.099746250009048,0.06794895901111886,10,87496.936275334,0.9,0.7875461578369141,6.59819221496582,0.03296661376953125,65,434,1.58203125,0.0,-52.02205276489258,-80.3981704711914
25.099841208008,0.06804391701007262,10,87496.936364834,0.9,0.7948713302612305,6.59819221496582,0.07692337036132812,65,434,1.58203125,0.0,-52.02205276489258,-80.3981704711914
25.129660791004426,0.0978635000064969,10,87496.966078375,0.9,0.7948713302612305,6.59819221496582,0.07692337036132812,65,434,1.58203125,0.0,-52.02205276489258,-80.3981704711914
25.129842708003707,0.09804541700577829,10,87496.96655,0.9,0.7948713302612305,6.59819221496582,0.0549468994140625,65,434,1.58203125,0.0,-52.02205276489258,-80.3981704711914
25.129909541006782,0.09811225000885315,10,87496.96662525,0.9,0.7948713302612305,6.59819221496582,0.0549468994140625,65,434,1.58203125,0.0,-52.39786911010742,-80.18342590332031
25.16005520800536,0.1282579170074314,10,87496.995038625,0.9,0.7948713302612305,6.59819221496582,0.0549468994140625,65,434,1.58203125,0.0,-52.39786911010742,-80.18342590332031
25.160130333009874,0.1283330420119455,10,87496.995315459,0.9,0.7948713302612305,6.59819221496582,0.0549468994140625,65,434,1.58203125,0.0,-52.39786911010742,-80.18342590332031
25.160169416005374,0.128372125007445,10,87496.995462334,0.9,0.7948713302612305,6.59819221496582,0.0549468994140625,65,434,1.58203125,0.0,-52.39786911010742,-80.18342590332031
25.191712625004584,0.15991533400665503,10,87497.025047459,0.9,0.7948713302612305,6.59819221496582,0.0549468994140625,65,434,1.58203125,0.0,-52.263648986816406,-80.344482421875
25.191783875008696,0.15998658401076682,10,87497.025235542,0.9,0.7948713302612305,6.59819221496582,0.0549468994140625,65,434,1.58203125,0.0,-52.263648986816406,-80.344482421875
25.191818500010413,0.16002120901248418,10,87497.025395792,0.9,0.8901100158691406,6.60429573059082,-0.010990142822265625,65,434,1.58203125,0.0,-52.263648986816406,-80.344482421875
25.247158208003384,0.21536091700545512,10,87497.085613,0.9,0.8901100158691406,6.60429573059082,-0.010990142822265625,65,434,1.58203125,0.0,-52.263648986816406,-80.344482421875
25.247342540998943,0.2155452500010142,10,87497.086019,0.9,0.8974361419677734,6.604677200317383,0.23077011108398438,65,434,1.58203125,0.0,-52.263648986816406,-80.344482421875
25.247410291005508,0.2156130000075791,10,87497.08621525,0.9,0.8974361419677734,6.604677200317383,0.23077011108398438,65,434,1.58203125,0.0,-51.726768493652344,-80.90821838378906
25.253273207999882,0.22147591700195335,10,87497.086759667,0.9,0.8974361419677734,6.604677200317383,0.23077011108398438,65,434,1.58203125,0.0,-51.726768493652344,-80.90821838378906
25.284274208010174,0.2524769170122454,10,87497.117354792,0.9,0.8974361419677734,6.604677200317383,0.23077011108398438,65,434,1.58203125,0.0,-51.726768493652344,-80.90821838378906
25.284415375004755,0.2526180840068264,10,87497.117463417,0.9,0.8901100158691406,6.604677200317383,-0.010990142822265625,65,434,1.58203125,0.0,-51.726768493652344,-80.90821838378906
25.284473583000363,0.2526762920024339,10,87497.1175375,0.9,0.8901100158691406,6.604677200317383,-0.010990142822265625,65,434,1.58203125,0.0,-52.10258483886719,-81.14981079101562
25.30850608300534,0.27670879200741183,10,87497.146982959,0.9,0.8901100158691406,6.604677200317383,-0.010990142822265625,65,434,1.58203125,0.0,-52.10258483886719,-81.14981079101562
25.30869962500583,0.2769023340079002,10,87497.147445875,0.9,0.8901100158691406,6.604677200317383,-0.010990142822265625,65,434,1.58203125,0.0,-52.10258483886719,-81.14981079101562
25.308793916003197,0.27699662500526756,10,87497.147507542,0.9,0.8901100158691406,6.604677200317383,-0.010990142822265625,65,434,1.58203125,0.0,-52.10258483886719,-81.14981079101562
25.340024250006536,0.3082269590086071,10,87497.176772917,0.9,0.8901100158691406,6.604677200317383,-0.010990142822265625,65,434,1.58203125,0.0,-52.18311309814453,-80.9887466430664
25.34014537499752,0.30834808399959,10,87497.177296542,0.9,0.8901100158691406,6.604677200317383,-0.010990142822265625,65,434,1.58203125,0.0,-52.18311309814453,-80.9887466430664
25.340214875002857,0.30841758400492836,10,87497.177367125,0.9,0.8974361419677734,6.605058670043945,0.20878982543945312,65,434,1.58203125,0.0,-52.18311309814453,-80.9887466430664
25.37159970799985,0.3398024170019198,10,87497.206822125,0.9,0.8974361419677734,6.605058670043945,0.20878982543945312,65,434,1.58203125,0.0,-52.18311309814453,-80.9887466430664
25.37172525000642,0.3399279590084916,10,87497.2073685,0.9,0.9047622680664062,6.604677200317383,-0.16483688354492188,65,434,1.58203125,0.0,-52.18311309814453,-80.9887466430664
25.37177516600059,0.33997787500265986,10,87497.207596375,0.9,0.9047622680664062,6.604677200317383,-0.16483688354492188,65,434,1.58203125,0.0,-52.31733322143555,-81.23033905029297
25.40255112500745,0.3707538340095198,10,87497.236098875,0.9,0.9047622680664062,6.604677200317383,-0.16483688354492188,65,434,1.58203125,0.0,-52.31733322143555,-81.23033905029297
25.402716583004803,0.37091929200687446,10,87497.236544209,0.9,0.9047622680664062,6.604677200317383,-0.16483688354492188,65,434,1.58203125,0.0,-52.31733322143555,-81.23033905029297
25.402786291000666,0.37098900000273716,10,87497.236609209,0.9,0.9047622680664062,6.604677200317383,-0.16483688354492188,65,434,1.58203125,0.0,-52.31733322143555,-81.23033905029297
25.42677933300729,0.39498204200936016,10,87497.264771459,0.9,0.9047622680664062,6.604677200317383,-0.16483688354492188,65,434,1.58203125,0.0,-51.136192321777344,-81.498779296875
25.42693145800149,0.39513416700356174,10,87497.265130834,0.9,0.9047622680664062,6.604677200317383,-0.16483688354492188,65,434,1.58203125,0.0,-51.136192321777344,-81.498779296875
25.426992583001265,0.39519529200333636,10,87497.265192292,0.9,0.8974361419677734,6.604677200317383,-0.120880126953125,65,434,1.58203125,0.0,-51.136192321777344,-81.498779296875
25.458046375002596,0.42624908400466666,10,87497.2952025,0.9,0.8974361419677734,6.604677200317383,-0.120880126953125,65,434,1.58203125,0.0,-51.136192321777344,-81.498779296875
25.458214166006655,0.4264168750087265,10,87497.295712584,0.9,0.9047622680664062,6.604677200317383,-0.20878982543945312,65,434,1.58203125,0.0,-51.136192321777344,-81.498779296875
25.458284082997125,0.4264867919991957,10,87497.295792375,0.9,0.9047622680664062,6.604677200317383,-0.20878982543945312,65,434,1.58203125,0.0,-52.31733322143555,-81.23033905029297
25.490135708008893,0.4583384170109639,10,87497.325688167,0.9,0.9047622680664062,6.604677200317383,-0.20878982543945312,65,434,1.58203125,0.0,-52.31733322143555,-81.23033905029297
25.4902976660087,0.4585003750107717,10,87497.326384709,0.9,0.9047622680664062,6.604677200317383,-0.20878982543945312,65,434,1.58203125,0.0,-52.31733322143555,-81.23033905029297
25.49035270800232,0.4585554170043906,10,87497.326479209,0.9,0.9047622680664062,6.604677200317383,-0.20878982543945312,65,434,1.58203125,0.0,-52.31733322143555,-81.23033905029297
25.521470416002558,0.4896731250046287,10,87497.355456584,0.9,0.9047622680664062,6.604677200317383,-0.20878982543945312,65,434,1.58203125,0.0,-52.2099609375,-81.44509887695312
25.521720457996707,0.48992316699877847,10,87497.356135459,0.9,0.9047622680664062,6.604677200317383,-0.20878982543945312,65,434,1.58203125,0.0,-52.2099609375,-81.44509887695312
25.521777625006507,0.4899803340085782,10,87497.356234792,0.9,0.8901100158691406,6.604677200317383,-0.27472686767578125,65,434,1.58203125,0.0,-52.2099609375,-81.44509887695312
25.54601212500711,0.5142148340091808,10,87497.384813625,0.9,0.8901100158691406,6.604677200317383,-0.27472686767578125,65,434,1.58203125,0.0,-52.2099609375,-81.44509887695312
25.546356958002434,0.5145596670045052,10,87497.38539,0.9,0.8974361419677734,6.605058670043945,0.09889984130859375,65,434,1.58203125,0.0,-52.2099609375,-81.44509887695312
25.546526666003047,0.5147293750051176,10,87497.385489,0.9,0.8974361419677734,6.605058670043945,0.09889984130859375,65,434,1.58203125,0.0,-52.156272888183594,-81.44509887695312
25.576562750007724,0.5447654590097954,10,87497.414758334,0.9,0.8974361419677734,6.605058670043945,0.09889984130859375,65,434,1.58203125,0.0,-52.156272888183594,-81.44509887695312
25.576642750005703,0.5448454590077745,10,87497.414938584,0.9,0.8974361419677734,6.605058670043945,0.09889984130859375,65,434,1.58203125,0.0,-52.156272888183594,-81.44509887695312
25.576679416000843,0.5448821250029141,10,87497.414994084,0.9,0.8974361419677734,6.605058670043945,0.09889984130859375,65,434,1.58203125,0.0,-52.156272888183594,-81.44509887695312
25.637721582999802,0.6059242920018733,10,87497.475372084,0.9,0.8974361419677734,6.605058670043945,0.09889984130859375,65,434,1.58203125,0.0,-51.619388580322266,-81.79407501220703
25.637932625002577,0.606135334004648,10,87497.475751917,0.9,0.8974361419677734,6.605058670043945,0.09889984130859375,65,434,1.58203125,0.0,-51.619388580322266,-81.79407501220703
25.638005000000703,0.6062077090027742,10,87497.475967667,0.9,0.8974361419677734,6.605058670043945,-0.07692337036132812,65,434,1.58203125,0.0,-51.619388580322266,-81.79407501220703
25.699490833008895,0.6676935420109658,10,87497.535545084,0.9,0.8974361419677734,6.605058670043945,-0.07692337036132812,65,434,1.58203125,0.0,-51.619388580322266,-81.79407501220703
25.699626916000852,0.6678296250029234,10,87497.536056542,0.9,0.8974361419677734,6.605058670043945,-0.07692337036132812,65,434,1.58203125,0.0,-52.263648986816406,-81.36456298828125
25.699690499997814,0.6678932089998852,10,87497.536508417,0.9,0.8974361419677734,6.605058670043945,-0.07692337036132812,65,434,1.58203125,0.0,-52.263648986816406,-81.36456298828125
25.731229166005505,0.6994318750075763,10,87497.564947209,0.9,0.8827838897705078,6.605058670043945,0.07692337036132812,65,434,1.58203125,0.0,-52.263648986816406,-81.36456298828125
25.790189207997173,0.7583919169992441,10,87497.625481834,0.9,0.8827838897705078,6.605058670043945,0.07692337036132812,65,434,1.58203125,0.0,-52.263648986816406,-81.36456298828125
25.79026358301053,0.7584662920125993,10,87497.625618917,0.9,0.8974361419677734,6.605058670043945,0.010990142822265625,65,434,1.58203125,0.0,-52.263648986816406,-81.36456298828125
25.790292582998518,0.758495292000589,10,87497.625754,0.9,0.8974361419677734,6.605058670043945,0.010990142822265625,65,434,1.58203125,0.0,-52.048892974853516,-81.2840347290039
25.790318915998796,0.7585216250008671,10,87497.62581925,0.9,0.8974361419677734,6.605058670043945,0.010990142822265625,65,434,1.58203125,0.0,-52.048892974853516,-81.2840347290039
25.820600791004836,0.7888035000069067,10,87497.656203334,0.9,0.8974361419677734,6.605058670043945,0.010990142822265625,65,434,1.58203125,0.0,-52.048892974853516,-81.2840347290039
25.820728500009864,0.7889312090119347,10,87497.656606834,0.9,0.8901100158691406,6.605058670043945,-0.23077011108398438,65,434,1.58203125,0.0,-52.048892974853516,-81.2840347290039
25.82079500000691,0.7889977090089815,10,87497.65695725,0.9,0.8901100158691406,6.605058670043945,-0.23077011108398438,65,434,1.58203125,0.0,-52.18311309814453,-81.41825103759766
25.85186020800029,0.8200629170023603,10,87497.6854075,0.9,0.8901100158691406,6.605058670043945,-0.23077011108398438,65,434,1.58203125,0.0,-52.18311309814453,-81.41825103759766
25.851993290998507,0.8201960000005784,10,87497.685593792,0.9,0.8901100158691406,6.605058670043945,-0.23077011108398438,65,434,1.58203125,0.0,-52.18311309814453,-81.41825103759766
25.852184290997684,0.8203869999997551,10,87497.6856535,0.9,0.8901100158691406,6.605058670043945,-0.23077011108398438,65,434,1.58203125,0.0,-52.18311309814453,-81.41825103759766
25.908021416005795,0.876224125007866,10,87497.747111084,0.9,0.8901100158691406,6.605058670043945,-0.23077011108398438,65,434,1.58203125,0.0,-52.263648986816406,-81.31088256835938
25.914588500003447,0.8827912090055179,10,87497.747726959,0.9,0.8901100158691406,6.605058670043945,-0.23077011108398438,65,434,1.58203125,0.0,-52.263648986816406,-81.31088256835938
25.91470179099997,0.8829045000020415,10,87497.747939334,0.9,0.8974361419677734,6.605440139770508,0.25274658203125,65,434,1.58203125,0.0,-52.263648986816406,-81.31088256835938
25.93798804099788,0.9061907499999506,10,87497.775286459,0.9,0.8974361419677734,6.605440139770508,0.25274658203125,65,434,1.58203125,0.0,-52.263648986816406,-81.31088256835938
25.938123458006885,0.906326167008956,10,87497.775622917,0.9,0.8974361419677734,6.605440139770508,-0.010990142822265625,65,434,1.58203125,0.0,-52.263648986816406,-81.31088256835938
25.938181666002492,0.9063843750045635,10,87497.775691042,0.9,0.8974361419677734,6.605440139770508,-0.010990142822265625,65,434,1.58203125,0.0,-52.2099609375,-81.39141082763672
26.004037541002617,0.9722402500046883,10,87497.837199167,0.9,0.8974361419677734,6.605440139770508,-0.010990142822265625,65,434,1.58203125,0.0,-52.2099609375,-81.39141082763672
26.00420487500378,0.9724075840058504,10,87497.837619042,0.9,0.8974361419677734,6.605440139770508,-0.010990142822265625,65,434,1.58203125,0.0,-52.2099609375,-81.39141082763672
26.004292166006053,0.9724948750081239,10,87497.837714417,0.9,0.8974361419677734,6.605440139770508,-0.010990142822265625,65,434,1.58203125,0.0,-52.2099609375,-81.39141082763672
26.02855608300888,0.9967587920109509,10,87497.866607042,0.9,0.8974361419677734,6.605440139770508,-0.010990142822265625,65,434,1.58203125,0.0,-51.726768493652344,-81.36456298828125
26.028707958001178,0.9969106670032488,10,87497.866980167,0.9,0.8901100158691406,6.605440139770508,-0.03296661376953125,65,434,1.58203125,0.0,-51.726768493652344,-81.36456298828125
26.089031750001595,1.0572344590036664,10,87497.926067,0.9,0.8901100158691406,6.605440139770508,-0.03296661376953125,65,434,1.58203125,0.0,-52.31733322143555,-81.31088256835938
26.089203958006692,1.0574066670087632,10,87497.92632025,0.9,0.8974361419677734,6.605058670043945,-0.626373291015625,65,434,1.58203125,0.0,-52.31733322143555,-81.31088256835938
26.089274250000017,1.0574769590020878,10,87497.926381625,0.9,0.8974361419677734,6.605058670043945,-0.626373291015625,65,434,1.58203125,0.0,-52.263648986816406,-81.12297058105469
26.119195416002185,1.0873981250042561,10,87497.955626542,0.9,0.8974361419677734,6.605058670043945,-0.626373291015625,65,434,1.58203125,0.0,-52.263648986816406,-81.12297058105469
26.1193500829977,1.0875527919997694,10,87497.956183792,0.9,0.8974361419677734,6.605058670043945,-0.626373291015625,65,434,1.58203125,0.0,-52.23680114746094,-81.25718688964844
26.119403999997303,1.087606708999374,10,87497.95702475,0.9,0.8974361419677734,6.605058670043945,-0.626373291015625,65,434,1.58203125,0.0,-52.23680114746094,-81.25718688964844
26.14981012500357,1.1180128340056399,10,87497.986434334,0.9,0.8974361419677734,6.605058670043945,-0.626373291015625,65,434,1.58203125,0.0,-52.10258483886719,-81.41825103759766
26.149955125001725,1.1181578340037959,10,87497.986859042,0.9,0.8974361419677734,6.605058670043945,-0.626373291015625,65,434,1.58203125,0.0,-52.10258483886719,-81.41825103759766
26.150005916002556,1.1182086250046268,10,87497.986925417,0.9,0.8974361419677734,6.605440139770508,-0.20878982543945312,65,434,1.58203125,0.0,-52.10258483886719,-81.41825103759766
26.180445040998165,1.1486477500002366,10,87498.015179667,0.9,0.8974361419677734,6.605440139770508,-0.20878982543945312,65,434,1.58203125,0.0,-52.10258483886719,-81.41825103759766
26.180720791002386,1.1489235000044573,10,87498.015584292,0.9,0.8974361419677734,6.605440139770508,-0.07692337036132812,65,434,1.58203125,0.0,-52.10258483886719,-81.41825103759766
26.180806125004892,1.1490088340069633,10,87498.015951834,0.9,0.8974361419677734,6.605440139770508,-0.07692337036132812,65,434,1.58203125,0.0,-52.371028900146484,-81.09612274169922
26.210866499997792,1.179069208999863,10,87498.044977667,0.9,0.8974361419677734,6.605440139770508,-0.07692337036132812,65,434,1.58203125,0.0,-52.371028900146484,-81.09612274169922
26.211191207999946,1.1793939170020167,10,87498.04533775,0.9,0.8974361419677734,6.605440139770508,-0.07692337036132812,65,434,1.58203125,0.0,-52.371028900146484,-81.09612274169922
26.211249875006615,1.1794525840086862,10,87498.045461,0.9,0.8974361419677734,6.605440139770508,-0.07692337036132812,65,434,1.58203125,0.0,-52.371028900146484,-81.09612274169922
26.241621332999784,1.2098240420018556,10,87498.075195375,0.9,0.8974361419677734,6.605440139770508,-0.07692337036132812,65,434,1.58203125,0.0,-51.94152069091797,-81.06928253173828
26.241802083008224,1.2100047920102952,10,87498.075523334,0.9,0.8974361419677734,6.605440139770508,-0.07692337036132812,65,434,1.58203125,0.0,-51.94152069091797,-81.06928253173828
26.297949375002645,1.266152084004716,10,87498.136821792,0.9,0.8901100158691406,6.605440139770508,0.14285659790039062,65,434,1.58203125,0.0,-51.94152069091797,-81.06928253173828
26.29860541599919,1.266808125001262,10,87498.13752175,0.9,0.8901100158691406,6.605440139770508,0.14285659790039062,65,434,1.58203125,0.0,-51.94152069091797,-81.06928253173828
26.305050833005225,1.2732535420072963,10,87498.138020209,0.9,0.8827838897705078,6.605440139770508,-0.07692337036132812,65,434,1.58203125,0.0,-51.94152069091797,-81.06928253173828
26.32934391600429,1.2975466250063619,10,87498.166436709,0.9,0.8827838897705078,6.605440139770508,-0.07692337036132812,65,434,1.58203125,0.0,-52.29049301147461,-81.2840347290039
26.32947912500822,1.297681834010291,10,87498.166692334,0.9,0.8827838897705078,6.605440139770508,-0.07692337036132812,65,434,1.58203125,0.0,-52.29049301147461,-81.2840347290039
26.329517999998643,1.2977207090007141,10,87498.166844959,0.9,0.8827838897705078,6.605440139770508,-0.07692337036132812,65,434,1.58203125,0.0,-52.29049301147461,-81.2840347290039
26.367150833000778,1.3353535420028493,10,87498.200255709,0.9,0.8974361419677734,6.605058670043945,-0.3846168518066406,65,434,1.58203125,0.0,-52.29049301147461,-81.2840347290039
26.386414082997362,1.3546167919994332,10,87498.225335209,0.9,0.8974361419677734,6.605058670043945,-0.3846168518066406,65,434,1.58203125,0.0,-51.99520492553711,-81.1766586303711
26.386819874998764,1.3550225840008352,10,87498.22583975,0.9,0.8974361419677734,6.605058670043945,-0.3846168518066406,65,434,1.58203125,0.0,-51.99520492553711,-81.1766586303711
26.387105250003515,1.3553079590055859,10,87498.22615225,0.9,0.8974361419677734,6.605058670043945,-0.3846168518066406,65,434,1.58203125,0.0,-52.02205276489258,-81.25718688964844
26.38733641600993,1.355539125012001,10,87498.226454792,0.9,0.8974361419677734,6.605058670043945,-0.3846168518066406,65,434,1.58203125,0.0,-52.02205276489258,-81.25718688964844
26.418412708007963,1.3866154170100344,10,87498.255654834,0.9,0.8974361419677734,6.605058670043945,-0.3846168518066406,65,434,1.58203125,0.0,-52.02205276489258,-81.2840347290039
26.418491457996424,1.3866941669984953,10,87498.255871625,0.9,0.8974361419677734,6.605058670043945,-0.3846168518066406,65,434,1.58203125,0.0,-52.02205276489258,-81.2840347290039
26.418518624996068,1.386721333998139,10,87498.256026334,0.9,0.8827838897705078,6.605440139770508,-0.03296661376953125,65,434,1.58203125,0.0,-52.02205276489258,-81.2840347290039
26.44929916600813,1.4175018750102026,10,87498.284525709,0.9,0.8827838897705078,6.605440139770508,-0.03296661376953125,65,434,1.58203125,0.0,-52.02205276489258,-81.2840347290039
26.449364957996295,1.417567666998366,10,87498.284662667,0.9,0.8827838897705078,6.605440139770508,-0.0549468994140625,65,434,1.58203125,0.0,-52.02205276489258,-81.2840347290039
26.44938354101032,1.4175862500123912,10,87498.284707959,0.9,0.8827838897705078,6.605440139770508,-0.0549468994140625,65,434,1.58203125,0.0,-52.10258483886719,-81.14981079101562
26.479728916005115,1.447931625007186,10,87498.314664875,0.9,0.8827838897705078,6.605440139770508,-0.0549468994140625,65,434,1.58203125,0.0,-52.10258483886719,-81.14981079101562
26.479809083000873,1.4480117920029443,10,87498.314790042,0.9,0.8827838897705078,6.605440139770508,-0.0549468994140625,65,434,1.58203125,0.0,-52.10258483886719,-81.14981079101562
26.47982462499931,1.448027334001381,10,87498.314815167,0.9,0.8827838897705078,6.605440139770508,-0.0549468994140625,65,434,1.58203125,0.0,-52.10258483886719,-81.14981079101562
26.53614395800105,1.5043466670031194,10,87498.375161917,0.9,0.8827838897705078,6.605440139770508,-0.0549468994140625,65,434,1.58203125,0.0,-52.10258483886719,-81.2840347290039
26.536189250007737,1.5043919590098085,10,87498.375279334,0.9,0.8827838897705078,6.605440139770508,-0.0549468994140625,65,434,1.58203125,0.0,-52.10258483886719,-81.2840347290039
26.542486749996897,1.510689458998968,10,87498.375435959,0.9,0.8827838897705078,6.605440139770508,0.120880126953125,65,434,1.58203125,0.0,-52.10258483886719,-81.2840347290039
26.566155041000457,1.5343577500025276,10,87498.404511959,0.9,0.8827838897705078,6.605440139770508,0.120880126953125,65,434,1.58203125,0.0,-52.10258483886719,-81.2840347290039
26.56638004099659,1.5345827499986626,10,87498.404544667,0.9,0.9047622680664062,6.605440139770508,-0.27472686767578125,65,434,1.58203125,0.0,-52.10258483886719,-81.2840347290039
26.566416375004337,1.5346190840064082,10,87498.404567209,0.9,0.9047622680664062,6.605440139770508,-0.27472686767578125,65,434,1.58203125,0.0,-52.23680114746094,-81.20349884033203
26.597286625008564,1.5654893340106355,10,87498.434852209,0.9,0.9047622680664062,6.605440139770508,-0.27472686767578125,65,434,1.58203125,0.0,-52.23680114746094,-81.20349884033203
26.597364208006184,1.5655669170082547,10,87498.434980334,0.9,0.9047622680664062,6.605440139770508,-0.27472686767578125,65,434,1.58203125,0.0,-52.23680114746094,-81.20349884033203
26.597386541005108,1.5655892500071786,10,87498.435072417,0.9,0.9047622680664062,6.605440139770508,-0.27472686767578125,65,434,1.58203125,0.0,-52.23680114746094,-81.20349884033203
26.628459500003373,1.5966622090054443,10,87498.464860125,0.9,0.9047622680664062,6.605440139770508,-0.27472686767578125,65,434,1.58203125,0.0,-52.075740814208984,-81.31088256835938
26.628506499997457,1.5967092089995276,10,87498.464962417,0.9,0.9047622680664062,6.605440139770508,-0.27472686767578125,65,434,1.58203125,0.0,-52.075740814208984,-81.31088256835938
26.628523082996253,1.596725791998324,10,87498.465022959,0.9,0.9047622680664062,6.60582160949707,0.2967033386230469,65,434,1.58203125,0.0,-52.075740814208984,-81.31088256835938
26.65936054100166,1.6275632500037318,10,87498.495923,0.9,0.9047622680664062,6.60582160949707,0.2967033386230469,65,434,1.58203125,0.0,-52.075740814208984,-81.31088256835938
26.659411750006257,1.6276144590083277,10,87498.496055667,0.9,0.9047622680664062,6.60582160949707,0.2967033386230469,65,434,1.58203125,0.0,-52.075740814208984,-81.31088256835938
26.659427000005962,1.6276297090080334,10,87498.496075834,0.9,0.9047622680664062,6.60582160949707,0.2967033386230469,65,434,1.58203125,0.0,-52.2099609375,-81.23033905029297
26.689064999998664,1.6572677090007346,10,87498.526275042,0.9,0.9047622680664062,6.60582160949707,0.2967033386230469,65,434,1.58203125,0.0,-52.2099609375,-81.23033905029297
26.68910595800844,1.6573086670105113,10,87498.526369084,0.9,0.9047622680664062,6.60582160949707,0.2967033386230469,65,434,1.58203125,0.0,-52.2099609375,-81.23033905029297
26.689127541001653,1.6573302500037244,10,87498.526452834,0.9,0.9047622680664062,6.60582160949707,0.2967033386230469,65,434,1.58203125,0.0,-52.2099609375,-81.23033905029297
26.720546374999685,1.6887490840017563,10,87498.554429709,0.9,0.9047622680664062,6.60582160949707,0.2967033386230469,65,434,1.58203125,0.0,-52.18311309814453,-81.09612274169922
26.745687458009343,1.7138901670114137,10,87498.584612,0.9,0.9047622680664062,6.60582160949707,0.2967033386230469,65,434,1.58203125,0.0,-52.18311309814453,-81.09612274169922
26.746075625007506,1.7142783340095775,10,87498.584739792,0.9,0.8827838897705078,6.605440139770508,-0.09889984130859375,65,434,1.58203125,0.0,-52.18311309814453,-81.09612274169922
26.75151304100291,1.7197157500049798,10,87498.58537025,0.9,0.8827838897705078,6.605440139770508,-0.09889984130859375,65,434,1.58203125,0.0,-52.18311309814453,-81.09612274169922
26.751581125005032,1.719783834007103,10,87498.585462417,0.9,0.8901100158691406,6.605440139770508,-0.14285659790039062,65,434,1.58203125,0.0,-52.18311309814453,-81.09612274169922
26.776624958001776,1.7448276670038467,10,87498.61466675,0.9,0.8901100158691406,6.605440139770508,-0.14285659790039062,65,434,1.58203125,0.0,-52.18311309814453,-81.09612274169922
26.77666866600339,1.7448713750054594,10,87498.614808792,0.9,0.8901100158691406,6.605440139770508,0.010990142822265625,65,434,1.58203125,0.0,-52.18311309814453,-81.09612274169922
26.808092791005038,1.7762955000071088,10,87498.645467542,0.9,0.8901100158691406,6.605440139770508,0.010990142822265625,65,434,1.58203125,0.0,-52.10258483886719,-81.31088256835938
26.808141583009274,1.7763442920113448,10,87498.645766667,0.9,0.8901100158691406,6.605440139770508,0.010990142822265625,65,434,1.58203125,0.0,-52.10258483886719,-81.31088256835938
26.808174208010314,1.776376917012385,10,87498.645850834,0.9,0.8901100158691406,6.605440139770508,0.010990142822265625,65,434,1.58203125,0.0,-52.10258483886719,-81.31088256835938
26.80820370800211,1.776406417004182,10,87498.646084167,0.9,0.8901100158691406,6.605440139770508,0.010990142822265625,65,434,1.58203125,0.0,-52.10258483886719,-81.31088256835938
26.86946433300909,1.8376670420111623,10,87498.706316542,0.9,0.8901100158691406,6.605440139770508,0.010990142822265625,65,434,1.58203125,0.0,-51.834144592285156,-81.23033905029297
26.869532666009036,1.837735375011107,10,87498.70644475,0.9,0.8901100158691406,6.605440139770508,0.010990142822265625,65,434,1.58203125,0.0,-51.834144592285156,-81.23033905029297
26.869552541000303,1.837755250002374,10,87498.706515209,0.9,0.8827838897705078,6.605440139770508,-0.03296661376953125,65,434,1.58203125,0.0,-51.834144592285156,-81.23033905029297
26.90091162500903,1.8691143340111012,10,87498.735479084,0.9,0.8827838897705078,6.605440139770508,-0.03296661376953125,65,434,1.58203125,0.0,-51.834144592285156,-81.23033905029297
26.900957958001527,1.869160667003598,10,87498.735574667,0.9,0.8974361419677734,6.605440139770508,-0.20878982543945312,65,434,1.58203125,0.0,-51.834144592285156,-81.23033905029297
26.900971708004363,1.869174417006434,10,87498.735594667,0.9,0.8974361419677734,6.605440139770508,-0.20878982543945312,65,434,1.58203125,0.0,-52.45155334472656,-80.85453033447266
26.93232233299932,1.9005250420013908,10,87498.766116834,0.9,0.8974361419677734,6.605440139770508,-0.20878982543945312,65,434,1.58203125,0.0,-52.45155334472656,-80.85453033447266
26.93236620799871,1.9005689170007827,10,87498.766225625,0.9,0.8974361419677734,6.605440139770508,-0.20878982543945312,65,434,1.58203125,0.0,-52.45155334472656,-80.85453033447266
26.93238020800345,1.9005829170055222,10,87498.766247542,0.9,0.8974361419677734,6.605440139770508,-0.20878982543945312,65,434,1.58203125,0.0,-52.45155334472656,-80.85453033447266
26.956839165999554,1.9250418750016252,10,87498.794854709,0.9,0.8974361419677734,6.605440139770508,-0.20878982543945312,65,434,1.58203125,0.0,-52.02205276489258,-81.06928253173828
26.95688737501041,1.9250900840124814,10,87498.79496975,0.9,0.8974361419677734,6.605440139770508,-0.20878982543945312,65,434,1.58203125,0.0,-52.02205276489258,-81.06928253173828
26.95690270799969,1.9251054170017596,10,87498.794986209,0.9,0.8901100158691406,6.605440139770508,-0.03296661376953125,65,434,1.58203125,0.0,-52.02205276489258,-81.06928253173828
27.018149875002564,1.986352584004635,10,87498.856087417,0.9,0.8901100158691406,6.605440139770508,-0.03296661376953125,65,434,1.58203125,0.0,-52.02205276489258,-81.06928253173828
27.04870137500984,2.0169040840119123,10,87498.886502,0.9,0.8974361419677734,6.60582160949707,-0.09889984130859375,65,434,1.58203125,0.0,-52.02205276489258,-81.06928253173828
27.04876166601025,2.0169643750123214,10,87498.886621709,0.9,0.8974361419677734,6.60582160949707,-0.09889984130859375,65,434,1.58203125,0.0,-51.914676666259766,-81.20349884033203
27.048779958000523,2.016982667002594,10,87498.886682667,0.9,0.8974361419677734,6.60582160949707,-0.09889984130859375,65,434,1.58203125,0.0,-51.914676666259766,-81.20349884033203
27.048793000009027,2.0169957090110984,10,87498.886751,0.9,0.8974361419677734,6.60582160949707,-0.09889984130859375,65,434,1.58203125,0.0,-51.914676666259766,-81.20349884033203
27.080276958004106,2.048479667006177,10,87498.916208709,0.9,0.8974361419677734,6.60582160949707,-0.09889984130859375,65,434,1.58203125,0.0,-51.96836471557617,-81.23033905029297
27.08037387499644,2.0485765839985106,10,87498.916335459,0.9,0.8974361419677734,6.60582160949707,-0.09889984130859375,65,434,1.58203125,0.0,-51.96836471557617,-81.23033905029297
27.080386708010337,2.0485894170124084,10,87498.916410292,0.9,0.8974361419677734,6.60582160949707,0.09889984130859375,65,434,1.58203125,0.0,-51.96836471557617,-81.23033905029297
27.105485958003555,2.0736886670056265,10,87498.944392375,0.9,0.8974361419677734,6.60582160949707,0.09889984130859375,65,434,1.58203125,0.0,-51.96836471557617,-81.23033905029297
27.105512708003516,2.0737154170055874,10,87498.944471917,0.9,0.8827838897705078,6.60582160949707,0.120880126953125,65,434,1.58203125,0.0,-51.96836471557617,-81.23033905029297
27.136880874997587,2.105083583999658,10,87498.974754292,0.9,0.8827838897705078,6.60582160949707,0.120880126953125,65,434,1.58203125,0.0,-52.31733322143555,-81.04244232177734
27.136918832999072,2.105121542001143,10,87498.974852334,0.9,0.8827838897705078,6.60582160949707,0.120880126953125,65,434,1.58203125,0.0,-52.31733322143555,-81.04244232177734
27.136934541005758,2.1051372500078287,10,87498.974873459,0.9,0.8827838897705078,6.60582160949707,0.120880126953125,65,434,1.58203125,0.0,-52.31733322143555,-81.04244232177734
27.16833037500328,2.1365330840053502,10,87499.00452475,0.9,0.8974361419677734,6.60582160949707,0.07692337036132812,65,434,1.58203125,0.0,-52.31733322143555,-81.04244232177734
27.16838058299618,2.1365832919982495,10,87499.004611459,0.9,0.8974361419677734,6.60582160949707,0.07692337036132812,65,434,1.58203125,0.0,-51.99520492553711,-81.12297058105469
27.168395790999057,2.136598500001128,10,87499.004672792,0.9,0.8974361419677734,6.60582160949707,0.07692337036132812,65,434,1.58203125,0.0,-51.99520492553711,-81.12297058105469
27.22883466600615,2.1970373750082217,10,87499.064542209,0.9,0.8974361419677734,6.60582160949707,0.07692337036132812,65,434,1.58203125,0.0,-52.048892974853516,-81.09612274169922
27.22889125000802,2.1970939590100897,10,87499.064651792,0.9,0.8974361419677734,6.60582160949707,0.07692337036132812,65,434,1.58203125,0.0,-52.048892974853516,-81.09612274169922
27.228914624996833,2.1971173339989036,10,87499.064722459,0.9,0.8974361419677734,6.60582160949707,-0.010990142822265625,65,434,1.58203125,0.0,-52.048892974853516,-81.09612274169922
27.260306875003153,2.2285095840052236,10,87499.094240584,0.9,0.8974361419677734,6.60582160949707,-0.010990142822265625,65,434,1.58203125,0.0,-52.048892974853516,-81.09612274169922
27.291727083007572,2.2599297920096433,10,87499.1246725,0.9,0.8974361419677734,6.605440139770508,-0.20878982543945312,65,434,1.58203125,0.0,-52.048892974853516,-81.09612274169922
27.291798457998084,2.260001167000155,10,87499.124808459,0.9,0.8974361419677734,6.605440139770508,-0.20878982543945312,65,434,1.58203125,0.0,-51.99520492553711,-81.12297058105469
27.291830290996586,2.260032999998657,10,87499.124897042,0.9,0.8974361419677734,6.605440139770508,-0.20878982543945312,65,434,1.58203125,0.0,-51.99520492553711,-81.12297058105469
27.29185729099845,2.2600600000005215,10,87499.125507084,0.9,0.8974361419677734,6.605440139770508,-0.20878982543945312,65,434,1.58203125,0.0,-51.99520492553711,-81.12297058105469
27.315582416005782,2.283785125007853,10,87499.154518875,0.9,0.8901100158691406,6.605440139770508,-0.14285659790039062,65,434,1.58203125,0.0,-51.99520492553711,-81.12297058105469
27.315755540999817,2.283958250001888,10,87499.154667834,0.9,0.8901100158691406,6.605440139770508,-0.14285659790039062,65,434,1.58203125,0.0,-52.23680114746094,-80.96189880371094
27.31581279099919,2.28401550000126,10,87499.154858917,0.9,0.8901100158691406,6.605440139770508,-0.14285659790039062,65,435,1.669921875,1.4499694797852076,-52.23680114746094,-80.96189880371094
27.347076833000756,2.315279542002827,10,87499.185554667,0.9,0.8901100158691406,6.605440139770508,-0.14285659790039062,65,435,1.669921875,1.4499694797852076,-52.2099609375,-80.9887466430664
27.347179208009038,2.315381917011109,10,87499.185835584,0.9,0.8901100158691406,6.605440139770508,-0.14285659790039062,65,434,1.58203125,-2.837733123465042,-52.2099609375,-80.9887466430664
27.347235624998575,2.315438334000646,10,87499.186162334,0.9,0.8827838897705078,6.60582160949707,0.120880126953125,65,434,1.58203125,-2.837733123465042,-52.2099609375,-80.9887466430664
27.408267874998273,2.3764705840003444,10,87499.24559425,0.9,0.8974361419677734,6.60582160949707,0.0549468994140625,65,434,1.58203125,-2.837733123465042,-52.2099609375,-80.9887466430664
27.4084629160061,2.3766656250081724,10,87499.246392792,0.9,0.8974361419677734,6.60582160949707,0.0549468994140625,65,434,1.58203125,-2.837733123465042,-52.075740814208984,-81.09612274169922
27.40855766599998,2.37676037500205,10,87499.246529084,0.9,0.8974361419677734,6.60582160949707,0.0549468994140625,65,434,1.58203125,0.0,-52.075740814208984,-81.09612274169922
27.40863933300716,2.3768420420092298,10,87499.247053459,0.9,0.8974361419677734,6.60582160949707,0.0549468994140625,65,434,1.58203125,0.0,-51.80729675292969,-81.06928253173828
27.439047125008074,2.4072498340101447,10,87499.275080834,0.9,0.8901100158691406,6.60582160949707,-0.16483688354492188,65,434,1.58203125,0.0,-51.80729675292969,-81.06928253173828
27.439169791003224,2.4073725000052946,10,87499.275586959,0.9,0.8901100158691406,6.60582160949707,-0.16483688354492188,65,434,1.58203125,0.0,-51.88783264160156,-81.12297058105469
27.439218166007777,2.407420875009848,10,87499.275654167,0.9,0.8901100158691406,6.60582160949707,-0.16483688354492188,65,434,1.58203125,0.0,-51.88783264160156,-81.12297058105469
27.471799708000617,2.440002417002688,10,87499.305451875,0.9,0.8901100158691406,6.60582160949707,-0.16483688354492188,65,434,1.58203125,0.0,-51.53885269165039,-81.41825103759766
27.471933250009897,2.4401359590119682,10,87499.305813084,0.9,0.8901100158691406,6.60582160949707,-0.16483688354492188,65,434,1.58203125,0.0,-51.53885269165039,-81.41825103759766
27.471992291000788,2.440195000002859,10,87499.306063959,0.9,0.8901100158691406,6.60582160949707,0.010990142822265625,65,434,1.58203125,0.0,-51.53885269165039,-81.41825103759766
27.502657625009306,2.470860334011377,10,87499.335765125,0.9,0.8901100158691406,6.60582160949707,0.010990142822265625,65,434,1.58203125,0.0,-51.53885269165039,-81.41825103759766
27.527482000004966,2.495684709007037,10,87499.365135917,0.9,0.8901100158691406,6.605440139770508,-0.0549468994140625,65,434,1.58203125,0.0,-51.53885269165039,-81.41825103759766
27.55723708300502,2.5254397920070915,10,87499.395473542,0.9,0.8901100158691406,6.605440139770508,-0.0549468994140625,65,434,1.58203125,0.0,-51.96836471557617,-80.96189880371094
27.55742670800828,2.52562941701035,10,87499.396050375,0.9,0.8901100158691406,6.605440139770508,-0.0549468994140625,65,434,1.58203125,0.0,-51.96836471557617,-80.96189880371094
27.557504333002726,2.5257070420047967,10,87499.396134167,0.9,0.8901100158691406,6.605440139770508,-0.0549468994140625,65,434,1.58203125,0.0,-51.96836471557617,-80.96189880371094
27.563866041004076,2.5320687500061467,10,87499.396809917,0.9,0.8901100158691406,6.60582160949707,0.25274658203125,65,434,1.58203125,0.0,-51.96836471557617,-80.96189880371094
27.588656916006585,2.5568596250086557,10,87499.424831125,0.9,0.8901100158691406,6.60582160949707,0.25274658203125,65,434,1.58203125,0.0,-51.96836471557617,-80.96189880371094
27.588747250003507,2.5569499590055784,10,87499.424981875,0.9,0.8901100158691406,6.60582160949707,0.2967033386230469,65,434,1.58203125,0.0,-51.96836471557617,-80.96189880371094
27.588774582996848,2.556977291998919,10,87499.425078959,0.9,0.8901100158691406,6.60582160949707,0.2967033386230469,65,434,1.58203125,0.0,-52.10258483886719,-81.04244232177734
27.620184333005454,2.5883870420075255,10,87499.45490375,0.9,0.8901100158691406,6.60582160949707,0.2967033386230469,65,434,1.58203125,0.0,-52.10258483886719,-81.04244232177734
27.620292916006292,2.5884956250083633,10,87499.455069542,0.9,0.8901100158691406,6.60582160949707,0.2967033386230469,65,434,1.58203125,0.0,-52.10258483886719,-81.04244232177734
27.62032345800253,2.588526167004602,10,87499.455169417,0.9,0.8901100158691406,6.60582160949707,0.2967033386230469,65,434,1.58203125,0.0,-52.10258483886719,-81.04244232177734
27.6520899580064,2.6202926670084707,10,87499.485020125,0.9,0.8901100158691406,6.60582160949707,0.2967033386230469,65,434,1.58203125,0.0,-52.10258483886719,-81.04244232177734
27.65218783300952,2.6203905420115916,10,87499.485398125,0.9,0.8974361419677734,6.60582160949707,-0.07692337036132812,65,434,1.58203125,0.0,-52.10258483886719,-81.04244232177734
27.65223020799749,2.6204329169995617,10,87499.485469,0.9,0.8974361419677734,6.60582160949707,-0.07692337036132812,65,434,1.58203125,0.0,-52.371028900146484,-80.77398681640625
27.67615791600838,2.6443606250104494,10,87499.51522025,0.9,0.8974361419677734,6.60582160949707,-0.07692337036132812,65,434,1.58203125,0.0,-52.371028900146484,-80.77398681640625
27.6819816250063,2.6501843340083724,10,87499.515841084,0.9,0.8974361419677734,6.60582160949707,-0.07692337036132812,65,434,1.58203125,0.0,-52.371028900146484,-80.77398681640625
27.736287708001328,2.7044904170033988,10,87499.575132375,0.9,0.8974361419677734,6.60582160949707,-0.07692337036132812,65,434,1.58203125,0.0,-52.371028900146484,-80.77398681640625
27.73642887501046,2.7046315840125317,10,87499.575410209,0.9,0.8974361419677734,6.60582160949707,-0.07692337036132812,65,434,1.58203125,0.0,-52.075740814208984,-81.04244232177734
27.742761875008,2.710964584010071,10,87499.575991334,0.9,0.8974361419677734,6.60582160949707,-0.07692337036132812,65,434,1.58203125,0.0,-52.075740814208984,-81.04244232177734
27.742829458002234,2.711032167004305,10,87499.576307792,0.9,0.8974361419677734,6.60582160949707,-0.07692337036132812,65,434,1.58203125,0.0,-52.075740814208984,-81.04244232177734
27.767426791004254,2.7356295000063255,10,87499.60476025,0.9,0.8974361419677734,6.60582160949707,-0.07692337036132812,65,434,1.58203125,0.0,-52.075740814208984,-81.04244232177734
27.76750537499902,2.7357080840010894,10,87499.604934375,0.9,0.8974361419677734,6.60582160949707,0.09889984130859375,65,434,1.58203125,0.0,-52.075740814208984,-81.04244232177734
27.767543624999234,2.7357463340013055,10,87499.605044542,0.9,0.8974361419677734,6.60582160949707,0.09889984130859375,65,434,1.58203125,0.0,-51.834144592285156,-80.9887466430664
27.81063887500204,2.7788415840041125,10,87499.6483935,0.9,0.8974361419677734,6.60582160949707,0.09889984130859375,65,434,1.58203125,0.0,-51.834144592285156,-80.9887466430664
27.810744791000616,2.778947500002687,10,87499.648610875,0.9,0.8974361419677734,6.60582160949707,0.09889984130859375,65,434,1.58203125,0.0,-51.834144592285156,-80.9887466430664
27.81078729100409,2.7789900000061607,10,87499.648750417,0.9,0.8974361419677734,6.60582160949707,0.09889984130859375,65,434,1.58203125,0.0,-51.834144592285156,-80.9887466430664
27.829490500007523,2.7976932090095943,10,87499.665630125,0.9,0.8974361419677734,6.60582160949707,0.09889984130859375,65,434,1.58203125,0.0,-51.96836471557617,-81.498779296875
27.82964241600712,2.7978451250091894,10,87499.666067125,0.9,0.8974361419677734,6.60582160949707,0.09889984130859375,65,418,0.17578125,-81.25188390827067,-51.96836471557617,-81.498779296875
27.8296894160012,2.7978921250032727,10,87499.666150334,0.9,0.8974361419677734,6.60582160949707,-0.23077011108398438,65,418,0.17578125,-81.25188390827067,-51.96836471557617,-81.498779296875
27.854640375007875,2.8228430840099463,10,87499.693425,0.9,0.8974361419677734,6.60582160949707,-0.23077011108398438,65,434,1.58203125,51.384879622308105,-51.96836471557617,-81.498779296875
27.861162500004866,2.829365209006937,10,87499.694390042,0.9,0.8974361419677734,6.60582160949707,0.120880126953125,65,434,1.58203125,51.384879622308105,-51.96836471557617,-81.498779296875
27.861319375006133,2.829522084008204,10,87499.694476917,0.9,0.8974361419677734,6.60582160949707,0.120880126953125,65,434,1.58203125,51.384879622308105,-52.29049301147461,-80.80084228515625
27.886505290996865,2.8547079999989364,10,87499.724780084,0.9,0.8974361419677734,6.60582160949707,0.120880126953125,65,434,1.58203125,51.384879622308105,-52.29049301147461,-80.80084228515625
27.886574957999983,2.854777667002054,10,87499.724932667,0.9,0.8974361419677734,6.60582160949707,0.120880126953125,65,434,1.58203125,51.384879622308105,-52.29049301147461,-80.80084228515625
27.886609207998845,2.854811917000916,10,87499.724971459,0.9,0.8974361419677734,6.60582160949707,0.120880126953125,65,434,1.58203125,0.0,-52.29049301147461,-80.80084228515625
27.91754354099976,2.88574625000183,10,87499.755586334,0.9,0.8974361419677734,6.60582160949707,0.120880126953125,65,434,1.58203125,0.0,-52.075740814208984,-81.01559448242188
27.917642250002245,2.8858449590043165,10,87499.755828834,0.9,0.8974361419677734,6.60582160949707,0.120880126953125,65,434,1.58203125,0.0,-52.075740814208984,-81.01559448242188
27.91767575000995,2.8858784590120194,10,87499.755934292,0.9,0.8827838897705078,6.605440139770508,-0.4285697937011719,65,434,1.58203125,0.0,-52.075740814208984,-81.01559448242188
27.946024416,2.9142271250020713,10,87499.78497825,0.9,0.8827838897705078,6.605440139770508,-0.4285697937011719,65,434,1.58203125,0.0,-52.075740814208984,-81.01559448242188
27.94631450000452,2.91451720900659,10,87499.785397209,0.9,0.8974361419677734,6.60582160949707,0.27472686767578125,65,434,1.58203125,0.0,-52.075740814208984,-81.01559448242188
27.946492707997095,2.914695416999166,10,87499.785634917,0.9,0.8974361419677734,6.60582160949707,0.27472686767578125,65,434,1.58203125,0.0,-51.86098861694336,-81.06928253173828
27.97767304100853,2.9458757500106003,10,87499.816003959,0.9,0.8974361419677734,6.60582160949707,0.27472686767578125,65,434,1.58203125,0.0,-51.86098861694336,-81.06928253173828
27.977788415999385,2.9459911250014557,10,87499.816324375,0.9,0.8974361419677734,6.60582160949707,0.27472686767578125,65,434,1.58203125,0.0,-51.86098861694336,-81.06928253173828
27.97784154099645,2.946044249998522,10,87499.816496542,0.9,0.8974361419677734,6.60582160949707,0.27472686767578125,65,434,1.58203125,0.0,-51.86098861694336,-81.06928253173828
28.04290050000418,0.006311292003374547,11,87499.876804375,1.0,0.8974361419677734,6.60582160949707,0.27472686767578125,65,434,1.58203125,0.0,-51.99520492553711,-81.1766586303711
28.043036000002758,0.006446792001952417,11,87499.877094542,1.0,0.8974361419677734,6.60582160949707,0.27472686767578125,65,434,1.58203125,0.0,-51.99520492553711,-81.1766586303711
28.043100208000396,0.006510999999591149,11,87499.877152375,1.0,0.8901100158691406,6.60582160949707,0.07692337036132812,65,434,1.58203125,0.0,-51.99520492553711,-81.1766586303711
28.043153582999366,0.006564374998561107,11,87499.877358917,1.0,0.8901100158691406,6.60582160949707,0.07692337036132812,65,434,1.58203125,0.0,-51.99520492553711,-81.1766586303711
28.099695750002866,0.06310654200206045,11,87499.937409584,1.0,0.8901100158691406,6.60582160949707,0.07692337036132812,65,434,1.58203125,0.0,-51.86098861694336,-80.96189880371094
28.09998420800548,0.06339500000467524,11,87499.937952084,1.0,0.8901100158691406,6.60582160949707,0.07692337036132812,65,434,1.58203125,0.0,-51.86098861694336,-80.96189880371094
28.100055125003564,0.06346591700275894,11,87499.9382545,1.0,0.8974361419677734,6.60582160949707,-0.03296661376953125,65,434,1.58203125,0.0,-51.86098861694336,-80.96189880371094
28.130467166003655,0.09387795800284948,11,87499.967397084,1.0,0.8974361419677734,6.60582160949707,-0.03296661376953125,65,434,1.58203125,0.0,-52.02205276489258,-81.01559448242188
28.13063837500522,0.0940491670044139,11,87499.967504042,1.0,0.8974361419677734,6.60582160949707,-0.03296661376953125,65,434,1.58203125,0.0,-52.02205276489258,-81.01559448242188
28.130698583001504,0.09410937500069849,11,87499.967889917,1.0,0.8974361419677734,6.60582160949707,0.0549468994140625,65,434,1.58203125,0.0,-52.02205276489258,-81.01559448242188
28.19216841600428,0.15557920800347347,11,87500.025678709,1.0,0.8974361419677734,6.60582160949707,0.0549468994140625,65,434,1.58203125,0.0,-52.02205276489258,-81.01559448242188
28.192331124999328,0.15574191699852236,11,87500.026383667,1.0,0.8974361419677734,6.60582160949707,-0.14285659790039062,65,434,1.58203125,0.0,-52.02205276489258,-81.01559448242188
28.192393874996924,0.1558046669961186,11,87500.026527875,1.0,0.8974361419677734,6.60582160949707,-0.14285659790039062,65,434,1.58203125,0.0,-51.86098861694336,-80.93506622314453
28.217185625006096,0.18059641700529028,11,87500.055514792,1.0,0.8974361419677734,6.60582160949707,-0.14285659790039062,65,434,1.58203125,0.0,-51.86098861694336,-80.93506622314453
28.217324583005393,0.1807353750045877,11,87500.05614875,1.0,0.8974361419677734,6.60582160949707,-0.14285659790039062,65,434,1.58203125,0.0,-51.86098861694336,-80.93506622314453
28.223686708006426,0.18709750000562053,11,87500.057148917,1.0,0.8974361419677734,6.60582160949707,-0.14285659790039062,65,434,1.58203125,0.0,-51.86098861694336,-80.93506622314453
28.249053541003377,0.21246433300257195,11,87500.086402792,1.0,0.8974361419677734,6.60582160949707,-0.14285659790039062,65,434,1.58203125,0.0,-52.10258483886719,-82.27726745605469
28.249170750001213,0.21258154200040735,11,87500.086816209,1.0,0.8974361419677734,6.60582160949707,-0.14285659790039062,65,434,1.58203125,0.0,-52.10258483886719,-82.27726745605469
28.24921725000604,0.21262804200523533,11,87500.087011584,1.0,0.8974361419677734,6.60582160949707,-0.14285659790039062,65,434,1.58203125,0.0,-52.10258483886719,-82.27726745605469
28.279408875008812,0.24281966700800695,11,87500.114922459,1.0,0.8974361419677734,6.60582160949707,-0.14285659790039062,65,434,1.58203125,0.0,-52.10258483886719,-82.27726745605469
28.27954183300608,0.24295262500527315,11,87500.115111875,1.0,0.9853477478027344,6.61497688293457,-0.09889984130859375,66,434,1.58203125,0.0,-52.10258483886719,-82.27726745605469
28.30617829100811,0.269589083007304,11,87500.145203542,1.0,0.9853477478027344,6.61497688293457,-0.09889984130859375,66,434,1.58203125,0.0,-52.156272888183594,-82.65308380126953
28.31275062500208,0.2761614170012763,11,87500.145762459,1.0,0.9853477478027344,6.61497688293457,-0.09889984130859375,66,434,1.58203125,0.0,-52.156272888183594,-82.65308380126953
28.312912458000937,0.27632325000013225,11,87500.146390209,1.0,0.9853477478027344,6.61497688293457,-0.09889984130859375,66,434,1.58203125,0.0,-52.156272888183594,-82.65308380126953
28.31297333299881,0.27638412499800324,11,87500.146456709,1.0,0.9853477478027344,6.61497688293457,-0.09889984130859375,66,434,1.58203125,0.0,-52.156272888183594,-82.65308380126953
28.337252416007686,0.3006632080068812,11,87500.175761209,1.0,0.9853477478027344,6.61497688293457,-0.09889984130859375,66,434,1.58203125,0.0,-52.075740814208984,-82.81414031982422
28.337394791000406,0.30080558299960103,11,87500.176255459,1.0,0.9853477478027344,6.61497688293457,-0.09889984130859375,66,434,1.58203125,0.0,-52.075740814208984,-82.81414031982422
28.33743458300887,0.3008453750080662,11,87500.17631475,1.0,0.9853477478027344,6.61497688293457,-0.03357887268066406,66,434,1.58203125,0.0,-52.075740814208984,-82.81414031982422
28.36801595799625,0.33142674999544397,11,87500.204789542,1.0,0.9853477478027344,6.61497688293457,-0.03357887268066406,66,434,1.58203125,0.0,-52.075740814208984,-82.81414031982422
28.368149375004577,0.3315601670037722,11,87500.20501425,1.0,0.9853477478027344,6.615739822387695,0.1868133544921875,66,434,1.58203125,0.0,-52.075740814208984,-82.81414031982422
28.368183124999632,0.3315939169988269,11,87500.205172292,1.0,0.9853477478027344,6.615739822387695,0.1868133544921875,66,434,1.58203125,0.0,-51.404632568359375,-83.43155670166016
28.397923833006644,0.36133462500583846,11,87500.2355695,1.0,0.9853477478027344,6.615739822387695,0.1868133544921875,66,434,1.58203125,0.0,-51.404632568359375,-83.43155670166016
28.398094000003766,0.36150479200296104,11,87500.235830417,1.0,0.9853477478027344,6.615739822387695,0.1868133544921875,66,434,1.58203125,0.0,-51.404632568359375,-83.43155670166016
28.39814099999785,0.36155179199704435,11,87500.235876834,1.0,0.9853477478027344,6.615739822387695,0.1868133544921875,66,434,1.58203125,0.0,-51.404632568359375,-83.43155670166016
28.429363540999475,0.3927743329986697,11,87500.265181834,1.0,0.9853477478027344,6.615739822387695,0.1868133544921875,66,434,1.58203125,0.0,-51.96836471557617,-83.0289077758789
28.42953400000988,0.3929447920090752,11,87500.265431417,1.0,0.9853477478027344,6.615739822387695,0.1868133544921875,66,434,1.58203125,0.0,-51.96836471557617,-83.0289077758789
28.429564999998547,0.3929757919977419,11,87500.265463,1.0,0.9853477478027344,6.615739822387695,0.1868133544921875,66,434,1.58203125,0.0,-51.96836471557617,-83.0289077758789
28.459034708008403,0.42244550000759773,11,87500.295011792,1.0,0.9853477478027344,6.615739822387695,0.1868133544921875,66,434,1.58203125,0.0,-51.96836471557617,-83.0289077758789
28.45919424999738,0.4226050419965759,11,87500.295349375,1.0,0.9853477478027344,6.615739822387695,0.1868133544921875,66,434,1.58203125,0.0,-51.96836471557617,-83.0289077758789
28.4592514160031,0.4226622080022935,11,87500.295565625,1.0,0.9853477478027344,6.615739822387695,0.1868133544921875,66,434,1.58203125,0.0,-51.99520492553711,-82.94837188720703
28.4892265410017,0.4526373330008937,11,87500.325802167,1.0,0.9853477478027344,6.615739822387695,0.1868133544921875,66,434,1.58203125,0.0,-51.99520492553711,-82.94837188720703
28.489379999999073,0.4527907919982681,11,87500.326138667,1.0,0.9853477478027344,6.615739822387695,0.1868133544921875,66,434,1.58203125,0.0,-51.99520492553711,-82.94837188720703
28.489424375002272,0.4528351670014672,11,87500.326389334,1.0,0.9853477478027344,6.615739822387695,0.1868133544921875,66,434,1.58203125,0.0,-51.99520492553711,-82.94837188720703
28.520501708000666,0.4839124999998603,11,87500.355530375,1.0,0.9853477478027344,6.615739822387695,0.1868133544921875,66,434,1.58203125,0.0,-51.99520492553711,-83.1899642944336
28.52060691600491,0.48401770800410304,11,87500.355658125,1.0,0.9853477478027344,6.615739822387695,0.1868133544921875,66,434,1.58203125,0.0,-51.99520492553711,-83.1899642944336
28.52063108299626,0.48404187499545515,11,87500.355693292,1.0,1.0146522521972656,6.61650276184082,-0.1868133544921875,66,434,1.58203125,0.0,-51.99520492553711,-83.1899642944336
28.545831124996766,0.5092419169959612,11,87500.384616709,1.0,1.0146522521972656,6.61650276184082,-0.1868133544921875,66,49842,24.08203125,776.9951690402244,-51.99520492553711,-83.1899642944336
28.54588883300312,0.5092996250023134,11,87500.38473475,1.0,1.0146522521972656,6.61650276184082,-0.1868133544921875,66,49842,24.08203125,776.9951690402244,-51.99520492553711,-83.1899642944336
28.545919083000626,0.5093298749998212,11,87500.384826917,1.0,1.0146522521972656,6.61650276184082,-0.1868133544921875,66,49842,24.08203125,776.9951690402244,-51.69992446899414,-83.10943603515625
28.577316625000094,0.5407274169992888,11,87500.414912417,1.0,1.0146522521972656,6.61650276184082,-0.1868133544921875,66,49842,24.08203125,776.9951690402244,-51.69992446899414,-83.10943603515625
28.57739683300315,0.5408076250023441,11,87500.415017,1.0,1.0146522521972656,6.61650276184082,-0.1868133544921875,66,49842,24.08203125,776.9951690402244,-51.69992446899414,-83.10943603515625
28.577428625008906,0.540839417008101,11,87500.415280209,1.0,1.0146522521972656,6.61650276184082,-0.1868133544921875,66,434,1.58203125,-733.7445017699158,-51.69992446899414,-83.10943603515625
28.613238958001602,0.5766497500007972,11,87500.446527042,1.0,1.0146522521972656,6.61650276184082,-0.1868133544921875,66,434,1.58203125,-733.7445017699158,-52.31733322143555,-82.97521209716797
28.613301290999516,0.5767120829987107,11,87500.446640125,1.0,1.0146522521972656,6.61650276184082,-0.1868133544921875,66,434,1.58203125,0.0,-52.31733322143555,-82.97521209716797
28.613315791008063,0.5767265830072574,11,87500.446681459,1.0,0.9926738739013672,6.61650276184082,0.0549468994140625,66,434,1.58203125,0.0,-52.31733322143555,-82.97521209716797
28.637597666005604,0.6010084580047987,11,87500.475259,1.0,0.9926738739013672,6.61650276184082,0.0549468994140625,66,434,1.58203125,0.0,-52.31733322143555,-82.97521209716797
28.63766645800206,0.6010772500012536,11,87500.475377792,1.0,0.9926738739013672,6.61650276184082,0.0549468994140625,66,434,1.58203125,0.0,-52.31733322143555,-82.97521209716797
28.637682915999903,0.6010937079990981,11,87500.47540475,1.0,0.9926738739013672,6.61650276184082,0.0549468994140625,66,434,1.58203125,0.0,-52.2099609375,-83.10943603515625
28.66688212500594,0.6302929170051357,11,87500.505944459,1.0,0.9926738739013672,6.61650276184082,0.0549468994140625,66,434,1.58203125,0.0,-52.2099609375,-83.10943603515625
28.666926375008188,0.630337167007383,11,87500.506034792,1.0,0.9926738739013672,6.61650276184082,0.0549468994140625,66,434,1.58203125,0.0,-52.2099609375,-83.10943603515625
28.673665958005586,0.6370767500047805,11,87500.506204417,1.0,0.9926738739013672,6.61650276184082,0.0549468994140625,66,434,1.58203125,0.0,-52.2099609375,-83.10943603515625
28.69891937500506,0.6623301670042565,11,87500.535094334,1.0,0.9926738739013672,6.61650276184082,0.0549468994140625,66,434,1.58203125,0.0,-52.129425048828125,-83.13628387451172
28.698983499998576,0.6623942919977708,11,87500.535246417,1.0,0.9926738739013672,6.61650276184082,0.0549468994140625,66,434,1.58203125,0.0,-52.129425048828125,-83.13628387451172
28.699002000008477,0.6624127920076717,11,87500.535378917,1.0,1.0073261260986328,6.616884231567383,0.0549468994140625,66,434,1.58203125,0.0,-52.129425048828125,-83.13628387451172
28.730396166007267,0.6938069580064621,11,87500.564657042,1.0,1.0073261260986328,6.616884231567383,0.0549468994140625,66,434,1.58203125,0.0,-52.129425048828125,-83.13628387451172
28.73044937499799,0.6938601669971831,11,87500.564770625,1.0,1.0,6.616884231567383,-0.14285659790039062,66,434,1.58203125,0.0,-52.129425048828125,-83.13628387451172
28.73046858300222,0.6938793750014156,11,87500.564845875,1.0,1.0,6.616884231567383,-0.14285659790039062,66,434,1.58203125,0.0,-51.08250427246094,-83.45840454101562
28.76186383300228,0.7252746250014752,11,87500.595220834,1.0,1.0,6.616884231567383,-0.14285659790039062,66,434,1.58203125,0.0,-51.08250427246094,-83.45840454101562
28.761918832999072,0.7253296249982668,11,87500.595366209,1.0,1.0,6.616884231567383,-0.14285659790039062,66,434,1.58203125,0.0,-51.08250427246094,-83.45840454101562
28.76194533299713,0.7253561249963241,11,87500.595401084,1.0,1.0,6.616884231567383,-0.14285659790039062,66,434,1.58203125,0.0,-51.08250427246094,-83.45840454101562
28.787117083003977,0.7505278750031721,11,87500.626127042,1.0,1.0,6.616884231567383,-0.14285659790039062,66,434,1.58203125,0.0,-52.61261749267578,-82.86784362792969
28.787170499999775,0.7505812919989694,11,87500.626261959,1.0,1.0,6.616884231567383,-0.14285659790039062,66,434,1.58203125,0.0,-52.61261749267578,-82.86784362792969
28.816220332999364,0.7796311249985592,11,87500.655164,1.0,1.0146522521972656,6.617265701293945,-0.07692337036132812,66,434,1.58203125,0.0,-52.61261749267578,-82.86784362792969
28.81627904099878,0.779689832997974,11,87500.655322667,1.0,1.0146522521972656,6.617265701293945,-0.07692337036132812,66,434,1.58203125,0.0,-52.61261749267578,-82.86784362792969
28.822661708007217,0.7860725000064122,11,87500.655568792,1.0,1.0073261260986328,6.617265701293945,-0.27472686767578125,66,434,1.58203125,0.0,-52.61261749267578,-82.86784362792969
28.846827415996813,0.810238207996008,11,87500.684994292,1.0,1.0073261260986328,6.617265701293945,-0.27472686767578125,66,434,1.58203125,0.0,-52.129425048828125,-83.37787628173828
28.846946666002623,0.8103574580018176,11,87500.685500459,1.0,1.0073261260986328,6.617265701293945,-0.27472686767578125,66,434,1.58203125,0.0,-52.129425048828125,-83.37787628173828
28.846992624996346,0.8104034169955412,11,87500.685573792,1.0,1.0073261260986328,6.617265701293945,-0.27472686767578125,66,434,1.58203125,0.0,-52.129425048828125,-83.37787628173828
28.87748887500493,0.8408996670041233,11,87500.714933542,1.0,1.0,6.617265701293945,0.34066009521484375,66,434,1.58203125,0.0,-52.129425048828125,-83.37787628173828
28.87756583299779,0.8409766249969834,11,87500.715050292,1.0,1.0,6.617265701293945,0.34066009521484375,66,434,1.58203125,0.0,-52.2099609375,-83.1899642944336
28.87758879100147,0.8409995830006665,11,87500.715131209,1.0,1.0,6.617265701293945,0.34066009521484375,66,434,1.58203125,0.0,-52.2099609375,-83.1899642944336
28.909031250004773,0.8724420420039678,11,87500.745781917,1.0,1.0,6.617265701293945,0.34066009521484375,66,434,1.58203125,0.0,-51.96836471557617,-83.2973403930664
28.90909095799725,0.8725017499964451,11,87500.745951125,1.0,1.0,6.617265701293945,0.34066009521484375,66,434,1.58203125,0.0,-51.96836471557617,-83.2973403930664
28.909114541005692,0.8725253330048872,11,87500.745980917,1.0,0.9926738739013672,6.617647171020508,0.07692337036132812,66,434,1.58203125,0.0,-51.96836471557617,-83.2973403930664
28.94004641599895,0.9034572079981444,11,87500.776012542,1.0,0.9926738739013672,6.617647171020508,0.07692337036132812,66,434,1.58203125,0.0,-51.96836471557617,-83.2973403930664
28.940103083004942,0.9035138750041369,11,87500.776196292,1.0,0.9853477478027344,6.617647171020508,0.16483688354492188,66,434,1.58203125,0.0,-51.96836471557617,-83.2973403930664
28.940132208008436,0.9035430000076303,11,87500.776229334,1.0,0.9853477478027344,6.617647171020508,0.16483688354492188,66,434,1.58203125,0.0,-52.45155334472656,-82.89468383789062
28.97080641600769,0.9342172080068849,11,87500.806031042,1.0,0.9853477478027344,6.617647171020508,0.16483688354492188,66,434,1.58203125,0.0,-52.45155334472656,-82.89468383789062
28.9708774160099,0.9342882080090931,11,87500.806215,1.0,0.9853477478027344,6.617647171020508,0.16483688354492188,66,434,1.58203125,0.0,-52.45155334472656,-82.89468383789062
28.970911750002415,0.9343225420016097,11,87500.806335875,1.0,0.9853477478027344,6.617647171020508,0.16483688354492188,66,434,1.58203125,0.0,-52.45155334472656,-82.89468383789062
29.002521583010093,0.9659323750092881,11,87500.836558417,1.0,0.9853477478027344,6.617647171020508,0.16483688354492188,66,434,1.58203125,0.0,-52.29049301147461,-83.21681213378906
29.00264216600044,0.9660529579996364,11,87500.836944792,1.0,0.9853477478027344,6.617647171020508,0.16483688354492188,66,434,1.58203125,0.0,-52.29049301147461,-83.21681213378906
29.00268520800455,0.9660960000037448,11,87500.837184834,1.0,0.9853477478027344,6.617647171020508,-0.0549468994140625,66,434,1.58203125,0.0,-52.29049301147461,-83.21681213378906
29.026884291000897,0.9902950830000918,11,87500.865499667,1.0,0.9853477478027344,6.617647171020508,-0.0549468994140625,66,434,1.58203125,0.0,-52.29049301147461,-83.21681213378906
29.026948583006742,0.9903593750059372,11,87500.865903959,1.0,1.0,6.61802864074707,0.09889984130859375,66,434,1.58203125,0.0,-52.29049301147461,-83.21681213378906
29.026979916001437,0.990390708000632,11,87500.865978625,1.0,1.0,6.61802864074707,0.09889984130859375,66,434,1.58203125,0.0,-52.23680114746094,-83.24365997314453
29.062275500007672,1.025686292006867,11,87500.896600167,1.0,1.0,6.61802864074707,0.09889984130859375,66,434,1.58203125,0.0,-52.23680114746094,-83.24365997314453
29.062434207997285,1.0258449999964796,11,87500.897044959,1.0,1.0,6.61802864074707,0.09889984130859375,66,434,1.58203125,0.0,-52.23680114746094,-83.24365997314453
29.06248645800224,1.0258972500014352,11,87500.8971205,1.0,1.0,6.61802864074707,0.09889984130859375,66,434,1.58203125,0.0,-52.23680114746094,-83.24365997314453
29.087897750010598,1.0513085420097923,11,87500.926493625,1.0,1.0,6.61802864074707,0.09889984130859375,66,434,1.58203125,0.0,-52.29049301147461,-83.27050018310547
29.08803404100763,1.0514448330068262,11,87500.92662075,1.0,1.0,6.61802864074707,0.09889984130859375,66,434,1.58203125,0.0,-52.29049301147461,-83.27050018310547
29.088075375009794,1.0514861670089886,11,87500.926672875,1.0,1.0073261260986328,6.61802864074707,-0.14285659790039062,66,434,1.58203125,0.0,-52.29049301147461,-83.27050018310547
29.118977291000192,1.0823880829993868,11,87500.9547345,1.0,1.0073261260986328,6.61802864074707,-0.14285659790039062,66,434,1.58203125,0.0,-52.29049301147461,-83.27050018310547
29.119193791004363,1.0826045830035582,11,87500.954880167,1.0,1.0073261260986328,6.61802864074707,-0.14285659790039062,66,434,1.58203125,0.0,-52.29049301147461,-83.27050018310547
29.119435665998026,1.0828464579972206,11,87500.954983459,1.0,1.0073261260986328,6.61802864074707,-0.14285659790039062,66,434,1.58203125,0.0,-51.485164642333984,-83.00205993652344
29.15004708300694,1.1134578750061337,11,87500.986550375,1.0,1.0073261260986328,6.61802864074707,-0.14285659790039062,66,434,1.58203125,0.0,-51.485164642333984,-83.00205993652344
29.150221083007636,1.1136318750068313,11,87500.986813834,1.0,1.0073261260986328,6.61802864074707,-0.14285659790039062,66,434,1.58203125,0.0,-51.485164642333984,-83.00205993652344
29.15027833300701,1.1136891250062035,11,87500.986899875,1.0,1.0073261260986328,6.61802864074707,-0.14285659790039062,66,434,1.58203125,0.0,-51.485164642333984,-83.00205993652344
29.18185533300857,1.1452661250077654,11,87501.015926417,1.0,1.0073261260986328,6.61802864074707,-0.14285659790039062,66,434,1.58203125,0.0,-52.558929443359375,-83.1899642944336
29.181977957996423,1.1453887499956181,11,87501.016273084,1.0,1.0073261260986328,6.61802864074707,-0.14285659790039062,66,434,1.58203125,0.0,-52.558929443359375,-83.1899642944336
29.182028916009585,1.1454397080087801,11,87501.016450834,1.0,0.9853477478027344,6.618410110473633,0.3186798095703125,66,434,1.58203125,0.0,-52.558929443359375,-83.1899642944336
29.23715375000029,1.2005645419994835,11,87501.075589209,1.0,0.9853477478027344,6.618410110473633,0.3186798095703125,66,434,1.58203125,0.0,-52.558929443359375,-83.1899642944336
29.23728637500608,1.2006971670052735,11,87501.075958042,1.0,0.9926738739013672,6.61802864074707,-0.09889984130859375,66,434,1.58203125,0.0,-52.558929443359375,-83.1899642944336
29.237338416001876,1.2007492080010707,11,87501.076189375,1.0,0.9926738739013672,6.61802864074707,-0.09889984130859375,66,434,1.58203125,0.0,-52.344181060791016,-83.24365997314453
29.268573749999632,1.231984541998827,11,87501.105572209,1.0,0.9926738739013672,6.61802864074707,-0.09889984130859375,66,434,1.58203125,0.0,-52.344181060791016,-83.24365997314453
29.268736708007054,1.2321475000062492,11,87501.105962625,1.0,0.9926738739013672,6.61802864074707,-0.09889984130859375,66,434,1.58203125,0.0,-52.344181060791016,-83.24365997314453
29.26878970800317,1.2322005000023637,11,87501.106065167,1.0,0.9926738739013672,6.61802864074707,-0.09889984130859375,66,434,1.58203125,0.0,-52.344181060791016,-83.24365997314453
29.29853520799952,1.2619459999987157,11,87501.136679292,1.0,0.9926738739013672,6.61802864074707,-0.09889984130859375,66,434,1.58203125,0.0,-52.5052490234375,-83.21681213378906
29.298843666008906,1.2622544580081012,11,87501.137210792,1.0,0.9926738739013672,6.61802864074707,-0.09889984130859375,66,434,1.58203125,0.0,-52.5052490234375,-83.21681213378906
29.298944875001325,1.26235566700052,11,87501.1376155,1.0,0.9853477478027344,6.618410110473633,-0.09889984130859375,66,434,1.58203125,0.0,-52.5052490234375,-83.21681213378906
29.328509665996535,1.2919204579957295,11,87501.165663292,1.0,0.9853477478027344,6.618410110473633,-0.09889984130859375,66,434,1.58203125,0.0,-52.5052490234375,-83.21681213378906
29.32864116600831,1.2920519580075052,11,87501.166206,1.0,0.9780216217041016,6.618410110473633,0.010990142822265625,66,434,1.58203125,0.0,-52.5052490234375,-83.21681213378906
29.328749958003755,1.2921607500029495,11,87501.166337875,1.0,0.9780216217041016,6.618410110473633,0.010990142822265625,66,434,1.58203125,0.0,-52.53208923339844,-83.13628387451172
29.357880041003227,1.321290833002422,11,87501.195000459,1.0,0.9780216217041016,6.618410110473633,0.010990142822265625,66,434,1.58203125,0.0,-52.53208923339844,-83.13628387451172
29.358000041000196,1.3214108329993905,11,87501.1955815,1.0,0.9780216217041016,6.618410110473633,0.010990142822265625,66,434,1.58203125,0.0,-52.53208923339844,-83.13628387451172
29.358048041001894,1.3214588330010884,11,87501.195852209,1.0,0.9780216217041016,6.618410110473633,0.010990142822265625,66,434,1.58203125,0.0,-52.53208923339844,-83.13628387451172
29.388641249999637,1.3520520419988316,11,87501.225519792,1.0,0.9780216217041016,6.618410110473633,0.010990142822265625,66,434,1.58203125,0.0,-52.558929443359375,-83.05574798583984
29.38894854100363,1.3523593330028234,11,87501.226017625,1.0,0.9780216217041016,6.618410110473633,0.010990142822265625,66,434,1.58203125,0.0,-52.558929443359375,-83.05574798583984
29.38903558300808,1.3524463750072755,11,87501.22609525,1.0,0.9926738739013672,6.618410110473633,0.07692337036132812,66,434,1.58203125,0.0,-52.558929443359375,-83.05574798583984
29.418762708010036,1.3821735000092303,11,87501.255343209,1.0,0.9926738739013672,6.618410110473633,0.07692337036132812,66,434,1.58203125,0.0,-52.558929443359375,-83.05574798583984
29.41894333300297,1.3823541250021663,11,87501.255733584,1.0,1.0073261260986328,6.618410110473633,-0.010990142822265625,66,434,1.58203125,0.0,-52.558929443359375,-83.05574798583984
29.4190252910048,1.382436083003995,11,87501.256123209,1.0,1.0073261260986328,6.618410110473633,-0.010990142822265625,66,434,1.58203125,0.0,-52.478397369384766,-83.35102844238281
29.480071583006065,1.44348237500526,11,87501.314899792,1.0,1.0073261260986328,6.618410110473633,-0.010990142822265625,66,434,1.58203125,0.0,-52.478397369384766,-83.35102844238281
29.480237541007227,1.443648333006422,11,87501.31522825,1.0,1.0073261260986328,6.618410110473633,-0.010990142822265625,66,434,1.58203125,0.0,-52.478397369384766,-83.35102844238281
29.4803245410003,1.4437353329994949,11,87501.315303334,1.0,1.0073261260986328,6.618410110473633,-0.010990142822265625,66,434,1.58203125,0.0,-52.478397369384766,-83.35102844238281
29.480397040999378,1.4438078329985728,11,87501.315513875,1.0,1.0073261260986328,6.618410110473633,-0.010990142822265625,66,434,1.58203125,0.0,-52.371028900146484,-83.2973403930664
29.509776375009096,1.473187167008291,11,87501.345648209,1.0,0.9853477478027344,6.618410110473633,-0.010990142822265625,66,434,1.58203125,0.0,-52.371028900146484,-83.2973403930664
29.50991358300962,1.473324375008815,11,87501.346061834,1.0,0.9853477478027344,6.618410110473633,-0.010990142822265625,66,434,1.58203125,0.0,-52.048892974853516,-83.32418823242188
29.509966249999707,1.4733770419989014,11,87501.346137,1.0,0.9853477478027344,6.618410110473633,-0.010990142822265625,66,435,1.669921875,2.85048367508025,-52.048892974853516,-83.32418823242188
29.541083999996772,1.5044947919959668,11,87501.375886125,1.0,0.9853477478027344,6.618410110473633,-0.010990142822265625,66,435,1.669921875,2.85048367508025,-52.988441467285156,-82.94837188720703
29.541630082996562,1.505040874995757,11,87501.376471917,1.0,0.9853477478027344,6.618410110473633,-0.010990142822265625,66,434,1.58203125,-2.897875205890012,-52.988441467285156,-82.94837188720703
29.541798125006608,1.5052089170058025,11,87501.376529792,1.0,1.0,6.618410110473633,-0.0549468994140625,66,434,1.58203125,-2.897875205890012,-52.988441467285156,-82.94837188720703
29.567083208006807,1.5304940000060014,11,87501.405613667,1.0,1.0,6.618410110473633,-0.0549468994140625,66,434,1.58203125,0.0,-52.988441467285156,-82.94837188720703
29.56724429099995,1.5306550829991465,11,87501.406050417,1.0,1.0146522521972656,6.618791580200195,0.0549468994140625,66,434,1.58203125,0.0,-52.988441467285156,-82.94837188720703
29.56732145800197,1.530732250001165,11,87501.406140084,1.0,1.0146522521972656,6.618791580200195,0.0549468994140625,66,434,1.58203125,0.0,-52.45155334472656,-83.24365997314453
29.59871970801032,1.5621305000095163,11,87501.435054,1.0,1.0146522521972656,6.618791580200195,0.0549468994140625,66,434,1.58203125,0.0,-52.45155334472656,-83.24365997314453
29.59888600000704,1.5622967920062365,11,87501.435224084,1.0,1.0146522521972656,6.618791580200195,0.0549468994140625,66,434,1.58203125,0.0,-52.45155334472656,-83.24365997314453
29.658747833003872,1.6221586250030668,11,87501.496736209,1.0,1.0146522521972656,6.618791580200195,0.0549468994140625,66,435,1.669921875,0.9645216157470757,-52.45155334472656,-83.24365997314453
29.65891533299873,1.622326124997926,11,87501.497130834,1.0,1.0146522521972656,6.618791580200195,0.0549468994140625,66,435,1.669921875,0.9645216157470757,-52.31733322143555,-83.13628387451172
29.658990458003245,1.62240125000244,11,87501.497210084,1.0,1.0146522521972656,6.618791580200195,0.0549468994140625,66,434,1.58203125,-179.9344974790005,-52.31733322143555,-83.13628387451172
29.68932216599933,1.6527329579985235,11,87501.526601334,1.0,1.0073261260986328,6.618791580200195,0.0549468994140625,66,434,1.58203125,-179.9344974790005,-52.31733322143555,-83.13628387451172
29.689444041010574,1.6528548330097692,11,87501.527210292,1.0,1.0073261260986328,6.618791580200195,0.0549468994140625,66,434,1.58203125,0.0,-52.31733322143555,-83.13628387451172
29.689487458002986,1.6528982500021812,11,87501.527546125,1.0,0.9926738739013672,6.618410110473633,-0.25274658203125,66,434,1.58203125,0.0,-52.31733322143555,-83.13628387451172
29.689522208005656,1.6529330000048503,11,87501.527744959,1.0,0.9926738739013672,6.618410110473633,-0.25274658203125,66,434,1.58203125,0.0,-52.69314956665039,-82.94837188720703
29.719415375002427,1.6828261670016218,11,87501.556846125,1.0,0.9926738739013672,6.618410110473633,-0.25274658203125,66,434,1.58203125,0.0,-52.69314956665039,-82.94837188720703
29.728618041001027,1.6920288330002222,11,87501.558920584,1.0,0.9926738739013672,6.618410110473633,-0.25274658203125,66,434,1.58203125,0.0,-52.69314956665039,-82.94837188720703
29.728779833007138,1.692190625006333,11,87501.558998959,1.0,0.9926738739013672,6.618410110473633,-0.25274658203125,66,434,1.58203125,0.0,-52.69314956665039,-82.94837188720703
29.74609358300222,1.7095043750014156,11,87501.584630584,1.0,0.9926738739013672,6.618410110473633,-0.25274658203125,66,434,1.58203125,0.0,-52.263648986816406,-83.16311645507812
29.746156166002038,1.7095669580012327,11,87501.584807,1.0,0.9926738739013672,6.618410110473633,-0.25274658203125,66,434,1.58203125,0.0,-52.263648986816406,-83.16311645507812
29.776433708000695,1.73984449999989,11,87501.61546075,1.0,0.9853477478027344,6.618791580200195,0.03296661376953125,66,434,1.58203125,0.0,-52.263648986816406,-83.16311645507812
29.78300208300061,1.7464128749998054,11,87501.615924042,1.0,0.9853477478027344,6.618791580200195,0.03296661376953125,66,435,1.669921875,2.8247291340959677,-52.263648986816406,-83.16311645507812
29.78314312500879,1.7465539170079865,11,87501.616083625,1.0,1.0073261260986328,6.618791580200195,0.03296661376953125,66,435,1.669921875,2.8247291340959677,-52.263648986816406,-83.16311645507812
29.783203958009835,1.74661475000903,11,87501.616256459,1.0,1.0073261260986328,6.618791580200195,0.03296661376953125,66,435,1.669921875,2.8247291340959677,-52.558929443359375,-83.2973403930664
29.808040165997227,1.7714509579964215,11,87501.645508084,1.0,1.0073261260986328,6.618791580200195,0.03296661376953125,66,435,1.669921875,2.8247291340959677,-52.558929443359375,-83.2973403930664
29.808101832997636,1.7715126249968307,11,87501.645666709,1.0,1.0073261260986328,6.618791580200195,0.03296661376953125,66,435,1.669921875,2.8247291340959677,-52.558929443359375,-83.2973403930664
29.80813729100919,1.7715480830083834,11,87501.645781792,1.0,1.0073261260986328,6.618791580200195,0.03296661376953125,66,434,1.58203125,-2.942881419017154,-52.558929443359375,-83.2973403930664
29.839493291001418,1.8029040830006124,11,87501.675215959,1.0,1.0073261260986328,6.618791580200195,0.03296661376953125,66,434,1.58203125,-2.942881419017154,-52.42470932006836,-83.37787628173828
29.839531999998144,1.8029427919973386,11,87501.675341417,1.0,1.0073261260986328,6.618791580200195,0.03296661376953125,66,434,1.58203125,0.0,-52.42470932006836,-83.37787628173828
29.839549249998527,1.8029600419977214,11,87501.675361834,1.0,1.0,6.618791580200195,-0.09889984130859375,66,434,1.58203125,0.0,-52.42470932006836,-83.37787628173828
29.87093575000472,1.8343465420039138,11,87501.704837167,1.0,1.0,6.618791580200195,-0.09889984130859375,66,434,1.58203125,0.0,-52.42470932006836,-83.37787628173828
29.871038375000353,1.8344491669995477,11,87501.704964125,1.0,0.9780216217041016,6.618791580200195,-0.23077011108398438,66,434,1.58203125,0.0,-52.42470932006836,-83.37787628173828
29.871058375007124,1.8344691670063185,11,87501.705004917,1.0,0.9780216217041016,6.618791580200195,-0.23077011108398438,66,434,1.58203125,0.0,-52.53208923339844,-82.94837188720703
29.896187457998167,1.8595982499973616,11,87501.734568625,1.0,0.9780216217041016,6.618791580200195,-0.23077011108398438,66,434,1.58203125,0.0,-52.53208923339844,-82.94837188720703
29.8962585410045,1.8596693330036942,11,87501.73469375,1.0,0.9780216217041016,6.618791580200195,-0.23077011108398438,66,434,1.58203125,0.0,-52.53208923339844,-82.94837188720703
29.896281332999934,1.8596921249991283,11,87501.734715625,1.0,0.9780216217041016,6.618791580200195,-0.23077011108398438,66,434,1.58203125,0.0,-52.53208923339844,-82.94837188720703
29.92693191600847,1.8903427080076654,11,87501.764936042,1.0,0.9780216217041016,6.618791580200195,-0.23077011108398438,66,434,1.58203125,0.0,-52.61261749267578,-83.0289077758789
29.92697987500287,1.890390667002066,11,87501.765024042,1.0,0.9780216217041016,6.618791580200195,-0.23077011108398438,66,434,1.58203125,0.0,-52.61261749267578,-83.0289077758789
29.927001457996084,1.8904122499952791,11,87501.765106417,1.0,0.9926738739013672,6.619173049926758,0.25274658203125,66,434,1.58203125,0.0,-52.61261749267578,-83.0289077758789
29.958395082998322,1.921805874997517,11,87501.796059625,1.0,0.9926738739013672,6.619173049926758,0.25274658203125,66,434,1.58203125,0.0,-52.61261749267578,-83.0289077758789
29.95843166600389,1.9218424580030842,11,87501.796190667,1.0,0.9780216217041016,6.618791580200195,-0.0549468994140625,66,434,1.58203125,0.0,-52.61261749267578,-83.0289077758789
29.95845350000309,1.921864292002283,11,87501.796303209,1.0,0.9780216217041016,6.618791580200195,-0.0549468994140625,66,434,1.58203125,0.0,-52.371028900146484,-83.1899642944336
29.98966437499621,1.9530751669954043,11,87501.825304292,1.0,0.9780216217041016,6.618791580200195,-0.0549468994140625,66,434,1.58203125,0.0,-52.371028900146484,-83.1899642944336
29.989720583005692,1.9531313750048866,11,87501.825417709,1.0,0.9780216217041016,6.618791580200195,-0.0549468994140625,66,434,1.58203125,0.0,-52.371028900146484,-83.1899642944336
29.989739915996324,1.953150707995519,11,87501.825494334,1.0,0.9780216217041016,6.618791580200195,-0.0549468994140625,66,434,1.58203125,0.0,-52.371028900146484,-83.1899642944336
30.021060250001028,1.984471042000223,11,87501.856231375,1.0,0.9780216217041016,6.618791580200195,-0.0549468994140625,66,434,1.58203125,0.0,-52.478397369384766,-83.27050018310547
30.0211157080048,1.9845265000039944,11,87501.856327459,1.0,0.9780216217041016,6.618791580200195,-0.0549468994140625,66,434,1.58203125,0.0,-52.478397369384766,-83.27050018310547
30.021181165997405,1.9845919579965994,11,87501.856347125,1.0,0.9853477478027344,6.619173049926758,0.14285659790039062,66,434,1.58203125,0.0,-52.478397369384766,-83.27050018310547
30.07763125000929,2.0410420420084847,11,87501.915556792,1.0,0.9853477478027344,6.619173049926758,0.14285659790039062,66,434,1.58203125,0.0,-52.478397369384766,-83.27050018310547
30.07772654099972,2.0411373329989146,11,87501.915682667,1.0,0.9853477478027344,6.619173049926758,0.14285659790039062,66,434,1.58203125,0.0,-52.478397369384766,-83.27050018310547
30.077743208006723,2.0411540000059176,11,87501.915709,1.0,0.9853477478027344,6.619173049926758,0.14285659790039062,66,434,1.58203125,0.0,-52.02205276489258,-83.16311645507812
30.0777563330048,2.0411671250039944,11,87501.91574025,1.0,0.9853477478027344,6.619173049926758,0.14285659790039062,66,434,1.58203125,0.0,-52.02205276489258,-83.16311645507812
30.109303958000964,2.0727147500001593,11,87501.944514459,1.0,0.9853477478027344,6.619173049926758,0.14285659790039062,66,435,1.669921875,3.0351374827787745,-52.02205276489258,-83.16311645507812
30.109371583006578,2.0727823750057723,11,87501.944656292,1.0,0.9853477478027344,6.619173049926758,0.03296661376953125,66,435,1.669921875,3.0351374827787745,-52.02205276489258,-83.16311645507812
30.109387666001567,2.0727984580007615,11,87501.944676417,1.0,0.9853477478027344,6.619173049926758,0.03296661376953125,66,435,1.669921875,3.0351374827787745,-52.61261749267578,-83.24365997314453
30.14078275000793,2.104193542007124,11,87501.97442125,1.0,0.9853477478027344,6.619173049926758,0.03296661376953125,66,435,1.669921875,3.0351374827787745,-52.61261749267578,-83.24365997314453
30.140840125008253,2.104250917007448,11,87501.974508667,1.0,0.9853477478027344,6.619173049926758,0.03296661376953125,66,435,1.669921875,3.0351374827787745,-52.61261749267578,-83.24365997314453
30.140860583007452,2.104271375006647,11,87501.974599667,1.0,0.9853477478027344,6.619173049926758,0.03296661376953125,66,435,1.669921875,0.0,-52.61261749267578,-83.24365997314453
30.16595100000268,2.1293617920018733,11,87502.004831,1.0,0.9853477478027344,6.619173049926758,0.03296661376953125,66,435,1.669921875,0.0,-52.5052490234375,-83.16311645507812
30.165983250000863,2.129394042000058,11,87502.004943167,1.0,0.9853477478027344,6.619173049926758,0.03296661376953125,66,435,1.669921875,0.0,-52.5052490234375,-83.16311645507812
30.16600420800387,2.129415000003064,11,87502.005002417,1.0,1.0073261260986328,6.619173049926758,0.1868133544921875,66,435,1.669921875,0.0,-52.5052490234375,-83.16311645507812
30.19670300000871,2.1601137920079054,11,87502.034569209,1.0,1.0073261260986328,6.619173049926758,0.1868133544921875,66,434,1.58203125,-2.9668222256719945,-52.5052490234375,-83.16311645507812
30.196739874998457,2.1601506669976516,11,87502.034703417,1.0,0.9853477478027344,6.619173049926758,-0.09889984130859375,66,434,1.58203125,-2.9668222256719945,-52.5052490234375,-83.16311645507812
30.196762874998967,2.160173666998162,11,87502.0348405,1.0,0.9853477478027344,6.619173049926758,-0.09889984130859375,66,434,1.58203125,-2.9668222256719945,-52.39786911010742,-83.27050018310547
30.228144916007295,2.19155570800649,11,87502.064493959,1.0,0.9853477478027344,6.619173049926758,-0.09889984130859375,66,434,1.58203125,-2.9668222256719945,-52.39786911010742,-83.27050018310547
30.228197958000237,2.191608749999432,11,87502.064674,1.0,0.9853477478027344,6.619173049926758,-0.09889984130859375,66,434,1.58203125,-2.9668222256719945,-52.39786911010742,-83.27050018310547
30.228224416001467,2.191635208000662,11,87502.064816959,1.0,0.9853477478027344,6.619173049926758,-0.09889984130859375,66,435,1.669921875,2.905991560590911,-52.39786911010742,-83.27050018310547
30.29229033300362,2.2557011250028154,11,87502.125891959,1.0,0.9853477478027344,6.619173049926758,-0.09889984130859375,66,435,1.669921875,2.905991560590911,-51.96836471557617,-83.13628387451172
30.292422750004334,2.255833542003529,11,87502.127059209,1.0,0.9853477478027344,6.619173049926758,-0.09889984130859375,66,435,1.669921875,0.0,-51.96836471557617,-83.13628387451172
30.292464541009394,2.2558753330085892,11,87502.129732084,1.0,0.9780216217041016,6.619173049926758,0.03296661376953125,66,435,1.669921875,0.0,-51.96836471557617,-83.13628387451172
30.31706179100729,2.2804725830064854,11,87502.155035167,1.0,0.9780216217041016,6.619173049926758,0.03296661376953125,66,435,1.669921875,0.0,-51.96836471557617,-83.13628387451172
30.317174958006945,2.2805857500061393,11,87502.1552995,1.0,1.0,6.619173049926758,0.0549468994140625,66,435,1.669921875,0.0,-51.96836471557617,-83.13628387451172
30.317217083007563,2.2806278750067577,11,87502.155433417,1.0,1.0,6.619173049926758,0.0549468994140625,66,435,1.669921875,0.0,-52.31733322143555,-83.21681213378906
30.348601707999478,2.312012499998673,11,87502.184707917,1.0,1.0,6.619173049926758,0.0549468994140625,66,435,1.669921875,0.0,-52.31733322143555,-83.21681213378906
30.348701875002007,2.3121126670012018,11,87502.184950125,1.0,1.0,6.619173049926758,0.0549468994140625,66,435,1.669921875,0.0,-52.31733322143555,-83.21681213378906
30.348740832996555,2.3121516249957494,11,87502.18510325,1.0,1.0,6.619173049926758,0.0549468994140625,66,435,1.669921875,0.0,-52.31733322143555,-83.21681213378906
30.379888791008852,2.343299583008047,11,87502.2152315,1.0,1.0,6.619173049926758,0.0549468994140625,66,435,1.669921875,0.0,-52.39786911010742,-83.21681213378906
30.38000383300823,2.3434146250074264,11,87502.215511084,1.0,1.0,6.619173049926758,0.0549468994140625,66,434,1.58203125,-2.890623992031627,-52.39786911010742,-83.21681213378906
30.380088833000627,2.343499624999822,11,87502.215649459,1.0,1.0,6.619173049926758,0.0549468994140625,66,434,1.58203125,-2.890623992031627,-52.39786911010742,-83.21681213378906
30.409305791006773,2.3727165830059675,11,87502.244989959,1.0,1.0,6.619173049926758,0.0549468994140625,66,434,1.58203125,0.0,-52.39786911010742,-83.21681213378906
30.409424790996127,2.3728355829953216,11,87502.245326709,1.0,0.9926738739013672,6.619173049926758,-0.14285659790039062,66,434,1.58203125,0.0,-52.39786911010742,-83.21681213378906
30.40946429100586,2.372875083005056,11,87502.245520084,1.0,0.9926738739013672,6.619173049926758,-0.14285659790039062,66,434,1.58203125,0.0,-51.78045654296875,-83.807373046875
30.43803104100516,2.4014418330043554,11,87502.274949125,1.0,0.9926738739013672,6.619173049926758,-0.14285659790039062,66,434,1.58203125,0.0,-51.78045654296875,-83.807373046875
30.4381521250034,2.401562917002593,11,87502.275320292,1.0,0.9926738739013672,6.619173049926758,-0.14285659790039062,66,434,1.58203125,0.0,-51.78045654296875,-83.807373046875
30.438198415999068,2.4016092079982627,11,87502.275374209,1.0,0.9926738739013672,6.619173049926758,-0.14285659790039062,66,434,1.58203125,0.0,-51.78045654296875,-83.807373046875
30.52898908300267,2.4923998750018654,11,87502.365734375,1.0,0.9926738739013672,6.619173049926758,-0.14285659790039062,66,434,1.58203125,0.0,-52.85422134399414,-82.81414031982422
30.529100708008627,2.492511500007822,11,87502.366301875,1.0,0.9926738739013672,6.619173049926758,-0.14285659790039062,66,434,1.58203125,0.0,-52.85422134399414,-82.81414031982422
30.52914754100493,2.4925583330041263,11,87502.366416959,1.0,1.0073261260986328,6.619173049926758,-0.27472686767578125,66,434,1.58203125,0.0,-52.85422134399414,-82.81414031982422
30.52918804100773,2.492598833006923,11,87502.366972084,1.0,1.0073261260986328,6.619173049926758,-0.27472686767578125,66,434,1.58203125,0.0,-52.85422134399414,-82.81414031982422
30.5601634580089,2.523574250008096,11,87502.395300542,1.0,1.0073261260986328,6.619173049926758,-0.27472686767578125,66,434,1.58203125,0.0,-52.45155334472656,-83.10943603515625
30.560286499996437,2.5236972919956315,11,87502.395781,1.0,1.0073261260986328,6.619173049926758,-0.27472686767578125,66,434,1.58203125,0.0,-52.45155334472656,-83.10943603515625
30.56033908300742,2.523749875006615,11,87502.395853542,1.0,0.9853477478027344,6.619173049926758,-0.0549468994140625,66,434,1.58203125,0.0,-52.45155334472656,-83.10943603515625
30.593407207998098,2.5568179999972926,11,87502.42783,1.0,0.9853477478027344,6.619173049926758,-0.0549468994140625,66,434,1.58203125,0.0,-52.45155334472656,-83.10943603515625
30.59362820800743,2.5570390000066254,11,87502.427932209,1.0,0.9926738739013672,6.619173049926758,-0.3186798095703125,66,434,1.58203125,0.0,-52.45155334472656,-83.10943603515625
30.59368970801006,2.5571005000092555,11,87502.427994125,1.0,0.9926738739013672,6.619173049926758,-0.3186798095703125,66,434,1.58203125,0.0,1000.0,-83.87877655029297
30.61789595799928,2.5813067499984754,11,87502.456749584,1.0,0.9926738739013672,6.619173049926758,-0.3186798095703125,66,434,1.58203125,0.0,1000.0,-83.87877655029297
30.618164875006187,2.5815756670053815,11,87502.457269417,1.0,0.9926738739013672,6.619173049926758,-0.3186798095703125,66,434,1.58203125,0.0,1000.0,-83.87877655029297
30.624064540999825,2.58747533299902,11,87502.45751475,1.0,0.9926738739013672,6.619173049926758,-0.3186798095703125,66,434,1.58203125,0.0,1000.0,-83.87877655029297
30.647066165998694,2.6104769579978893,11,87502.484775834,1.0,0.9926738739013672,6.619173049926758,-0.3186798095703125,66,434,1.58203125,0.0,-52.800533294677734,-82.86784362792969
30.64721645800455,2.610627250003745,11,87502.484975,1.0,0.9926738739013672,6.619173049926758,-0.3186798095703125,66,435,1.669921875,3.2007899254421925,-52.800533294677734,-82.86784362792969
30.647264625004027,2.610675417003222,11,87502.48513525,1.0,1.0,6.619173049926758,-0.03296661376953125,66,435,1.669921875,3.2007899254421925,-52.800533294677734,-82.86784362792969
30.738437207997777,2.7018479999969713,11,87502.577106,1.0,1.0,6.619173049926758,-0.03296661376953125,66,435,1.669921875,0.0,-52.800533294677734,-82.86784362792969
30.738829624999198,2.702240416998393,11,87502.577268375,1.0,1.0,6.61955451965332,0.20878982543945312,66,435,1.669921875,0.0,-52.800533294677734,-82.86784362792969
30.738930583000183,2.702341374999378,11,87502.577922584,1.0,1.0,6.61955451965332,0.20878982543945312,66,435,1.669921875,0.0,-52.585784912109375,-83.1899642944336
30.74472745800449,2.7081382500036852,11,87502.578373167,1.0,1.0,6.61955451965332,0.20878982543945312,66,435,1.669921875,0.0,-52.585784912109375,-83.1899642944336
30.769490416001645,2.7329012080008397,11,87502.605310292,1.0,1.0,6.61955451965332,0.20878982543945312,66,434,1.58203125,-3.1158095520294253,-52.585784912109375,-83.1899642944336
30.76960445800796,2.7330152500071563,11,87502.605728709,1.0,1.0073261260986328,6.619173049926758,-0.03296661376953125,66,434,1.58203125,-3.1158095520294253,-52.585784912109375,-83.1899642944336
30.7696518330049,2.733062625004095,11,87502.605793209,1.0,1.0073261260986328,6.619173049926758,-0.03296661376953125,66,434,1.58203125,-3.1158095520294253,-52.39786911010742,-83.16311645507812
30.80042100000719,2.7638317920063855,11,87502.635258917,1.0,1.0073261260986328,6.619173049926758,-0.03296661376953125,66,434,1.58203125,-3.1158095520294253,-52.39786911010742,-83.16311645507812
30.800534750000224,2.763945541999419,11,87502.635645375,1.0,1.0073261260986328,6.619173049926758,-0.03296661376953125,66,434,1.58203125,-3.1158095520294253,-52.39786911010742,-83.16311645507812
30.800582750001922,2.763993542001117,11,87502.635717125,1.0,1.0073261260986328,6.619173049926758,-0.03296661376953125,66,434,1.58203125,0.0,-52.39786911010742,-83.16311645507812
30.83174062499893,2.7951514169981238,11,87502.665511584,1.0,1.0073261260986328,6.619173049926758,-0.03296661376953125,66,434,1.58203125,0.0,-52.18311309814453,-82.78730773925781
30.831896582996706,2.7953073749959003,11,87502.665900375,1.0,1.0073261260986328,6.619173049926758,-0.03296661376953125,66,434,1.58203125,0.0,-52.18311309814453,-82.78730773925781
30.83195262499794,2.7953634169971338,11,87502.666006375,1.0,0.9926738739013672,6.619173049926758,-0.27472686767578125,66,434,1.58203125,0.0,-52.18311309814453,-82.78730773925781
30.856181666007615,2.8195924580068095,11,87502.694571375,1.0,0.9926738739013672,6.619173049926758,-0.27472686767578125,66,434,1.58203125,0.0,-52.18311309814453,-82.78730773925781
30.856274625009974,2.8196854170091683,11,87502.694717584,1.0,0.9780216217041016,6.61955451965332,0.2967033386230469,66,434,1.58203125,0.0,-52.18311309814453,-82.78730773925781
30.85630320799828,2.819713999997475,11,87502.694865542,1.0,0.9780216217041016,6.61955451965332,0.2967033386230469,66,434,1.58203125,0.0,-52.5052490234375,-83.10943603515625
30.887711916002445,2.8511227080016397,11,87502.724849375,1.0,0.9780216217041016,6.61955451965332,0.2967033386230469,66,434,1.58203125,0.0,-52.5052490234375,-83.10943603515625
30.887784207996447,2.8511949999956414,11,87502.725021917,1.0,0.9780216217041016,6.61955451965332,0.2967033386230469,66,434,1.58203125,0.0,-52.5052490234375,-83.10943603515625
30.887811791006243,2.8512225830054376,11,87502.725052292,1.0,0.9780216217041016,6.61955451965332,0.2967033386230469,66,435,1.669921875,2.883057976937419,-52.5052490234375,-83.10943603515625
30.918438125008834,2.8818489170080284,11,87502.755228417,1.0,0.9780216217041016,6.61955451965332,0.2967033386230469,66,435,1.669921875,2.883057976937419,-52.585784912109375,-83.08258819580078
30.91850341600366,2.881914208002854,11,87502.755357959,1.0,0.9780216217041016,6.61955451965332,0.2967033386230469,66,435,1.669921875,0.0,-52.585784912109375,-83.08258819580078
30.91853091600933,2.881941708008526,11,87502.755461625,1.0,0.9853477478027344,6.61955451965332,0.09889984130859375,66,435,1.669921875,0.0,-52.585784912109375,-83.08258819580078
30.948734040997806,2.9121448329970008,11,87502.784970209,1.0,0.9853477478027344,6.61955451965332,0.09889984130859375,66,435,1.669921875,0.0,-52.585784912109375,-83.08258819580078
30.948794500000076,2.912205291999271,11,87502.785158,1.0,0.9853477478027344,6.61955451965332,0.09889984130859375,66,435,1.669921875,0.0,-52.585784912109375,-83.08258819580078
30.948826250009006,2.9122370420082007,11,87502.785213625,1.0,0.9853477478027344,6.61955451965332,0.09889984130859375,66,435,1.669921875,0.0,-52.53208923339844,-83.16311645507812
30.980280000003404,2.9436907920025988,11,87502.815362375,1.0,0.9853477478027344,6.61955451965332,0.09889984130859375,66,435,1.669921875,0.0,-52.53208923339844,-83.16311645507812
30.980378499996732,2.9437892919959268,11,87502.815658584,1.0,0.9853477478027344,6.61955451965332,0.09889984130859375,66,435,1.669921875,0.0,-52.53208923339844,-83.16311645507812
31.007183666006313,2.9705944580055075,11,87502.844780625,1.0,0.9853477478027344,6.61955451965332,0.09889984130859375,66,434,1.58203125,-1.4695647266913163,-52.53208923339844,-83.16311645507812
31.00725875000353,2.9706695420027245,11,87502.844947125,1.0,0.9853477478027344,6.61955451965332,0.09889984130859375,66,434,1.58203125,-1.4695647266913163,-51.94152069091797,-83.45840454101562
31.007295333009097,2.9707061250082916,11,87502.845078375,1.0,0.9853477478027344,6.61955451965332,0.09889984130859375,66,434,1.58203125,0.0,-51.94152069091797,-83.45840454101562
31.007325124999625,2.9707359169988194,11,87502.845210125,1.0,0.9926738739013672,6.61955451965332,-0.120880126953125,66,434,1.58203125,0.0,-51.94152069091797,-83.45840454101562
31.06921970800613,0.030338958007632755,12,87502.9057805,0.8,0.9926738739013672,6.61955451965332,-0.120880126953125,66,434,1.58203125,0.0,-51.94152069091797,-83.45840454101562
31.06934875001025,0.030468000011751428,12,87502.906224834,0.8,0.9926738739013672,6.61955451965332,-0.120880126953125,66,434,1.58203125,0.0,-51.94152069091797,-83.45840454101562
31.06940566599951,0.03052491600101348,12,87502.906516959,0.8,0.9926738739013672,6.61955451965332,-0.120880126953125,66,434,1.58203125,0.0,-52.69314956665039,-82.97521209716797
31.06944404100068,0.03056329100218136,12,87502.906557,0.8,0.9926738739013672,6.61955451965332,-0.120880126953125,66,434,1.58203125,0.0,-52.69314956665039,-82.97521209716797
31.09976545799873,0.0608847080002306,12,87502.936095917,0.8,0.9926738739013672,6.61955451965332,-0.120880126953125,66,434,1.58203125,0.0,-52.69314956665039,-82.97521209716797
31.09982154100726,0.06094079100876115,12,87502.93618,0.8,1.0,6.61955451965332,0.07692337036132812,66,434,1.58203125,0.0,-52.69314956665039,-82.97521209716797
31.130032333006966,0.09115158300846815,12,87502.966129417,0.8,1.0,6.61955451965332,0.07692337036132812,66,435,1.669921875,2.9261436486027663,-52.69314956665039,-82.97521209716797
31.13012124999659,0.09124049999809358,12,87502.966274542,0.8,0.9926738739013672,6.619173049926758,-6.246565764644885e-14,66,435,1.669921875,2.9261436486027663,-52.69314956665039,-82.97521209716797
31.130172791003133,0.0912920410046354,12,87502.966411584,0.8,0.9926738739013672,6.619173049926758,-6.246565764644885e-14,66,435,1.669921875,2.9261436486027663,-52.23680114746094,-83.00205993652344
31.161780499998713,0.12289975000021514,12,87502.9947665,0.8,0.9926738739013672,6.619173049926758,-6.246565764644885e-14,66,435,1.669921875,2.9261436486027663,-52.23680114746094,-83.00205993652344
31.16191974999674,0.12303899999824353,12,87502.994929,0.8,0.9926738739013672,6.619173049926758,-6.246565764644885e-14,66,435,1.669921875,2.9261436486027663,-52.23680114746094,-83.00205993652344
31.161959958000807,0.12307920800230931,12,87502.995091,0.8,0.9926738739013672,6.619173049926758,-6.246565764644885e-14,66,434,1.58203125,-3.0347313876091073,-52.23680114746094,-83.00205993652344
31.191441957998904,0.15256120800040662,12,87503.0265125,0.8,0.9926738739013672,6.619173049926758,-6.246565764644885e-14,66,434,1.58203125,-3.0347313876091073,-51.21672439575195,-83.2973403930664
31.191597583005205,0.15271683300670702,12,87503.027016542,0.8,0.9926738739013672,6.619173049926758,-6.246565764644885e-14,66,434,1.58203125,0.0,-51.21672439575195,-83.2973403930664
31.191648958003498,0.1527682080049999,12,87503.027123917,0.8,0.7802200317382812,6.618791580200195,0.27472686767578125,66,434,1.58203125,0.0,-51.21672439575195,-83.2973403930664
31.222227500009467,0.18334675001096912,12,87503.056965542,0.8,0.7802200317382812,6.618791580200195,0.27472686767578125,66,435,1.669921875,2.9365926034947245,-51.21672439575195,-83.2973403930664
31.222353332996136,0.1834725829976378,12,87503.05748675,0.8,0.7948713302612305,6.618791580200195,0.1868133544921875,66,435,1.669921875,2.9365926034947245,-51.21672439575195,-83.2973403930664
31.222402083003544,0.18352133300504647,12,87503.0577965,0.8,0.7948713302612305,6.618791580200195,0.1868133544921875,66,435,1.669921875,2.9365926034947245,-52.31733322143555,-83.05574798583984
31.247494833005476,0.20861408300697803,12,87503.08632175,0.8,0.7948713302612305,6.618791580200195,0.1868133544921875,66,435,1.669921875,2.9365926034947245,-52.31733322143555,-83.05574798583984
31.248115791007876,0.20923504100937862,12,87503.08699225,0.8,0.7948713302612305,6.618791580200195,0.1868133544921875,66,435,1.669921875,2.9365926034947245,-52.31733322143555,-83.05574798583984
31.248287125010393,0.20940637501189485,12,87503.087113167,0.8,0.7948713302612305,6.618791580200195,0.1868133544921875,66,435,1.669921875,0.0,-52.31733322143555,-83.05574798583984
31.278063916004612,0.23918316600611433,12,87503.1165225,0.8,0.7948713302612305,6.618791580200195,0.1868133544921875,66,435,1.669921875,0.0,-52.39786911010742,-83.32418823242188
31.27816966600949,0.23928891601099167,12,87503.1168035,0.8,0.7948713302612305,6.618791580200195,0.1868133544921875,66,434,1.58203125,-2.959903177305809,-52.39786911010742,-83.32418823242188
31.278208375006216,0.23932762500771787,12,87503.116844792,0.8,0.8021974563598633,6.618791580200195,0.16483688354492188,66,434,1.58203125,-2.959903177305809,-52.39786911010742,-83.32418823242188
31.341260750006768,0.30238000000827014,12,87503.17549775,0.8,0.8021974563598633,6.618791580200195,0.16483688354492188,66,434,1.58203125,0.0,-52.39786911010742,-83.32418823242188
31.34142625000095,0.3025455000024522,12,87503.1760665,0.8,0.8021974563598633,6.618791580200195,0.20878982543945312,66,434,1.58203125,0.0,-52.39786911010742,-83.32418823242188
31.34151075000409,0.3026300000055926,12,87503.176433084,0.8,0.8021974563598633,6.618791580200195,0.20878982543945312,66,434,1.58203125,0.0,-52.263648986816406,-83.08258819580078
31.3667505409976,0.3278697909991024,12,87503.205679292,0.8,0.8021974563598633,6.618791580200195,0.20878982543945312,66,434,1.58203125,0.0,-52.263648986816406,-83.08258819580078
31.36735241599672,0.3284716659982223,12,87503.206249709,0.8,0.8021974563598633,6.618791580200195,0.20878982543945312,66,434,1.58203125,0.0,-52.263648986816406,-83.08258819580078
31.367450791003648,0.3285700410051504,12,87503.206334792,0.8,0.8021974563598633,6.618791580200195,0.20878982543945312,66,434,1.58203125,0.0,-52.263648986816406,-83.08258819580078
31.396522291004658,0.35764154100615997,12,87503.2354365,0.8,0.8021974563598633,6.618791580200195,0.20878982543945312,66,434,1.58203125,0.0,-52.720001220703125,-82.86784362792969
31.396891291005886,0.3580105410073884,12,87503.235984125,0.8,0.8021974563598633,6.618791580200195,0.20878982543945312,66,435,1.669921875,2.964516418672867,-52.720001220703125,-82.86784362792969
31.403355250004097,0.3644745000055991,12,87503.236360292,0.8,0.7948713302612305,6.618791580200195,0.20878982543945312,66,435,1.669921875,2.964516418672867,-52.720001220703125,-82.86784362792969
31.42745183300576,0.38857108300726395,12,87503.26552875,0.8,0.7948713302612305,6.618791580200195,0.20878982543945312,66,434,1.58203125,-2.976161047603243,-52.720001220703125,-82.86784362792969
31.427566083002603,0.3886853330041049,12,87503.265859875,0.8,0.7728939056396484,6.618791580200195,0.120880126953125,66,434,1.58203125,-2.976161047603243,-52.720001220703125,-82.86784362792969
31.42761833300756,0.3887375830090605,12,87503.265926459,0.8,0.7728939056396484,6.618791580200195,0.120880126953125,66,434,1.58203125,-2.976161047603243,-52.45155334472656,-83.0289077758789
31.458248625000124,0.4193678750016261,12,87503.295039375,0.8,0.7728939056396484,6.618791580200195,0.120880126953125,66,434,1.58203125,-2.976161047603243,-52.45155334472656,-83.0289077758789
31.458395333000226,0.41951458300172817,12,87503.295507084,0.8,0.7728939056396484,6.618791580200195,0.120880126953125,66,434,1.58203125,-2.976161047603243,-52.45155334472656,-83.0289077758789
31.458461832997273,0.41958108299877495,12,87503.295597459,0.8,0.7728939056396484,6.618791580200195,0.120880126953125,66,435,1.669921875,2.921652954249288,-52.45155334472656,-83.0289077758789
31.488024375008536,0.4491436250100378,12,87503.325516959,0.8,0.7728939056396484,6.618791580200195,0.120880126953125,66,435,1.669921875,2.921652954249288,-52.39786911010742,-83.10943603515625
31.48815420799656,0.4492734579980606,12,87503.325825375,0.8,0.7728939056396484,6.618791580200195,0.120880126953125,66,435,1.669921875,0.0,-52.39786911010742,-83.10943603515625
31.488219541002763,0.44933879100426566,12,87503.326038584,0.8,0.7802200317382812,6.618410110473633,0.07692337036132812,66,435,1.669921875,0.0,-52.39786911010742,-83.10943603515625
31.5192960830027,0.4804153330042027,12,87503.355285667,0.8,0.7802200317382812,6.618410110473633,0.07692337036132812,66,434,1.58203125,-2.983772453699439,-52.39786911010742,-83.10943603515625
31.51948116600397,0.48060041600547265,12,87503.355694792,0.8,0.7802200317382812,6.618410110473633,0.010990142822265625,66,434,1.58203125,-2.983772453699439,-52.39786911010742,-83.10943603515625
31.519681707999553,0.4808009580010548,12,87503.355767875,0.8,0.7802200317382812,6.618410110473633,0.010990142822265625,66,434,1.58203125,-2.983772453699439,-51.289886474609375,-83.78053283691406
31.55022779099818,0.5113470409996808,12,87503.384737792,0.8,0.7802200317382812,6.618410110473633,0.010990142822265625,66,434,1.58203125,-2.983772453699439,-51.289886474609375,-83.78053283691406
31.550310749997152,0.5114299999986542,12,87503.384787834,0.8,0.7802200317382812,6.618410110473633,0.010990142822265625,66,434,1.58203125,-2.983772453699439,-51.289886474609375,-83.78053283691406
31.55033529100183,0.5114545410033315,12,87503.385076959,0.8,0.7802200317382812,6.618410110473633,0.010990142822265625,66,434,1.58203125,0.0,-51.289886474609375,-83.78053283691406
31.581671499996446,0.5427907499979483,12,87503.414777625,0.8,0.7802200317382812,6.618410110473633,0.010990142822265625,66,434,1.58203125,0.0,-52.23680114746094,-83.00205993652344
31.581713874998968,0.5428331250004703,12,87503.414880125,0.8,0.7802200317382812,6.618410110473633,0.010990142822265625,66,434,1.58203125,0.0,-52.23680114746094,-83.00205993652344
31.581728375007515,0.5428476250090171,12,87503.414895542,0.8,0.8095235824584961,6.618410110473633,-0.120880126953125,66,434,1.58203125,0.0,-52.23680114746094,-83.00205993652344
31.606807415999356,0.567926666000858,12,87503.444473209,0.8,0.8095235824584961,6.618410110473633,-0.120880126953125,66,435,1.669921875,2.970268796791903,-52.23680114746094,-83.00205993652344
31.606850708005368,0.56796995800687,12,87503.444568959,0.8,0.7948713302612305,6.618410110473633,0.010990142822265625,66,435,1.669921875,2.970268796791903,-52.23680114746094,-83.00205993652344
31.60686616601015,0.567985416011652,12,87503.444620667,0.8,0.7948713302612305,6.618410110473633,0.010990142822265625,66,435,1.669921875,2.970268796791903,-52.39786911010742,-82.97521209716797
31.6428747910104,0.6039940410119016,12,87503.476110875,0.8,0.7948713302612305,6.618410110473633,0.010990142822265625,66,435,1.669921875,2.970268796791903,-52.39786911010742,-82.97521209716797
31.64291354099987,0.604032791001373,12,87503.476204209,0.8,0.7948713302612305,6.618410110473633,0.010990142822265625,66,435,1.669921875,2.970268796791903,-52.39786911010742,-82.97521209716797
31.64292937499704,0.6040486249985406,12,87503.476274667,0.8,0.7948713302612305,6.618410110473633,0.010990142822265625,66,435,1.669921875,0.0,-52.39786911010742,-82.97521209716797
31.668473541009007,0.6295927910105092,12,87503.50516725,0.8,0.7948713302612305,6.618410110473633,0.010990142822265625,66,435,1.669921875,0.0,-52.42470932006836,-83.1899642944336
31.66851891600527,0.6296381660067709,12,87503.505294834,0.8,0.7948713302612305,6.618410110473633,0.010990142822265625,66,434,1.58203125,-3.028652871000464,-52.42470932006836,-83.1899642944336
31.668534625001485,0.6296538750029868,12,87503.505315834,0.8,0.8095235824584961,6.618791580200195,0.07692337036132812,66,434,1.58203125,-3.028652871000464,-52.42470932006836,-83.1899642944336
31.69961058300396,0.6607298330054618,12,87503.536103292,0.8,0.8095235824584961,6.618791580200195,0.07692337036132812,66,434,1.58203125,0.0,-52.42470932006836,-83.1899642944336
31.699689750006655,0.6608090000081575,12,87503.536193334,0.8,0.7802200317382812,6.618791580200195,0.16483688354492188,66,434,1.58203125,0.0,-52.42470932006836,-83.1899642944336
31.731107790998067,0.692227040999569,12,87503.566302209,0.8,0.7802200317382812,6.618791580200195,0.16483688354492188,66,434,1.58203125,0.0,-52.23680114746094,-83.16311645507812
31.731160958006512,0.6922802080080146,12,87503.566408875,0.8,0.7802200317382812,6.618791580200195,0.16483688354492188,66,434,1.58203125,0.0,-52.23680114746094,-83.16311645507812
31.7311766250059,0.6922958750074031,12,87503.566428417,0.8,0.7802200317382812,6.618791580200195,0.16483688354492188,66,434,1.58203125,0.0,-52.23680114746094,-83.16311645507812
31.731190125006833,0.6923093750083353,12,87503.566501375,0.8,0.7802200317382812,6.618791580200195,0.16483688354492188,66,434,1.58203125,0.0,-52.23680114746094,-83.16311645507812
31.762546666010167,0.7236659160116687,12,87503.596108167,0.8,0.7802200317382812,6.618791580200195,0.16483688354492188,66,434,1.58203125,0.0,-52.82737731933594,-82.81414031982422
31.762587707999046,0.7237069580005482,12,87503.596247292,0.8,0.7802200317382812,6.618791580200195,0.16483688354492188,66,435,1.669921875,2.9548571711713256,-52.82737731933594,-82.81414031982422
31.76260641599947,0.7237256660009734,12,87503.596271125,0.8,0.7728939056396484,6.618410110473633,-0.120880126953125,66,435,1.669921875,2.9548571711713256,-52.82737731933594,-82.81414031982422
31.787731457996415,0.7488507079979172,12,87503.626010417,0.8,0.7728939056396484,6.618410110473633,-0.120880126953125,66,434,1.58203125,-2.953243753551593,-52.82737731933594,-82.81414031982422
31.787780333004775,0.7488995830062777,12,87503.626145167,0.8,0.7875461578369141,6.618410110473633,-0.1868133544921875,66,434,1.58203125,-2.953243753551593,-52.82737731933594,-82.81414031982422
31.787799708006787,0.7489189580082893,12,87503.626165375,0.8,0.7875461578369141,6.618410110473633,-0.1868133544921875,66,434,1.58203125,-2.953243753551593,-52.29049301147461,-83.08258819580078
31.81838362501003,0.7795028750115307,12,87503.656161334,0.8,0.7875461578369141,6.618410110473633,-0.1868133544921875,66,434,1.58203125,-2.953243753551593,-52.29049301147461,-83.08258819580078
31.81843258300796,0.7795518330094637,12,87503.656341167,0.8,0.7875461578369141,6.618410110473633,-0.1868133544921875,66,434,1.58203125,-2.953243753551593,-52.29049301147461,-83.08258819580078
31.818457000001217,0.7795762500027195,12,87503.656388084,0.8,0.7875461578369141,6.618410110473633,-0.1868133544921875,66,434,1.58203125,0.0,-52.29049301147461,-83.08258819580078
31.849436250005965,0.8105555000074673,12,87503.684800375,0.8,0.7875461578369141,6.618410110473633,-0.1868133544921875,66,434,1.58203125,0.0,-52.371028900146484,-83.13628387451172
31.849500291005825,0.8106195410073269,12,87503.684942959,0.8,0.7875461578369141,6.618410110473633,-0.1868133544921875,66,434,1.58203125,0.0,-52.371028900146484,-83.13628387451172
31.84953341599612,0.8106526659976225,12,87503.685032792,0.8,0.7802200317382812,6.618410110473633,-0.120880126953125,66,434,1.58203125,0.0,-52.371028900146484,-83.13628387451172
31.879270083009033,0.8403893330105348,12,87503.714667834,0.8,0.7802200317382812,6.618410110473633,-0.120880126953125,66,435,1.669921875,2.9576579729399786,-52.371028900146484,-83.13628387451172
31.8793175000028,0.8404367500043008,12,87503.714804,0.8,0.8095235824584961,6.618410110473633,-0.010990142822265625,66,435,1.669921875,2.9576579729399786,-52.371028900146484,-83.13628387451172
31.879345207998995,0.840464458000497,12,87503.714890834,0.8,0.8095235824584961,6.618410110473633,-0.010990142822265625,66,435,1.669921875,2.9576579729399786,-52.42470932006836,-83.53893280029297
31.910819374999846,0.8719386250013486,12,87503.74638025,0.8,0.8095235824584961,6.618410110473633,-0.010990142822265625,66,435,1.669921875,2.9576579729399786,-52.42470932006836,-83.53893280029297
31.91091691600741,0.8720361660089111,12,87503.746727375,0.8,0.8095235824584961,6.618410110473633,-0.010990142822265625,66,435,1.669921875,2.9576579729399786,-52.42470932006836,-83.53893280029297
31.910962958005257,0.8720822080067592,12,87503.746805667,0.8,0.8095235824584961,6.618410110473633,-0.010990142822265625,66,435,1.669921875,0.0,-52.42470932006836,-83.53893280029297
31.941485625007772,0.9026048750092741,12,87503.776730334,0.8,0.8095235824584961,6.618410110473633,-0.010990142822265625,66,435,1.669921875,0.0,-52.558929443359375,-82.67992401123047
31.941697750007734,0.9028170000092359,12,87503.777114334,0.8,0.8095235824584961,6.618410110473633,-0.010990142822265625,66,435,1.669921875,0.0,-52.558929443359375,-82.67992401123047
31.941808083007345,0.9029273330088472,12,87503.77735475,0.8,0.8021974563598633,6.618791580200195,0.23077011108398438,66,435,1.669921875,0.0,-52.558929443359375,-82.67992401123047
31.967054250009824,0.9281735000113258,12,87503.805746834,0.8,0.8021974563598633,6.618791580200195,0.23077011108398438,66,435,1.669921875,0.0,-52.558929443359375,-82.67992401123047
31.967349333004677,0.928468583006179,12,87503.805869125,0.8,0.7948713302612305,6.618410110473633,-0.14285659790039062,66,435,1.669921875,0.0,-52.558929443359375,-82.67992401123047
31.967415791004896,0.9285350410063984,12,87503.805917167,0.8,0.7948713302612305,6.618410110473633,-0.14285659790039062,66,435,1.669921875,0.0,-52.263648986816406,-83.10943603515625
31.997431499999948,0.9585507500014501,12,87503.834991417,0.8,0.7948713302612305,6.618410110473633,-0.14285659790039062,66,435,1.669921875,0.0,-52.263648986816406,-83.10943603515625
31.997551708001993,0.9586709580034949,12,87503.835317167,0.8,0.7948713302612305,6.618410110473633,-0.14285659790039062,66,435,1.669921875,0.0,-52.263648986816406,-83.10943603515625
32.0277274580003,0.9888467080018017,12,87503.866758167,0.8,0.7948713302612305,6.618410110473633,-0.14285659790039062,66,434,1.58203125,-1.4402721075686817,-52.263648986816406,-83.10943603515625
32.03417308299686,0.9952923329983605,12,87503.867450625,0.8,0.7948713302612305,6.618410110473633,-0.14285659790039062,66,434,1.58203125,-1.4402721075686817,-52.45155334472656,-83.00205993652344
32.03423175000353,0.9953510000050301,12,87503.86751725,0.8,0.7948713302612305,6.618410110473633,-0.14285659790039062,66,435,1.669921875,114.54651498101433,-52.45155334472656,-83.00205993652344
32.03426704100275,0.9953862910042517,12,87503.867802709,0.8,1.0057525634765625,6.618410110473633,-0.3186798095703125,66,435,1.669921875,114.54651498101433,-52.45155334472656,-83.00205993652344
32.05846300000849,1.0195822500099894,12,87503.894529584,0.8,1.0057525634765625,6.618410110473633,-0.3186798095703125,66,434,1.58203125,-3.2537522195030135,-52.45155334472656,-83.00205993652344
32.05851658299798,1.0196358329994837,12,87503.894669875,0.8,0.7728939056396484,6.618791580200195,0.20878982543945312,66,434,1.58203125,-3.2537522195030135,-52.45155334472656,-83.00205993652344
32.058548832996166,1.0196680829976685,12,87503.894770459,0.8,0.7728939056396484,6.618791580200195,0.20878982543945312,66,434,1.58203125,-3.2537522195030135,-52.18311309814453,-83.24365997314453
32.09006225000485,1.0511815000063507,12,87503.924833709,0.8,0.7728939056396484,6.618791580200195,0.20878982543945312,66,434,1.58203125,-3.2537522195030135,-52.18311309814453,-83.24365997314453
32.09017958299955,1.0512988330010558,12,87503.925120125,0.8,0.7728939056396484,6.618791580200195,0.20878982543945312,66,434,1.58203125,-3.2537522195030135,-52.18311309814453,-83.24365997314453
32.09021966600267,1.0513389160041697,12,87503.925224,0.8,0.7728939056396484,6.618791580200195,0.20878982543945312,66,434,1.58203125,0.0,-52.18311309814453,-83.24365997314453
32.12023366600624,1.081352916007745,12,87503.955638375,0.8,0.7728939056396484,6.618791580200195,0.20878982543945312,66,434,1.58203125,0.0,-52.82737731933594,-82.65308380126953
32.12030925000727,1.0814285000087693,12,87503.955809709,0.8,0.7728939056396484,6.618791580200195,0.20878982543945312,66,434,1.58203125,0.0,-52.82737731933594,-82.65308380126953
32.12034091600799,1.0814601660094922,12,87503.955942709,0.8,0.7802200317382812,6.618410110473633,-0.0549468994140625,66,434,1.58203125,0.0,-52.82737731933594,-82.65308380126953
32.14548866600671,1.1066079160082154,12,87503.984629959,0.8,0.7802200317382812,6.618410110473633,-0.0549468994140625,66,435,1.669921875,3.0498340873078615,-52.82737731933594,-82.65308380126953
32.1507445830066,1.1118638330081012,12,87503.984961292,0.8,0.7728939056396484,6.618410110473633,0.0549468994140625,66,435,1.669921875,3.0498340873078615,-52.82737731933594,-82.65308380126953
32.150800125004025,1.1119193750055274,12,87503.984998959,0.8,0.7728939056396484,6.618410110473633,0.0549468994140625,66,435,1.669921875,3.0498340873078615,-52.42470932006836,-82.84098815917969
32.18127779100905,1.142397041010554,12,87504.014627417,0.8,0.7728939056396484,6.618410110473633,0.0549468994140625,66,435,1.669921875,3.0498340873078615,-52.42470932006836,-82.84098815917969
32.18133074999787,1.1424499999993714,12,87504.014757917,0.8,0.7728939056396484,6.618410110473633,0.0549468994140625,66,435,1.669921875,3.0498340873078615,-52.42470932006836,-82.84098815917969
32.18136379100906,1.1424830410105642,12,87504.0148475,0.8,0.7728939056396484,6.618410110473633,0.0549468994140625,66,435,1.669921875,0.0,-52.42470932006836,-82.84098815917969
32.20648587500909,1.1676051250105957,12,87504.045312417,0.8,0.7728939056396484,6.618410110473633,0.0549468994140625,66,435,1.669921875,0.0,-52.558929443359375,-82.89468383789062
32.20653583300009,1.1676550830015913,12,87504.045537917,0.8,0.7728939056396484,6.618410110473633,0.0549468994140625,66,435,1.669921875,0.0,-52.558929443359375,-82.89468383789062
32.20656691600743,1.1676861660089344,12,87504.045576334,0.8,0.7875461578369141,6.618410110473633,-0.07692337036132812,66,435,1.669921875,0.0,-52.558929443359375,-82.89468383789062
32.236962416005554,1.198081666007056,12,87504.075415625,0.8,0.7875461578369141,6.618410110473633,-0.07692337036132812,66,434,1.58203125,-2.942737757877145,-52.558929443359375,-82.89468383789062
32.237098458004766,1.1982177080062684,12,87504.075761209,0.8,0.7802200317382812,6.618410110473633,0.0549468994140625,66,434,1.58203125,-2.942737757877145,-52.558929443359375,-82.89468383789062
32.23714604100678,1.1982652910082834,12,87504.075957917,0.8,0.7802200317382812,6.618410110473633,0.0549468994140625,66,434,1.58203125,-2.942737757877145,-52.371028900146484,-82.92151641845703
32.26673491600377,1.2278541660052724,12,87504.105331084,0.8,0.7802200317382812,6.618410110473633,0.0549468994140625,66,434,1.58203125,-2.942737757877145,-52.371028900146484,-82.92151641845703
32.266879916001926,1.2279991660034284,12,87504.105639292,0.8,0.7802200317382812,6.618410110473633,0.0549468994140625,66,434,1.58203125,-2.942737757877145,-52.371028900146484,-82.92151641845703
32.26696358300978,1.2280828330112854,12,87504.10579325,0.8,0.7802200317382812,6.618410110473633,0.0549468994140625,66,435,1.669921875,2.8928835597952105,-52.371028900146484,-82.92151641845703
32.29796116599755,1.2590804159990512,12,87504.135681625,0.8,0.7802200317382812,6.618410110473633,0.0549468994140625,66,435,1.669921875,2.8928835597952105,-51.431488037109375,-82.57254791259766
32.298101833002875,1.2592210830043769,12,87504.136148167,0.8,0.7802200317382812,6.618410110473633,0.0549468994140625,66,434,1.58203125,-2.8955879950873498,-51.431488037109375,-82.57254791259766
32.29814887500834,1.2592681250098394,12,87504.136220667,0.8,0.8021974563598633,6.618791580200195,0.34066009521484375,66,434,1.58203125,-2.8955879950873498,-51.431488037109375,-82.57254791259766
32.328559750007116,1.2896790000086185,12,87504.166751875,0.8,0.8021974563598633,6.618791580200195,0.34066009521484375,66,435,1.669921875,2.8727785226329097,-51.431488037109375,-82.57254791259766
32.32873112500238,1.28985037500388,12,87504.166889459,0.8,0.8021974563598633,6.618791580200195,0.34066009521484375,66,435,1.669921875,2.8727785226329097,-51.431488037109375,-82.57254791259766
32.32886404100282,1.2899832910043187,12,87504.166948959,0.8,0.8021974563598633,6.618791580200195,0.34066009521484375,66,435,1.669921875,2.8727785226329097,-52.42470932006836,-82.94837188720703
32.391540458003874,1.3526597080053762,12,87504.225729667,0.8,0.8021974563598633,6.618791580200195,0.34066009521484375,66,435,1.669921875,2.8727785226329097,-52.42470932006836,-82.94837188720703
32.391713208009605,1.3528324580111075,12,87504.226218167,0.8,0.8021974563598633,6.618791580200195,0.34066009521484375,66,435,1.669921875,2.8727785226329097,-52.42470932006836,-82.94837188720703
32.39178254100261,1.3529017910041148,12,87504.226649167,0.8,0.8021974563598633,6.618791580200195,0.34066009521484375,66,435,1.669921875,0.0,-52.42470932006836,-82.94837188720703
32.417121416001464,1.3782406660029665,12,87504.255672125,0.8,0.8021974563598633,6.618791580200195,0.34066009521484375,66,435,1.669921875,0.0,-52.31733322143555,-82.76046752929688
32.417246500001056,1.3783657500025583,12,87504.256076792,0.8,0.8021974563598633,6.618791580200195,0.34066009521484375,66,434,1.58203125,-2.9865522515922116,-52.31733322143555,-82.76046752929688
32.41729908299749,1.37841833299899,12,87504.256146334,0.8,0.8095235824584961,6.618410110473633,-0.14285659790039062,66,434,1.58203125,-2.9865522515922116,-52.31733322143555,-82.76046752929688
32.44873583300796,1.409855083009461,12,87504.286823417,0.8,0.8095235824584961,6.618410110473633,-0.14285659790039062,66,434,1.58203125,0.0,-52.31733322143555,-82.76046752929688
32.448894458008,1.410013708009501,12,87504.286964375,0.8,0.7728939056396484,6.618410110473633,-0.20878982543945312,66,434,1.58203125,0.0,-52.31733322143555,-82.76046752929688
32.448951958009275,1.410071208010777,12,87504.287347917,0.8,0.7728939056396484,6.618410110473633,-0.20878982543945312,66,434,1.58203125,0.0,-51.94152069091797,-83.00205993652344
32.480514833005145,1.4416340830066474,12,87504.315539709,0.8,0.7728939056396484,6.618410110473633,-0.20878982543945312,66,434,1.58203125,0.0,-51.94152069091797,-83.00205993652344
32.480671500001336,1.4417907500028377,12,87504.315970709,0.8,0.7728939056396484,6.618410110473633,-0.20878982543945312,66,434,1.58203125,0.0,-51.94152069091797,-83.00205993652344
32.48072166599741,1.4418409159989096,12,87504.316077084,0.8,0.7728939056396484,6.618410110473633,-0.20878982543945312,66,435,1.669921875,3.002993986313624,-51.94152069091797,-83.00205993652344
32.5106625000044,1.4717817500059027,12,87504.345724959,0.8,0.7728939056396484,6.618410110473633,-0.20878982543945312,66,435,1.669921875,3.002993986313624,-52.720001220703125,-82.62623596191406
32.51081783299742,1.4719370829989202,12,87504.346589459,0.8,0.7728939056396484,6.618410110473633,-0.20878982543945312,66,434,1.58203125,-2.88075461783925,-52.720001220703125,-82.62623596191406
32.51087716600159,1.471996416003094,12,87504.34681875,0.8,0.8095235824584961,6.618410110473633,-0.16483688354492188,66,434,1.58203125,-2.88075461783925,-52.720001220703125,-82.62623596191406
32.54130370799976,1.5024229580012616,12,87504.375468334,0.8,0.8095235824584961,6.618410110473633,-0.16483688354492188,66,435,1.669921875,3.0447406372205736,-52.720001220703125,-82.62623596191406
32.5414862500038,1.502605500005302,12,87504.37595,0.8,0.8095235824584961,6.618410110473633,-0.34066009521484375,66,435,1.669921875,3.0447406372205736,-52.720001220703125,-82.62623596191406
32.54157258300984,1.5026918330113403,12,87504.376267792,0.8,0.8095235824584961,6.618410110473633,-0.34066009521484375,66,435,1.669921875,3.0447406372205736,-52.263648986816406,-82.94837188720703
32.56726866599638,1.5283879159978824,12,87504.405474125,0.8,0.8095235824584961,6.618410110473633,-0.34066009521484375,66,435,1.669921875,3.0447406372205736,-52.263648986816406,-82.94837188720703
32.567429165996145,1.5285484159976477,12,87504.406219709,0.8,0.8095235824584961,6.618410110473633,-0.34066009521484375,66,435,1.669921875,3.0447406372205736,-52.263648986816406,-82.94837188720703
32.56749120799941,1.5286104580009123,12,87504.406337417,0.8,0.8095235824584961,6.618410110473633,-0.34066009521484375,66,434,1.58203125,-2.8460454500932406,-52.263648986816406,-82.94837188720703
32.59990704100346,1.5610262910049642,12,87504.438612209,0.8,0.8095235824584961,6.618410110473633,-0.34066009521484375,66,434,1.58203125,-2.8460454500932406,-52.45155334472656,-82.84098815917969
32.60036441600823,1.5614836660097353,12,87504.438713584,0.8,0.8095235824584961,6.618410110473633,-0.34066009521484375,66,435,1.669921875,2.7146914480749054,-52.45155334472656,-82.84098815917969
32.60053870800766,1.5616579580091638,12,87504.438787459,0.8,0.7875461578369141,6.618408203125,-0.1868133544921875,66,435,1.669921875,2.7146914480749054,-52.45155334472656,-82.84098815917969
32.63156233300106,1.592681583002559,12,87504.46683375,0.8,0.7875461578369141,6.618408203125,-0.1868133544921875,66,434,1.58203125,-3.1264821461303254,-52.45155334472656,-82.84098815917969
32.63172362500336,1.5928428750048624,12,87504.467212959,0.8,0.7948713302612305,6.618410110473633,-0.27472686767578125,66,434,1.58203125,-3.1264821461303254,-52.45155334472656,-82.84098815917969
32.66246254100406,1.623581791005563,12,87504.496761417,0.8,0.7948713302612305,6.618410110473633,-0.27472686767578125,66,434,1.58203125,-3.1264821461303254,-51.109352111816406,-83.0289077758789
32.662676416002796,1.6237956660042983,12,87504.497195959,0.8,0.7948713302612305,6.618410110473633,-0.27472686767578125,66,434,1.58203125,-3.1264821461303254,-51.109352111816406,-83.0289077758789
32.66276750000543,1.6238867500069318,12,87504.497322292,0.8,0.7948713302612305,6.618410110473633,-0.27472686767578125,66,434,1.58203125,-3.1264821461303254,-51.109352111816406,-83.0289077758789
32.66281891599647,1.62393816599797,12,87504.497477,0.8,0.7948713302612305,6.618410110473633,-0.27472686767578125,66,435,1.669921875,2.8671244558515787,-51.109352111816406,-83.0289077758789
32.68800145800924,1.6491207080107415,12,87504.526971542,0.8,0.7948713302612305,6.618410110473633,-0.27472686767578125,66,435,1.669921875,2.8671244558515787,-52.881065368652344,-82.54570770263672
32.68862462500692,1.6497438750084257,12,87504.527631459,0.8,0.7948713302612305,6.618410110473633,-0.27472686767578125,66,434,1.58203125,-2.915091829888771,-52.881065368652344,-82.54570770263672
32.688726666005095,1.6498459160065977,12,87504.527717375,0.8,0.8095235824584961,6.618410110473633,-0.16483688354492188,66,434,1.58203125,-2.915091829888771,-52.881065368652344,-82.54570770263672
32.72024379100185,1.681363041003351,12,87504.555150792,0.8,0.8095235824584961,6.618410110473633,-0.16483688354492188,66,435,1.669921875,3.1943190513971715,-52.881065368652344,-82.54570770263672
32.72035262500867,1.6814718750101747,12,87504.555404167,0.8,0.7875461578369141,6.618410110473633,-0.07692337036132812,66,435,1.669921875,3.1943190513971715,-52.881065368652344,-82.54570770263672
32.720392707997235,1.6815119579987368,12,87504.555527709,0.8,0.7875461578369141,6.618410110473633,-0.07692337036132812,66,435,1.669921875,3.1943190513971715,-52.39786911010742,-82.81414031982422
32.751461082996684,1.7125803329981863,12,87504.586682,0.8,0.7875461578369141,6.618410110473633,-0.07692337036132812,66,435,1.669921875,3.1943190513971715,-52.39786911010742,-82.81414031982422
32.751586333004525,1.7127055830060272,12,87504.586918459,0.8,0.7875461578369141,6.618410110473633,-0.07692337036132812,66,435,1.669921875,3.1943190513971715,-52.39786911010742,-82.81414031982422
32.751640458009206,1.712759708010708,12,87504.587051042,0.8,0.7875461578369141,6.618410110473633,-0.07692337036132812,66,435,1.669921875,0.0,-52.39786911010742,-82.81414031982422
32.782792416008306,1.743911666009808,12,87504.616415667,0.8,0.7875461578369141,6.618410110473633,-0.07692337036132812,66,435,1.669921875,0.0,-52.371028900146484,-83.00205993652344
32.782962333003525,1.744081583005027,12,87504.616664292,0.8,0.7875461578369141,6.618410110473633,-0.07692337036132812,66,435,1.669921875,0.0,-52.371028900146484,-83.00205993652344
32.78300437500002,1.7441236250015208,12,87504.616760334,0.8,0.7875461578369141,6.618410110473633,0.120880126953125,66,435,1.669921875,0.0,-52.371028900146484,-83.00205993652344
32.8080232909997,1.7691425410012016,12,87504.646906125,0.8,0.7875461578369141,6.618410110473633,0.120880126953125,66,435,1.669921875,0.0,-52.371028900146484,-83.00205993652344
32.814776166007505,1.775895416009007,12,87504.647793375,0.8,0.7802200317382812,6.618410110473633,-0.120880126953125,66,435,1.669921875,0.0,-52.371028900146484,-83.00205993652344
32.81484779099992,1.7759670410014223,12,87504.64785525,0.8,0.7802200317382812,6.618410110473633,-0.120880126953125,66,435,1.669921875,0.0,-831.0643310546875,-83.27050018310547
32.83996658300748,1.8010858330089832,12,87504.676148292,0.8,0.7802200317382812,6.618410110473633,-0.120880126953125,66,435,1.669921875,0.0,-831.0643310546875,-83.27050018310547
32.84002837500884,1.8011476250103442,12,87504.676377167,0.8,0.7802200317382812,6.618410110473633,-0.120880126953125,66,435,1.669921875,0.0,-831.0643310546875,-83.27050018310547
32.84006387500267,1.8011831250041723,12,87504.676418292,0.8,0.7802200317382812,6.618410110473633,-0.120880126953125,66,435,1.669921875,0.0,-831.0643310546875,-83.27050018310547
32.87153604099876,1.8326552910002647,12,87504.705884167,0.8,0.7802200317382812,6.618410110473633,-0.120880126953125,66,435,1.669921875,0.0,-52.720001220703125,-82.62623596191406
32.87164270800713,1.832761958008632,12,87504.7062285,0.8,0.7802200317382812,6.618410110473633,-0.120880126953125,66,434,1.58203125,-2.949024054481556,-52.720001220703125,-82.62623596191406
32.871746083008475,1.832865333009977,12,87504.706411917,0.8,0.7802200317382812,6.618410110473633,0.120880126953125,66,434,1.58203125,-2.949024054481556,-52.720001220703125,-82.62623596191406
32.895870708001894,1.8569899580033962,12,87504.734727709,0.8,0.7802200317382812,6.618410110473633,0.120880126953125,66,434,1.58203125,0.0,-52.720001220703125,-82.62623596191406
32.89595816600195,1.8570774160034489,12,87504.734881375,0.8,0.7948713302612305,6.618410110473633,-0.3846168518066406,66,434,1.58203125,0.0,-52.720001220703125,-82.62623596191406
32.89600741599861,1.857126666000113,12,87504.734994209,0.8,0.7948713302612305,6.618410110473633,-0.3846168518066406,66,434,1.58203125,0.0,-52.31733322143555,-82.92151641845703
32.92732345800323,1.8884427080047317,12,87504.76614475,0.8,0.7948713302612305,6.618410110473633,-0.3846168518066406,66,434,1.58203125,0.0,-52.31733322143555,-82.92151641845703
32.927515250004944,1.8886345000064466,12,87504.766291709,0.8,0.7948713302612305,6.618410110473633,-0.3846168518066406,66,434,1.58203125,0.0,-52.31733322143555,-82.92151641845703
32.92758704100561,1.8887062910071108,12,87504.766355375,0.8,0.7948713302612305,6.618410110473633,-0.3846168518066406,66,434,1.58203125,0.0,-52.31733322143555,-82.92151641845703
32.95875041600084,1.9198696660023415,12,87504.796530667,0.8,0.7948713302612305,6.618410110473633,-0.3846168518066406,66,434,1.58203125,0.0,-52.344181060791016,-82.7067642211914
32.95894020800188,1.9200594580033794,12,87504.797168125,0.8,0.7948713302612305,6.618410110473633,-0.3846168518066406,66,434,1.58203125,0.0,-52.344181060791016,-82.7067642211914
32.95900600000459,1.9201252500060946,12,87504.797245209,0.8,0.8095235824584961,6.618410110473633,0.03296661376953125,66,434,1.58203125,0.0,-52.344181060791016,-82.7067642211914
32.98969612500514,1.9508153750066413,12,87504.82706075,0.8,0.8095235824584961,6.618410110473633,0.03296661376953125,66,434,1.58203125,0.0,-52.344181060791016,-82.7067642211914
32.98985712500871,1.9509763750102138,12,87504.827541792,0.8,0.7728939056396484,6.618791580200195,0.09889984130859375,66,434,1.58203125,0.0,-52.344181060791016,-82.7067642211914
32.98998691599991,1.9511061660014093,12,87504.827609584,0.8,0.7728939056396484,6.618791580200195,0.09889984130859375,66,434,1.58203125,0.0,-52.344181060791016,-82.94837188720703
33.01926583300519,1.980385083006695,12,87504.855892042,0.8,0.7728939056396484,6.618791580200195,0.09889984130859375,66,434,1.58203125,0.0,-52.344181060791016,-82.94837188720703
33.01941424999677,1.9805334999982733,12,87504.856384334,0.8,0.7728939056396484,6.618791580200195,0.09889984130859375,66,434,1.58203125,0.0,-52.344181060791016,-82.94837188720703
33.01946641600807,1.9805856660095742,12,87504.856456125,0.8,0.7728939056396484,6.618791580200195,0.09889984130859375,66,434,1.58203125,0.0,-52.344181060791016,-82.94837188720703
33.05078420799691,2.0119034579984145,12,87504.885106375,0.8,0.7728939056396484,6.618791580200195,0.09889984130859375,66,434,1.58203125,0.0,-51.59254837036133,-82.73361206054688
33.05093141600082,2.012050666002324,12,87504.885587209,0.8,0.7728939056396484,6.618791580200195,0.09889984130859375,66,435,1.669921875,3.017272276594598,-51.59254837036133,-82.73361206054688
33.05098408300546,2.012103333006962,12,87504.885690334,0.8,0.8021974563598633,6.618410110473633,0.010990142822265625,66,435,1.669921875,3.017272276594598,-51.59254837036133,-82.73361206054688
33.08113891600806,2.0422581660095602,12,87504.915909792,0.8,0.8021974563598633,6.618410110473633,0.010990142822265625,66,435,1.669921875,0.0,-51.59254837036133,-82.73361206054688
33.081263166008284,2.0423824160097865,12,87504.916258875,0.8,0.8021974563598633,6.618410110473633,0.010990142822265625,66,435,1.669921875,0.0,-51.59254837036133,-82.73361206054688
33.081313083006535,2.042432333008037,12,87504.916447042,0.8,0.8021974563598633,6.618410110473633,0.010990142822265625,66,435,1.669921875,0.0,-52.371028900146484,-82.86784362792969
33.111829500005115,2.072948750006617,12,87504.946272459,0.8,0.8021974563598633,6.618410110473633,0.010990142822265625,66,435,1.669921875,0.0,-52.371028900146484,-82.86784362792969
33.11190241599979,2.0730216660012957,12,87504.94643875,0.8,0.8021974563598633,6.618410110473633,0.010990142822265625,66,435,1.669921875,0.0,-52.371028900146484,-82.86784362792969
33.11193337501027,2.073052625011769,12,87504.9465345,0.8,0.8021974563598633,6.618410110473633,0.010990142822265625,66,435,1.669921875,0.0,-52.371028900146484,-82.86784362792969
33.14356283300731,2.104682083008811,12,87504.976834792,0.8,0.8021974563598633,6.618410110473633,0.010990142822265625,66,435,1.669921875,0.0,-52.29049301147461,-82.84098815917969
33.143681208006456,2.104800458007958,12,87504.977159334,0.8,0.8021974563598633,6.618410110473633,0.010990142822265625,66,434,1.58203125,-2.870308003633287,-52.29049301147461,-82.84098815917969
33.14372062499751,2.1048398749990156,12,87504.977200667,0.8,0.8095235824584961,6.618410110473633,-0.40659332275390625,66,434,1.58203125,-2.870308003633287,-52.29049301147461,-82.84098815917969
33.167996916003176,2.1291161660046782,12,87505.006547459,0.8,0.8095235824584961,6.618410110473633,-0.40659332275390625,66,435,1.669921875,2.99127027721067,-52.29049301147461,-82.84098815917969
33.168100708004204,2.129219958005706,12,87505.006872417,0.8,0.7728939056396484,6.618410110473633,-0.0549468994140625,66,435,1.669921875,2.99127027721067,-52.29049301147461,-82.84098815917969
33.16815866599791,2.1292779159994097,12,87505.006915042,0.8,0.7728939056396484,6.618410110473633,-0.0549468994140625,66,435,1.669921875,2.99127027721067,-52.263648986816406,-82.86784362792969
33.19851675000973,2.1596360000112327,12,87505.036591584,0.8,0.7728939056396484,6.618410110473633,-0.0549468994140625,66,435,1.669921875,2.99127027721067,-52.263648986816406,-82.86784362792969
33.19865120800387,2.1597704580053687,12,87505.03695625,0.8,0.7728939056396484,6.618410110473633,-0.0549468994140625,66,435,1.669921875,2.99127027721067,-52.263648986816406,-82.86784362792969
33.198690916004125,2.1598101660056273,12,87505.037022,0.8,0.7728939056396484,6.618410110473633,-0.0549468994140625,66,434,1.58203125,-2.883672922510241,-52.263648986816406,-82.86784362792969
33.22915525001008,2.190274500011583,12,87505.065997,0.8,0.7728939056396484,6.618410110473633,-0.0549468994140625,66,434,1.58203125,-2.883672922510241,-51.86098861694336,-82.51885986328125
33.22929120800109,2.1904104580025887,12,87505.066432875,0.8,0.7728939056396484,6.618410110473633,-0.0549468994140625,66,435,1.669921875,2.988422453862185,-51.86098861694336,-82.51885986328125
33.22933608300809,2.190455333009595,12,87505.066491042,0.8,0.7948713302612305,6.618410110473633,-0.16483688354492188,66,435,1.669921875,2.988422453862185,-51.86098861694336,-82.51885986328125
33.26078904099995,2.221908291001455,12,87505.096733417,0.8,0.7948713302612305,6.618410110473633,-0.16483688354492188,66,435,1.669921875,0.0,-51.86098861694336,-82.51885986328125
33.260903625006904,2.222022875008406,12,87505.097118292,0.8,0.7948713302612305,6.618410110473633,-0.16483688354492188,66,435,1.669921875,0.0,-51.86098861694336,-82.51885986328125
33.26094983299845,2.222069082999951,12,87505.097178625,0.8,0.7948713302612305,6.618410110473633,-0.16483688354492188,66,435,1.669921875,0.0,-52.42470932006836,-82.67992401123047
33.292837125001824,2.2539563750033267,12,87505.1269705,0.8,0.7948713302612305,6.618410110473633,-0.16483688354492188,66,435,1.669921875,0.0,-52.42470932006836,-82.67992401123047
33.29294645800837,2.2540657080098754,12,87505.127543625,0.8,0.7948713302612305,6.618410110473633,-0.16483688354492188,66,435,1.669921875,0.0,-52.42470932006836,-82.67992401123047
33.292987291002646,2.2541065410041483,12,87505.127610542,0.8,0.7948713302612305,6.618410110473633,-0.16483688354492188,66,434,1.58203125,-2.8454272848387356,-52.42470932006836,-82.67992401123047
33.31842145801056,2.279540708012064,12,87505.157023375,0.8,0.7948713302612305,6.618410110473633,-0.16483688354492188,66,434,1.58203125,-2.8454272848387356,-52.45155334472656,-82.78730773925781
33.31905775000632,2.280177000007825,12,87505.157410834,0.8,0.7948713302612305,6.618410110473633,-0.16483688354492188,66,435,1.669921875,2.949820020521569,-52.45155334472656,-82.78730773925781
33.31964516600419,2.2807644160056952,12,87505.158182875,0.8,0.7802200317382812,6.618791580200195,0.23077011108398438,66,435,1.669921875,2.949820020521569,-52.45155334472656,-82.78730773925781
33.350527665999834,2.3116469160013366,12,87505.186304042,0.8,0.7802200317382812,6.618791580200195,0.23077011108398438,66,435,1.669921875,0.0,-52.45155334472656,-82.78730773925781
33.35063841599913,2.3117576660006307,12,87505.186684084,0.8,0.7948713302612305,6.618410110473633,-0.0549468994140625,66,435,1.669921875,0.0,-52.45155334472656,-82.78730773925781
33.350677708003786,2.3117969580052886,12,87505.186749209,0.8,0.7948713302612305,6.618410110473633,-0.0549468994140625,66,435,1.669921875,0.0,-52.371028900146484,-82.92151641845703
33.381178208001074,2.3422974580025766,12,87505.217284709,0.8,0.7948713302612305,6.618410110473633,-0.0549468994140625,66,435,1.669921875,0.0,-52.371028900146484,-82.92151641845703
33.3813376659964,2.3424569159979,12,87505.217869834,0.8,0.7948713302612305,6.618410110473633,-0.0549468994140625,66,435,1.669921875,0.0,-52.371028900146484,-82.92151641845703
33.38140291599848,2.3425221659999806,12,87505.217938792,0.8,0.7948713302612305,6.618410110473633,-0.0549468994140625,66,434,1.58203125,-2.7780485528011307,-52.371028900146484,-82.92151641845703
33.438245541008655,2.399364791010157,12,87505.27556575,0.8,0.7948713302612305,6.618410110473633,-0.0549468994140625,66,434,1.58203125,-2.7780485528011307,-51.726768493652344,-82.92151641845703
33.43854916600685,2.3996684160083532,12,87505.276095959,0.8,0.7948713302612305,6.618410110473633,-0.0549468994140625,66,435,1.669921875,1.5113156481875425,-51.726768493652344,-82.92151641845703
33.43868829100393,2.39980754100543,12,87505.276188375,0.8,0.7948713302612305,6.618410110473633,-0.010990142822265625,66,435,1.669921875,1.5113156481875425,-51.726768493652344,-82.92151641845703
33.468890957999974,2.4300102080014767,12,87505.30677475,0.8,0.7948713302612305,6.618410110473633,-0.010990142822265625,66,434,1.58203125,-2.8649904765452736,-51.726768493652344,-82.92151641845703
33.46905433300708,2.4301735830085818,12,87505.307226709,0.8,0.8021974563598633,6.618410110473633,0.120880126953125,66,434,1.58203125,-2.8649904765452736,-51.726768493652344,-82.92151641845703
33.46912795800017,2.430247208001674,12,87505.307575417,0.8,0.8021974563598633,6.618410110473633,0.120880126953125,66,434,1.58203125,-2.8649904765452736,-52.31733322143555,-82.67992401123047
33.500640291007585,2.461759541009087,12,87505.337023125,0.8,0.8021974563598633,6.618410110473633,0.120880126953125,66,434,1.58203125,-2.8649904765452736,-52.31733322143555,-82.67992401123047
33.500756041001296,2.461875291002798,12,87505.337525042,0.8,0.8021974563598633,6.618410110473633,0.120880126953125,66,434,1.58203125,-2.8649904765452736,-52.31733322143555,-82.67992401123047
33.50080500000331,2.461924250004813,12,87505.3376055,0.8,0.8021974563598633,6.618410110473633,0.120880126953125,66,434,1.58203125,0.0,-52.31733322143555,-82.67992401123047
33.53072041600535,2.491839666006854,12,87505.365315209,0.8,0.8021974563598633,6.618410110473633,0.120880126953125,66,434,1.58203125,0.0,-52.31733322143555,-82.76046752929688
33.53090370800055,2.492022958002053,12,87505.365702792,0.8,0.8021974563598633,6.618410110473633,0.120880126953125,66,435,1.669921875,3.128165315005828,-52.31733322143555,-82.76046752929688
33.53097108300426,2.4920903330057627,12,87505.366060459,0.8,0.7948713302612305,6.618791580200195,0.2967033386230469,66,435,1.669921875,3.128165315005828,-52.31733322143555,-82.76046752929688
33.5599910000019,2.521110250003403,12,87505.396234375,0.8,0.7948713302612305,6.618791580200195,0.2967033386230469,66,435,1.669921875,0.0,-52.31733322143555,-82.76046752929688
33.560187750001205,2.5213070000027074,12,87505.396693459,0.8,0.7728939056396484,6.618410110473633,-0.09889984130859375,66,435,1.669921875,0.0,-52.31733322143555,-82.76046752929688
33.560251791001065,2.521371041002567,12,87505.397079417,0.8,0.7728939056396484,6.618410110473633,-0.09889984130859375,66,435,1.669921875,0.0,-51.619388580322266,-82.89468383789062
33.589571666001575,2.5506909160030773,12,87505.426719875,0.8,0.7728939056396484,6.618410110473633,-0.09889984130859375,66,435,1.669921875,0.0,-51.619388580322266,-82.89468383789062
33.589725500001805,2.550844750003307,12,87505.426853,0.8,0.7728939056396484,6.618410110473633,-0.09889984130859375,66,435,1.669921875,0.0,-51.619388580322266,-82.89468383789062
33.58984279099968,2.550962041001185,12,87505.426937959,0.8,0.7728939056396484,6.618410110473633,-0.09889984130859375,66,434,1.58203125,-2.8619001524260206,-51.619388580322266,-82.89468383789062
33.620420999999624,2.581540250001126,12,87505.4566025,0.8,0.7728939056396484,6.618410110473633,-0.09889984130859375,66,434,1.58203125,-2.8619001524260206,-52.639469146728516,-82.62623596191406
33.62053845800983,2.5816577080113348,12,87505.456832042,0.8,0.7728939056396484,6.618410110473633,-0.09889984130859375,66,435,1.669921875,2.9403012025553537,-52.639469146728516,-82.62623596191406
33.62058362500102,2.58170287500252,12,87505.456989459,0.8,0.7948713302612305,6.618410110473633,-0.07692337036132812,66,435,1.669921875,2.9403012025553537,-52.639469146728516,-82.62623596191406
33.65210254100384,2.613221791005344,12,87505.486751167,0.8,0.7948713302612305,6.618410110473633,-0.07692337036132812,66,434,1.58203125,-2.938503009275497,-52.639469146728516,-82.62623596191406
33.65222512499895,2.6133443750004517,12,87505.48714625,0.8,0.7875461578369141,6.618791580200195,0.0549468994140625,66,434,1.58203125,-2.938503009275497,-52.639469146728516,-82.62623596191406
33.65227625000989,2.613395500011393,12,87505.487385167,0.8,0.7875461578369141,6.618791580200195,0.0549468994140625,66,434,1.58203125,-2.938503009275497,-52.371028900146484,-82.76046752929688
33.71285908299615,2.673978332997649,12,87505.546652959,0.8,0.7875461578369141,6.618791580200195,0.0549468994140625,66,434,1.58203125,-2.938503009275497,-52.371028900146484,-82.76046752929688
33.71302295800706,2.6741422080085613,12,87505.547070417,0.8,0.7875461578369141,6.618791580200195,0.0549468994140625,66,434,1.58203125,-2.938503009275497,-52.371028900146484,-82.76046752929688
33.71308825000597,2.674207500007469,12,87505.547206167,0.8,0.7875461578369141,6.618791580200195,0.0549468994140625,66,434,1.58203125,0.0,-52.371028900146484,-82.76046752929688
33.71314245800022,2.6742617080017226,12,87505.547449167,0.8,0.7875461578369141,6.618791580200195,0.0549468994140625,66,434,1.58203125,0.0,-52.5052490234375,-82.81414031982422
33.73996099999931,2.701080250000814,12,87505.576779,0.8,0.8021974563598633,6.618410110473633,0.09889984130859375,66,434,1.58203125,0.0,-52.5052490234375,-82.81414031982422
33.74010704099783,2.7012262909993296,12,87505.577162042,0.8,0.8021974563598633,6.618410110473633,0.09889984130859375,66,434,1.58203125,0.0,-52.39786911010742,-82.65308380126953
33.74015550001059,2.7012747500120895,12,87505.577223292,0.8,0.8021974563598633,6.618410110473633,0.09889984130859375,66,435,1.669921875,2.9282071945996004,-52.39786911010742,-82.65308380126953
33.77095162500336,2.7320708750048652,12,87505.607694625,0.8,0.8021974563598633,6.618410110473633,0.09889984130859375,66,435,1.669921875,2.9282071945996004,-51.75361251831055,-82.73361206054688
33.771095208008774,2.732214458010276,12,87505.608359709,0.8,0.8021974563598633,6.618410110473633,0.09889984130859375,66,434,1.58203125,-2.8231375819016016,-51.75361251831055,-82.73361206054688
33.77115345800121,2.7322727080027107,12,87505.608720667,0.8,0.7875461578369141,6.618410110473633,0.0549468994140625,66,434,1.58203125,-2.8231375819016016,-51.75361251831055,-82.73361206054688
33.79705074999947,2.7581700000009732,12,87505.635912542,0.8,0.7875461578369141,6.618410110473633,0.0549468994140625,66,434,1.58203125,0.0,-51.75361251831055,-82.73361206054688
33.79746225000417,2.7585815000056755,12,87505.636565,0.8,0.7875461578369141,6.618791580200195,0.16483688354492188,66,434,1.58203125,0.0,-51.75361251831055,-82.73361206054688
33.80397358300979,2.7650928330112947,12,87505.636973667,0.8,0.7875461578369141,6.618791580200195,0.16483688354492188,66,434,1.58203125,0.0,-52.53208923339844,-82.59939575195312
33.82773362500302,2.7888528750045225,12,87505.66504525,0.8,0.7875461578369141,6.618791580200195,0.16483688354492188,66,434,1.58203125,0.0,-52.53208923339844,-82.59939575195312
33.82784895799705,2.7889682079985505,12,87505.665403125,0.8,0.7875461578369141,6.618791580200195,0.16483688354492188,66,434,1.58203125,0.0,-52.53208923339844,-82.59939575195312
33.827899541007355,2.789018791008857,12,87505.665722,0.8,0.7875461578369141,6.618791580200195,0.16483688354492188,66,435,1.669921875,2.947964882855845,-52.53208923339844,-82.59939575195312
33.85734204101027,2.818461291011772,12,87505.695475167,0.8,0.7875461578369141,6.618791580200195,0.16483688354492188,66,435,1.669921875,2.947964882855845,-52.42470932006836,-82.67992401123047
33.85747654100123,2.8185957910027355,12,87505.696031875,0.8,0.7875461578369141,6.618791580200195,0.16483688354492188,66,435,1.669921875,0.0,-52.42470932006836,-82.67992401123047
33.85752354100987,2.8186427910113707,12,87505.696247167,0.8,0.7802200317382812,6.618410110473633,-0.010990142822265625,66,435,1.669921875,0.0,-52.42470932006836,-82.67992401123047
33.8870874580025,2.8482067080039997,12,87505.725717417,0.8,0.7802200317382812,6.618410110473633,-0.010990142822265625,66,434,1.58203125,-2.961074894568918,-52.42470932006836,-82.67992401123047
33.88721312501002,2.8483323750115233,12,87505.726030375,0.8,0.8021974563598633,6.618410110473633,-0.14285659790039062,66,434,1.58203125,-2.961074894568918,-52.42470932006836,-82.67992401123047
33.8872505830077,2.848369833009201,12,87505.726193667,0.8,0.8021974563598633,6.618410110473633,-0.14285659790039062,66,434,1.58203125,-2.961074894568918,-52.29049301147461,-82.62623596191406
33.91779041600239,2.878909666003892,12,87505.755674167,0.8,0.8021974563598633,6.618410110473633,-0.14285659790039062,66,434,1.58203125,-2.961074894568918,-52.29049301147461,-82.62623596191406
33.917947624999215,2.879066875000717,12,87505.756011375,0.8,0.8021974563598633,6.618410110473633,-0.14285659790039062,66,434,1.58203125,-2.961074894568918,-52.29049301147461,-82.62623596191406
33.91800150000199,2.8791207500034943,12,87505.756211459,0.8,0.8021974563598633,6.618410110473633,-0.14285659790039062,66,434,1.58203125,0.0,-52.29049301147461,-82.62623596191406
33.95030195800064,2.911421208002139,12,87505.788956292,0.8,0.8021974563598633,6.618410110473633,-0.14285659790039062,66,434,1.58203125,0.0,-52.23680114746094,-83.00205993652344
33.9504477080045,2.9115669580060057,12,87505.789078959,0.8,0.8021974563598633,6.618410110473633,-0.14285659790039062,66,434,1.58203125,0.0,-52.23680114746094,-83.00205993652344
33.950504041000386,2.911623291001888,12,87505.7891325,0.8,0.8021974563598633,6.618410110473633,-0.0549468994140625,66,434,1.58203125,0.0,-52.23680114746094,-83.00205993652344
33.98182950000046,2.9429487500019604,12,87505.814885542,0.8,0.8021974563598633,6.618410110473633,-0.0549468994140625,66,434,1.58203125,0.0,-52.23680114746094,-83.00205993652344
33.98211033300322,2.9432295830047224,12,87505.815071542,0.8,0.8021974563598633,6.618791580200195,0.3186798095703125,66,434,1.58203125,0.0,-52.23680114746094,-83.00205993652344
33.98230983300891,2.9434290830104146,12,87505.815185667,0.8,0.8021974563598633,6.618791580200195,0.3186798095703125,66,434,1.58203125,0.0,-52.5052490234375,-82.59939575195312
34.007611708002514,2.9687309580040164,12,87505.84461425,0.8,0.8021974563598633,6.618791580200195,0.3186798095703125,66,434,1.58203125,0.0,-52.5052490234375,-82.59939575195312
34.007695457999944,2.968814708001446,12,87505.844748334,0.8,0.8021974563598633,6.618791580200195,0.3186798095703125,66,434,1.58203125,0.0,-52.5052490234375,-82.59939575195312
34.00772708300792,2.9688463330094237,12,87505.844843875,0.8,0.8021974563598633,6.618791580200195,0.3186798095703125,66,435,1.669921875,2.9332318218534894,-52.5052490234375,-82.59939575195312
34.03824950000853,2.999368750010035,12,87505.875629792,0.8,0.8021974563598633,6.618791580200195,0.3186798095703125,66,435,1.669921875,2.9332318218534894,-52.29049301147461,-82.73361206054688
34.038392125003156,2.9995113750046585,12,87505.875976375,0.8,0.8021974563598633,6.618791580200195,0.3186798095703125,66,434,1.58203125,-2.82362136348284,-52.29049301147461,-82.73361206054688
34.07000466600584,0.025131832997431047,13,87505.905102167,0.4,0.8021974563598633,6.618410110473633,-0.3186798095703125,66,434,1.58203125,-2.82362136348284,-52.29049301147461,-82.73361206054688
34.070103582998854,0.025230749990441836,13,87505.905269792,0.4,0.8021974563598633,6.618410110473633,-0.3186798095703125,66,434,1.58203125,0.0,-52.29049301147461,-82.73361206054688
34.0701384999993,0.025265666990890168,13,87505.905421459,0.4,0.7948713302612305,6.618410110473633,-0.0549468994140625,66,434,1.58203125,0.0,-52.29049301147461,-82.73361206054688
34.070169291007915,0.02529645799950231,13,87505.905716375,0.4,0.7948713302612305,6.618410110473633,-0.0549468994140625,66,434,1.58203125,0.0,-52.23680114746094,-82.73361206054688
34.101678375009215,0.056805542000802234,13,87505.93527875,0.4,0.7948713302612305,6.618410110473633,-0.0549468994140625,66,434,1.58203125,0.0,-52.23680114746094,-82.73361206054688
34.10178445800557,0.05691162499715574,13,87505.935334167,0.4,0.7948713302612305,6.618410110473633,-0.0549468994140625,66,434,1.58203125,0.0,-52.23680114746094,-82.73361206054688
34.12708649999695,0.08221366698853672,13,87505.965658209,0.4,0.7948713302612305,6.618410110473633,-0.0549468994140625,66,434,1.58203125,0.0,-52.23680114746094,-82.73361206054688
34.12724933300342,0.08237649999500718,13,87505.966077584,0.4,0.7948713302612305,6.618410110473633,-0.0549468994140625,66,434,1.58203125,0.0,-52.2099609375,-82.84098815917969
34.133079291001195,0.08820645799278282,13,87505.966693209,0.4,0.7948713302612305,6.618410110473633,-0.0549468994140625,66,434,1.58203125,0.0,-52.2099609375,-82.84098815917969
34.157999041010044,0.11312620800163131,13,87505.995076417,0.4,0.7948713302612305,6.618410110473633,-0.0549468994140625,66,434,1.58203125,0.0,-51.86098861694336,-82.62623596191406
34.15807412500726,0.11320129199884832,13,87505.995226709,0.4,0.7948713302612305,6.618410110473633,-0.0549468994140625,66,434,1.58203125,0.0,-51.86098861694336,-82.62623596191406
34.15810437500477,0.1132315419963561,13,87505.995318584,0.4,0.8021974563598633,6.618791580200195,0.14285659790039062,66,434,1.58203125,0.0,-51.86098861694336,-82.62623596191406
34.18963079100649,0.1447579579980811,13,87506.024767209,0.4,0.8021974563598633,6.618791580200195,0.14285659790039062,66,434,1.58203125,0.0,-51.86098861694336,-82.62623596191406
34.18978200000129,0.14490916699287482,13,87506.024903167,0.4,0.7948713302612305,6.618791580200195,0.1868133544921875,66,434,1.58203125,0.0,-51.86098861694336,-82.62623596191406
34.18982295799651,0.14495012498809956,13,87506.024937084,0.4,0.7948713302612305,6.618791580200195,0.1868133544921875,66,434,1.58203125,0.0,-52.45155334472656,-82.54570770263672
34.220510583007126,0.17563774999871384,13,87506.055298959,0.4,0.7948713302612305,6.618791580200195,0.1868133544921875,66,434,1.58203125,0.0,-52.45155334472656,-82.54570770263672
34.22065891600505,0.17578608299663756,13,87506.056546,0.4,0.7948713302612305,6.618791580200195,0.1868133544921875,66,434,1.58203125,0.0,-52.45155334472656,-82.54570770263672
34.22071662500093,0.17584379199251998,13,87506.056653834,0.4,0.7948713302612305,6.618791580200195,0.1868133544921875,66,435,1.669921875,2.756282855501189,-52.45155334472656,-82.54570770263672
34.2505188750074,0.20564604199898895,13,87506.08509625,0.4,0.7948713302612305,6.618791580200195,0.1868133544921875,66,435,1.669921875,2.756282855501189,-52.45155334472656,-82.41149139404297
34.25067791600304,0.20580508299462963,13,87506.085265042,0.4,0.7948713302612305,6.618791580200195,0.1868133544921875,66,435,1.669921875,0.0,-52.45155334472656,-82.41149139404297
34.25072441600787,0.2058515829994576,13,87506.08543225,0.4,0.7875461578369141,6.618410110473633,-0.1868133544921875,66,435,1.669921875,0.0,-52.45155334472656,-82.41149139404297
34.280561583000235,0.235688749991823,13,87506.11512,0.4,0.7875461578369141,6.618410110473633,-0.1868133544921875,66,434,1.58203125,-2.9449604576110016,-52.45155334472656,-82.41149139404297
34.28073199999926,0.2358591669908492,13,87506.115420959,0.4,0.3846149444580078,6.57835578918457,-0.14285659790039062,66,434,1.58203125,-2.9449604576110016,-52.45155334472656,-82.41149139404297
34.2807796660054,0.23590683299698867,13,87506.115551209,0.4,0.3846149444580078,6.57835578918457,-0.14285659790039062,66,434,1.58203125,-2.9449604576110016,-52.42470932006836,-82.35779571533203
34.31109070799721,0.2662178749887971,13,87506.14515425,0.4,0.3846149444580078,6.57835578918457,-0.14285659790039062,66,434,1.58203125,-2.9449604576110016,-52.42470932006836,-82.35779571533203
34.31120512500638,0.26633229199796915,13,87506.145627834,0.4,0.3846149444580078,6.57835578918457,-0.14285659790039062,66,434,1.58203125,-2.9449604576110016,-52.42470932006836,-82.35779571533203
34.31124754100165,0.26637470799323637,13,87506.14579525,0.4,0.3846149444580078,6.57835578918457,-0.14285659790039062,66,435,1.669921875,2.8648969957323214,-52.42470932006836,-82.35779571533203
34.34143937499903,0.2965665419906145,13,87506.17627475,0.4,0.3846149444580078,6.57835578918457,-0.14285659790039062,66,435,1.669921875,2.8648969957323214,-52.075740814208984,-82.78730773925781
34.343016333004925,0.29814349999651313,13,87506.17679625,0.4,0.3846149444580078,6.57835578918457,-0.14285659790039062,66,434,1.58203125,-2.8354558497485876,-52.075740814208984,-82.78730773925781
34.343176916008815,0.2983040830004029,13,87506.177084459,0.4,0.3846149444580078,6.57835578918457,0.1868133544921875,66,434,1.58203125,-2.8354558497485876,-52.075740814208984,-82.78730773925781
34.36591204100114,0.321039207992726,13,87506.204800667,0.4,0.3846149444580078,6.57835578918457,0.1868133544921875,66,434,1.58203125,0.0,-52.075740814208984,-82.78730773925781
34.36603237500822,0.3211595419998048,13,87506.204966584,0.4,0.3919410705566406,6.57835578918457,-0.07692337036132812,66,434,1.58203125,0.0,-52.075740814208984,-82.78730773925781
34.37257049999607,0.32769766698766034,13,87506.205305334,0.4,0.3919410705566406,6.57835578918457,-0.07692337036132812,66,434,1.58203125,0.0,-52.585784912109375,-82.30410766601562
34.39731533300073,0.35244249999232125,13,87506.234658375,0.4,0.3919410705566406,6.57835578918457,-0.07692337036132812,66,434,1.58203125,0.0,-52.585784912109375,-82.30410766601562
34.43034287499904,0.3854700419906294,13,87506.264677042,0.4,0.3919410705566406,6.57835578918457,-0.07692337036132812,66,434,1.58203125,0.0,-52.585784912109375,-82.30410766601562
34.43040195800131,0.3855291249928996,13,87506.2647945,0.4,0.3919410705566406,6.57835578918457,-0.07692337036132812,66,434,1.58203125,0.0,-52.585784912109375,-82.30410766601562
34.43041975000233,0.38554691699391697,13,87506.265585625,0.4,0.3919410705566406,6.57835578918457,-0.07692337036132812,66,434,1.58203125,0.0,-52.53208923339844,-82.27726745605469
34.430435458009015,0.38556262500060257,13,87506.265627084,0.4,0.3919410705566406,6.57835578918457,-0.07692337036132812,66,435,1.669921875,105.38975054195964,-52.53208923339844,-82.27726745605469
34.49117725000542,0.44630441699700896,13,87506.325340834,0.4,0.3919410705566406,6.57835578918457,-0.07692337036132812,66,435,1.669921875,105.38975054195964,-52.5052490234375,-82.33094787597656
34.49123512500955,0.4463622920011403,13,87506.325541917,0.4,0.3919410705566406,6.57835578918457,-0.07692337036132812,66,435,1.669921875,0.0,-52.5052490234375,-82.33094787597656
34.49124854100228,0.44637570799386594,13,87506.325634209,0.4,0.3772897720336914,6.57835578918457,-0.16483688354492188,66,435,1.669921875,0.0,-52.5052490234375,-82.33094787597656
34.51564291599789,0.47077008298947476,13,87506.354643417,0.4,0.3772897720336914,6.57835578918457,-0.16483688354492188,66,434,1.58203125,-3.020231525279963,-52.5052490234375,-82.33094787597656
34.51570316600555,0.4708303329971386,13,87506.354737834,0.4,0.41391944885253906,6.57835578918457,-0.010990142822265625,66,434,1.58203125,-3.020231525279963,-52.5052490234375,-82.33094787597656
34.521684000006644,0.4768111669982318,13,87506.354982584,0.4,0.41391944885253906,6.57835578918457,-0.010990142822265625,66,434,1.58203125,-3.020231525279963,-52.478397369384766,-82.3846435546875
34.55016391600657,0.5052910829981556,13,87506.389195125,0.4,0.41391944885253906,6.57835578918457,-0.010990142822265625,66,434,1.58203125,-3.020231525279963,-52.478397369384766,-82.3846435546875
34.5505926659971,0.5057198329886887,13,87506.3892425,0.4,0.41391944885253906,6.57835578918457,-0.010990142822265625,66,434,1.58203125,-3.020231525279963,-52.478397369384766,-82.3846435546875
34.5506180000084,0.5057451669999864,13,87506.389260834,0.4,0.41391944885253906,6.57835578918457,-0.010990142822265625,66,434,1.58203125,0.0,-52.478397369384766,-82.3846435546875
34.575711875004345,0.5308390419959323,13,87506.414443042,0.4,0.41391944885253906,6.57835578918457,-0.010990142822265625,66,434,1.58203125,0.0,-52.639469146728516,-82.06250762939453
34.57575266600179,0.5308798329933779,13,87506.414537667,0.4,0.41391944885253906,6.57835578918457,-0.010990142822265625,66,434,1.58203125,0.0,-52.639469146728516,-82.06250762939453
34.575767041009385,0.5308942080009729,13,87506.414550542,0.4,0.41391944885253906,6.57835578918457,-0.03296661376953125,66,434,1.58203125,0.0,-52.639469146728516,-82.06250762939453
34.611561249999795,0.5666884169913828,13,87506.445126,0.4,0.41391944885253906,6.57835578918457,-0.03296661376953125,66,434,1.58203125,0.0,-52.639469146728516,-82.06250762939453
34.611663208008395,0.5667903749999823,13,87506.445235459,0.4,0.3919410705566406,6.57835578918457,-0.010990142822265625,66,434,1.58203125,0.0,-52.639469146728516,-82.06250762939453
34.6116763750033,0.5668035419948865,13,87506.445320292,0.4,0.3919410705566406,6.57835578918457,-0.010990142822265625,66,434,1.58203125,0.0,-53.310569763183594,-82.06250762939453
34.63677545799874,0.5919026249903254,13,87506.474757084,0.4,0.3919410705566406,6.57835578918457,-0.010990142822265625,66,434,1.58203125,0.0,-53.310569763183594,-82.06250762939453
34.63685750000877,0.5919846670003608,13,87506.4748345,0.4,0.3919410705566406,6.57835578918457,-0.010990142822265625,66,434,1.58203125,0.0,-53.310569763183594,-82.06250762939453
34.63687012500304,0.5919972919946304,13,87506.474894042,0.4,0.3919410705566406,6.57835578918457,-0.010990142822265625,66,434,1.58203125,0.0,-53.310569763183594,-82.06250762939453
34.666461208005785,0.6215883749973727,13,87506.504992709,0.4,0.3919410705566406,6.57835578918457,-0.010990142822265625,66,434,1.58203125,0.0,-52.558929443359375,-82.19673156738281
34.66648941600579,0.6216165829973761,13,87506.505082459,0.4,0.3919410705566406,6.57835578918457,-0.010990142822265625,66,434,1.58203125,0.0,-52.558929443359375,-82.19673156738281
34.66650220799784,0.6216293749894248,13,87506.505131542,0.4,0.3846149444580078,6.57835578918457,0.14285659790039062,66,434,1.58203125,0.0,-52.558929443359375,-82.19673156738281
34.69744954101043,0.652576708002016,13,87506.534592125,0.4,0.3846149444580078,6.57835578918457,0.14285659790039062,66,434,1.58203125,0.0,-52.558929443359375,-82.19673156738281
34.69751116599946,0.6526383329910459,13,87506.534661959,0.4,0.41391944885253906,6.57835578918457,-0.03296661376953125,66,434,1.58203125,0.0,-52.558929443359375,-82.19673156738281
34.697528958000476,0.6526561249920633,13,87506.534717084,0.4,0.41391944885253906,6.57835578918457,-0.03296661376953125,66,434,1.58203125,0.0,-52.558929443359375,-82.22357940673828
34.72772983300092,0.6828569999925094,13,87506.564475917,0.4,0.41391944885253906,6.57835578918457,-0.03296661376953125,66,434,1.58203125,0.0,-52.558929443359375,-82.22357940673828
34.72776208299911,0.6828892499906942,13,87506.564565125,0.4,0.41391944885253906,6.57835578918457,-0.03296661376953125,66,434,1.58203125,0.0,-52.558929443359375,-82.22357940673828
34.72777966600552,0.6829068329971051,13,87506.564638417,0.4,0.41391944885253906,6.57835578918457,-0.03296661376953125,66,435,1.669921875,2.9251860279374715,-52.558929443359375,-82.22357940673828
34.75803791600629,0.7131650829978753,13,87506.594872959,0.4,0.41391944885253906,6.57835578918457,-0.03296661376953125,66,435,1.669921875,2.9251860279374715,-52.82737731933594,-81.63300323486328
34.758085916007985,0.7132130829995731,13,87506.594984709,0.4,0.41391944885253906,6.57835578918457,-0.03296661376953125,66,434,1.58203125,-2.8963035473252594,-52.82737731933594,-81.63300323486328
34.758108791007544,0.7132359579991316,13,87506.595091542,0.4,0.3919410705566406,6.57835578918457,0.010990142822265625,66,434,1.58203125,-2.8963035473252594,-52.82737731933594,-81.63300323486328
34.78950179100502,0.7446289579966106,13,87506.624822625,0.4,0.3919410705566406,6.57835578918457,0.010990142822265625,66,434,1.58203125,0.0,-52.82737731933594,-81.63300323486328
34.78955216601025,0.7446793330018409,13,87506.624979,0.4,0.3846149444580078,6.57835578918457,0.0549468994140625,66,434,1.58203125,0.0,-52.82737731933594,-81.63300323486328
34.78957870800514,0.7447058749967255,13,87506.625020334,0.4,0.3846149444580078,6.57835578918457,0.0549468994140625,66,434,1.58203125,0.0,-52.344181060791016,-82.27726745605469
34.82109970800229,0.7762268749938812,13,87506.65509675,0.4,0.3846149444580078,6.57835578918457,0.0549468994140625,66,434,1.58203125,0.0,-52.344181060791016,-82.27726745605469
34.821160000006785,0.7762871669983724,13,87506.655252584,0.4,0.3846149444580078,6.57835578918457,0.0549468994140625,66,434,1.58203125,0.0,-52.344181060791016,-82.27726745605469
34.821187333000125,0.7763144999917131,13,87506.655349292,0.4,0.3846149444580078,6.57835578918457,0.0549468994140625,66,434,1.58203125,0.0,-52.344181060791016,-82.27726745605469
34.84607220800535,0.8011993749969406,13,87506.684526209,0.4,0.3846149444580078,6.57835578918457,0.0549468994140625,66,434,1.58203125,0.0,-52.5052490234375,-82.06250762939453
34.84615829100949,0.8012854580010753,13,87506.684673542,0.4,0.3846149444580078,6.57835578918457,0.0549468994140625,66,434,1.58203125,0.0,-52.5052490234375,-82.06250762939453
34.84619354100141,0.8013207079929998,13,87506.684700625,0.4,0.3772897720336914,6.57835578918457,-0.27472686767578125,66,434,1.58203125,0.0,-52.5052490234375,-82.06250762939453
34.87748254100734,0.8326097079989268,13,87506.714698834,0.4,0.3772897720336914,6.57835578918457,-0.27472686767578125,66,434,1.58203125,0.0,-52.5052490234375,-82.06250762939453
34.87753850000445,0.8326656669960357,13,87506.714874292,0.4,0.3772897720336914,6.57835578918457,-0.09889984130859375,66,434,1.58203125,0.0,-52.5052490234375,-82.06250762939453
34.877573707999545,0.8327008749911329,13,87506.714992334,0.4,0.3772897720336914,6.57835578918457,-0.09889984130859375,66,434,1.58203125,0.0,-52.558929443359375,-82.00882720947266
34.90584137500264,0.8609685419942252,13,87506.7446975,0.4,0.3772897720336914,6.57835578918457,-0.09889984130859375,66,434,1.58203125,0.0,-52.558929443359375,-82.00882720947266
34.90588941599708,0.8610165829886682,13,87506.744845417,0.4,0.3772897720336914,6.57835578918457,-0.09889984130859375,66,434,1.58203125,0.0,-52.558929443359375,-82.00882720947266
34.90592104100506,0.8610482079966459,13,87506.744982917,0.4,0.3772897720336914,6.57835578918457,-0.09889984130859375,66,434,1.58203125,0.0,-52.558929443359375,-82.00882720947266
34.96769512500032,0.9228222919919062,13,87506.806092792,0.4,0.3772897720336914,6.57835578918457,-0.09889984130859375,66,434,1.58203125,0.0,-52.720001220703125,-82.11620330810547
34.96797120801057,0.9230983750021551,13,87506.806704875,0.4,0.3772897720336914,6.57835578918457,-0.09889984130859375,66,434,1.58203125,0.0,-52.720001220703125,-82.11620330810547
34.96828812500462,0.9234152919962071,13,87506.806814792,0.4,0.3846149444580078,6.57835578918457,0.0549468994140625,66,434,1.58203125,0.0,-52.720001220703125,-82.11620330810547
34.9747135409998,0.9298407079913886,13,87506.807652375,0.4,0.3846149444580078,6.57835578918457,0.0549468994140625,66,435,1.669921875,92.34633567408554,-52.720001220703125,-82.11620330810547
34.99997620799695,0.9551033749885391,13,87506.835695375,0.4,0.3846149444580078,6.57835578918457,0.0549468994140625,66,435,1.669921875,92.34633567408554,-52.478397369384766,-82.16989135742188
35.00012129099923,0.9552484579908196,13,87506.835979417,0.4,0.3846149444580078,6.57835578918457,0.0549468994140625,66,434,1.58203125,-3.1029985543626935,-52.478397369384766,-82.16989135742188
35.00016508300905,0.9552922500006389,13,87506.836014875,0.4,0.3919410705566406,6.57835578918457,0.1868133544921875,66,434,1.58203125,-3.1029985543626935,-52.478397369384766,-82.16989135742188
35.02553979100776,0.9806669579993468,13,87506.864619167,0.4,0.3919410705566406,6.57835578918457,0.1868133544921875,66,434,1.58203125,0.0,-52.478397369384766,-82.16989135742188
35.025770499996725,0.9808976669883123,13,87506.864876875,0.4,0.3919410705566406,6.57835578918457,0.1868133544921875,66,434,1.58203125,0.0,-52.478397369384766,-82.16989135742188
35.03215245800675,0.9872796249983367,13,87506.865132125,0.4,0.3919410705566406,6.57835578918457,0.1868133544921875,66,434,1.58203125,0.0,-52.720001220703125,-82.14305114746094
35.06125141600205,1.0163785829936387,13,87506.895246459,0.4,0.3919410705566406,6.57835578918457,0.1868133544921875,66,434,1.58203125,0.0,-52.720001220703125,-82.14305114746094
35.06130891600333,1.0164360829949146,13,87506.89570675,0.4,0.3919410705566406,6.57835578918457,0.1868133544921875,66,434,1.58203125,0.0,-52.720001220703125,-82.14305114746094
35.06134149999707,1.0164686669886578,13,87506.895821459,0.4,0.3919410705566406,6.57835578918457,0.1868133544921875,66,434,1.58203125,0.0,-52.720001220703125,-82.14305114746094
35.09202500000538,1.0471521669969661,13,87506.925708917,0.4,0.3919410705566406,6.57835578918457,0.1868133544921875,66,434,1.58203125,0.0,-52.639469146728516,-81.71353149414062
35.0921787499974,1.0473059169889893,13,87506.9260985,0.4,0.3919410705566406,6.57835578918457,0.1868133544921875,66,434,1.58203125,0.0,-52.639469146728516,-81.71353149414062
35.092233000003034,1.047360166994622,13,87506.926345125,0.4,0.40659332275390625,6.57835578918457,-0.120880126953125,66,434,1.58203125,0.0,-52.639469146728516,-81.71353149414062
35.11640341600287,1.0715305829944555,13,87506.954892375,0.4,0.40659332275390625,6.57835578918457,-0.120880126953125,66,434,1.58203125,0.0,-52.639469146728516,-81.71353149414062
35.11649045800732,1.0716176249989076,13,87506.955058084,0.4,0.41391944885253906,6.57835578918457,0.14285659790039062,66,434,1.58203125,0.0,-52.639469146728516,-81.71353149414062
35.11652508300904,1.071652250000625,13,87506.955171417,0.4,0.41391944885253906,6.57835578918457,0.14285659790039062,66,434,1.58203125,0.0,-52.23680114746094,-82.25041961669922
35.14793991600163,1.1030670829932205,13,87506.9847495,0.4,0.41391944885253906,6.57835578918457,0.14285659790039062,66,434,1.58203125,0.0,-52.23680114746094,-82.25041961669922
35.147997791005764,1.1031249579973519,13,87506.984899167,0.4,0.41391944885253906,6.57835578918457,0.14285659790039062,66,434,1.58203125,0.0,-52.23680114746094,-82.25041961669922
35.14802383299684,1.1031509999884292,13,87506.984930667,0.4,0.41391944885253906,6.57835578918457,0.14285659790039062,66,435,1.669921875,2.9238600520390836,-52.23680114746094,-82.25041961669922
35.179475750002894,1.1346029169944813,13,87507.015214209,0.4,0.41391944885253906,6.57835578918457,0.14285659790039062,66,435,1.669921875,2.9238600520390836,-52.263648986816406,-82.16989135742188
35.17957775000832,1.1347049169999082,13,87507.015467,0.4,0.41391944885253906,6.57835578918457,0.14285659790039062,66,435,1.669921875,0.0,-52.263648986816406,-82.16989135742188
35.17961504100822,1.1347422079998069,13,87507.015624209,0.4,0.3846149444580078,6.57835578918457,0.03296661376953125,66,435,1.669921875,0.0,-52.263648986816406,-82.16989135742188
35.21050083299633,1.1656279999879189,13,87507.045074834,0.4,0.3846149444580078,6.57835578918457,0.03296661376953125,66,434,1.58203125,-2.9696206821284172,-52.263648986816406,-82.16989135742188
35.21065337500477,1.1657805419963552,13,87507.0454175,0.4,0.3846149444580078,6.57835578918457,0.03296661376953125,66,434,1.58203125,-2.9696206821284172,-52.263648986816406,-82.16989135742188
35.2107524160092,1.1658795830007875,13,87507.0454715,0.4,0.3846149444580078,6.57835578918457,0.03296661376953125,66,434,1.58203125,-2.9696206821284172,-52.800533294677734,-81.92829895019531
35.26656858299975,1.2216957499913406,13,87507.10545975,0.4,0.3846149444580078,6.57835578918457,0.03296661376953125,66,434,1.58203125,-2.9696206821284172,-52.800533294677734,-81.92829895019531
35.267324875007034,1.222452041998622,13,87507.106343875,0.4,0.3846149444580078,6.57835578918457,0.03296661376953125,66,434,1.58203125,-2.9696206821284172,-52.800533294677734,-81.92829895019531
35.267498375003925,1.2226255419955123,13,87507.106441625,0.4,0.3846149444580078,6.57835578918457,0.03296661376953125,66,434,1.58203125,0.0,-52.800533294677734,-81.92829895019531
35.273903666005936,1.2290308329975232,13,87507.106925709,0.4,0.3846149444580078,6.57835578918457,0.03296661376953125,66,434,1.58203125,0.0,-52.18311309814453,-81.82091522216797
35.29773633299919,1.2528634999907808,13,87507.134977875,0.4,0.40659332275390625,6.57835578918457,-0.120880126953125,66,434,1.58203125,0.0,-52.18311309814453,-81.82091522216797
35.297872708004434,1.2529998749960214,13,87507.135265084,0.4,0.40659332275390625,6.57835578918457,-0.120880126953125,66,434,1.58203125,0.0,-52.61261749267578,-82.14305114746094
35.29792045800423,1.2530476249958156,13,87507.135433167,0.4,0.40659332275390625,6.57835578918457,-0.120880126953125,66,434,1.58203125,0.0,-52.61261749267578,-82.14305114746094
35.32920045799983,1.2843276249914197,13,87507.165992042,0.4,0.40659332275390625,6.57835578918457,-0.120880126953125,66,434,1.58203125,0.0,-52.478397369384766,-82.06250762939453
35.32934170799854,1.2844688749901252,13,87507.166220792,0.4,0.40659332275390625,6.57835578918457,-0.120880126953125,66,434,1.58203125,0.0,-52.478397369384766,-82.06250762939453
35.32939029100817,1.2845174579997547,13,87507.166262584,0.4,0.40659332275390625,6.57835578918457,0.010990142822265625,66,434,1.58203125,0.0,-52.478397369384766,-82.06250762939453
35.361593708003056,1.316720874994644,13,87507.195142709,0.4,0.40659332275390625,6.57835578918457,0.010990142822265625,66,434,1.58203125,0.0,-52.478397369384766,-82.06250762939453
35.36175787499815,1.3168850419897353,13,87507.195465875,0.4,0.40659332275390625,6.57835578918457,0.010990142822265625,66,434,1.58203125,0.0,-52.478397369384766,-82.06250762939453
35.3617894580093,1.3169166250008857,13,87507.195639334,0.4,0.40659332275390625,6.57835578918457,0.010990142822265625,66,434,1.58203125,0.0,-52.371028900146484,-82.08935546875
35.38724774999719,1.3423749169887742,13,87507.225626334,0.4,0.40659332275390625,6.57835578918457,0.010990142822265625,66,434,1.58203125,0.0,-52.371028900146484,-82.08935546875
35.38738650000596,1.3425136669975473,13,87507.225901709,0.4,0.40659332275390625,6.57835578918457,0.010990142822265625,66,434,1.58203125,0.0,-52.371028900146484,-82.08935546875
35.38742454099702,1.342551707988605,13,87507.22598625,0.4,0.40659332275390625,6.57835578918457,0.010990142822265625,66,434,1.58203125,0.0,-52.371028900146484,-82.08935546875
35.417999333003536,1.3731264999951236,13,87507.2561145,0.4,0.40659332275390625,6.57835578918457,0.010990142822265625,66,434,1.58203125,0.0,-52.344181060791016,-82.19673156738281
35.41811087500537,1.3732380419969559,13,87507.256393959,0.4,0.40659332275390625,6.57835578918457,0.010990142822265625,66,435,1.669921875,2.8902951853853813,-52.344181060791016,-82.19673156738281
35.41816287500842,1.3732900420000078,13,87507.25653825,0.4,0.3846149444580078,6.57835578918457,-0.1868133544921875,66,435,1.669921875,2.8902951853853813,-52.344181060791016,-82.19673156738281
35.448762500003795,1.4038896669953829,13,87507.285282709,0.4,0.3846149444580078,6.57835578918457,-0.1868133544921875,66,434,1.58203125,-3.042904755316763,-52.344181060791016,-82.19673156738281
35.448921750008594,1.404048917000182,13,87507.285841709,0.4,0.3846149444580078,6.57835578918457,0.23077011108398438,66,434,1.58203125,-3.042904755316763,-52.344181060791016,-82.19673156738281
35.44897954100452,1.4041067079961067,13,87507.28589575,0.4,0.3846149444580078,6.57835578918457,0.23077011108398438,66,434,1.58203125,-3.042904755316763,-52.10258483886719,-81.95513916015625
35.478901208000025,1.4340283749916125,13,87507.314921,0.4,0.3846149444580078,6.57835578918457,0.23077011108398438,66,434,1.58203125,-3.042904755316763,-52.10258483886719,-81.95513916015625
35.47900062499684,1.4341277919884305,13,87507.315081875,0.4,0.3846149444580078,6.57835578918457,0.23077011108398438,66,434,1.58203125,-3.042904755316763,-52.10258483886719,-81.95513916015625
35.47902612500184,1.4341532919934252,13,87507.315206125,0.4,0.3846149444580078,6.57835578918457,0.23077011108398438,66,434,1.58203125,0.0,-52.10258483886719,-81.95513916015625
35.54164241600665,1.4967695829982404,13,87507.375485917,0.4,0.3846149444580078,6.57835578918457,0.23077011108398438,66,434,1.58203125,0.0,-52.7736930847168,-82.16989135742188
35.54171162500279,1.496838791994378,13,87507.37566575,0.4,0.3846149444580078,6.57835578918457,0.23077011108398438,66,435,1.669921875,1.4537197651840286,-52.7736930847168,-82.16989135742188
35.54174470799626,1.4968718749878462,13,87507.375765417,0.4,0.39926719665527344,6.57835578918457,-0.25274658203125,66,435,1.669921875,1.4537197651840286,-52.7736930847168,-82.16989135742188
35.573298791001434,1.5284259579930222,13,87507.406589125,0.4,0.39926719665527344,6.57835578918457,-0.25274658203125,66,434,1.58203125,-2.8432258550346825,-52.7736930847168,-82.16989135742188
35.57343225000659,1.5285594169981778,13,87507.406912542,0.4,0.3772897720336914,6.57835578918457,-0.0549468994140625,66,434,1.58203125,-2.8432258550346825,-52.7736930847168,-82.16989135742188
35.573474707998685,1.5286018749902723,13,87507.40723975,0.4,0.3772897720336914,6.57835578918457,-0.0549468994140625,66,434,1.58203125,-2.8432258550346825,-52.344181060791016,-82.11620330810547
35.598069915999076,1.553197082990664,13,87507.436188959,0.4,0.3772897720336914,6.57835578918457,-0.0549468994140625,66,434,1.58203125,-2.8432258550346825,-52.344181060791016,-82.11620330810547
35.598212958007935,1.5533401249995222,13,87507.43660425,0.4,0.3772897720336914,6.57835578918457,-0.0549468994140625,66,434,1.58203125,-2.8432258550346825,-52.344181060791016,-82.11620330810547
35.59831695799949,1.5534441249910742,13,87507.436680834,0.4,0.3772897720336914,6.57835578918457,-0.0549468994140625,66,434,1.58203125,0.0,-52.344181060791016,-82.11620330810547
35.62971166599891,1.5848388329904992,13,87507.465036834,0.4,0.3772897720336914,6.57835578918457,-0.0549468994140625,66,434,1.58203125,0.0,-51.914676666259766,-82.00882720947266
35.62979495800391,1.5849221249955008,13,87507.465229292,0.4,0.3772897720336914,6.57835578918457,-0.0549468994140625,66,435,1.669921875,3.078408923956344,-51.914676666259766,-82.00882720947266
35.629835208004806,1.584962374996394,13,87507.465359084,0.4,0.3772897720336914,6.57835578918457,0.07692337036132812,66,435,1.669921875,3.078408923956344,-51.914676666259766,-82.00882720947266
35.660855166002875,1.615982332994463,13,87507.49480725,0.4,0.3772897720336914,6.57835578918457,0.07692337036132812,66,434,1.58203125,-2.971946901609652,-51.914676666259766,-82.00882720947266
35.66099595800915,1.6161231250007404,13,87507.495084334,0.4,0.41391944885253906,6.57835578918457,0.23077011108398438,66,434,1.58203125,-2.971946901609652,-51.914676666259766,-82.00882720947266
35.661049458009074,1.6161766250006622,13,87507.496082209,0.4,0.41391944885253906,6.57835578918457,0.23077011108398438,66,434,1.58203125,-2.971946901609652,-52.371028900146484,-81.95513916015625
35.68991866600118,1.6450458329927642,13,87507.525332417,0.4,0.41391944885253906,6.57835578918457,0.23077011108398438,66,434,1.58203125,-2.971946901609652,-52.371028900146484,-81.95513916015625
35.690089666008134,1.645216832999722,13,87507.525764709,0.4,0.41391944885253906,6.57835578918457,0.23077011108398438,66,434,1.58203125,-2.971946901609652,-52.371028900146484,-81.95513916015625
35.690333999998984,1.6454611669905717,13,87507.526109959,0.4,0.41391944885253906,6.57835578918457,0.23077011108398438,66,435,1.669921875,2.8077082077484907,-52.371028900146484,-81.95513916015625
35.72118533300818,1.6763124999997672,13,87507.556355,0.4,0.41391944885253906,6.57835578918457,0.23077011108398438,66,435,1.669921875,2.8077082077484907,-52.39786911010742,-82.08935546875
35.721498583006905,1.6766257499984931,13,87507.557033792,0.4,0.41391944885253906,6.57835578918457,0.23077011108398438,66,435,1.669921875,0.0,-52.39786911010742,-82.08935546875
35.72158075000334,1.6767079169949284,13,87507.55709675,0.4,0.40659332275390625,6.57835578918457,0.1868133544921875,66,435,1.669921875,0.0,-52.39786911010742,-82.08935546875
35.75204458300141,1.7071717499929946,13,87507.586460792,0.4,0.40659332275390625,6.57835578918457,0.1868133544921875,66,435,1.669921875,0.0,-52.39786911010742,-82.08935546875
35.75220091600204,1.7073280829936266,13,87507.586763667,0.4,0.3919410705566406,6.57835578918457,-0.1868133544921875,66,435,1.669921875,0.0,-52.39786911010742,-82.08935546875
35.752261125002406,1.7073882919939933,13,87507.587033042,0.4,0.3919410705566406,6.57835578918457,-0.1868133544921875,66,435,1.669921875,0.0,-51.69992446899414,-82.11620330810547
35.777402749998146,1.7325299169897335,13,87507.616004542,0.4,0.3919410705566406,6.57835578918457,-0.1868133544921875,66,435,1.669921875,0.0,-51.69992446899414,-82.11620330810547
35.777675375007675,1.7328025419992628,13,87507.616406,0.4,0.3919410705566406,6.57835578918457,-0.1868133544921875,66,435,1.669921875,0.0,-51.69992446899414,-82.11620330810547
35.7777704159962,1.732897582987789,13,87507.616816459,0.4,0.3919410705566406,6.57835578918457,-0.1868133544921875,66,434,1.58203125,-2.8954329834141017,-51.69992446899414,-82.11620330810547
35.80933874999755,1.7644659169891383,13,87507.647421084,0.4,0.3919410705566406,6.57835578918457,-0.1868133544921875,66,434,1.58203125,-2.8954329834141017,-51.431488037109375,-82.06250762939453
35.80945512501057,1.76458229200216,13,87507.647890125,0.4,0.3919410705566406,6.57835578918457,-0.1868133544921875,66,435,1.669921875,2.828490338269751,-51.431488037109375,-82.06250762939453
35.8095390410017,1.7646662079932867,13,87507.648152209,0.4,0.3919410705566406,6.57835578918457,-0.14285659790039062,66,435,1.669921875,2.828490338269751,-51.431488037109375,-82.06250762939453
35.8401107910031,1.7952379579946864,13,87507.675435417,0.4,0.3919410705566406,6.57835578918457,-0.14285659790039062,66,434,1.58203125,-3.188828614460871,-51.431488037109375,-82.06250762939453
35.84018312500848,1.7953102920000674,13,87507.675575625,0.4,0.3846149444580078,6.57835578918457,0.16483688354492188,66,434,1.58203125,-3.188828614460871,-51.431488037109375,-82.06250762939453
35.84021404100349,1.7953412079950795,13,87507.675667959,0.4,0.3846149444580078,6.57835578918457,0.16483688354492188,66,434,1.58203125,-3.188828614460871,-52.45155334472656,-81.87460327148438
35.8716016660037,1.8267288329952862,13,87507.704932084,0.4,0.3846149444580078,6.57835578918457,0.16483688354492188,66,434,1.58203125,-3.188828614460871,-52.45155334472656,-81.87460327148438
35.87166270799935,1.8267898749909364,13,87507.705035042,0.4,0.3846149444580078,6.57835578918457,0.16483688354492188,66,434,1.58203125,-3.188828614460871,-52.45155334472656,-81.87460327148438
35.8716832909995,1.8268104579910869,13,87507.705125459,0.4,0.3846149444580078,6.57835578918457,0.16483688354492188,66,434,1.58203125,0.0,-52.45155334472656,-81.87460327148438
35.896798832996865,1.8519259999884525,13,87507.733741792,0.4,0.3846149444580078,6.57835578918457,0.16483688354492188,66,434,1.58203125,0.0,-52.45155334472656,-82.00882720947266
35.896849958007806,1.8519771249993937,13,87507.734752584,0.4,0.3846149444580078,6.57835578918457,0.16483688354492188,66,435,1.669921875,2.9664550289295457,-52.45155334472656,-82.00882720947266
35.89687212499848,1.8519992919900687,13,87507.734834709,0.4,0.41391944885253906,6.57835578918457,0.14285659790039062,66,435,1.669921875,2.9664550289295457,-52.45155334472656,-82.00882720947266
35.927651749996585,1.8827789169881726,13,87507.765414042,0.4,0.41391944885253906,6.57835578918457,0.14285659790039062,66,434,1.58203125,-2.8667737616240814,-52.45155334472656,-82.00882720947266
35.92770704100258,1.882834207994165,13,87507.765543667,0.4,0.40659332275390625,6.57835578918457,-0.142822265625,66,434,1.58203125,-2.8667737616240814,-52.45155334472656,-82.00882720947266
35.92773495800793,1.8828621249995194,13,87507.765623542,0.4,0.40659332275390625,6.57835578918457,-0.142822265625,66,434,1.58203125,-2.8667737616240814,-52.371028900146484,-82.11620330810547
35.95791383300093,1.9130409999925178,13,87507.795717209,0.4,0.40659332275390625,6.57835578918457,-0.142822265625,66,434,1.58203125,-2.8667737616240814,-52.371028900146484,-82.11620330810547
35.95796270800929,1.9130898750008782,13,87507.795879459,0.4,0.40659332275390625,6.57835578918457,-0.142822265625,66,434,1.58203125,-2.8667737616240814,-52.371028900146484,-82.11620330810547
35.95803925000655,1.9131664169981377,13,87507.795969167,0.4,0.40659332275390625,6.57835578918457,-0.142822265625,66,435,1.669921875,2.876225654660296,-52.371028900146484,-82.11620330810547
35.98943362499995,1.9445607919915346,13,87507.826168417,0.4,0.40659332275390625,6.57835578918457,-0.142822265625,66,435,1.669921875,2.876225654660296,-52.478397369384766,-82.16989135742188
35.98949645800167,1.9446236249932554,13,87507.826316625,0.4,0.40659332275390625,6.57835578918457,-0.142822265625,66,434,1.58203125,-2.8962836947634627,-52.478397369384766,-82.16989135742188
36.02065708300506,1.97578424999665,13,87507.854783875,0.4,0.40659332275390625,6.57835578918457,0.34066009521484375,66,434,1.58203125,-2.8962836947634627,-52.478397369384766,-82.16989135742188
36.020778958001756,1.9759061249933438,13,87507.855032417,0.4,0.40659332275390625,6.57835578918457,0.34066009521484375,66,435,1.669921875,3.0610667504213387,-52.478397369384766,-82.16989135742188
36.020839541000896,1.9759667079924839,13,87507.855064375,0.4,0.40659332275390625,6.57835578918457,0.34066009521484375,66,435,1.669921875,3.0610667504213387,-52.478397369384766,-82.16989135742188
36.05127350000839,2.00640066699998,13,87507.885307,0.4,0.40659332275390625,6.57835578918457,0.34066009521484375,66,435,1.669921875,3.0610667504213387,-52.42470932006836,-82.00882720947266
36.05147383300937,2.0066010000009555,13,87507.885704,0.4,0.40659332275390625,6.57835578918457,0.34066009521484375,66,435,1.669921875,3.0610667504213387,-52.42470932006836,-82.00882720947266
36.05154245800804,2.006669624999631,13,87507.885942417,0.4,0.40659332275390625,6.57835578918457,0.34066009521484375,66,435,1.669921875,3.0610667504213387,-52.42470932006836,-82.00882720947266
36.08025691600051,2.0353840829920955,13,87507.916309417,0.4,0.40659332275390625,6.57835578918457,0.34066009521484375,66,435,1.669921875,3.0610667504213387,-52.39786911010742,-82.06250762939453
36.080407333007315,2.035534499998903,13,87507.916715125,0.4,0.40659332275390625,6.57835578918457,0.34066009521484375,66,435,1.669921875,0.0,-52.39786911010742,-82.06250762939453
36.08045283300453,2.0355799999961164,13,87507.916907084,0.4,0.3846149444580078,6.57835578918457,-0.120880126953125,66,435,1.669921875,0.0,-52.39786911010742,-82.06250762939453
36.11076354100078,2.0658907079923665,13,87507.947339125,0.4,0.3846149444580078,6.57835578918457,-0.120880126953125,66,435,1.669921875,0.0,-52.39786911010742,-82.06250762939453
36.11091087500972,2.06603804200131,13,87507.947842334,0.4,0.3846149444580078,6.57835578918457,-0.120880126953125,66,435,1.669921875,0.0,-52.39786911010742,-82.06250762939453
36.1109633330052,2.0660904999967897,13,87507.947963959,0.4,0.3846149444580078,6.57835578918457,-0.120880126953125,66,435,1.669921875,0.0,-52.371028900146484,-81.95513916015625
36.14165129100729,2.09677845799888,13,87507.976548625,0.4,0.3846149444580078,6.57835578918457,-0.120880126953125,66,435,1.669921875,0.0,-52.371028900146484,-81.95513916015625
36.14186187500309,2.096989041994675,13,87507.976732292,0.4,0.3846149444580078,6.57835578918457,-0.120880126953125,66,435,1.669921875,0.0,-52.371028900146484,-81.95513916015625
36.141924291005125,2.097051457996713,13,87507.976883042,0.4,0.3846149444580078,6.57835578918457,-0.120880126953125,66,434,1.58203125,-2.973719162484414,-52.371028900146484,-81.95513916015625
36.16702104100841,2.1221482079999987,13,87508.005027292,0.4,0.3846149444580078,6.57835578918457,-0.120880126953125,66,434,1.58203125,-2.973719162484414,-51.59254837036133,-81.92829895019531
36.167110583002795,2.122237749994383,13,87508.005197917,0.4,0.3846149444580078,6.57835578918457,-0.120880126953125,66,435,1.669921875,3.1040853626895517,-51.59254837036133,-81.92829895019531
36.16714804100047,2.122275207992061,13,87508.005301167,0.4,0.41391944885253906,6.57835578918457,0.0549468994140625,66,435,1.669921875,3.1040853626895517,-51.59254837036133,-81.92829895019531
36.198284208003315,2.153411374994903,13,87508.035058709,0.4,0.41391944885253906,6.57835578918457,0.0549468994140625,66,435,1.669921875,0.0,-51.59254837036133,-81.92829895019531
36.19838616599736,2.1535133329889504,13,87508.035512709,0.4,0.41391944885253906,6.57835578918457,0.0549468994140625,66,435,1.669921875,0.0,-51.59254837036133,-81.92829895019531
36.19842575000075,2.1535529169923393,13,87508.035571209,0.4,0.41391944885253906,6.57835578918457,0.0549468994140625,66,435,1.669921875,0.0,-52.344181060791016,-82.08935546875
36.230143583001336,2.185270749992924,13,87508.066715792,0.4,0.41391944885253906,6.57835578918457,0.0549468994140625,66,435,1.669921875,0.0,-52.344181060791016,-82.08935546875
36.230282666001585,2.185409832993173,13,87508.067011042,0.4,0.41391944885253906,6.57835578918457,0.0549468994140625,66,435,1.669921875,0.0,-52.344181060791016,-82.08935546875
36.23032616599812,2.1854533329897095,13,87508.067174959,0.4,0.41391944885253906,6.57835578918457,0.0549468994140625,66,434,1.58203125,-2.735891365197687,-52.344181060791016,-82.08935546875
36.26125837500149,2.216385541993077,13,87508.096776042,0.4,0.41391944885253906,6.57835578918457,0.0549468994140625,66,434,1.58203125,-2.735891365197687,-52.371028900146484,-81.98197937011719
36.26140733300417,2.2165344999957597,13,87508.097434292,0.4,0.41391944885253906,6.57835578918457,0.0549468994140625,66,434,1.58203125,0.0,-52.371028900146484,-81.98197937011719
36.2614628750016,2.216590041993186,13,87508.097621917,0.4,0.3919410705566406,6.57835578918457,-0.0549468994140625,66,434,1.58203125,0.0,-52.371028900146484,-81.98197937011719
36.29269016601029,2.2478173330018762,13,87508.1269955,0.4,0.3919410705566406,6.57835578918457,-0.0549468994140625,66,435,1.669921875,2.973735963388559,-52.371028900146484,-81.98197937011719
36.29285354100284,2.2479807079944294,13,87508.127445167,0.4,0.3919410705566406,6.57835578918457,-0.0549468994140625,66,435,1.669921875,2.973735963388559,-52.371028900146484,-81.98197937011719
36.292916332997265,2.248043499988853,13,87508.127509542,0.4,0.3919410705566406,6.57835578918457,-0.0549468994140625,66,435,1.669921875,2.973735963388559,-52.82737731933594,-81.92829895019531
36.324674999996205,2.2798021669877926,13,87508.157722459,0.4,0.3919410705566406,6.57835578918457,-0.0549468994140625,66,435,1.669921875,2.973735963388559,-52.82737731933594,-81.92829895019531
36.32482087500102,2.2799480419926113,13,87508.157834417,0.4,0.3919410705566406,6.57835578918457,-0.0549468994140625,66,435,1.669921875,2.973735963388559,-52.82737731933594,-81.92829895019531
36.32486675000109,2.27999391699268,13,87508.158187125,0.4,0.3919410705566406,6.57835578918457,-0.0549468994140625,66,434,1.58203125,-2.817669545185873,-52.82737731933594,-81.92829895019531
36.34947220800677,2.304599374998361,13,87508.185936917,0.4,0.3919410705566406,6.57835578918457,-0.0549468994140625,66,434,1.58203125,-2.817669545185873,-53.47163009643555,-82.11620330810547
36.34965129100601,2.3047784579975996,13,87508.186109292,0.4,0.3919410705566406,6.57835578918457,-0.0549468994140625,66,434,1.58203125,0.0,-53.47163009643555,-82.11620330810547
36.34969420800917,2.3048213750007562,13,87508.186201042,0.4,0.39926719665527344,6.57835578918457,-0.010990142822265625,66,434,1.58203125,0.0,-53.47163009643555,-82.11620330810547
36.38013616600074,2.3352633329923265,13,87508.215229917,0.4,0.39926719665527344,6.57835578918457,-0.010990142822265625,66,434,1.58203125,0.0,-53.47163009643555,-82.11620330810547
36.380279832999804,2.335406999991392,13,87508.215446959,0.4,0.3846149444580078,6.57835578918457,-0.16483688354492188,66,434,1.58203125,0.0,-53.47163009643555,-82.11620330810547
36.3803572080069,2.3354843749984866,13,87508.215566042,0.4,0.3846149444580078,6.57835578918457,-0.16483688354492188,66,434,1.58203125,0.0,-52.53208923339844,-81.87460327148438
36.411923291001585,2.367050457993173,13,87508.246523209,0.4,0.3846149444580078,6.57835578918457,-0.16483688354492188,66,434,1.58203125,0.0,-52.53208923339844,-81.87460327148438
36.41202220800915,2.3671493750007357,13,87508.246765917,0.4,0.3846149444580078,6.57835578918457,-0.16483688354492188,66,434,1.58203125,0.0,-52.53208923339844,-81.87460327148438
36.41205316600099,2.367180332992575,13,87508.246817292,0.4,0.3846149444580078,6.57835578918457,-0.16483688354492188,66,434,1.58203125,0.0,-52.53208923339844,-81.87460327148438
36.44345908300602,2.3985862499976065,13,87508.276447959,0.4,0.3846149444580078,6.57835578918457,-0.16483688354492188,66,434,1.58203125,0.0,-52.42470932006836,-81.92829895019531
36.44357516600576,2.3987023329973454,13,87508.276704125,0.4,0.3846149444580078,6.57835578918457,-0.16483688354492188,66,435,1.669921875,2.9409816546776653,-52.42470932006836,-81.92829895019531
36.443660916003864,2.398788082995452,13,87508.276751084,0.4,0.39926719665527344,6.57835578918457,-0.010990142822265625,66,435,1.669921875,2.9409816546776653,-52.42470932006836,-81.92829895019531
36.47453729099652,2.4296644579881104,13,87508.307890917,0.4,0.39926719665527344,6.57835578918457,-0.010990142822265625,66,435,1.669921875,0.0,-52.42470932006836,-81.92829895019531
36.474709458008874,2.429836625000462,13,87508.308125167,0.4,0.39926719665527344,6.57835578918457,-0.010990142822265625,66,435,1.669921875,0.0,-52.42470932006836,-81.92829895019531
36.474748666005326,2.4298758329969132,13,87508.308289334,0.4,0.39926719665527344,6.57835578918457,-0.010990142822265625,66,435,1.669921875,0.0,-52.2099609375,-81.98197937011719
36.49823645800643,2.453363624998019,13,87508.336780709,0.4,0.39926719665527344,6.57835578918457,-0.010990142822265625,66,435,1.669921875,0.0,-52.2099609375,-81.98197937011719
36.52817325000069,2.4833004169922788,13,87508.365957417,0.4,0.39926719665527344,6.57835578918457,-0.010990142822265625,66,435,1.669921875,0.0,-52.2099609375,-81.98197937011719
36.52830662499764,2.4834337919892278,13,87508.366220167,0.4,0.39926719665527344,6.57835578918457,-0.010990142822265625,66,435,1.669921875,0.0,-52.2099609375,-81.98197937011719
36.528343375000986,2.483470541992574,13,87508.366343959,0.4,0.39926719665527344,6.57835578918457,-0.010990142822265625,66,435,1.669921875,0.0,-0.003185004461556673,-50.43871307373047
36.52837054099655,2.4834977079881355,13,87508.366684334,0.4,0.39926719665527344,6.57835578918457,-0.010990142822265625,66,435,1.669921875,0.0,-0.003185004461556673,-50.43871307373047
36.560530250004376,2.515657416995964,13,87508.395033042,0.4,0.39926719665527344,6.57835578918457,-0.010990142822265625,66,435,1.669921875,0.0,-52.720001220703125,-81.76722717285156
36.56064412499836,2.5157712919899495,13,87508.395301125,0.4,0.39926719665527344,6.57835578918457,-0.010990142822265625,66,435,1.669921875,0.0,-52.720001220703125,-81.76722717285156
36.560683333009365,2.5158105000009527,13,87508.395352125,0.4,0.3846149444580078,6.57835578918457,0.120880126953125,66,435,1.669921875,0.0,-52.720001220703125,-81.76722717285156
36.59216949999973,2.547296666991315,13,87508.425264584,0.4,0.3846149444580078,6.57835578918457,0.120880126953125,66,435,1.669921875,0.0,-52.720001220703125,-81.76722717285156
36.592310000007274,2.5474371669988614,13,87508.425519125,0.4,0.3919410705566406,6.57835578918457,0.07692337036132812,66,435,1.669921875,0.0,-52.720001220703125,-81.76722717285156
36.592353875006665,2.547481041998253,13,87508.425642709,0.4,0.3919410705566406,6.57835578918457,0.07692337036132812,66,435,1.669921875,0.0,-52.2099609375,-81.92829895019531
36.62138812500052,2.5765152919921093,13,87508.456779459,0.4,0.3919410705566406,6.57835578918457,0.07692337036132812,66,435,1.669921875,0.0,-52.2099609375,-81.92829895019531
36.621541583008366,2.5766687499999534,13,87508.457034792,0.4,0.3919410705566406,6.57835578918457,0.07692337036132812,66,435,1.669921875,0.0,-52.2099609375,-81.92829895019531
36.62159787499695,2.5767250419885386,13,87508.457289709,0.4,0.3919410705566406,6.57835578918457,0.07692337036132812,66,434,1.58203125,-2.7437668408928215,-52.2099609375,-81.92829895019531
36.65285420800501,2.607981374996598,13,87508.486753375,0.4,0.3919410705566406,6.57835578918457,0.07692337036132812,66,434,1.58203125,-2.7437668408928215,-52.075740814208984,-81.95513916015625
36.65304954099702,2.608176707988605,13,87508.487052292,0.4,0.3919410705566406,6.57835578918457,0.07692337036132812,66,435,1.669921875,2.9531320201880127,-52.075740814208984,-81.95513916015625
36.653085375000956,2.6082125419925433,13,87508.487100417,0.4,0.3919410705566406,6.57835578918457,-0.03296661376953125,66,435,1.669921875,2.9531320201880127,-52.075740814208984,-81.95513916015625
36.67695070800255,2.6320778749941383,13,87508.515366584,0.4,0.3919410705566406,6.57835578918457,-0.03296661376953125,66,435,1.669921875,0.0,-52.075740814208984,-81.95513916015625
36.67709554100293,2.632222707994515,13,87508.515703084,0.4,0.3846149444580078,6.57835578918457,0.010990142822265625,66,435,1.669921875,0.0,-52.075740814208984,-81.95513916015625
36.67714062500454,2.632267791996128,13,87508.515854,0.4,0.3846149444580078,6.57835578918457,0.010990142822265625,66,435,1.669921875,0.0,-52.263648986816406,-81.98197937011719
36.70668800000567,2.6618151669972576,13,87508.5450075,0.4,0.3846149444580078,6.57835578918457,0.010990142822265625,66,435,1.669921875,0.0,-52.263648986816406,-81.98197937011719
36.70681741600856,2.6619445830001496,13,87508.545181667,0.4,0.3846149444580078,6.57835578918457,0.010990142822265625,66,435,1.669921875,0.0,-52.263648986816406,-81.98197937011719
36.70685208300711,2.6619792499986943,13,87508.545343542,0.4,0.3846149444580078,6.57835578918457,0.010990142822265625,66,435,1.669921875,0.0,-52.263648986816406,-81.98197937011719
36.73785004099773,2.6929772079893155,13,87508.575468375,0.4,0.3846149444580078,6.57835578918457,0.010990142822265625,66,435,1.669921875,0.0,-51.80729675292969,-81.55247497558594
36.73794412500865,2.6930712920002406,13,87508.575597292,0.4,0.3846149444580078,6.57835578918457,0.010990142822265625,66,435,1.669921875,0.0,-51.80729675292969,-81.55247497558594
36.73796774999937,2.693094916990958,13,87508.57568325,0.4,0.39926719665527344,6.57835578918457,0.120880126953125,66,435,1.669921875,0.0,-51.80729675292969,-81.55247497558594
36.76857591600856,2.723703083000146,13,87508.604582084,0.4,0.39926719665527344,6.57835578918457,0.120880126953125,66,435,1.669921875,0.0,-51.80729675292969,-81.55247497558594
36.768656540996744,2.723783707988332,13,87508.604695834,0.4,0.39926719665527344,6.57835578918457,0.120880126953125,66,435,1.669921875,0.0,-51.80729675292969,-81.55247497558594
36.768678499996895,2.7238056669884827,13,87508.60478475,0.4,0.39926719665527344,6.57835578918457,0.120880126953125,66,435,1.669921875,0.0,-52.23680114746094,-82.00882720947266
36.80004279100103,2.7551699579926208,13,87508.6361275,0.4,0.39926719665527344,6.57835578918457,0.120880126953125,66,435,1.669921875,0.0,-52.23680114746094,-82.00882720947266
36.80008895799983,2.7552161249914207,13,87508.636245334,0.4,0.39926719665527344,6.57835578918457,0.120880126953125,66,435,1.669921875,0.0,-52.23680114746094,-82.00882720947266
36.800111500007915,2.755238666999503,13,87508.636357375,0.4,0.39926719665527344,6.57835578918457,0.120880126953125,66,435,1.669921875,0.0,-52.23680114746094,-82.00882720947266
36.8315090410033,2.7866362079948885,13,87508.6662615,0.4,0.39926719665527344,6.57835578918457,0.120880126953125,66,435,1.669921875,0.0,-52.29049301147461,-81.95513916015625
36.83158016600646,2.7867073329980485,13,87508.666398334,0.4,0.39926719665527344,6.57835578918457,0.120880126953125,66,435,1.669921875,0.0,-52.29049301147461,-81.95513916015625
36.83161120800651,2.7867383749980945,13,87508.666478375,0.4,0.3846149444580078,6.57835578918457,0.20878982543945312,66,435,1.669921875,0.0,-52.29049301147461,-81.95513916015625
36.86301716600428,2.818144332995871,13,87508.696187834,0.4,0.3846149444580078,6.57835578918457,0.20878982543945312,66,435,1.669921875,0.0,-52.29049301147461,-81.95513916015625
36.86307108300389,2.8181982499954756,13,87508.696379292,0.4,0.3919410705566406,6.577974319458008,-0.40659332275390625,66,435,1.669921875,0.0,-52.29049301147461,-81.95513916015625
36.863105083000846,2.818232249992434,13,87508.69643375,0.4,0.3919410705566406,6.577974319458008,-0.40659332275390625,66,435,1.669921875,0.0,-52.23680114746094,-81.7403793334961
36.88665100000799,2.8417781669995748,13,87508.725566792,0.4,0.3919410705566406,6.577974319458008,-0.40659332275390625,66,435,1.669921875,0.0,-52.23680114746094,-81.7403793334961
36.88671779099968,2.8418449579912703,13,87508.725745584,0.4,0.3919410705566406,6.577974319458008,-0.40659332275390625,66,435,1.669921875,0.0,-52.23680114746094,-81.7403793334961
36.88695916600409,2.8420863329956774,13,87508.726027042,0.4,0.3919410705566406,6.577974319458008,-0.40659332275390625,66,435,1.669921875,0.0,-52.23680114746094,-81.7403793334961
36.91791966599703,2.8730468329886207,13,87508.756382625,0.4,0.3919410705566406,6.577974319458008,-0.40659332275390625,66,435,1.669921875,0.0,-51.02881622314453,-82.08935546875
36.91801262499939,2.8731397919909796,13,87508.756791292,0.4,0.3919410705566406,6.577974319458008,-0.40659332275390625,66,434,1.58203125,-2.8572406391382206,-51.02881622314453,-82.08935546875
36.91805470800318,2.8731818749947706,13,87508.756851792,0.4,0.39926719665527344,6.57835578918457,0.16483688354492188,66,434,1.58203125,-2.8572406391382206,-51.02881622314453,-82.08935546875
36.947694957998465,2.9028221249900525,13,87508.785984375,0.4,0.39926719665527344,6.57835578918457,0.16483688354492188,66,435,1.669921875,3.012510553267605,-51.02881622314453,-82.08935546875
36.947927583009005,2.9030547500005923,13,87508.786437459,0.4,0.39926719665527344,6.57835578918457,0.16483688354492188,66,435,1.669921875,3.012510553267605,-51.02881622314453,-82.08935546875
36.947983791003935,2.9031109579955228,13,87508.786525292,0.4,0.39926719665527344,6.57835578918457,0.16483688354492188,66,435,1.669921875,3.012510553267605,-52.29049301147461,-81.92829895019531
36.97772383299889,2.932850999990478,13,87508.816691292,0.4,0.39926719665527344,6.57835578918457,0.16483688354492188,66,435,1.669921875,3.012510553267605,-52.29049301147461,-81.92829895019531
36.97829112500767,2.93341829199926,13,87508.817232375,0.4,0.39926719665527344,6.57835578918457,0.16483688354492188,66,435,1.669921875,3.012510553267605,-52.29049301147461,-81.92829895019531
36.978368666008464,2.933495833000052,13,87508.817324875,0.4,0.39926719665527344,6.57835578918457,0.16483688354492188,66,434,1.58203125,-2.8027762955951925,-52.29049301147461,-81.92829895019531
37.01239537500078,2.9675225419923663,13,87508.847374959,0.4,0.39926719665527344,6.57835578918457,0.16483688354492188,66,434,1.58203125,-2.8027762955951925,-52.23680114746094,-82.03567504882812
37.01252579099673,2.967652957988321,13,87508.847705834,0.4,0.39926719665527344,6.57835578918457,0.16483688354492188,66,434,1.58203125,0.0,-52.23680114746094,-82.03567504882812
37.01257341601013,2.967700583001715,13,87508.847930375,0.4,0.40659332275390625,6.57835578918457,0.16483688354492188,66,434,1.58203125,0.0,-52.23680114746094,-82.03567504882812
37.04199970800255,2.9971268749941373,13,87508.876508084,0.4,0.40659332275390625,6.57835578918457,0.16483688354492188,66,435,1.669921875,3.0516871361005866,-52.23680114746094,-82.03567504882812
37.042110291004064,2.997237457995652,13,87508.876907,0.4,0.3919410705566406,6.563203811645508,-0.27472686767578125,200,435,1.669921875,3.0516871361005866,-52.23680114746094,-82.03567504882812
37.04215550000663,2.997282666998217,13,87508.877138459,0.4,0.3919410705566406,6.563203811645508,-0.27472686767578125,200,435,1.669921875,3.0516871361005866,-52.29049301147461,-82.03567504882812
37.071973416008404,0.023626541005796753,14,87508.905462709,0.3,0.3919410705566406,6.563203811645508,-0.27472686767578125,200,435,1.669921875,3.0516871361005866,-52.29049301147461,-82.03567504882812
37.0721230830095,0.023776208006893285,14,87508.905892834,0.3,0.3919410705566406,6.563203811645508,-0.27472686767578125,200,435,1.669921875,3.0516871361005866,-52.29049301147461,-82.03567504882812
37.072194749998744,0.023847874996135943,14,87508.906128959,0.3,0.3919410705566406,6.563203811645508,-0.27472686767578125,200,435,1.669921875,0.0,-52.29049301147461,-82.03567504882812
37.10150579099718,0.05315891599457245,14,87508.935666792,0.3,0.3919410705566406,6.563203811645508,-0.27472686767578125,200,435,1.669921875,0.0,-51.646236419677734,-81.95513916015625
37.101662250002846,0.05331537500023842,14,87508.935741917,0.3,0.3919410705566406,6.563203811645508,-0.27472686767578125,200,434,1.58203125,-2.968011955497432,-51.646236419677734,-81.95513916015625
37.131322832996375,0.08297595799376722,14,87508.965387292,0.3,0.3919410705566406,6.563203811645508,-0.27472686767578125,200,434,1.58203125,-2.968011955497432,-52.478397369384766,-81.76722717285156
37.157352958005504,0.10900608300289605,14,87508.995732042,0.3,0.3919410705566406,6.563203811645508,-0.27472686767578125,200,435,1.669921875,1.4653617063391722,-52.478397369384766,-81.76722717285156
37.15762908299803,0.10928220799542032,14,87508.996192459,0.3,0.3846149444580078,6.57835578918457,-0.3186798095703125,66,435,1.669921875,1.4653617063391722,-52.478397369384766,-81.76722717285156
37.1577214160061,0.10937454100348987,14,87508.996305375,0.3,0.3846149444580078,6.57835578918457,-0.3186798095703125,66,434,1.58203125,-149.17803386598015,-52.478397369384766,-81.76722717285156
37.15777266600344,0.10942579100083094,14,87508.996477417,0.3,0.3846149444580078,6.57835578918457,0.09889984130859375,66,434,1.58203125,-149.17803386598015,-52.478397369384766,-81.76722717285156
37.18770162500732,0.13935475000471342,14,87509.026137792,0.3,0.3846149444580078,6.57835578918457,0.09889984130859375,66,434,1.58203125,0.0,-52.478397369384766,-81.76722717285156
37.18783049999911,0.13948362499650102,14,87509.026563375,0.3,0.28205108642578125,6.577592849731445,-0.25274658203125,66,434,1.58203125,0.0,-52.478397369384766,-81.76722717285156
37.18791887500265,0.13957200000004377,14,87509.026775084,0.3,0.28205108642578125,6.577592849731445,-0.25274658203125,66,434,1.58203125,0.0,-52.2099609375,-82.06250762939453
37.21705262499745,0.16870574999484234,14,87509.055302917,0.3,0.28205108642578125,6.577592849731445,-0.25274658203125,66,434,1.58203125,0.0,-52.2099609375,-82.06250762939453
37.217181250001886,0.16883437499927823,14,87509.055617917,0.3,0.28205108642578125,6.577592849731445,-0.25274658203125,66,434,1.58203125,0.0,-52.2099609375,-82.06250762939453
37.21731079100573,0.168963916003122,14,87509.055821542,0.3,0.28205108642578125,6.577592849731445,-0.25274658203125,66,434,1.58203125,0.0,-52.2099609375,-82.06250762939453
37.251378665998345,0.20303179099573754,14,87509.085897209,0.3,0.28205108642578125,6.577592849731445,-0.25274658203125,66,434,1.58203125,0.0,-52.263648986816406,-81.87460327148438
37.251515374999144,0.2031684999965364,14,87509.086278334,0.3,0.28205108642578125,6.577592849731445,-0.25274658203125,66,434,1.58203125,0.0,-52.263648986816406,-81.87460327148438
37.2516342500021,0.20328737499949057,14,87509.08652,0.3,0.28937721252441406,6.577592849731445,0.23077011108398438,66,434,1.58203125,0.0,-52.263648986816406,-81.87460327148438
37.276287415996194,0.22794054099358618,14,87509.115372959,0.3,0.28937721252441406,6.577592849731445,0.23077011108398438,66,434,1.58203125,0.0,-52.263648986816406,-81.87460327148438
37.2828882909962,0.2345414159935899,14,87509.116108375,0.3,0.28937721252441406,6.577592849731445,-0.09889984130859375,66,434,1.58203125,0.0,-52.263648986816406,-81.87460327148438
37.283030582999345,0.2346837079967372,14,87509.116173542,0.3,0.28937721252441406,6.577592849731445,-0.09889984130859375,66,434,1.58203125,0.0,-52.45155334472656,-81.7403793334961
37.30766154101002,0.2593146660074126,14,87509.146132959,0.3,0.28937721252441406,6.577592849731445,-0.09889984130859375,66,434,1.58203125,0.0,-52.45155334472656,-81.7403793334961
37.30800945800729,0.25966258300468326,14,87509.146554042,0.3,0.28937721252441406,6.577592849731445,-0.09889984130859375,66,434,1.58203125,0.0,-52.45155334472656,-81.7403793334961
37.30825729100616,0.25991041600354947,14,87509.146783542,0.3,0.28937721252441406,6.577592849731445,-0.09889984130859375,66,434,1.58203125,0.0,-52.45155334472656,-81.7403793334961
37.3403664159996,0.29201954099698924,14,87509.17729275,0.3,0.28937721252441406,6.577592849731445,-0.09889984130859375,66,434,1.58203125,0.0,-52.558929443359375,-81.95513916015625
37.34062154100684,0.29227466600423213,14,87509.177926917,0.3,0.28937721252441406,6.577592849731445,-0.09889984130859375,66,435,1.669921875,2.8227182402851474,-52.558929443359375,-81.95513916015625
37.34071550000226,0.29236862499965355,14,87509.178001042,0.3,0.3113555908203125,6.577592849731445,-0.16483688354492188,66,435,1.669921875,2.8227182402851474,-52.558929443359375,-81.95513916015625
37.37225754100655,0.3239106660039397,14,87509.205997875,0.3,0.3113555908203125,6.577592849731445,-0.16483688354492188,66,435,1.669921875,0.0,-52.558929443359375,-81.95513916015625
37.372468375004246,0.3241215000016382,14,87509.206722584,0.3,0.3113555908203125,6.577592849731445,-0.16483688354492188,66,435,1.669921875,0.0,-52.558929443359375,-81.95513916015625
37.37257216600119,0.32422529099858366,14,87509.206807417,0.3,0.3113555908203125,6.577592849731445,-0.16483688354492188,66,435,1.669921875,0.0,-52.45155334472656,-81.92829895019531
37.4033516250056,0.3550047500029905,14,87509.237394084,0.3,0.3113555908203125,6.577592849731445,-0.16483688354492188,66,435,1.669921875,0.0,-52.45155334472656,-81.92829895019531
37.40350225000293,0.35515537500032224,14,87509.237775042,0.3,0.3113555908203125,6.577592849731445,-0.16483688354492188,66,435,1.669921875,0.0,-52.45155334472656,-81.92829895019531
37.40356058299949,0.35521370799688157,14,87509.237904959,0.3,0.3113555908203125,6.577592849731445,-0.16483688354492188,66,435,1.669921875,0.0,-52.45155334472656,-81.92829895019531
37.430820666006184,0.3824737910035765,14,87509.266808959,0.3,0.3113555908203125,6.577592849731445,-0.16483688354492188,66,435,1.669921875,0.0,-52.263648986816406,-81.87460327148438
37.43096812500153,0.38262124999891967,14,87509.266943667,0.3,0.3113555908203125,6.577592849731445,-0.16483688354492188,66,434,1.58203125,-3.026897106974436,-52.263648986816406,-81.87460327148438
37.43102162500145,0.38267474999884143,14,87509.267002625,0.3,0.3040294647216797,6.577592849731445,-0.23077011108398438,66,434,1.58203125,-3.026897106974436,-52.263648986816406,-81.87460327148438
37.461199041004875,0.41285216600226704,14,87509.296483334,0.3,0.3040294647216797,6.577592849731445,-0.23077011108398438,66,434,1.58203125,0.0,-52.263648986816406,-81.87460327148438
37.49021012500452,0.44186325000191573,14,87509.325474084,0.3,0.2967033386230469,6.577592849731445,0.0549468994140625,66,434,1.58203125,0.0,-52.263648986816406,-81.87460327148438
37.49034333300369,0.44199645800108556,14,87509.325802875,0.3,0.2967033386230469,6.577592849731445,0.0549468994140625,66,434,1.58203125,0.0,-52.5052490234375,-81.68670654296875
37.490376665999065,0.44202979099645745,14,87509.325835292,0.3,0.2967033386230469,6.577592849731445,0.0549468994140625,66,434,1.58203125,0.0,-52.5052490234375,-81.68670654296875
37.49040437499934,0.4420574999967357,14,87509.325861375,0.3,0.2967033386230469,6.577592849731445,0.0549468994140625,66,434,1.58203125,0.0,-52.5052490234375,-81.68670654296875
37.52013158300542,0.471784708002815,14,87509.355418459,0.3,0.27472496032714844,6.577592849731445,-0.09889984130859375,66,434,1.58203125,0.0,-52.5052490234375,-81.68670654296875
37.52028495800914,0.4719380830065347,14,87509.355754125,0.3,0.27472496032714844,6.577592849731445,-0.09889984130859375,66,434,1.58203125,0.0,-52.263648986816406,-81.87460327148438
37.52033283300989,0.4719859580072807,14,87509.355926917,0.3,0.27472496032714844,6.577592849731445,-0.09889984130859375,66,435,1.669921875,1.4784257516331805,-52.263648986816406,-81.87460327148438
37.550588708007126,0.5022418330045184,14,87509.3851505,0.3,0.27472496032714844,6.577592849731445,-0.09889984130859375,66,435,1.669921875,1.4784257516331805,-52.478397369384766,-81.76722717285156
37.55069883300166,0.5023519579990534,14,87509.38535925,0.3,0.27472496032714844,6.577592849731445,-0.09889984130859375,66,434,1.58203125,-2.986357820147138,-52.478397369384766,-81.76722717285156
37.550735166005325,0.5023882910027169,14,87509.385478292,0.3,0.28937721252441406,6.577592849731445,-0.16483688354492188,66,434,1.58203125,-2.986357820147138,-52.478397369384766,-81.76722717285156
37.5798891250015,0.5315422499988927,14,87509.415203542,0.3,0.28937721252441406,6.577592849731445,-0.16483688354492188,66,434,1.58203125,0.0,-52.478397369384766,-81.76722717285156
37.58002954100084,0.5316826659982326,14,87509.415675,0.3,0.3113555908203125,6.577592849731445,0.16483688354492188,66,434,1.58203125,0.0,-52.478397369384766,-81.76722717285156
37.58007312500558,0.5317262500029756,14,87509.415751292,0.3,0.3113555908203125,6.577592849731445,0.16483688354492188,66,434,1.58203125,0.0,-52.2099609375,-81.98197937011719
37.609990791010205,0.561643916007597,14,87509.445566,0.3,0.3113555908203125,6.577592849731445,0.16483688354492188,66,434,1.58203125,0.0,-52.2099609375,-81.98197937011719
37.61014150000119,0.5617946249985835,14,87509.446017459,0.3,0.3113555908203125,6.577592849731445,0.16483688354492188,66,434,1.58203125,0.0,-52.2099609375,-81.98197937011719
37.610196458001155,0.5618495829985477,14,87509.446095375,0.3,0.3113555908203125,6.577592849731445,0.16483688354492188,66,435,1.669921875,2.8445141183261136,-52.2099609375,-81.98197937011719
37.64072829100769,0.5923814160050824,14,87509.47628,0.3,0.3113555908203125,6.577592849731445,0.16483688354492188,66,435,1.669921875,2.8445141183261136,-52.31733322143555,-81.95513916015625
37.640897083008895,0.592550208006287,14,87509.476992584,0.3,0.3113555908203125,6.577592849731445,0.16483688354492188,66,435,1.669921875,0.0,-52.31733322143555,-81.95513916015625
37.64095241599716,0.5926055409945548,14,87509.477078667,0.3,0.28205108642578125,6.577974319458008,0.40659332275390625,66,435,1.669921875,0.0,-52.31733322143555,-81.95513916015625
37.666074499997194,0.6177276249945862,14,87509.505136792,0.3,0.28205108642578125,6.577974319458008,0.40659332275390625,66,434,1.58203125,-3.123135336573209,-52.31733322143555,-81.95513916015625
37.6727200000023,0.6243731249996927,14,87509.505839042,0.3,0.3040294647216797,6.577592849731445,-0.07692337036132812,66,434,1.58203125,-3.123135336573209,-52.31733322143555,-81.95513916015625
37.67286912500276,0.6245222500001546,14,87509.506065,0.3,0.3040294647216797,6.577592849731445,-0.07692337036132812,66,434,1.58203125,-3.123135336573209,-52.42470932006836,-81.82091522216797
37.69808437500615,0.649737500003539,14,87509.534994125,0.3,0.3040294647216797,6.577592849731445,-0.07692337036132812,66,434,1.58203125,-3.123135336573209,-52.42470932006836,-81.82091522216797
37.69817020800838,0.6498233330057701,14,87509.535182917,0.3,0.3040294647216797,6.577592849731445,-0.07692337036132812,66,434,1.58203125,-3.123135336573209,-52.42470932006836,-81.82091522216797
37.69820762499876,0.6498607499961508,14,87509.535362375,0.3,0.3040294647216797,6.577592849731445,-0.07692337036132812,66,435,1.669921875,2.90560324414422,-52.42470932006836,-81.82091522216797
37.72887420799816,0.6805273329955526,14,87509.565463,0.3,0.3040294647216797,6.577592849731445,-0.07692337036132812,66,435,1.669921875,2.90560324414422,-52.31733322143555,-81.8477554321289
37.728999708007905,0.680652833005297,14,87509.56597325,0.3,0.3040294647216797,6.577592849731445,-0.07692337036132812,66,434,1.58203125,-2.872062815501731,-52.31733322143555,-81.8477554321289
37.72905408299994,0.6807072079973295,14,87509.56603225,0.3,0.3040294647216797,6.577592849731445,-0.010990142822265625,66,434,1.58203125,-2.872062815501731,-52.31733322143555,-81.8477554321289
37.76066041601007,0.712313541007461,14,87509.595416042,0.3,0.3040294647216797,6.577592849731445,-0.010990142822265625,66,434,1.58203125,0.0,-52.31733322143555,-81.8477554321289
37.76082470800611,0.7124778330035042,14,87509.596068959,0.3,0.2967033386230469,6.577592849731445,-0.010990142822265625,66,434,1.58203125,0.0,-52.31733322143555,-81.8477554321289
37.76088050000544,0.712533625002834,14,87509.596139209,0.3,0.2967033386230469,6.577592849731445,-0.010990142822265625,66,434,1.58203125,0.0,-52.075740814208984,-81.82091522216797
37.79104258300504,0.7426957080024295,14,87509.62578525,0.3,0.2967033386230469,6.577592849731445,-0.010990142822265625,66,434,1.58203125,0.0,-52.075740814208984,-81.82091522216797
37.79119804099901,0.7428511659963988,14,87509.626245375,0.3,0.2967033386230469,6.577592849731445,-0.010990142822265625,66,434,1.58203125,0.0,-52.075740814208984,-81.82091522216797
37.79124566599785,0.7428987909952411,14,87509.626734167,0.3,0.2967033386230469,6.577592849731445,-0.010990142822265625,66,434,1.58203125,0.0,-52.075740814208984,-81.82091522216797
37.82062979100738,0.7722829160047695,14,87509.655738625,0.3,0.2967033386230469,6.577592849731445,-0.010990142822265625,66,434,1.58203125,0.0,-52.263648986816406,-81.92829895019531
37.820777166009066,0.772430291006458,14,87509.6560895,0.3,0.2967033386230469,6.577592849731445,-0.010990142822265625,66,419,0.263671875,-44.888979089139376,-52.263648986816406,-81.92829895019531
37.820826625000336,0.7724797499977285,14,87509.656143792,0.3,0.2967033386230469,6.577592849731445,-0.07692337036132812,66,419,0.263671875,-44.888979089139376,-52.263648986816406,-81.92829895019531
37.85048004100099,0.8021331659983844,14,87509.685685334,0.3,0.2967033386230469,6.577592849731445,-0.07692337036132812,66,434,1.58203125,44.561938328099,-52.263648986816406,-81.92829895019531
37.850635166003485,0.8022882910008775,14,87509.686227292,0.3,0.27472496032714844,6.577592849731445,-0.34066009521484375,66,434,1.58203125,44.561938328099,-52.263648986816406,-81.92829895019531
37.85099312500097,0.8026462499983609,14,87509.686302917,0.3,0.27472496032714844,6.577592849731445,-0.34066009521484375,66,434,1.58203125,44.561938328099,-52.371028900146484,-81.7403793334961
37.882813165997504,0.8344662909948966,14,87509.71582725,0.3,0.27472496032714844,6.577592849731445,-0.34066009521484375,66,434,1.58203125,44.561938328099,-52.371028900146484,-81.7403793334961
37.88298887500423,0.8346420000016224,14,87509.716348,0.3,0.27472496032714844,6.577592849731445,-0.34066009521484375,66,434,1.58203125,44.561938328099,-52.371028900146484,-81.7403793334961
37.88306583299709,0.8347189579944825,14,87509.716680334,0.3,0.27472496032714844,6.577592849731445,-0.34066009521484375,66,434,1.58203125,0.0,-52.371028900146484,-81.7403793334961
37.90673233300913,0.8583854580065235,14,87509.745531875,0.3,0.27472496032714844,6.577592849731445,-0.34066009521484375,66,434,1.58203125,0.0,-52.344181060791016,-81.87460327148438
37.90717137500178,0.858824499999173,14,87509.746184417,0.3,0.27472496032714844,6.577592849731445,-0.34066009521484375,66,434,1.58203125,0.0,-52.344181060791016,-81.87460327148438
37.90742775000399,0.8590808750013821,14,87509.746278625,0.3,0.2967033386230469,6.577592849731445,-0.09889984130859375,66,434,1.58203125,0.0,-52.344181060791016,-81.87460327148438
37.939076541006216,0.8907296660036081,14,87509.776082459,0.3,0.2967033386230469,6.577592849731445,-0.09889984130859375,66,434,1.58203125,0.0,-52.344181060791016,-81.87460327148438
37.970093791009276,0.9217469160066685,14,87509.806823125,0.3,0.3040294647216797,6.577592849731445,0.07692337036132812,66,434,1.58203125,0.0,-52.344181060791016,-81.87460327148438
37.97021495799709,0.9218680829944788,14,87509.80726575,0.3,0.3040294647216797,6.577592849731445,0.07692337036132812,66,434,1.58203125,0.0,-52.74684524536133,-81.92829895019531
37.970268832999864,0.921921957997256,14,87509.807335584,0.3,0.3040294647216797,6.577592849731445,0.07692337036132812,66,434,1.58203125,0.0,-52.74684524536133,-81.92829895019531
37.970313458004966,0.9219665830023587,14,87509.807909917,0.3,0.3040294647216797,6.577592849731445,0.07692337036132812,66,434,1.58203125,0.0,-52.74684524536133,-81.92829895019531
38.00117391599633,0.952827040993725,14,87509.836912667,0.3,0.3040294647216797,6.577592849731445,0.07692337036132812,66,434,1.58203125,0.0,-52.74684524536133,-81.92829895019531
38.00147475000995,0.9531278750073398,14,87509.837306542,0.3,0.3040294647216797,6.577592849731445,0.07692337036132812,66,434,1.58203125,0.0,-52.45155334472656,-81.98197937011719
38.00165329100855,0.9533064160059439,14,87509.837377584,0.3,0.3040294647216797,6.577592849731445,0.07692337036132812,66,435,1.669921875,1.4336840373495752,-52.45155334472656,-81.98197937011719
38.03180816600798,0.9834612910053693,14,87509.866618625,0.3,0.3040294647216797,6.577592849731445,0.07692337036132812,66,435,1.669921875,1.4336840373495752,-51.96836471557617,-82.35779571533203
38.03190629099845,0.9835594159958418,14,87509.866932167,0.3,0.3040294647216797,6.577592849731445,0.07692337036132812,66,434,1.58203125,-2.9736814325183634,-51.96836471557617,-82.35779571533203
38.031950000004144,0.9836031250015367,14,87509.867090709,0.3,0.28937721252441406,6.577592849731445,-0.0549468994140625,66,434,1.58203125,-2.9736814325183634,-51.96836471557617,-82.35779571533203
38.06263754100655,1.0142906660039444,14,87509.896851959,0.3,0.28937721252441406,6.577592849731445,-0.0549468994140625,66,435,1.669921875,2.9389943150316715,-51.96836471557617,-82.35779571533203
38.062810875009745,1.0144640000071377,14,87509.897389542,0.3,0.28937721252441406,6.577592849731445,-0.09889984130859375,66,435,1.669921875,2.9389943150316715,-51.96836471557617,-82.35779571533203
38.06289316600305,1.0145462910004426,14,87509.897561792,0.3,0.28937721252441406,6.577592849731445,-0.09889984130859375,66,435,1.669921875,2.9389943150316715,-52.18311309814453,-81.87460327148438
38.08786762499949,1.039520749996882,14,87509.926694709,0.3,0.28937721252441406,6.577592849731445,-0.09889984130859375,66,435,1.669921875,2.9389943150316715,-52.18311309814453,-81.87460327148438
38.11773033300415,1.0693834580015391,14,87509.956278334,0.3,0.28937721252441406,6.577592849731445,-0.09889984130859375,66,435,1.669921875,2.9389943150316715,-52.18311309814453,-81.87460327148438
38.11816845800786,1.0698215830052504,14,87509.957158417,0.3,0.28937721252441406,6.577592849731445,-0.09889984130859375,66,434,1.58203125,-1.4571210085704847,-52.18311309814453,-81.87460327148438
38.11841083300533,1.07006395800272,14,87509.957244875,0.3,0.28937721252441406,6.577592849731445,-0.09889984130859375,66,434,1.58203125,-1.4571210085704847,-52.18311309814453,-81.71353149414062
38.12458054099989,1.0762336659972789,14,87509.957840625,0.3,0.28937721252441406,6.577592849731445,-0.09889984130859375,66,434,1.58203125,0.0,-52.18311309814453,-81.71353149414062
38.149802375002764,1.1014555000001565,14,87509.985297834,0.3,0.28937721252441406,6.577592849731445,-0.09889984130859375,66,434,1.58203125,0.0,-52.23680114746094,-81.92829895019531
38.14992050000001,1.1015736249973997,14,87509.985453792,0.3,0.28937721252441406,6.577592849731445,-0.09889984130859375,66,435,1.669921875,3.182967813285582,-52.23680114746094,-81.92829895019531
38.149971207996714,1.1016243329941062,14,87509.985556959,0.3,0.28937721252441406,6.577592849731445,-0.010990142822265625,66,435,1.669921875,3.182967813285582,-52.23680114746094,-81.92829895019531
38.18148837500485,1.133141500002239,14,87510.014823375,0.3,0.28937721252441406,6.577592849731445,-0.010990142822265625,66,434,1.58203125,-2.9926282587221964,-52.23680114746094,-81.92829895019531
38.18161237500317,1.1332655000005616,14,87510.014973875,0.3,0.27472496032714844,6.577592849731445,-0.25274658203125,66,434,1.58203125,-2.9926282587221964,-52.23680114746094,-81.92829895019531
38.181659624999156,1.1333127499965485,14,87510.015085584,0.3,0.27472496032714844,6.577592849731445,-0.25274658203125,66,434,1.58203125,-2.9926282587221964,-51.75361251831055,-82.27726745605469
38.21209400000225,1.1637471249996452,14,87510.046290792,0.3,0.27472496032714844,6.577592849731445,-0.25274658203125,66,434,1.58203125,-2.9926282587221964,-51.75361251831055,-82.27726745605469
38.21222095799749,1.1638740829948802,14,87510.04691975,0.3,0.27472496032714844,6.577592849731445,-0.25274658203125,66,434,1.58203125,-2.9926282587221964,-51.75361251831055,-82.27726745605469
38.21225466601027,1.1639077910076594,14,87510.046996084,0.3,0.27472496032714844,6.577592849731445,-0.25274658203125,66,434,1.58203125,0.0,-51.75361251831055,-82.27726745605469
38.23730045800039,1.188953582997783,14,87510.076245334,0.3,0.27472496032714844,6.577592849731445,-0.25274658203125,66,434,1.58203125,0.0,-52.2099609375,-81.92829895019531
38.24439637499745,1.1960494999948423,14,87510.077514292,0.3,0.27472496032714844,6.577592849731445,-0.25274658203125,66,435,1.669921875,2.8803613128707375,-52.2099609375,-81.92829895019531
38.244482291003806,1.1961354160011979,14,87510.077593292,0.3,0.28205108642578125,6.577592849731445,-0.3186798095703125,66,435,1.669921875,2.8803613128707375,-52.2099609375,-81.92829895019531
38.269620791004854,1.2212739160022466,14,87510.104809375,0.3,0.28205108642578125,6.577592849731445,-0.3186798095703125,66,434,1.58203125,-3.2192059259114347,-52.2099609375,-81.92829895019531
38.26969554100651,1.2213486660039052,14,87510.104965167,0.3,0.3113555908203125,6.577592849731445,-0.16483688354492188,66,434,1.58203125,-3.2192059259114347,-52.2099609375,-81.92829895019531
38.26973225000256,1.2213853749999544,14,87510.105088125,0.3,0.3113555908203125,6.577592849731445,-0.16483688354492188,66,434,1.58203125,-3.2192059259114347,-52.45155334472656,-81.7403793334961
38.30029079099768,1.2519439159950707,14,87510.135548584,0.3,0.3113555908203125,6.577592849731445,-0.16483688354492188,66,434,1.58203125,-3.2192059259114347,-52.45155334472656,-81.7403793334961
38.30041583300044,1.2520689579978352,14,87510.135917917,0.3,0.3113555908203125,6.577592849731445,-0.16483688354492188,66,434,1.58203125,-3.2192059259114347,-52.45155334472656,-81.7403793334961
38.300465874999645,1.2521189999970375,14,87510.135982209,0.3,0.3113555908203125,6.577592849731445,-0.16483688354492188,66,435,1.669921875,2.8196054058946944,-52.45155334472656,-81.7403793334961
38.33076012499805,1.282413249995443,14,87510.165608,0.3,0.3113555908203125,6.577592849731445,-0.16483688354492188,66,435,1.669921875,2.8196054058946944,-52.371028900146484,-82.11620330810547
38.330910999997286,1.2825641249946784,14,87510.166004709,0.3,0.3113555908203125,6.577592849731445,-0.16483688354492188,66,434,1.58203125,-2.928255875198784,-52.371028900146484,-82.11620330810547
38.330961375002516,1.2826144999999087,14,87510.166258875,0.3,0.27472496032714844,6.577592849731445,0.010990142822265625,66,434,1.58203125,-2.928255875198784,-52.371028900146484,-82.11620330810547
38.3626105000003,1.3142636249976931,14,87510.195781209,0.3,0.27472496032714844,6.577592849731445,0.010990142822265625,66,434,1.58203125,0.0,-52.371028900146484,-82.11620330810547
38.3627586250077,1.3144117500050925,14,87510.196192875,0.3,0.27472496032714844,6.577592849731445,0.010990142822265625,66,434,1.58203125,0.0,-52.371028900146484,-82.11620330810547
38.36280220800836,1.3144553330057533,14,87510.196409334,0.3,0.27472496032714844,6.577592849731445,0.010990142822265625,66,434,1.58203125,0.0,-51.646236419677734,-81.92829895019531
38.387657208004384,1.3393103330017766,14,87510.225560125,0.3,0.27472496032714844,6.577592849731445,0.010990142822265625,66,434,1.58203125,0.0,-51.646236419677734,-81.92829895019531
38.38781320799899,1.3394663329963805,14,87510.225650334,0.3,0.27472496032714844,6.577592849731445,0.010990142822265625,66,434,1.58203125,0.0,-51.646236419677734,-81.92829895019531
38.388113041000906,1.3397661659982987,14,87510.226297167,0.3,0.27472496032714844,6.577592849731445,0.010990142822265625,66,435,1.669921875,2.8792919253807217,-51.646236419677734,-81.92829895019531
38.41875845800678,1.37041158300417,14,87510.255692584,0.3,0.27472496032714844,6.577592849731445,0.010990142822265625,66,435,1.669921875,2.8792919253807217,-52.45155334472656,-81.68670654296875
38.41892983300204,1.3705829579994315,14,87510.255989875,0.3,0.27472496032714844,6.577592849731445,0.010990142822265625,66,435,1.669921875,0.0,-52.45155334472656,-81.68670654296875
38.418997875007335,1.3706510000047274,14,87510.256818042,0.3,0.2967033386230469,6.577592849731445,0.120880126953125,66,435,1.669921875,0.0,-52.45155334472656,-81.68670654296875
38.44825633300934,1.3999094580067322,14,87510.285315042,0.3,0.2967033386230469,6.577592849731445,0.120880126953125,66,435,1.669921875,0.0,-52.45155334472656,-81.68670654296875
38.448498208003,1.4001513330003945,14,87510.285767125,0.3,0.3113555908203125,6.577592849731445,-0.09889984130859375,66,435,1.669921875,0.0,-52.45155334472656,-81.68670654296875
38.44854545799899,1.4001985829963814,14,87510.285839917,0.3,0.3113555908203125,6.577592849731445,-0.09889984130859375,66,435,1.669921875,0.0,-52.29049301147461,-81.79407501220703
38.47946491600305,1.4311180410004454,14,87510.315678125,0.3,0.3113555908203125,6.577592849731445,-0.09889984130859375,66,435,1.669921875,0.0,-52.29049301147461,-81.79407501220703
38.47963079100009,1.4312839159974828,14,87510.316276209,0.3,0.3113555908203125,6.577592849731445,-0.09889984130859375,66,435,1.669921875,0.0,-52.29049301147461,-81.79407501220703
38.47967462500674,1.4313277500041295,14,87510.316345667,0.3,0.3113555908203125,6.577592849731445,-0.09889984130859375,66,435,1.669921875,0.0,-52.29049301147461,-81.79407501220703
38.510774416005006,1.4624275410023984,14,87510.345488084,0.3,0.3113555908203125,6.577592849731445,-0.09889984130859375,66,435,1.669921875,0.0,-52.129425048828125,-81.87460327148438
38.510906458002864,1.4625595830002567,14,87510.345914459,0.3,0.3113555908203125,6.577592849731445,-0.09889984130859375,66,434,1.58203125,-2.9728181362153965,-52.129425048828125,-81.87460327148438
38.51095420800266,1.4626073330000509,14,87510.346142167,0.3,0.3113555908203125,6.577592849731445,0.0549468994140625,66,434,1.58203125,-2.9728181362153965,-52.129425048828125,-81.87460327148438
38.57129325000278,1.5229463750001742,14,87510.405449292,0.3,0.3113555908203125,6.577592849731445,0.0549468994140625,66,435,1.669921875,1.4765536570951818,-52.129425048828125,-81.87460327148438
38.57149170800403,1.5231448330014246,14,87510.406000209,0.3,0.28205108642578125,6.577592849731445,-0.09889984130859375,66,435,1.669921875,1.4765536570951818,-52.129425048828125,-81.87460327148438
38.57158733300457,1.5232404580019647,14,87510.4062095,0.3,0.28205108642578125,6.577592849731445,-0.09889984130859375,66,435,1.669921875,1.4765536570951818,-51.53929138183594,-82.27726745605469
38.601464999999735,1.5531181249971269,14,87510.435554542,0.3,0.28205108642578125,6.577592849731445,-0.09889984130859375,66,435,1.669921875,1.4765536570951818,-51.53929138183594,-82.27726745605469
38.601599583009374,1.5532527080067666,14,87510.435984625,0.3,0.28205108642578125,6.577592849731445,-0.09889984130859375,66,435,1.669921875,1.4765536570951818,-51.53929138183594,-82.27726745605469
38.60165470800712,1.55330783300451,14,87510.436186959,0.3,0.28205108642578125,6.577592849731445,-0.09889984130859375,66,434,1.58203125,-2.857995447092982,-51.53929138183594,-82.27726745605469
38.631190833009896,1.5828439580072882,14,87510.465958375,0.3,0.28205108642578125,6.577592849731445,-0.09889984130859375,66,434,1.58203125,-2.857995447092982,-52.42470932006836,-81.76722717285156
38.631297583007836,1.582950708005228,14,87510.466063792,0.3,0.28205108642578125,6.577592849731445,-0.09889984130859375,66,434,1.58203125,0.0,-52.42470932006836,-81.76722717285156
38.631336833001114,1.5829899579985067,14,87510.466306417,0.3,0.3040294647216797,6.577592849731445,-0.010990142822265625,66,434,1.58203125,0.0,-52.42470932006836,-81.76722717285156
38.65675366600044,1.608406790997833,14,87510.495345834,0.3,0.3040294647216797,6.577592849731445,-0.010990142822265625,66,435,1.669921875,3.002455306733825,-52.42470932006836,-81.76722717285156
38.6569023750053,1.6085555000026943,14,87510.495756292,0.3,0.3040294647216797,6.577592849731445,-0.010990142822265625,66,435,1.669921875,3.002455306733825,-52.42470932006836,-81.76722717285156
38.656999750004616,1.608652875002008,14,87510.49584025,0.3,0.3040294647216797,6.577592849731445,-0.010990142822265625,66,435,1.669921875,3.002455306733825,-52.31733322143555,-81.71353149414062
38.68701900000451,1.6386721250019036,14,87510.525717292,0.3,0.3040294647216797,6.577592849731445,-0.010990142822265625,66,435,1.669921875,3.002455306733825,-52.31733322143555,-81.71353149414062
38.68723762501031,1.638890750007704,14,87510.526078042,0.3,0.3040294647216797,6.577592849731445,-0.010990142822265625,66,435,1.669921875,3.002455306733825,-52.31733322143555,-81.71353149414062
38.687299333003466,1.6389524580008583,14,87510.5261545,0.3,0.3040294647216797,6.577592849731445,-0.010990142822265625,66,434,1.58203125,-2.8518787413799895,-52.31733322143555,-81.71353149414062
38.71854070801055,1.6701938330079429,14,87510.555863084,0.3,0.3040294647216797,6.577592849731445,-0.010990142822265625,66,434,1.58203125,-2.8518787413799895,-52.129425048828125,-81.7403793334961
38.71865979100403,1.6703129160014214,14,87510.556348959,0.3,0.3040294647216797,6.577592849731445,-0.010990142822265625,66,435,1.669921875,2.9112174751568407,-52.129425048828125,-81.7403793334961
38.718703916005325,1.6703570410027169,14,87510.556756542,0.3,0.2967033386230469,6.577592849731445,-0.07692337036132812,66,435,1.669921875,2.9112174751568407,-52.129425048828125,-81.7403793334961
38.74821058299858,1.6998637079959735,14,87510.585323542,0.3,0.2967033386230469,6.577592849731445,-0.07692337036132812,66,434,1.58203125,-3.0338583646740767,-52.129425048828125,-81.7403793334961
38.74832995800534,1.699983083002735,14,87510.585667125,0.3,0.2967033386230469,6.577592849731445,0.14285659790039062,66,434,1.58203125,-3.0338583646740767,-52.129425048828125,-81.7403793334961
38.74837766600831,1.7000307910057018,14,87510.585861042,0.3,0.2967033386230469,6.577592849731445,0.14285659790039062,66,434,1.58203125,-3.0338583646740767,-52.639469146728516,-81.55247497558594
38.77818045800086,1.7298335829982534,14,87510.6153605,0.3,0.2967033386230469,6.577592849731445,0.14285659790039062,66,434,1.58203125,-3.0338583646740767,-52.639469146728516,-81.55247497558594
38.77830108300259,1.729954207999981,14,87510.615703625,0.3,0.2967033386230469,6.577592849731445,0.14285659790039062,66,434,1.58203125,-3.0338583646740767,-52.639469146728516,-81.55247497558594
38.77835379099997,1.7300069159973646,14,87510.615771875,0.3,0.2967033386230469,6.577592849731445,0.14285659790039062,66,434,1.58203125,0.0,-52.639469146728516,-81.55247497558594
38.808874666006886,1.7605277910042787,14,87510.645612834,0.3,0.2967033386230469,6.577592849731445,0.14285659790039062,66,434,1.58203125,0.0,-52.23680114746094,-81.68670654296875
38.80899283300096,1.7606459579983493,14,87510.645884584,0.3,0.2967033386230469,6.577592849731445,0.14285659790039062,66,434,1.58203125,0.0,-52.23680114746094,-81.68670654296875
38.83990050001012,1.7915536250075093,14,87510.675753459,0.3,0.28205108642578125,6.577592849731445,-0.09889984130859375,66,434,1.58203125,0.0,-52.23680114746094,-81.68670654296875
38.840016415997525,1.791669540994917,14,87510.676251,0.3,0.28205108642578125,6.577592849731445,-0.09889984130859375,66,434,1.58203125,0.0,-52.23680114746094,-81.68670654296875
38.840059416004806,1.7917125410021981,14,87510.676470959,0.3,0.28205108642578125,6.577592849731445,0.03296661376953125,66,434,1.58203125,0.0,-52.23680114746094,-81.68670654296875
38.84009425000113,1.791747374998522,14,87510.677014625,0.3,0.28205108642578125,6.577592849731445,0.03296661376953125,66,434,1.58203125,0.0,-52.129425048828125,-81.76722717285156
38.87050137500046,1.8221544999978505,14,87510.7054085,0.3,0.28205108642578125,6.577592849731445,0.03296661376953125,66,434,1.58203125,0.0,-52.129425048828125,-81.76722717285156
38.87061987500056,1.8222729999979492,14,87510.705866,0.3,0.28205108642578125,6.577592849731445,0.03296661376953125,66,434,1.58203125,0.0,-52.129425048828125,-81.76722717285156
38.87067150000075,1.8223246249981457,14,87510.706005625,0.3,0.28205108642578125,6.577592849731445,0.03296661376953125,66,435,1.669921875,2.9539840173901344,-52.129425048828125,-81.76722717285156
38.9003977500106,1.8520508750079898,14,87510.735307542,0.3,0.28205108642578125,6.577592849731445,0.03296661376953125,66,435,1.669921875,2.9539840173901344,-52.29049301147461,-81.8477554321289
38.90053979100776,1.8521929160051513,14,87510.735637917,0.3,0.28205108642578125,6.577592849731445,0.03296661376953125,66,434,1.58203125,-2.9657960674115866,-52.29049301147461,-81.8477554321289
38.9005867500091,1.8522398750064895,14,87510.735825667,0.3,0.3113555908203125,6.577592849731445,-0.09889984130859375,66,434,1.58203125,-2.9657960674115866,-52.29049301147461,-81.8477554321289
38.93167150000227,1.8833246249996591,14,87510.765468459,0.3,0.3113555908203125,6.577592849731445,-0.09889984130859375,66,434,1.58203125,0.0,-52.29049301147461,-81.8477554321289
38.93180633299926,1.8834594579966506,14,87510.765881584,0.3,0.3113555908203125,6.577592849731445,-0.09889984130859375,66,434,1.58203125,0.0,-52.29049301147461,-81.8477554321289
38.93187154100451,1.8835246660019038,14,87510.765957084,0.3,0.3113555908203125,6.577592849731445,-0.09889984130859375,66,434,1.58203125,0.0,-52.558929443359375,-81.31088256835938
38.956286415996146,1.9079395409935387,14,87510.795078667,0.3,0.3113555908203125,6.577592849731445,-0.09889984130859375,66,434,1.58203125,0.0,-52.558929443359375,-81.31088256835938
38.95637374999933,1.9080268749967217,14,87510.795262792,0.3,0.3113555908203125,6.577592849731445,-0.09889984130859375,66,434,1.58203125,0.0,-52.558929443359375,-81.31088256835938
38.956407958001364,1.9080610829987563,14,87510.795430917,0.3,0.3113555908203125,6.577592849731445,-0.09889984130859375,66,434,1.58203125,0.0,-52.558929443359375,-81.31088256835938
38.98758033300692,1.9392334580043098,14,87510.825522084,0.3,0.3113555908203125,6.577592849731445,-0.09889984130859375,66,434,1.58203125,0.0,-52.18311309814453,-81.90145111083984
38.987646374996984,1.9392994999943767,14,87510.825749375,0.3,0.3113555908203125,6.577592849731445,-0.09889984130859375,66,435,1.669921875,2.8987314641896886,-52.18311309814453,-81.90145111083984
38.98768279100477,1.9393359160021646,14,87510.825795709,0.3,0.28937721252441406,6.577592849731445,-0.20878982543945312,66,435,1.669921875,2.8987314641896886,-52.18311309814453,-81.90145111083984
39.04946129099699,2.0011144159943797,14,87510.886544584,0.3,0.28937721252441406,6.577592849731445,-0.20878982543945312,66,434,1.58203125,-1.4459212675726856,-52.18311309814453,-81.90145111083984
39.08114995800133,2.0328030829987256,14,87510.91698275,0.3,0.27472496032714844,6.577211380004883,-0.5384597778320312,66,434,1.58203125,-1.4459212675726856,-52.18311309814453,-81.90145111083984
39.08130654100387,2.032959666001261,14,87510.917339167,0.3,0.27472496032714844,6.577211380004883,-0.5384597778320312,66,434,1.58203125,-1.4459212675726856,-52.2099609375,-81.79407501220703
39.08136604100582,2.033019166003214,14,87510.917706709,0.3,0.27472496032714844,6.577211380004883,-0.5384597778320312,66,434,1.58203125,-1.4459212675726856,-52.2099609375,-81.79407501220703
39.08141137500934,2.0330645000067307,14,87510.917835792,0.3,0.27472496032714844,6.577211380004883,-0.5384597778320312,66,435,1.669921875,2.8082987844135783,-52.2099609375,-81.79407501220703
39.11208729101054,2.0637404160079313,14,87510.946540959,0.3,0.27472496032714844,6.577211380004883,-0.5384597778320312,66,435,1.669921875,2.8082987844135783,-52.29049301147461,-81.7403793334961
39.11227958300151,2.0639327079989016,14,87510.946839417,0.3,0.27472496032714844,6.577211380004883,-0.5384597778320312,66,434,1.58203125,-3.0303193558362094,-52.29049301147461,-81.7403793334961
39.11234408299788,2.0639972079952713,14,87510.947038875,0.3,0.28937721252441406,6.577592849731445,-0.3186798095703125,66,434,1.58203125,-3.0303193558362094,-52.29049301147461,-81.7403793334961
39.17169079100131,2.123343915998703,14,87511.00541975,0.3,0.28937721252441406,6.577592849731445,-0.3186798095703125,66,434,1.58203125,0.0,-52.29049301147461,-81.7403793334961
39.171803791003185,2.1234569160005776,14,87511.005846667,0.3,0.3113555908203125,6.577592849731445,-0.16483688354492188,66,434,1.58203125,0.0,-52.29049301147461,-81.7403793334961
39.17185166600393,2.1235047910013236,14,87511.006069334,0.3,0.3113555908203125,6.577592849731445,-0.16483688354492188,66,434,1.58203125,0.0,-52.478397369384766,-81.55247497558594
39.17188887500379,2.12354200000118,14,87511.006290167,0.3,0.3113555908203125,6.577592849731445,-0.16483688354492188,66,434,1.58203125,0.0,-52.478397369384766,-81.55247497558594
39.22678687500593,2.17844000000332,14,87511.065416209,0.3,0.3113555908203125,6.577592849731445,-0.16483688354492188,66,434,1.58203125,0.0,-52.478397369384766,-81.55247497558594
39.22763458300324,2.179287708000629,14,87511.066321584,0.3,0.3113555908203125,6.577592849731445,0.16483688354492188,66,434,1.58203125,0.0,-52.478397369384766,-81.55247497558594
39.22777704100008,2.1794301659974735,14,87511.066505334,0.3,0.3113555908203125,6.577592849731445,0.16483688354492188,66,434,1.58203125,0.0,-52.42470932006836,-81.79407501220703
39.25870958300948,2.210362708006869,14,87511.096012917,0.3,0.3113555908203125,6.577592849731445,0.16483688354492188,66,434,1.58203125,0.0,-52.42470932006836,-81.79407501220703
39.258830624996335,2.2104837499937275,14,87511.096325667,0.3,0.3113555908203125,6.577592849731445,0.16483688354492188,66,434,1.58203125,0.0,-52.42470932006836,-81.79407501220703
39.258885666000424,2.2105387909978162,14,87511.096502834,0.3,0.3113555908203125,6.577592849731445,0.16483688354492188,66,435,1.669921875,2.8258227814552233,-52.42470932006836,-81.79407501220703
39.28905187500641,2.2407050000038,14,87511.125831084,0.3,0.3113555908203125,6.577592849731445,0.16483688354492188,66,435,1.669921875,2.8258227814552233,-52.2099609375,-81.76722717285156
39.28920637500414,2.240859500001534,14,87511.126248375,0.3,0.3113555908203125,6.577592849731445,0.16483688354492188,66,434,1.58203125,-2.9552255754027503,-52.2099609375,-81.76722717285156
39.28927100000146,2.2409241249988554,14,87511.126509375,0.3,0.2967033386230469,6.577592849731445,0.120880126953125,66,434,1.58203125,-2.9552255754027503,-52.2099609375,-81.76722717285156
39.316841916006524,2.2684950410039164,14,87511.155778709,0.3,0.2967033386230469,6.577592849731445,0.120880126953125,66,435,1.669921875,2.976988572667547,-52.2099609375,-81.76722717285156
39.31815700000152,2.269810124998912,14,87511.157069959,0.3,0.2967033386230469,6.577592849731445,0.120880126953125,66,435,1.669921875,2.976988572667547,-52.2099609375,-81.76722717285156
39.31827033300942,2.269923458006815,14,87511.157161167,0.3,0.2967033386230469,6.577592849731445,0.120880126953125,66,435,1.669921875,2.976988572667547,-52.42470932006836,-81.60615539550781
39.34957895800471,2.3012320830021054,14,87511.185657625,0.3,0.2967033386230469,6.577592849731445,0.120880126953125,66,435,1.669921875,2.976988572667547,-52.42470932006836,-81.60615539550781
39.34973654100031,2.3013896659977036,14,87511.186031,0.3,0.2967033386230469,6.577592849731445,0.120880126953125,66,435,1.669921875,2.976988572667547,-52.42470932006836,-81.60615539550781
39.349788040999556,2.3014411659969483,14,87511.186150875,0.3,0.2967033386230469,6.577592849731445,0.120880126953125,66,434,1.58203125,-2.893403449150796,-52.42470932006836,-81.60615539550781
39.37989554100204,2.331548665999435,14,87511.21587675,0.3,0.2967033386230469,6.577592849731445,0.120880126953125,66,434,1.58203125,-2.893403449150796,-52.29049301147461,-81.55247497558594
39.38003975000174,2.331692874999135,14,87511.2163115,0.3,0.2967033386230469,6.577592849731445,0.120880126953125,66,434,1.58203125,0.0,-52.29049301147461,-81.55247497558594
39.38008770800661,2.3317408330040053,14,87511.216381209,0.3,0.3113555908203125,6.577974319458008,0.34066009521484375,66,434,1.58203125,0.0,-52.29049301147461,-81.55247497558594
39.41071645800548,2.3623695830028737,14,87511.246764334,0.3,0.3113555908203125,6.577974319458008,0.34066009521484375,66,435,1.669921875,2.886518082362856,-52.29049301147461,-81.55247497558594
39.410892333005904,2.3625454580032965,14,87511.247338125,0.3,0.3113555908203125,6.577592849731445,0.03296661376953125,66,435,1.669921875,2.886518082362856,-52.29049301147461,-81.55247497558594
39.4109698329994,2.3626229579967912,14,87511.24741875,0.3,0.3113555908203125,6.577592849731445,0.03296661376953125,66,435,1.669921875,2.886518082362856,-52.29049301147461,-81.87460327148438
39.44056504100445,2.3922181660018396,14,87511.2764,0.3,0.3113555908203125,6.577592849731445,0.03296661376953125,66,435,1.669921875,2.886518082362856,-52.29049301147461,-81.87460327148438
39.44070712500252,2.3923602499999106,14,87511.276709625,0.3,0.3113555908203125,6.577592849731445,0.03296661376953125,66,435,1.669921875,2.886518082362856,-52.29049301147461,-81.87460327148438
39.44075691601029,2.392410041007679,14,87511.27690475,0.3,0.3113555908203125,6.577592849731445,0.03296661376953125,66,434,1.58203125,-2.915265004724625,-52.29049301147461,-81.87460327148438
39.470081500010565,2.421734625007957,14,87511.30666975,0.3,0.3113555908203125,6.577592849731445,0.03296661376953125,66,434,1.58203125,-2.915265004724625,-52.263648986816406,-81.82091522216797
39.470200875002774,2.4218540000001667,14,87511.306989375,0.3,0.3113555908203125,6.577592849731445,0.03296661376953125,66,434,1.58203125,0.0,-52.263648986816406,-81.82091522216797
39.47025291599857,2.421906040995964,14,87511.307172625,0.3,0.2967033386230469,6.577592849731445,-0.07692337036132812,66,434,1.58203125,0.0,-52.263648986816406,-81.82091522216797
39.50175875000423,2.4534118750016205,14,87511.335779459,0.3,0.2967033386230469,6.577592849731445,-0.07692337036132812,66,434,1.58203125,0.0,-52.263648986816406,-81.82091522216797
39.501862832999905,2.453515957997297,14,87511.336099125,0.3,0.2967033386230469,6.577592849731445,-0.07692337036132812,66,434,1.58203125,0.0,-51.75361251831055,-82.00882720947266
39.50190137499885,2.453554499996244,14,87511.336386459,0.3,0.2967033386230469,6.577592849731445,-0.07692337036132812,66,434,1.58203125,0.0,-51.75361251831055,-82.00882720947266
39.53166591600166,2.4833190409990493,14,87511.366014334,0.3,0.2967033386230469,6.577592849731445,-0.07692337036132812,66,434,1.58203125,0.0,-52.371028900146484,-81.63300323486328
39.53181187500013,2.4834649999975227,14,87511.366382625,0.3,0.2967033386230469,6.577592849731445,-0.07692337036132812,66,435,1.669921875,2.9306033135150034,-52.371028900146484,-81.63300323486328
39.53186429099878,2.4835174159961753,14,87511.366615834,0.3,0.28205108642578125,6.577592849731445,-0.010990142822265625,66,435,1.669921875,2.9306033135150034,-52.371028900146484,-81.63300323486328
39.55621745799726,2.5078705829946557,14,87511.395120917,0.3,0.28205108642578125,6.577592849731445,-0.010990142822265625,66,435,1.669921875,0.0,-52.371028900146484,-81.63300323486328
39.55637841600401,2.508031541001401,14,87511.395294625,0.3,0.2967033386230469,6.577592849731445,-0.14285659790039062,66,435,1.669921875,0.0,-52.371028900146484,-81.63300323486328
39.556448250004905,2.5081013750022976,14,87511.395533959,0.3,0.2967033386230469,6.577592849731445,-0.14285659790039062,66,435,1.669921875,0.0,-52.2099609375,-81.90145111083984
39.58802354100044,2.539676665997831,14,87511.426514292,0.3,0.2967033386230469,6.577592849731445,-0.14285659790039062,66,435,1.669921875,0.0,-52.2099609375,-81.90145111083984
39.58813283299969,2.5397859579970827,14,87511.426754209,0.3,0.2967033386230469,6.577592849731445,-0.14285659790039062,66,435,1.669921875,0.0,-52.2099609375,-81.90145111083984
39.588176083008875,2.5398292080062674,14,87511.426909834,0.3,0.2967033386230469,6.577592849731445,-0.14285659790039062,66,435,1.669921875,0.0,-52.2099609375,-81.90145111083984
39.61938137499965,2.5710344999970403,14,87511.456455667,0.3,0.2967033386230469,6.577592849731445,-0.14285659790039062,66,435,1.669921875,0.0,-52.29049301147461,-81.79407501220703
39.61953633300436,2.5711894580017542,14,87511.457045834,0.3,0.2967033386230469,6.577592849731445,-0.14285659790039062,66,434,1.58203125,-2.916853345293657,-52.29049301147461,-81.79407501220703
39.61959308299993,2.5712462079973193,14,87511.457339167,0.3,0.3113555908203125,6.577592849731445,-0.20878982543945312,66,434,1.58203125,-2.916853345293657,-52.29049301147461,-81.79407501220703
39.64995741599705,2.601610540994443,14,87511.486396,0.3,0.3113555908203125,6.577592849731445,-0.20878982543945312,66,434,1.58203125,0.0,-52.29049301147461,-81.79407501220703
39.65004687500186,2.601699999999255,14,87511.486536459,0.3,0.28205108642578125,6.577592849731445,-0.23077011108398438,66,434,1.58203125,0.0,-52.29049301147461,-81.79407501220703
39.65007583300758,2.601728958004969,14,87511.486633334,0.3,0.28205108642578125,6.577592849731445,-0.23077011108398438,66,434,1.58203125,0.0,-51.67308044433594,-81.68670654296875
39.68146062499727,2.6331137499946635,14,87511.515559792,0.3,0.28205108642578125,6.577592849731445,-0.23077011108398438,66,434,1.58203125,0.0,-51.67308044433594,-81.68670654296875
39.681530791000114,2.633183915997506,14,87511.515735625,0.3,0.28205108642578125,6.577592849731445,-0.23077011108398438,66,434,1.58203125,0.0,-51.67308044433594,-81.68670654296875
39.68156137500773,2.633214500005124,14,87511.515774334,0.3,0.28205108642578125,6.577592849731445,-0.23077011108398438,66,434,1.58203125,0.0,-51.67308044433594,-81.68670654296875
39.706246000001556,2.6578991249989485,14,87511.545048917,0.3,0.28205108642578125,6.577592849731445,-0.23077011108398438,66,434,1.58203125,0.0,-52.5052490234375,-81.47193908691406
39.70630612500827,2.6579592500056606,14,87511.545302834,0.3,0.28205108642578125,6.577592849731445,-0.23077011108398438,66,434,1.58203125,0.0,-52.5052490234375,-81.47193908691406
39.70634504100599,2.657998166003381,14,87511.54539175,0.3,0.28205108642578125,6.577592849731445,0.010990142822265625,66,434,1.58203125,0.0,-52.5052490234375,-81.47193908691406
39.737981041005696,2.6896341660030885,14,87511.575436459,0.3,0.28205108642578125,6.577592849731445,0.010990142822265625,66,435,1.669921875,2.917793407419632,-52.5052490234375,-81.47193908691406
39.73808412499784,2.6897372499952326,14,87511.575798209,0.3,0.3113555908203125,6.577592849731445,0.03296661376953125,66,435,1.669921875,2.917793407419632,-52.5052490234375,-81.47193908691406
39.738132166006835,2.6897852910042275,14,87511.575855834,0.3,0.3113555908203125,6.577592849731445,0.03296661376953125,66,435,1.669921875,2.917793407419632,-52.29049301147461,-81.71353149414062
39.768486916000256,2.7201400409976486,14,87511.60674625,0.3,0.3113555908203125,6.577592849731445,0.03296661376953125,66,435,1.669921875,2.917793407419632,-52.29049301147461,-81.71353149414062
39.76863220799714,2.7202853329945356,14,87511.607172334,0.3,0.3113555908203125,6.577592849731445,0.03296661376953125,66,435,1.669921875,2.917793407419632,-52.29049301147461,-81.71353149414062
39.76869129099941,2.7203444159968058,14,87511.607276792,0.3,0.3113555908203125,6.577592849731445,0.03296661376953125,66,435,1.669921875,0.0,-52.29049301147461,-81.71353149414062
39.79837075000978,2.750023875007173,14,87511.635810584,0.3,0.3113555908203125,6.577592849731445,0.03296661376953125,66,435,1.669921875,0.0,-52.29049301147461,-81.79407501220703
39.79850158300542,2.7501547080028104,14,87511.636250375,0.3,0.3113555908203125,6.577592849731445,0.03296661376953125,66,434,1.58203125,-3.031050893702486,-52.29049301147461,-81.79407501220703
39.79856120800832,2.750214333005715,14,87511.6363305,0.3,0.28937721252441406,6.577592849731445,-0.09889984130859375,148,434,1.58203125,-3.031050893702486,-52.29049301147461,-81.79407501220703
39.83004108299792,2.781694207995315,14,87511.66547825,0.3,0.28937721252441406,6.577592849731445,-0.09889984130859375,148,435,1.669921875,3.0072323960970126,-52.29049301147461,-81.79407501220703
39.83015062499908,2.7818037499964703,14,87511.666093917,0.3,0.2967033386230469,6.577592849731445,-0.0549468994140625,66,435,1.669921875,3.0072323960970126,-52.29049301147461,-81.79407501220703
39.830191875007586,2.781845000004978,14,87511.666337959,0.3,0.2967033386230469,6.577592849731445,-0.0549468994140625,66,435,1.669921875,3.0072323960970126,-51.51201629638672,-81.92829895019531
39.85793150000973,2.809584625007119,14,87511.696127875,0.3,0.2967033386230469,6.577592849731445,-0.0549468994140625,66,435,1.669921875,3.0072323960970126,-51.51201629638672,-81.92829895019531
39.8580703750049,2.809723500002292,14,87511.696622834,0.3,0.2967033386230469,6.577592849731445,-0.0549468994140625,66,435,1.669921875,3.0072323960970126,-51.51201629638672,-81.92829895019531
39.85811545800243,2.8097685829998227,14,87511.6966865,0.3,0.2967033386230469,6.577592849731445,-0.0549468994140625,66,434,1.58203125,-2.8155557554345942,-51.51201629638672,-81.92829895019531
39.89350058299897,2.84515370799636,14,87511.727142417,0.3,0.2967033386230469,6.577592849731445,-0.0549468994140625,66,434,1.58203125,-2.8155557554345942,-52.5052490234375,-81.41825103759766
39.893696083003306,2.845349208000698,14,87511.727260667,0.3,0.2967033386230469,6.577592849731445,-0.0549468994140625,66,434,1.58203125,0.0,-52.5052490234375,-81.41825103759766
39.89375554100843,2.8454086660058238,14,87511.727306875,0.3,0.3113555908203125,6.577592849731445,-0.23077011108398438,66,434,1.58203125,0.0,-52.5052490234375,-81.41825103759766
39.91720595800143,2.8688590829988243,14,87511.756294625,0.3,0.3113555908203125,6.577592849731445,-0.23077011108398438,66,434,1.58203125,0.0,-52.5052490234375,-81.41825103759766
39.92373891599709,2.875392040994484,14,87511.756843625,0.3,0.3113555908203125,6.577592849731445,-0.23077011108398438,66,434,1.58203125,0.0,-52.5052490234375,-81.41825103759766
39.92384241599939,2.8754955409967806,14,87511.757016625,0.3,0.3113555908203125,6.577592849731445,-0.23077011108398438,66,434,1.58203125,0.0,-52.371028900146484,-81.7403793334961
39.949444790996495,2.901097915993887,14,87511.786621042,0.3,0.3113555908203125,6.577592849731445,-0.23077011108398438,66,434,1.58203125,0.0,-52.371028900146484,-81.7403793334961
39.94960770799662,2.901260832994012,14,87511.786855792,0.3,0.3113555908203125,6.577592849731445,-0.23077011108398438,66,434,1.58203125,0.0,-52.29049301147461,-81.65985107421875
39.949637541009,2.901290666006389,14,87511.786892959,0.3,0.3113555908203125,6.577592849731445,-0.23077011108398438,66,435,1.669921875,2.8713981187632562,-52.29049301147461,-81.65985107421875
39.98037345800549,2.93202658300288,14,87511.815018667,0.3,0.3113555908203125,6.577592849731445,-0.23077011108398438,66,435,1.669921875,2.8713981187632562,-52.29049301147461,-81.63300323486328
39.98048516600102,2.9321382909984095,14,87511.815297,0.3,0.3113555908203125,6.577592849731445,-0.23077011108398438,66,434,1.58203125,-3.0947767132146047,-52.29049301147461,-81.63300323486328
39.98052558299969,2.932178707997082,14,87511.815468584,0.3,0.3040294647216797,6.577592849731445,-0.09889984130859375,66,434,1.58203125,-3.0947767132146047,-52.29049301147461,-81.63300323486328
40.01139733300079,2.963050457998179,14,87511.8453005,0.3,0.3040294647216797,6.577592849731445,-0.09889984130859375,66,435,1.669921875,2.930582889843823,-52.29049301147461,-81.63300323486328
40.01153637500829,2.963189500005683,14,87511.84570775,0.3,0.3113555908203125,6.577592849731445,-0.0549468994140625,66,435,1.669921875,2.930582889843823,-52.29049301147461,-81.63300323486328
40.01158854100504,2.963241666002432,14,87511.845787917,0.3,0.3113555908203125,6.577592849731445,-0.0549468994140625,66,435,1.669921875,2.930582889843823,-51.18988037109375,-82.30410766601562
40.03717875000439,2.988831875001779,14,87511.875658292,0.3,0.3113555908203125,6.577592849731445,-0.0549468994140625,66,435,1.669921875,2.930582889843823,-51.18988037109375,-82.30410766601562
40.0374465000059,2.9890996250032913,14,87511.876183834,0.3,0.3113555908203125,6.577592849731445,-0.0549468994140625,66,435,1.669921875,2.930582889843823,-51.18988037109375,-82.30410766601562
40.04384120799659,2.995494332993985,14,87511.87681375,0.3,0.3113555908203125,6.577592849731445,-0.0549468994140625,66,434,1.58203125,-2.7877669316848035,-51.18988037109375,-82.30410766601562
40.0684931660071,0.01816670800326392,15,87511.90520825,0.2,0.3113555908203125,6.577592849731445,-0.0549468994140625,66,434,1.58203125,-2.7877669316848035,-52.558929443359375,-81.36456298828125
40.06856616600999,0.018239708006149158,15,87511.905364959,0.2,0.3113555908203125,6.577592849731445,-0.0549468994140625,66,434,1.58203125,0.0,-52.558929443359375,-81.36456298828125
40.06863945799705,0.018312999993213452,15,87511.905473167,0.2,0.3113555908203125,6.577592849731445,0.0549468994140625,66,434,1.58203125,0.0,-52.558929443359375,-81.36456298828125
40.09948295800132,0.04915649999747984,15,87511.935226,0.2,0.3113555908203125,6.577592849731445,0.0549468994140625,66,435,1.669921875,2.943320864579826,-52.558929443359375,-81.36456298828125
40.099627500007045,0.04930104200320784,15,87511.93537875,0.2,0.28937721252441406,6.577592849731445,-0.07692337036132812,66,435,1.669921875,2.943320864579826,-52.558929443359375,-81.36456298828125
40.13108579099935,0.08075933299551252,15,87511.964987375,0.2,0.28937721252441406,6.577592849731445,-0.07692337036132812,66,435,1.669921875,0.0,-52.558929443359375,-81.36456298828125
40.131215916000656,0.08088945799681824,15,87511.965310125,0.2,0.3040294647216797,6.577592849731445,-0.14285659790039062,66,435,1.669921875,0.0,-52.558929443359375,-81.36456298828125
40.131276083004195,0.08094962500035763,15,87511.9653595,0.2,0.3040294647216797,6.577592849731445,-0.14285659790039062,66,435,1.669921875,0.0,-52.31733322143555,-81.63300323486328
40.161993250003434,0.11166679199959617,15,87511.995813667,0.2,0.3040294647216797,6.577592849731445,-0.14285659790039062,66,435,1.669921875,0.0,-52.31733322143555,-81.63300323486328
40.16250812500948,0.11218166700564325,15,87511.996314917,0.2,0.3040294647216797,6.577592849731445,-0.14285659790039062,66,435,1.669921875,0.0,-52.31733322143555,-81.63300323486328
40.162603832999594,0.11227737499575596,15,87511.996398125,0.2,0.3040294647216797,6.577592849731445,-0.14285659790039062,66,434,1.58203125,-2.7978504555112353,-52.31733322143555,-81.63300323486328
40.18677050000406,0.1364440420002211,15,87512.025011292,0.2,0.3040294647216797,6.577592849731445,-0.14285659790039062,66,434,1.58203125,-2.7978504555112353,-52.29049301147461,-81.65985107421875
40.186903291003546,0.13657683299970813,15,87512.0251825,0.2,0.3040294647216797,6.577592849731445,-0.14285659790039062,66,435,1.669921875,3.05271613249227,-52.29049301147461,-81.65985107421875
40.18694729100389,0.1366208330000518,15,87512.025291417,0.2,0.1868133544921875,6.568819046020508,-0.40659332275390625,66,435,1.669921875,3.05271613249227,-52.29049301147461,-81.65985107421875
40.21763491599995,0.16730845799611416,15,87512.055756084,0.2,0.1868133544921875,6.568819046020508,-0.40659332275390625,66,435,1.669921875,0.0,-52.29049301147461,-81.65985107421875
40.21769874999882,0.1673722919949796,15,87512.056055875,0.2,0.20879077911376953,6.557373046875,-0.8241767883300781,66,435,1.669921875,0.0,-52.29049301147461,-81.65985107421875
40.21773437500815,0.16740791700431146,15,87512.056384792,0.2,0.20879077911376953,6.557373046875,-0.8241767883300781,66,435,1.669921875,0.0,-51.53885269165039,-54.41305923461914
40.24817104100657,0.197844583002734,15,87512.085301084,0.2,0.20879077911376953,6.557373046875,-0.8241767883300781,66,435,1.669921875,0.0,-51.53885269165039,-54.41305923461914
40.248273666002206,0.19794720799836796,15,87512.085577334,0.2,0.20879077911376953,6.557373046875,-0.8241767883300781,66,435,1.669921875,0.0,-51.53885269165039,-54.41305923461914
40.248310374998255,0.1979839169944171,15,87512.085705667,0.2,0.20879077911376953,6.557373046875,-0.8241767883300781,66,434,1.58203125,-2.934023399492836,-51.53885269165039,-54.41305923461914
40.279463833008776,0.2291373750049388,15,87512.115840292,0.2,0.20879077911376953,6.557373046875,-0.8241767883300781,66,434,1.58203125,-2.934023399492836,-51.136192321777344,-47.78255081176758
40.27957675000653,0.2292502920026891,15,87512.116244084,0.2,0.20879077911376953,6.557373046875,-0.8241767883300781,66,434,1.58203125,0.0,-51.136192321777344,-47.78255081176758
40.27961754100397,0.22929108300013468,15,87512.116491167,0.2,0.1868133544921875,6.497100830078125,-1.4175834655761719,66,434,1.58203125,0.0,-51.136192321777344,-47.78255081176758
40.31072529099765,0.2603988329938147,15,87512.146589375,0.2,0.1868133544921875,6.497100830078125,-1.4175834655761719,66,434,1.58203125,0.0,-51.136192321777344,-47.78255081176758
40.3107895830035,0.26046312499966007,15,87512.146756334,0.2,0.1794872283935547,6.4402618408203125,-0.4285697937011719,66,434,1.58203125,0.0,-51.136192321777344,-47.78255081176758
40.31082170800073,0.2604952499968931,15,87512.146853417,0.2,0.1794872283935547,6.4402618408203125,-0.4285697937011719,66,434,1.58203125,0.0,-50.921443939208984,-46.65510177612305
40.34221933300432,0.2918928750004852,15,87512.175375167,0.2,0.1794872283935547,6.4402618408203125,-0.4285697937011719,66,434,1.58203125,0.0,-50.921443939208984,-46.65510177612305
40.34230420801032,0.2919777500064811,15,87512.175712917,0.2,0.1794872283935547,6.4402618408203125,-0.4285697937011719,66,434,1.58203125,0.0,-50.921443939208984,-46.65510177612305
40.34234116600419,0.2920147080003517,15,87512.175767459,0.2,0.1794872283935547,6.4402618408203125,-0.4285697937011719,66,434,1.58203125,0.0,-50.921443939208984,-46.65510177612305
40.36654516600538,0.31621870800154284,15,87512.205634084,0.2,0.1794872283935547,6.4402618408203125,-0.4285697937011719,66,434,1.58203125,0.0,-51.001976013183594,-46.73563766479492
40.3720352500095,0.3217087920056656,15,87512.206194959,0.2,0.1794872283935547,6.4402618408203125,-0.4285697937011719,66,434,1.58203125,0.0,-51.001976013183594,-46.73563766479492
40.37228325000615,0.321956792002311,15,87512.206276667,0.2,0.1941394805908203,6.436063766479492,0.14285659790039062,66,434,1.58203125,0.0,-51.001976013183594,-46.73563766479492
40.39761595800519,0.3472895000013523,15,87512.235452917,0.2,0.1941394805908203,6.436063766479492,0.14285659790039062,66,434,1.58203125,0.0,-51.001976013183594,-46.73563766479492
40.39775979099795,0.3474333329941146,15,87512.235885625,0.2,0.1941394805908203,6.436063766479492,0.0549468994140625,66,434,1.58203125,0.0,-51.001976013183594,-46.73563766479492
40.397816291006166,0.34748983300232794,15,87512.236036875,0.2,0.1941394805908203,6.436063766479492,0.0549468994140625,66,434,1.58203125,0.0,-50.59931564331055,-46.843013763427734
40.42873554100515,0.3784090830013156,15,87512.265555125,0.2,0.1941394805908203,6.436063766479492,0.0549468994140625,66,434,1.58203125,0.0,-50.59931564331055,-46.843013763427734
40.428862291009864,0.3785358330060262,15,87512.265834209,0.2,0.1941394805908203,6.436063766479492,0.0549468994140625,66,434,1.58203125,0.0,-50.59931564331055,-46.843013763427734
40.42889795800147,0.3785714999976335,15,87512.265985084,0.2,0.1941394805908203,6.436063766479492,0.0549468994140625,66,434,1.58203125,0.0,-50.59931564331055,-46.843013763427734
40.458761625006446,0.40843516700260807,15,87512.296349042,0.2,0.1941394805908203,6.436063766479492,0.0549468994140625,66,434,1.58203125,0.0,-50.97513198852539,-47.030921936035156
40.45913929100789,0.408812833004049,15,87512.296682042,0.2,0.1941394805908203,6.436063766479492,0.0549468994140625,66,434,1.58203125,0.0,-50.97513198852539,-47.030921936035156
40.45923858300375,0.40891212499991525,15,87512.29689325,0.2,0.1941394805908203,6.436063766479492,0.0549468994140625,66,434,1.58203125,0.0,-50.97513198852539,-47.030921936035156
40.48935941600939,0.439032958005555,15,87512.325301375,0.2,0.1941394805908203,6.436063766479492,0.0549468994140625,66,434,1.58203125,0.0,-50.97513198852539,-47.030921936035156
40.48951266599761,0.43918620799377095,15,87512.325667917,0.2,0.1941394805908203,6.43568229675293,0.010990142822265625,66,434,1.58203125,0.0,-50.97513198852539,-47.030921936035156
40.489566541000386,0.43924008299654815,15,87512.325862375,0.2,0.1941394805908203,6.43568229675293,0.010990142822265625,66,434,1.58203125,0.0,-51.0556640625,-47.08461380004883
40.52044058300089,0.4701141249970533,15,87512.356204,0.2,0.1941394805908203,6.43568229675293,0.010990142822265625,66,434,1.58203125,0.0,-51.0556640625,-47.08461380004883
40.52063770800305,0.47031124999921303,15,87512.356301584,0.2,0.1941394805908203,6.43568229675293,0.010990142822265625,66,434,1.58203125,0.0,-51.0556640625,-47.08461380004883
40.520849375010584,0.47052291700674687,15,87512.356863375,0.2,0.1941394805908203,6.43568229675293,0.010990142822265625,66,434,1.58203125,0.0,-51.0556640625,-47.08461380004883
40.548193249996984,0.49786679199314676,15,87512.385763875,0.2,0.1941394805908203,6.43568229675293,0.010990142822265625,66,434,1.58203125,0.0,-51.08250427246094,-47.24567413330078
40.54829545800749,0.49796900000364985,15,87512.385966125,0.2,0.1941394805908203,6.43568229675293,0.010990142822265625,66,434,1.58203125,0.0,-51.08250427246094,-47.24567413330078
40.54833033299656,0.4980038749927189,15,87512.385999875,0.2,0.1868133544921875,6.43568229675293,-0.16483688354492188,66,434,1.58203125,0.0,-51.08250427246094,-47.24567413330078
40.57975404099852,0.5294275829946855,15,87512.414962667,0.2,0.1868133544921875,6.43568229675293,-0.16483688354492188,66,434,1.58203125,0.0,-51.08250427246094,-47.24567413330078
40.579820500002825,0.5294940419989871,15,87512.415126875,0.2,0.1941394805908203,6.43568229675293,-0.07692337036132812,66,434,1.58203125,0.0,-51.08250427246094,-47.24567413330078
40.5798522910045,0.5295258330006618,15,87512.415233292,0.2,0.1941394805908203,6.43568229675293,-0.07692337036132812,66,434,1.58203125,0.0,-50.59931564331055,-47.621490478515625
40.61137112500728,0.5610446670034435,15,87512.444652542,0.2,0.1941394805908203,6.43568229675293,-0.07692337036132812,66,434,1.58203125,0.0,-50.59931564331055,-47.621490478515625
40.61149337500683,0.5611669170029927,15,87512.444793042,0.2,0.1941394805908203,6.43568229675293,-0.07692337036132812,66,434,1.58203125,0.0,-50.59931564331055,-47.621490478515625
40.61153595799988,0.5612094999960391,15,87512.444897167,0.2,0.1941394805908203,6.43568229675293,-0.07692337036132812,66,434,1.58203125,0.0,-50.59931564331055,-47.621490478515625
40.63672412499727,0.5863976669934345,15,87512.475058875,0.2,0.1941394805908203,6.43568229675293,-0.07692337036132812,66,434,1.58203125,0.0,-51.24357223510742,-47.29936218261719
40.636806333001005,0.5864798749971669,15,87512.475216834,0.2,0.1941394805908203,6.43568229675293,-0.07692337036132812,66,434,1.58203125,0.0,-51.24357223510742,-47.29936218261719
40.63684258300054,0.5865161249967059,15,87512.475338542,0.2,0.1868133544921875,6.43568229675293,-0.23077011108398438,66,434,1.58203125,0.0,-51.24357223510742,-47.29936218261719
40.66721862500708,0.6168921670032432,15,87512.505174,0.2,0.1868133544921875,6.43568229675293,-0.23077011108398438,66,434,1.58203125,0.0,-51.24357223510742,-47.29936218261719
40.667347416005214,0.6170209580013761,15,87512.505645209,0.2,0.1868133544921875,6.43568229675293,-0.23077011108398438,66,434,1.58203125,0.0,-51.24357223510742,-47.29936218261719
40.667383916006656,0.6170574580028187,15,87512.505698209,0.2,0.1868133544921875,6.43568229675293,-0.23077011108398438,66,434,1.58203125,0.0,-51.0556640625,-47.24567413330078
40.72943325000233,0.6791067919984926,15,87512.565545792,0.2,0.1868133544921875,6.43568229675293,-0.23077011108398438,66,434,1.58203125,0.0,-51.0556640625,-47.24567413330078
40.729722290998325,0.6793958329944871,15,87512.566085792,0.2,0.1868133544921875,6.43568229675293,-0.23077011108398438,66,434,1.58203125,0.0,-51.0556640625,-47.24567413330078
40.729802750007366,0.6794762920035282,15,87512.56646525,0.2,0.1868133544921875,6.43568229675293,-0.23077011108398438,66,434,1.58203125,0.0,-51.0556640625,-47.24567413330078
40.72984895799891,0.6795224999950733,15,87512.566640709,0.2,0.1868133544921875,6.43568229675293,-0.23077011108398438,66,434,1.58203125,0.0,-51.109352111816406,-47.29936218261719
40.76105979100976,0.7107333330059191,15,87512.595705834,0.2,0.1868133544921875,6.43568229675293,-0.23077011108398438,66,434,1.58203125,0.0,-51.109352111816406,-47.29936218261719
40.76123833299789,0.7109118749940535,15,87512.59600875,0.2,0.1868133544921875,6.43568229675293,-0.23077011108398438,66,434,1.58203125,0.0,-51.0556640625,-47.380149841308594
40.76127966601052,0.7109532080066856,15,87512.596075292,0.2,0.1868133544921875,6.43568229675293,-0.23077011108398438,66,434,1.58203125,0.0,-51.0556640625,-47.380149841308594
40.79153979099647,0.7412133329926291,15,87512.625237167,0.2,0.1868133544921875,6.43568229675293,-0.23077011108398438,66,434,1.58203125,0.0,1000.0,-47.72878646850586
40.7916870409972,0.7413605829933658,15,87512.625538667,0.2,0.1868133544921875,6.43568229675293,-0.23077011108398438,66,434,1.58203125,0.0,1000.0,-47.72878646850586
40.79172845800349,0.7414019999996526,15,87512.625584584,0.2,0.1941394805908203,6.43568229675293,0.07692337036132812,66,434,1.58203125,0.0,1000.0,-47.72878646850586
40.82223512500059,0.771908666996751,15,87512.656700584,0.2,0.1941394805908203,6.43568229675293,0.07692337036132812,66,434,1.58203125,0.0,1000.0,-47.72878646850586
40.822351416005404,0.7720249580015661,15,87512.656961667,0.2,0.1941394805908203,6.436063766479492,0.14285659790039062,66,434,1.58203125,0.0,1000.0,-47.72878646850586
40.82238166600291,0.7720552079990739,15,87512.65700225,0.2,0.1941394805908203,6.436063766479492,0.14285659790039062,66,434,1.58203125,0.0,-51.18988037109375,-47.32620620727539
40.84769154099922,0.797365082995384,15,87512.685358875,0.2,0.1941394805908203,6.436063766479492,0.14285659790039062,66,434,1.58203125,0.0,-51.18988037109375,-47.32620620727539
40.84781562500575,0.7974891670019133,15,87512.685586917,0.2,0.1941394805908203,6.436063766479492,0.14285659790039062,66,434,1.58203125,0.0,-51.18988037109375,-47.32620620727539
40.84784854100144,0.7975220829976024,15,87512.685638042,0.2,0.1941394805908203,6.436063766479492,0.14285659790039062,66,434,1.58203125,0.0,-51.18988037109375,-47.32620620727539
40.87880745800794,0.8284810000041034,15,87512.715422917,0.2,0.1941394805908203,6.436063766479492,0.14285659790039062,66,434,1.58203125,0.0,-50.921443939208984,-47.4335823059082
40.87893270800123,0.8286062499973923,15,87512.715736,0.2,0.1941394805908203,6.436063766479492,0.14285659790039062,66,434,1.58203125,0.0,-50.921443939208984,-47.4335823059082
40.87897962500574,0.8286531670019031,15,87512.715792834,0.2,0.1868133544921875,6.436063766479492,0.5824165344238281,66,434,1.58203125,0.0,-50.921443939208984,-47.4335823059082
40.90971150000405,0.8593850420002127,15,87512.74524925,0.2,0.1868133544921875,6.436063766479492,0.5824165344238281,66,434,1.58203125,0.0,-50.921443939208984,-47.4335823059082
40.909859375009546,0.8595329170057084,15,87512.745578167,0.2,0.1941394805908203,6.43568229675293,8.488699316015296e+27,66,434,1.58203125,0.0,-50.921443939208984,-47.4335823059082
40.90990458300803,0.859578125004191,15,87512.745629042,0.2,0.1941394805908203,6.43568229675293,8.488699316015296e+27,66,434,1.58203125,0.0,-50.94828414916992,-47.40673828125
40.93985970799986,0.8895332499960205,15,87512.77682975,0.2,0.1941394805908203,6.43568229675293,8.488699316015296e+27,66,434,1.58203125,0.0,-50.94828414916992,-47.40673828125
40.94000887499715,0.8896824169933097,15,87512.776946334,0.2,0.1941394805908203,6.43568229675293,8.488699316015296e+27,66,434,1.58203125,0.0,-50.94828414916992,-47.40673828125
40.940061875007814,0.8897354170039762,15,87512.777018542,0.2,0.1941394805908203,6.43568229675293,8.488699316015296e+27,66,434,1.58203125,0.0,-50.94828414916992,-47.40673828125
40.97134483300033,0.9210183749964926,15,87512.806989167,0.2,0.1941394805908203,6.43568229675293,8.488699316015296e+27,66,434,1.58203125,0.0,-50.14296340942383,-47.86308670043945
40.97143900000083,0.9211125419969903,15,87512.80732825,0.2,0.1941394805908203,6.43568229675293,8.488699316015296e+27,66,434,1.58203125,0.0,-50.14296340942383,-47.86308670043945
40.97147395800857,0.9211475000047358,15,87512.807378584,0.2,0.1941394805908203,6.43568229675293,-0.34066009521484375,66,434,1.58203125,0.0,-50.14296340942383,-47.86308670043945
41.00196804100415,0.9516415830003098,15,87512.836547,0.2,0.1941394805908203,6.43568229675293,-0.34066009521484375,66,434,1.58203125,0.0,-50.14296340942383,-47.86308670043945
41.00207383300585,0.9517473750020145,15,87512.836746792,0.2,0.1941394805908203,6.43568229675293,-0.34066009521484375,66,434,1.58203125,0.0,-50.14296340942383,-47.86308670043945
41.002106540996465,0.9517800829926273,15,87512.836839,0.2,0.1941394805908203,6.43568229675293,-0.34066009521484375,66,434,1.58203125,0.0,-50.840911865234375,-47.46042251586914
41.02747091600031,0.9771444579964736,15,87512.866307667,0.2,0.1941394805908203,6.43568229675293,-0.34066009521484375,66,434,1.58203125,0.0,-50.840911865234375,-47.46042251586914
41.02754279100918,0.9772163330053445,15,87512.866513709,0.2,0.1941394805908203,6.43568229675293,-0.34066009521484375,66,434,1.58203125,0.0,-50.840911865234375,-47.46042251586914
41.02757575000578,0.9772492920019431,15,87512.866557959,0.2,0.1941394805908203,6.43568229675293,-0.34066009521484375,66,435,1.669921875,2.928142123560102,-50.840911865234375,-47.46042251586914
41.09026545799861,1.0399389999947743,15,87512.925475875,0.2,0.1941394805908203,6.43568229675293,-0.34066009521484375,66,435,1.669921875,2.928142123560102,-51.109352111816406,-47.32620620727539
41.090337625006214,1.0400111670023762,15,87512.925604417,0.2,0.1941394805908203,6.43568229675293,-0.34066009521484375,66,434,1.58203125,-1.4884312423683892,-51.109352111816406,-47.32620620727539
41.09035704100097,1.040030582997133,15,87512.925629375,0.2,0.1941394805908203,6.436063766479492,0.0549468994140625,66,434,1.58203125,-1.4884312423683892,-51.109352111816406,-47.32620620727539
41.09037445799913,1.040047999995295,15,87512.925724542,0.2,0.1941394805908203,6.436063766479492,0.0549468994140625,66,434,1.58203125,0.0,-51.109352111816406,-47.32620620727539
41.120607415999984,1.0702809579961468,15,87512.956394334,0.2,0.1941394805908203,6.436063766479492,0.0549468994140625,66,434,1.58203125,0.0,-51.001976013183594,-47.4335823059082
41.1206677910086,1.0703413330047624,15,87512.956501042,0.2,0.1941394805908203,6.436063766479492,0.0549468994140625,66,434,1.58203125,0.0,-51.001976013183594,-47.4335823059082
41.12069083300594,1.0703643750021001,15,87512.956572959,0.2,-52113920.0,6.43568229675293,-0.13394927978515625,66,434,1.58203125,0.0,-51.001976013183594,-47.4335823059082
41.15151437500026,1.1011879169964232,15,87512.986196,0.2,-52113920.0,6.43568229675293,-0.13394927978515625,66,434,1.58203125,0.0,-51.001976013183594,-47.4335823059082
41.151609624997946,1.1012831669941079,15,87512.986319459,0.2,0.1868133544921875,6.43568229675293,-0.23077011108398438,66,434,1.58203125,0.0,-51.001976013183594,-47.4335823059082
41.15163283300353,1.1013063749996945,15,87512.986391667,0.2,0.1868133544921875,6.43568229675293,-0.23077011108398438,66,434,1.58203125,0.0,-51.431488037109375,-47.32620620727539
41.175823750003474,1.1254972919996362,15,87513.014853459,0.2,0.1868133544921875,6.43568229675293,-0.23077011108398438,66,434,1.58203125,0.0,-51.431488037109375,-47.32620620727539
41.18213645801006,1.131810000006226,15,87513.015092625,0.2,0.1868133544921875,6.43568229675293,-0.23077011108398438,66,434,1.58203125,0.0,-51.431488037109375,-47.32620620727539
41.182170665997546,1.1318442079937086,15,87513.015128292,0.2,0.1868133544921875,6.43568229675293,-0.23077011108398438,66,434,1.58203125,0.0,-51.431488037109375,-47.32620620727539
41.20686854100495,1.1565420830011135,15,87513.04539275,0.2,0.1868133544921875,6.43568229675293,-0.23077011108398438,66,434,1.58203125,0.0,-51.0556640625,-47.48727035522461
41.20693516600295,1.156608707999112,15,87513.045510459,0.2,0.1868133544921875,6.43568229675293,-0.23077011108398438,66,434,1.58203125,0.0,-51.0556640625,-47.48727035522461
41.20695937500568,1.1566329170018435,15,87513.045581375,0.2,0.1868133544921875,6.436063766479492,0.120880126953125,66,434,1.58203125,0.0,-51.0556640625,-47.48727035522461
41.238398750007036,1.1880722920031985,15,87513.076473667,0.2,0.1868133544921875,6.436063766479492,0.120880126953125,66,434,1.58203125,0.0,-51.0556640625,-47.48727035522461
41.238459333006176,1.1881328750023386,15,87513.076694542,0.2,0.1941394805908203,6.43568229675293,-0.27472686767578125,66,434,1.58203125,0.0,-51.0556640625,-47.48727035522461
41.23848262500542,1.1881561670015799,15,87513.076717459,0.2,0.1941394805908203,6.43568229675293,-0.27472686767578125,66,434,1.58203125,0.0,-50.86775588989258,-47.67518615722656
41.269876999998814,1.2195505419949768,15,87513.10497575,0.2,0.1941394805908203,6.43568229675293,-0.27472686767578125,66,434,1.58203125,0.0,-50.86775588989258,-47.67518615722656
41.269935791002354,1.219609332998516,15,87513.105113125,0.2,0.1941394805908203,6.43568229675293,-0.27472686767578125,66,434,1.58203125,0.0,-50.86775588989258,-47.67518615722656
41.26995854100096,1.2196320829971228,15,87513.1051965,0.2,0.1941394805908203,6.43568229675293,-0.27472686767578125,66,434,1.58203125,0.0,-50.86775588989258,-47.67518615722656
41.3013442500087,1.251017792004859,15,87513.135004584,0.2,0.1941394805908203,6.43568229675293,-0.27472686767578125,66,434,1.58203125,0.0,-50.94828414916992,-47.70201873779297
41.30140412499895,1.2510776669951156,15,87513.135138292,0.2,0.1941394805908203,6.43568229675293,-0.27472686767578125,66,434,1.58203125,0.0,-50.94828414916992,-47.70201873779297
41.30143083300209,1.2511043749982491,15,87513.135238,0.2,0.1941394805908203,6.43568229675293,-0.0088043212890625,66,434,1.58203125,0.0,-50.94828414916992,-47.70201873779297
41.326547250006115,1.2762207920022774,15,87513.164931,0.2,0.1941394805908203,6.43568229675293,-0.0088043212890625,66,434,1.58203125,0.0,-50.94828414916992,-47.70201873779297
41.32660075000604,1.2762742920021992,15,87513.165066792,0.2,0.1941394805908203,6.43568229675293,-0.0088043212890625,66,434,1.58203125,0.0,-50.97513198852539,-47.67518615722656
41.326633666001726,1.2763072079978883,15,87513.165199375,0.2,0.1941394805908203,6.43568229675293,-0.0088043212890625,66,434,1.58203125,0.0,-50.97513198852539,-47.67518615722656
41.35807670799841,1.3077502499945695,15,87513.196757084,0.2,0.1941394805908203,6.43568229675293,-0.0088043212890625,66,434,1.58203125,0.0,-50.465087890625,-48.077842712402344
41.35830220799835,1.3079757499945117,15,87513.19713375,0.2,0.1941394805908203,6.43568229675293,-0.0088043212890625,66,434,1.58203125,0.0,-50.465087890625,-48.077842712402344
41.35843829100486,1.3081118330010213,15,87513.197451,0.2,0.1941394805908203,6.436063766479492,0.40659332275390625,66,434,1.58203125,0.0,-50.465087890625,-48.077842712402344
41.389726541005075,1.3394000830012374,15,87513.22509775,0.2,0.1941394805908203,6.436063766479492,0.40659332275390625,66,434,1.58203125,0.0,-50.465087890625,-48.077842712402344
41.38979775000189,1.339471291998052,15,87513.225300292,0.2,0.1941394805908203,6.43568229675293,-0.010990142822265625,66,434,1.58203125,0.0,-50.465087890625,-48.077842712402344
41.389823833000264,1.3394973749964265,15,87513.225424042,0.2,0.1941394805908203,6.43568229675293,-0.010990142822265625,66,434,1.58203125,0.0,-51.24357223510742,-47.51411437988281
41.421223583005485,1.3708971250016475,15,87513.255045667,0.2,0.1941394805908203,6.43568229675293,-0.010990142822265625,66,434,1.58203125,0.0,-51.24357223510742,-47.51411437988281
41.4213657079963,1.3710392499924637,15,87513.255200459,0.2,0.1941394805908203,6.43568229675293,-0.010990142822265625,66,434,1.58203125,0.0,-51.24357223510742,-47.51411437988281
41.421405957997194,1.3710794999933569,15,87513.255311209,0.2,0.1941394805908203,6.43568229675293,-0.010990142822265625,66,434,1.58203125,0.0,-51.24357223510742,-47.51411437988281
41.45164091599872,1.4013144579948857,15,87513.28499775,0.2,0.1941394805908203,6.43568229675293,-0.010990142822265625,66,434,1.58203125,0.0,-50.81406784057617,-47.75571823120117
41.451921166008106,1.4015947080042679,15,87513.285119959,0.2,0.1941394805908203,6.43568229675293,-0.010990142822265625,66,434,1.58203125,0.0,-50.81406784057617,-47.75571823120117
41.45198845800769,1.4016620000038529,15,87513.285216834,0.2,0.1941394805908203,6.43568229675293,0.07692337036132812,66,434,1.58203125,0.0,-50.81406784057617,-47.75571823120117
41.47570354100026,1.4253770829964196,15,87513.314692,0.2,0.1941394805908203,6.43568229675293,0.07692337036132812,66,434,1.58203125,0.0,-50.81406784057617,-47.75571823120117
41.47591487500176,1.4255884169979254,15,87513.315014209,0.2,0.1941394805908203,6.43568229675293,0.07692337036132812,66,434,1.58203125,0.0,-50.81406784057617,-47.75571823120117
41.47595400000864,1.4256275420048041,15,87513.315062959,0.2,0.1941394805908203,6.43568229675293,0.07692337036132812,66,434,1.58203125,0.0,-51.08250427246094,-47.75571823120117
41.5063263750053,1.4559999170014635,15,87513.345012875,0.2,0.1941394805908203,6.43568229675293,0.07692337036132812,66,434,1.58203125,0.0,-51.08250427246094,-47.75571823120117
41.50638366599742,1.456057207993581,15,87513.345240792,0.2,0.1941394805908203,6.43568229675293,0.07692337036132812,66,434,1.58203125,0.0,-51.08250427246094,-47.75571823120117
41.506413041002816,1.456086582998978,15,87513.345337875,0.2,0.1941394805908203,6.43568229675293,0.07692337036132812,66,434,1.58203125,0.0,-51.08250427246094,-47.75571823120117
41.53760220800177,1.4872757499979343,15,87513.375033292,0.2,0.1941394805908203,6.43568229675293,0.07692337036132812,66,434,1.58203125,0.0,-50.33087158203125,-48.13153076171875
41.537678250009776,1.4873517920059385,15,87513.375181292,0.2,0.1941394805908203,6.43568229675293,0.07692337036132812,66,435,1.669921875,2.945079566538779,-50.33087158203125,-48.13153076171875
41.53771874999802,1.4873922919941833,15,87513.375277834,0.2,0.1868133544921875,6.43568229675293,-0.23077011108398438,66,435,1.669921875,2.945079566538779,-50.33087158203125,-48.13153076171875
41.567984458000865,1.5176579999970272,15,87513.405017375,0.2,0.1868133544921875,6.43568229675293,-0.23077011108398438,66,434,1.58203125,-2.946634773988499,-50.33087158203125,-48.13153076171875
41.56808845800697,1.517762000003131,15,87513.405351792,0.2,0.1868133544921875,6.436063766479492,0.07692337036132812,66,434,1.58203125,-2.946634773988499,-50.33087158203125,-48.13153076171875
41.56813695799792,1.5178104999940842,15,87513.405435917,0.2,0.1868133544921875,6.436063766479492,0.07692337036132812,66,434,1.58203125,-2.946634773988499,-51.0556640625,-47.59464645385742
41.598206708004,1.547880250000162,15,87513.435557209,0.2,0.1868133544921875,6.436063766479492,0.07692337036132812,66,434,1.58203125,-2.946634773988499,-51.0556640625,-47.59464645385742
41.59834637500171,1.5480199169978732,15,87513.435921042,0.2,0.1868133544921875,6.436063766479492,0.07692337036132812,66,434,1.58203125,-2.946634773988499,-51.0556640625,-47.59464645385742
41.59840204101056,1.548075583006721,15,87513.436170667,0.2,0.1868133544921875,6.436063766479492,0.07692337036132812,66,434,1.58203125,0.0,-51.0556640625,-47.59464645385742
41.6288342080079,1.5785077500040643,15,87513.465914709,0.2,0.1868133544921875,6.436063766479492,0.07692337036132812,66,434,1.58203125,0.0,-50.94828414916992,-47.78255081176758
41.62897841600352,1.578651957999682,15,87513.466349,0.2,0.1868133544921875,6.436063766479492,0.07692337036132812,66,434,1.58203125,0.0,-50.94828414916992,-47.78255081176758
41.62902687500173,1.57870041699789,15,87513.466793542,0.2,0.1868133544921875,6.43568229675293,0.03296661376953125,66,434,1.58203125,0.0,-50.94828414916992,-47.78255081176758
41.660206250002375,1.6098797919985373,15,87513.495001,0.2,0.1868133544921875,6.43568229675293,0.03296661376953125,66,434,1.58203125,0.0,-50.94828414916992,-47.78255081176758
41.660365290998016,1.610038832994178,15,87513.495223375,0.2,0.1868133544921875,6.43568229675293,-0.03296661376953125,66,434,1.58203125,0.0,-50.94828414916992,-47.78255081176758
41.660419416002696,1.6100929579988588,15,87513.495377792,0.2,0.1868133544921875,6.43568229675293,-0.03296661376953125,66,434,1.58203125,0.0,-50.97513198852539,-47.70201873779297
41.69094945800316,1.640622999999323,15,87513.525067292,0.2,0.1868133544921875,6.43568229675293,-0.03296661376953125,66,434,1.58203125,0.0,-50.97513198852539,-47.70201873779297
41.691110291008954,1.6407838330051163,15,87513.525211959,0.2,0.1868133544921875,6.43568229675293,-0.03296661376953125,66,434,1.58203125,0.0,-50.97513198852539,-47.70201873779297
41.69117091600492,1.6408444580010837,15,87513.525334167,0.2,0.1868133544921875,6.43568229675293,-0.03296661376953125,66,434,1.58203125,0.0,-50.97513198852539,-47.70201873779297
41.72194595800829,1.6716195000044536,15,87513.555964375,0.2,0.1868133544921875,6.43568229675293,-0.03296661376953125,66,434,1.58203125,0.0,-50.54561996459961,-47.88993453979492
41.72207333300321,1.6717468749993714,15,87513.55636,0.2,0.1868133544921875,6.43568229675293,-0.03296661376953125,66,434,1.58203125,0.0,-50.54561996459961,-47.88993453979492
41.72211637500732,1.6717899170034798,15,87513.556680792,0.2,0.1941394805908203,6.436063766479492,0.25274658203125,66,434,1.58203125,0.0,-50.54561996459961,-47.88993453979492
41.74690341600217,1.6965769579983316,15,87513.5856465,0.2,0.1941394805908203,6.436063766479492,0.25274658203125,66,434,1.58203125,0.0,-50.54561996459961,-47.88993453979492
41.74737704099971,1.697050582995871,15,87513.586437292,0.2,0.1941394805908203,6.43568229675293,-0.09889984130859375,66,434,1.58203125,0.0,-50.54561996459961,-47.88993453979492
41.74749295800575,1.697166500001913,15,87513.586504667,0.2,0.1941394805908203,6.43568229675293,-0.09889984130859375,66,434,1.58203125,0.0,-51.02881622314453,-47.621490478515625
41.77795804099878,1.7276315829949453,15,87513.616414709,0.2,0.1941394805908203,6.43568229675293,-0.09889984130859375,66,434,1.58203125,0.0,-51.02881622314453,-47.621490478515625
41.77802258300653,1.7276961250026943,15,87513.616829167,0.2,0.1941394805908203,6.43568229675293,-0.09889984130859375,66,434,1.58203125,0.0,-51.02881622314453,-47.621490478515625
41.77805458300281,1.7277281249989755,15,87513.616888125,0.2,0.1941394805908203,6.43568229675293,-0.09889984130859375,66,434,1.58203125,0.0,-51.02881622314453,-47.621490478515625
41.808521208004095,1.758194750000257,15,87513.645290209,0.2,0.1941394805908203,6.43568229675293,-0.09889984130859375,66,434,1.58203125,0.0,-51.02881622314453,-47.70201873779297
41.80866933299694,1.7583428749931045,15,87513.645549584,0.2,0.1941394805908203,6.43568229675293,-0.09889984130859375,66,434,1.58203125,0.0,-51.02881622314453,-47.70201873779297
41.808710666009574,1.7583842080057366,15,87513.645683709,0.2,0.1941394805908203,6.43568229675293,-0.20878982543945312,66,434,1.58203125,0.0,-51.02881622314453,-47.70201873779297
41.83872979100852,1.7884033330046805,15,87513.675708125,0.2,0.1941394805908203,6.43568229675293,-0.20878982543945312,66,434,1.58203125,0.0,-51.02881622314453,-47.70201873779297
41.83893495801021,1.7886085000063758,15,87513.676128334,0.2,0.1868133544921875,6.436063766479492,0.27472686767578125,66,434,1.58203125,0.0,-51.02881622314453,-47.70201873779297
41.83915408300527,1.7888276250014314,15,87513.676498459,0.2,0.1868133544921875,6.436063766479492,0.27472686767578125,66,434,1.58203125,0.0,-51.001976013183594,-47.75571823120117
41.8691629160021,1.818836457998259,15,87513.706631709,0.2,0.1868133544921875,6.436063766479492,0.27472686767578125,66,434,1.58203125,0.0,-51.001976013183594,-47.75571823120117
41.869237833001534,1.8189113749976968,15,87513.706775459,0.2,0.1868133544921875,6.436063766479492,0.27472686767578125,66,434,1.58203125,0.0,-51.001976013183594,-47.75571823120117
41.869307583008776,1.8189811250049388,15,87513.706884125,0.2,0.1868133544921875,6.436063766479492,0.27472686767578125,66,434,1.58203125,0.0,-51.001976013183594,-47.75571823120117
41.899785957997665,1.8494594999938272,15,87513.7358105,0.2,0.1868133544921875,6.436063766479492,0.27472686767578125,66,434,1.58203125,0.0,-49.686614990234375,-47.836246490478516
41.89984104099858,1.8495145829947433,15,87513.73594025,0.2,0.1868133544921875,6.436063766479492,0.27472686767578125,66,434,1.58203125,0.0,-49.686614990234375,-47.836246490478516
41.89986829100235,1.8495418329985114,15,87513.736033709,0.2,0.1941394805908203,6.436063766479492,0.14285659790039062,66,434,1.58203125,0.0,-49.686614990234375,-47.836246490478516
41.93070104099752,1.8803745829936815,15,87513.764672292,0.2,0.1941394805908203,6.436063766479492,0.14285659790039062,66,434,1.58203125,0.0,-49.686614990234375,-47.836246490478516
41.93075833300827,1.880431875004433,15,87513.76484775,0.2,0.1868133544921875,6.43568229675293,-0.2967033386230469,66,434,1.58203125,0.0,-49.686614990234375,-47.836246490478516
41.93078974999662,1.8804632919927826,15,87513.764978625,0.2,0.1868133544921875,6.43568229675293,-0.2967033386230469,66,434,1.58203125,0.0,-51.08250427246094,-47.56780242919922
41.95601783299935,1.9056913749955129,15,87513.794812709,0.2,0.1868133544921875,6.43568229675293,-0.2967033386230469,66,434,1.58203125,0.0,-51.08250427246094,-47.56780242919922
41.9561378750077,1.9058114170038607,15,87513.794996667,0.2,0.1868133544921875,6.43568229675293,-0.2967033386230469,66,434,1.58203125,0.0,-51.08250427246094,-47.56780242919922
41.95617416599998,1.905847707996145,15,87513.795151709,0.2,0.1868133544921875,6.43568229675293,-0.2967033386230469,66,434,1.58203125,0.0,-51.08250427246094,-47.56780242919922
41.98777983299806,1.9374533749942202,15,87513.825355125,0.2,0.1868133544921875,6.43568229675293,-0.2967033386230469,66,434,1.58203125,0.0,-51.16303634643555,-47.59464645385742
41.98788762500044,1.937561166996602,15,87513.825665792,0.2,0.1868133544921875,6.43568229675293,-0.2967033386230469,66,434,1.58203125,0.0,-51.16303634643555,-47.59464645385742
41.98793737500091,1.9376109169970732,15,87513.825710417,0.2,0.1941394805908203,6.43568229675293,-0.16483688354492188,66,434,1.58203125,0.0,-51.16303634643555,-47.59464645385742
42.0192073329963,1.9688808749924647,15,87513.856643584,0.2,0.1941394805908203,6.43568229675293,-0.16483688354492188,66,434,1.58203125,0.0,-51.16303634643555,-47.59464645385742
42.01928187500744,1.968955417003599,15,87513.856825917,0.2,0.1941394805908203,6.43568229675293,-0.16483688354492188,66,434,1.58203125,0.0,-51.16303634643555,-47.59464645385742
42.01931591599714,1.9689894579933025,15,87513.856916834,0.2,0.1941394805908203,6.43568229675293,-0.16483688354492188,66,434,1.58203125,0.0,-50.97513198852539,-47.70201873779297
42.050815750000766,2.000489291996928,15,87513.884395709,0.2,0.1941394805908203,6.43568229675293,-0.16483688354492188,66,434,1.58203125,0.0,-50.97513198852539,-47.70201873779297
42.05094666600053,2.0006202079966897,15,87513.884546209,0.2,0.1941394805908203,6.43568229675293,-0.16483688354492188,66,434,1.58203125,0.0,-50.97513198852539,-47.70201873779297
42.050992582997424,2.000666124993586,15,87513.886024209,0.2,0.1941394805908203,6.43568229675293,-0.16483688354492188,66,434,1.58203125,0.0,-50.97513198852539,-47.70201873779297
42.08155291600269,2.031226457998855,15,87513.916324459,0.2,0.1941394805908203,6.43568229675293,-0.16483688354492188,66,434,1.58203125,0.0,-50.411399841308594,-48.15837478637695
42.08174029100337,2.031413832999533,15,87513.916521084,0.2,0.1941394805908203,6.43568229675293,-0.16483688354492188,66,434,1.58203125,0.0,-50.411399841308594,-48.15837478637695
42.08179283300706,2.0314663750032196,15,87513.916689459,0.2,0.1941394805908203,6.43568229675293,-0.14285659790039062,66,434,1.58203125,0.0,-50.411399841308594,-48.15837478637695
42.11227037500066,2.0619439169968246,15,87513.946145959,0.2,0.1941394805908203,6.43568229675293,-0.14285659790039062,66,435,1.669921875,2.9667053575002265,-50.411399841308594,-48.15837478637695
42.11241745800362,2.062090999999782,15,87513.946268709,0.2,0.1941394805908203,6.43568229675293,-0.23077011108398438,66,435,1.669921875,2.9667053575002265,-50.411399841308594,-48.15837478637695
42.11246150000079,2.062135041996953,15,87513.946375292,0.2,0.1941394805908203,6.43568229675293,-0.23077011108398438,66,435,1.669921875,2.9667053575002265,-51.0556640625,-47.78255081176758
42.17291491600918,2.122588458005339,15,87514.006946084,0.2,0.1941394805908203,6.43568229675293,-0.23077011108398438,66,435,1.669921875,2.9667053575002265,-51.0556640625,-47.78255081176758
42.17307170800632,2.122745250002481,15,87514.007413375,0.2,0.1941394805908203,6.43568229675293,-0.23077011108398438,66,435,1.669921875,2.9667053575002265,-51.0556640625,-47.78255081176758
42.17312704100914,2.1228005830053007,15,87514.007831375,0.2,0.1941394805908203,6.43568229675293,-0.23077011108398438,66,434,1.58203125,-1.4249972640905904,-51.0556640625,-47.78255081176758
42.17318141600117,2.1228549579973333,15,87514.007900917,0.2,0.1941394805908203,6.43568229675293,-0.23077011108398438,66,434,1.58203125,-1.4249972640905904,-50.840911865234375,-47.78255081176758
42.19717358300113,2.1468471249972936,15,87514.036140042,0.2,0.1941394805908203,6.436063766479492,0.09889984130859375,66,434,1.58203125,-1.4249972640905904,-50.840911865234375,-47.78255081176758
42.20332554100605,2.1529990830022143,15,87514.036855834,0.2,0.1941394805908203,6.436063766479492,0.09889984130859375,66,434,1.58203125,-1.4249972640905904,-51.0556640625,-47.67518615722656
42.20346050000808,2.1531340420042397,15,87514.036936875,0.2,0.1941394805908203,6.436063766479492,0.09889984130859375,66,434,1.58203125,0.0,-51.0556640625,-47.67518615722656
42.23311500001,2.182788542006165,15,87514.066205709,0.2,0.1941394805908203,6.436063766479492,0.09889984130859375,66,434,1.58203125,0.0,-50.840911865234375,-47.78255081176758
42.23323095800879,2.182904500004952,15,87514.066963792,0.2,0.1941394805908203,6.436063766479492,0.09889984130859375,66,434,1.58203125,0.0,-50.840911865234375,-47.78255081176758
42.23327904100006,2.182952582996222,15,87514.067027042,0.2,0.1868133544921875,6.436063766479492,0.120880126953125,66,434,1.58203125,0.0,-50.840911865234375,-47.78255081176758
42.257675291009946,2.207348833006108,15,87514.095974667,0.2,0.1868133544921875,6.436063766479492,0.120880126953125,66,434,1.58203125,0.0,-50.840911865234375,-47.78255081176758
42.25778475000698,2.207458292003139,15,87514.096529459,0.2,0.1941394805908203,6.43568229675293,-0.16483688354492188,66,434,1.58203125,0.0,-50.840911865234375,-47.78255081176758
42.2578346250084,2.207508167004562,15,87514.096737167,0.2,0.1941394805908203,6.43568229675293,-0.16483688354492188,66,434,1.58203125,0.0,-51.431488037109375,-47.540958404541016
42.287851415996556,2.2375249579927186,15,87514.126934667,0.2,0.1941394805908203,6.43568229675293,-0.16483688354492188,66,434,1.58203125,0.0,-51.431488037109375,-47.540958404541016
42.294403375010006,2.2440769170061685,15,87514.127462917,0.2,0.1941394805908203,6.43568229675293,-0.16483688354492188,66,434,1.58203125,0.0,-51.431488037109375,-47.540958404541016
42.29453758300224,2.244211124998401,15,87514.127658167,0.2,0.1941394805908203,6.43568229675293,-0.16483688354492188,66,434,1.58203125,0.0,-51.431488037109375,-47.540958404541016
42.31836841600307,2.2680419579992304,15,87514.155842209,0.2,0.1941394805908203,6.43568229675293,-0.16483688354492188,66,434,1.58203125,0.0,-50.97513198852539,-47.88993453979492
42.31868116599799,2.268354707994149,15,87514.156215709,0.2,0.1941394805908203,6.43568229675293,-0.16483688354492188,66,434,1.58203125,0.0,-50.97513198852539,-47.88993453979492
42.31877762499789,2.268451166994055,15,87514.156485917,0.2,0.1941394805908203,6.43568229675293,-0.010990142822265625,66,434,1.58203125,0.0,-50.97513198852539,-47.88993453979492
42.350017375007155,2.2996909170033177,15,87514.1851085,0.2,0.1941394805908203,6.43568229675293,-0.010990142822265625,66,434,1.58203125,0.0,-50.97513198852539,-47.88993453979492
42.350124415999744,2.2997979579959065,15,87514.185399042,0.2,0.1941394805908203,6.436063766479492,0.40659332275390625,66,434,1.58203125,0.0,-50.97513198852539,-47.88993453979492
42.35015879099956,2.29983233299572,15,87514.185530084,0.2,0.1941394805908203,6.436063766479492,0.40659332275390625,66,434,1.58203125,0.0,-50.94828414916992,-47.836246490478516
42.381670500006294,2.3313440420024563,15,87514.215703834,0.2,0.1941394805908203,6.436063766479492,0.40659332275390625,66,434,1.58203125,0.0,-50.94828414916992,-47.836246490478516
42.38182424999832,2.3314977919944795,15,87514.216680209,0.2,0.1941394805908203,6.436063766479492,0.40659332275390625,66,434,1.58203125,0.0,-50.94828414916992,-47.836246490478516
42.381877958003315,2.3315514999994775,15,87514.216766375,0.2,0.1941394805908203,6.436063766479492,0.40659332275390625,66,434,1.58203125,0.0,-50.94828414916992,-47.836246490478516
42.41253216601035,2.3622057080065133,15,87514.245605959,0.2,0.1941394805908203,6.436063766479492,0.40659332275390625,66,434,1.58203125,0.0,-50.894596099853516,-47.75571823120117
42.412716582999565,2.362390124995727,15,87514.246075459,0.2,0.1941394805908203,6.436063766479492,0.40659332275390625,66,434,1.58203125,0.0,-50.894596099853516,-47.75571823120117
42.413007374998415,2.3626809169945773,15,87514.246531625,0.2,0.1868133544921875,6.43568229675293,-0.09889984130859375,66,434,1.58203125,0.0,-50.894596099853516,-47.75571823120117
42.44259674999921,2.3922702919953736,15,87514.275769625,0.2,0.1868133544921875,6.43568229675293,-0.09889984130859375,66,434,1.58203125,0.0,-50.894596099853516,-47.75571823120117
42.44286004100286,2.3925335829990217,15,87514.27588275,0.2,0.1868133544921875,6.43568229675293,-0.09889984130859375,66,434,1.58203125,0.0,-50.894596099853516,-47.75571823120117
42.44291008300206,2.392583624998224,15,87514.27627875,0.2,0.1868133544921875,6.43568229675293,-0.09889984130859375,66,434,1.58203125,0.0,-51.29726791381836,-47.64833068847656
42.47302141600812,2.4226949580042856,15,87514.306142542,0.2,0.1868133544921875,6.43568229675293,-0.09889984130859375,66,434,1.58203125,0.0,-51.29726791381836,-47.64833068847656
42.47318154100503,2.4228550830011955,15,87514.306698709,0.2,0.1868133544921875,6.43568229675293,-0.09889984130859375,66,434,1.58203125,0.0,-51.29726791381836,-47.64833068847656
42.47324154099624,2.4229150829924038,15,87514.306801584,0.2,0.1868133544921875,6.43568229675293,-0.09889984130859375,66,434,1.58203125,0.0,-51.29726791381836,-47.64833068847656
42.49886620799953,2.448539749995689,15,87514.335203875,0.2,0.1868133544921875,6.43568229675293,-0.09889984130859375,66,434,1.58203125,0.0,-51.16303634643555,-47.78255081176758
42.49895287500112,2.4486264169972856,15,87514.335429584,0.2,0.1868133544921875,6.43568229675293,-0.09889984130859375,66,434,1.58203125,0.0,-51.16303634643555,-47.78255081176758
42.498989250001614,2.4486627919977764,15,87514.335487709,0.2,0.1868133544921875,6.43568229675293,-0.5164833068847656,66,434,1.58203125,0.0,-51.16303634643555,-47.78255081176758
42.5309238750051,2.4805974170012632,15,87514.364663167,0.2,0.1868133544921875,6.43568229675293,-0.5164833068847656,66,434,1.58203125,0.0,-51.16303634643555,-47.78255081176758
42.53109454100195,2.480768082998111,15,87514.364814209,0.2,0.1941394805908203,6.436063766479492,0.14285659790039062,66,434,1.58203125,0.0,-51.16303634643555,-47.78255081176758
42.531158666010015,2.480832208006177,15,87514.364909959,0.2,0.1941394805908203,6.436063766479492,0.14285659790039062,66,434,1.58203125,0.0,-51.001976013183594,-47.86308670043945
42.56208691600477,2.5117604580009356,15,87514.39494,0.2,0.1941394805908203,6.436063766479492,0.14285659790039062,66,434,1.58203125,0.0,-51.001976013183594,-47.86308670043945
42.5622645830008,2.5119381249969592,15,87514.395051834,0.2,0.1941394805908203,6.436063766479492,0.14285659790039062,66,434,1.58203125,0.0,-51.001976013183594,-47.86308670043945
42.56229345800239,2.511966999998549,15,87514.396198417,0.2,0.1941394805908203,6.436063766479492,0.14285659790039062,66,434,1.58203125,0.0,-51.001976013183594,-47.86308670043945
42.58703704099753,2.536710582993692,15,87514.425132959,0.2,0.1941394805908203,6.436063766479492,0.14285659790039062,66,434,1.58203125,0.0,-51.001976013183594,-47.86308670043945
42.5871343750041,2.53680791700026,15,87514.425266417,0.2,0.1941394805908203,6.436063766479492,0.14285659790039062,66,434,1.58203125,0.0,-51.001976013183594,-47.86308670043945
42.5871715000103,2.536845042006462,15,87514.425368209,0.2,0.1868133544921875,6.43568229675293,-0.40659332275390625,66,434,1.58203125,0.0,-51.001976013183594,-47.86308670043945
42.61743112500699,2.56710466700315,15,87514.455458,0.2,0.1868133544921875,6.43568229675293,-0.40659332275390625,66,49842,24.08203125,745.8882909931613,-51.001976013183594,-47.86308670043945
42.6175543749996,2.567227916995762,15,87514.456171209,0.2,0.1868133544921875,6.43568229675293,-0.09889984130859375,66,49842,24.08203125,745.8882909931613,-51.001976013183594,-47.86308670043945
42.61759691601037,2.567270458006533,15,87514.456402042,0.2,0.1868133544921875,6.43568229675293,-0.09889984130859375,66,49842,24.08203125,745.8882909931613,-51.35094451904297,-47.59464645385742
42.64694329100894,2.5966168330051005,15,87514.485650042,0.2,0.1868133544921875,6.43568229675293,-0.09889984130859375,66,49842,24.08203125,745.8882909931613,-51.35094451904297,-47.59464645385742
42.64701966600842,2.596693208004581,15,87514.48577575,0.2,0.1868133544921875,6.43568229675293,-0.09889984130859375,66,49842,24.08203125,745.8882909931613,-51.35094451904297,-47.59464645385742
42.64705183300248,2.596725374998641,15,87514.485853417,0.2,0.1868133544921875,6.43568229675293,-0.09889984130859375,66,434,1.58203125,-739.615599549522,-51.35094451904297,-47.59464645385742
42.67817441599618,2.627847957992344,15,87514.515683334,0.2,0.1868133544921875,6.43568229675293,-0.09889984130859375,66,434,1.58203125,-739.615599549522,-51.001976013183594,-47.836246490478516
42.678270500007784,2.6279440420039464,15,87514.516017542,0.2,0.1868133544921875,6.43568229675293,-0.09889984130859375,66,434,1.58203125,0.0,-51.001976013183594,-47.836246490478516
42.67830583300383,2.6279793749999953,15,87514.516058834,0.2,0.1868133544921875,6.436063766479492,0.20878982543945312,66,434,1.58203125,0.0,-51.001976013183594,-47.836246490478516
42.70936070800235,2.6590342499985127,15,87514.546569917,0.2,0.1868133544921875,6.436063766479492,0.20878982543945312,66,434,1.58203125,0.0,-51.001976013183594,-47.836246490478516
42.70950612500019,2.6591796669963514,15,87514.546957917,0.2,0.1941394805908203,6.43568229675293,-0.010990142822265625,66,434,1.58203125,0.0,-51.001976013183594,-47.836246490478516
42.738994333005394,2.6886678750015562,15,87514.576928917,0.2,0.1941394805908203,6.43568229675293,-0.010990142822265625,66,434,1.58203125,0.0,-50.921443939208984,-47.94362258911133
42.769833541009575,2.7195070830057375,15,87514.606306459,0.2,0.1941394805908203,6.43568229675293,-0.010990142822265625,66,434,1.58203125,0.0,-50.921443939208984,-47.94362258911133
42.769971750007244,2.719645292003406,15,87514.606700959,0.2,0.1941394805908203,6.43568229675293,-0.010990142822265625,66,434,1.58203125,0.0,-50.921443939208984,-47.94362258911133
42.770022249998874,2.7196957919950364,15,87514.606770959,0.2,0.1941394805908203,6.43568229675293,-0.010990142822265625,66,434,1.58203125,0.0,-50.921443939208984,-47.94362258911133
42.77005645800091,2.719729999997071,15,87514.607029584,0.2,0.1941394805908203,6.43568229675293,-0.010990142822265625,66,434,1.58203125,0.0,-50.97513198852539,-47.836246490478516
42.826677416000166,2.7763509579963284,15,87514.665621084,0.2,0.1868133544921875,6.436063766479492,0.09889984130859375,66,434,1.58203125,0.0,-50.97513198852539,-47.836246490478516
42.83243362500798,2.782107167004142,15,87514.666485375,0.2,0.1868133544921875,6.436063766479492,0.09889984130859375,66,434,1.58203125,0.0,-50.94828414916992,-48.02415466308594
42.83256466600869,2.7822382080048556,15,87514.666610584,0.2,0.1868133544921875,6.436063766479492,0.09889984130859375,66,434,1.58203125,0.0,-50.94828414916992,-48.02415466308594
42.83262616599677,2.7822997079929337,15,87514.667023042,0.2,0.1868133544921875,6.436063766479492,0.09889984130859375,66,434,1.58203125,0.0,-50.54561996459961,-47.836246490478516
42.85726037500717,2.8069339170033345,15,87514.695488834,0.2,0.1941394805908203,6.43568229675293,0.0549468994140625,66,434,1.58203125,0.0,-50.54561996459961,-47.836246490478516
42.857443750006496,2.8071172920026584,15,87514.696053084,0.2,0.1941394805908203,6.43568229675293,0.0549468994140625,66,434,1.58203125,0.0,-51.08250427246094,-47.86308670043945
42.85751054099819,2.807184082994354,15,87514.696149834,0.2,0.1941394805908203,6.43568229675293,0.0549468994140625,66,434,1.58203125,0.0,-51.08250427246094,-47.86308670043945
42.88907908300462,2.8387526250007795,15,87514.725800584,0.2,0.1941394805908203,6.43568229675293,0.0549468994140625,66,434,1.58203125,0.0,-51.24357223510742,-47.836246490478516
42.88923995800724,2.8389135000034003,15,87514.726140167,0.2,0.1941394805908203,6.43568229675293,0.0549468994140625,66,434,1.58203125,0.0,-51.24357223510742,-47.836246490478516
42.88929954099876,2.838973082994926,15,87514.726313125,0.2,0.1868133544921875,6.436063766479492,0.120880126953125,66,434,1.58203125,0.0,-51.24357223510742,-47.836246490478516
42.91865870800393,2.868332250000094,15,87514.75721075,0.2,0.1868133544921875,6.436063766479492,0.120880126953125,66,434,1.58203125,0.0,-51.24357223510742,-47.836246490478516
42.91887662500085,2.868550166997011,15,87514.757686084,0.2,0.1868133544921875,6.436063766479492,0.14285659790039062,66,434,1.58203125,0.0,-51.24357223510742,-47.836246490478516
42.91895916601061,2.8686327080067713,15,87514.75779075,0.2,0.1868133544921875,6.436063766479492,0.14285659790039062,66,434,1.58203125,0.0,-50.97513198852539,-47.836246490478516
42.94958820800821,2.8992617500043707,15,87514.785143,0.2,0.1868133544921875,6.436063766479492,0.14285659790039062,66,434,1.58203125,0.0,-50.97513198852539,-47.836246490478516
42.94974362500943,2.899417167005595,15,87514.786020084,0.2,0.1868133544921875,6.436063766479492,0.14285659790039062,66,434,1.58203125,0.0,-50.97513198852539,-47.836246490478516
42.9497970000084,2.8994705420045648,15,87514.786115875,0.2,0.1868133544921875,6.436063766479492,0.14285659790039062,66,434,1.58203125,0.0,-50.97513198852539,-47.836246490478516
42.97957020800095,2.929243749997113,15,87514.815978625,0.2,0.1868133544921875,6.436063766479492,0.14285659790039062,66,434,1.58203125,0.0,-51.02881622314453,-57.17518615722656
42.97971520799911,2.929388749995269,15,87514.816916417,0.2,0.1868133544921875,6.436063766479492,0.14285659790039062,66,434,1.58203125,0.0,-51.02881622314453,-57.17518615722656
42.97976708300121,2.929440624997369,15,87514.817218625,0.2,0.1941394805908203,6.43568229675293,0.07692337036132812,66,434,1.58203125,0.0,-51.02881622314453,-57.17518615722656
43.01067079100176,2.96034433299792,15,87514.845190584,0.2,0.1941394805908203,6.43568229675293,0.07692337036132812,66,434,1.58203125,0.0,-51.02881622314453,-57.17518615722656
43.01080054100021,2.9604740829963703,15,87514.84562425,0.2,0.1941394805908203,6.43568229675293,-0.120880126953125,66,434,1.58203125,0.0,-51.02881622314453,-57.17518615722656
43.04191300000821,2.99158654200437,15,87514.875430375,0.2,0.1941394805908203,6.43568229675293,-0.120880126953125,66,434,1.58203125,0.0,-50.94828414916992,-47.78255081176758
43.04204404100892,2.9917175830050837,15,87514.875888125,0.2,0.1941394805908203,6.43568229675293,-0.120880126953125,66,434,1.58203125,0.0,-50.94828414916992,-47.78255081176758
43.04210241600231,2.9917759579984704,15,87514.875959334,0.2,0.1941394805908203,6.43568229675293,-0.120880126953125,66,434,1.58203125,0.0,-50.94828414916992,-47.78255081176758
43.042146958003286,2.9918204999994487,15,87514.876019834,0.2,0.1941394805908203,6.43568229675293,-0.120880126953125,66,434,1.58203125,0.0,-50.94828414916992,-47.78255081176758
43.07225008300156,0.018138999992515892,16,87514.906691917,0.1,0.1941394805908203,6.43568229675293,-0.120880126953125,66,434,1.58203125,0.0,-51.18988037109375,-47.80940628051758
43.072403124999255,0.018292041990207508,16,87514.907134584,0.1,0.1941394805908203,6.43568229675293,-0.120880126953125,66,434,1.58203125,0.0,-51.18988037109375,-47.80940628051758
43.07248945800529,0.01837837499624584,16,87514.907262084,0.1,0.1941394805908203,6.436063766479492,0.23077011108398438,66,434,1.58203125,0.0,-51.18988037109375,-47.80940628051758
43.09788404100982,0.04377295800077263,16,87514.936863209,0.1,0.1941394805908203,6.436063766479492,0.23077011108398438,66,434,1.58203125,0.0,-51.18988037109375,-47.80940628051758
43.10441279099905,0.05030170799000189,16,87514.937519625,0.1,0.1941394805908203,6.43568229675293,-0.120880126953125,66,434,1.58203125,0.0,-51.18988037109375,-47.80940628051758
43.10451554101019,0.050404458001139574,16,87514.937585709,0.1,0.1941394805908203,6.43568229675293,-0.120880126953125,66,434,1.58203125,0.0,-51.136192321777344,-47.80940628051758
43.12785866600461,0.07374758299556561,16,87514.966975542,0.1,0.1941394805908203,6.43568229675293,-0.120880126953125,66,434,1.58203125,0.0,-51.136192321777344,-47.80940628051758
43.128128833006485,0.07401774999743793,16,87514.967262084,0.1,0.1941394805908203,6.43568229675293,-0.120880126953125,66,434,1.58203125,0.0,-51.136192321777344,-47.80940628051758
43.158807500003604,0.10469641699455678,16,87514.99660875,0.1,0.1941394805908203,6.43568229675293,-0.120880126953125,66,434,1.58203125,0.0,-51.136192321777344,-47.80940628051758
43.15888362500118,0.10477254199213348,16,87514.996779417,0.1,0.1941394805908203,6.43568229675293,-0.120880126953125,66,434,1.58203125,0.0,-51.136192321777344,-47.70201873779297
43.158912750004674,0.10480166699562687,16,87514.996938084,0.1,0.1941394805908203,6.43568229675293,-0.120880126953125,66,434,1.58203125,0.0,-51.136192321777344,-47.70201873779297
43.1900095410092,0.1358984580001561,16,87515.026419542,0.1,0.1941394805908203,6.43568229675293,-0.120880126953125,66,434,1.58203125,0.0,-50.54561996459961,-47.88993453979492
43.19010395799705,0.1359928749880055,16,87515.026599375,0.1,0.1941394805908203,6.43568229675293,-0.120880126953125,66,434,1.58203125,0.0,-50.54561996459961,-47.88993453979492
43.190138083009515,0.13602700000046752,16,87515.026710875,0.1,0.1941394805908203,6.43568229675293,-0.120880126953125,66,434,1.58203125,0.0,-50.54561996459961,-47.88993453979492
43.22125970800698,0.16714862499793526,16,87515.055154792,0.1,0.1941394805908203,6.43568229675293,-0.120880126953125,66,434,1.58203125,0.0,-50.54561996459961,-47.88993453979492
43.22136858300655,0.16725749999750406,16,87515.055436875,0.1,0.1868133544921875,6.43568229675293,0.03296661376953125,66,434,1.58203125,0.0,-50.54561996459961,-47.88993453979492
43.22140770799888,0.1672966249898309,16,87515.055726042,0.1,0.1868133544921875,6.43568229675293,0.03296661376953125,66,434,1.58203125,0.0,-50.894596099853516,-47.88993453979492
43.25074200000381,0.19663091699476354,16,87515.086953375,0.1,0.1868133544921875,6.43568229675293,0.03296661376953125,66,434,1.58203125,0.0,-50.894596099853516,-47.88993453979492
43.25087162500131,0.196760541992262,16,87515.0873745,0.1,0.1868133544921875,6.43568229675293,0.03296661376953125,66,434,1.58203125,0.0,-50.894596099853516,-47.88993453979492
43.250934083000175,0.1968229999911273,16,87515.087456459,0.1,0.1868133544921875,6.43568229675293,0.03296661376953125,66,434,1.58203125,0.0,-50.894596099853516,-47.88993453979492
43.28185604100872,0.22774495799967553,16,87515.118079417,0.1,0.1868133544921875,6.43568229675293,0.03296661376953125,66,434,1.58203125,0.0,-50.78722381591797,-47.138301849365234
43.28205379100109,0.22794270799204241,16,87515.118368167,0.1,0.1868133544921875,6.43568229675293,0.03296661376953125,66,434,1.58203125,0.0,-50.78722381591797,-47.138301849365234
43.28212225000607,0.22801116699702106,16,87515.1185325,0.1,0.1941394805908203,6.436063766479492,0.1868133544921875,66,434,1.58203125,0.0,-50.78722381591797,-47.138301849365234
43.313158333010506,0.25904725000145845,16,87515.146556125,0.1,0.1941394805908203,6.436063766479492,0.1868133544921875,66,434,1.58203125,0.0,-50.78722381591797,-47.138301849365234
43.31327924999641,0.2591681669873651,16,87515.146887292,0.1,0.09890079498291016,6.431486129760742,-0.5384597778320312,66,434,1.58203125,0.0,-50.78722381591797,-47.138301849365234
43.31332362499961,0.2592125419905642,16,87515.146943542,0.1,0.09890079498291016,6.431486129760742,-0.5384597778320312,66,434,1.58203125,0.0,-50.59931564331055,-42.68217468261719
43.337785583004006,0.28367449999495875,16,87515.176664917,0.1,0.09890079498291016,6.431486129760742,-0.5384597778320312,66,434,1.58203125,0.0,-50.59931564331055,-42.68217468261719
43.337944208004046,0.2838331249949988,16,87515.176913667,0.1,0.09890079498291016,6.431486129760742,-0.5384597778320312,66,434,1.58203125,0.0,-50.59931564331055,-42.68217468261719
43.33817745800479,0.2840663749957457,16,87515.177271542,0.1,0.09890079498291016,6.431486129760742,-0.5384597778320312,66,434,1.58203125,0.0,-50.59931564331055,-42.68217468261719
43.39814704100718,0.34403595799813047,16,87515.23572825,0.1,0.09890079498291016,6.431486129760742,-0.5384597778320312,66,434,1.58203125,0.0,-50.94828414916992,-41.31312561035156
43.39830241599702,0.34419133298797533,16,87515.236030417,0.1,0.09890079498291016,6.431486129760742,-0.5384597778320312,66,434,1.58203125,0.0,-50.94828414916992,-41.31312561035156
43.39836166599707,0.3442505829880247,16,87515.236197667,0.1,0.09890079498291016,6.404020309448242,-0.34066009521484375,66,434,1.58203125,0.0,-50.94828414916992,-41.31312561035156
43.398410333000356,0.3442992499913089,16,87515.236525209,0.1,0.09890079498291016,6.404020309448242,-0.34066009521484375,66,434,1.58203125,0.0,-50.94828414916992,-41.31312561035156
43.42951191600878,0.3754008329997305,16,87515.266686,0.1,0.09890079498291016,6.404020309448242,-0.34066009521484375,66,433,1.494140625,-2.867366157350663,-50.94828414916992,-41.31312561035156
43.42963354100357,0.37552245799452066,16,87515.267099125,0.1,0.09890079498291016,6.389142990112305,-0.5604400634765625,66,433,1.494140625,-2.867366157350663,-50.94828414916992,-41.31312561035156
43.42968654099968,0.3755754579906352,16,87515.267315334,0.1,0.09890079498291016,6.389142990112305,-0.5604400634765625,66,433,1.494140625,-2.867366157350663,-50.411399841308594,-34.44103240966797
43.49099337500229,0.4368822919932427,16,87515.325969667,0.1,0.09890079498291016,6.389142990112305,-0.5604400634765625,66,433,1.494140625,-2.867366157350663,-50.411399841308594,-34.44103240966797
43.491185916005634,0.43707483299658634,16,87515.326561667,0.1,0.09890079498291016,6.389142990112305,-0.5604400634765625,66,433,1.494140625,-2.867366157350663,-50.411399841308594,-34.44103240966797
43.491281583003,0.43717049999395385,16,87515.327016625,0.1,0.09890079498291016,6.389142990112305,-0.5604400634765625,66,433,1.494140625,0.0,-50.411399841308594,-34.44103240966797
43.49135720799677,0.4372461249877233,16,87515.327424667,0.1,0.09890079498291016,6.389142990112305,-0.5604400634765625,66,433,1.494140625,0.0,-50.14296340942383,-34.41419219970703
43.51681291600107,0.4627018329920247,16,87515.355725292,0.1,0.09157466888427734,6.36091423034668,0.29670557379722595,66,433,1.494140625,0.0,-50.14296340942383,-34.41419219970703
43.517363791004755,0.46325270799570717,16,87515.356355917,0.1,0.09157466888427734,6.36091423034668,0.29670557379722595,66,433,1.494140625,0.0,-50.35771942138672,-34.6826286315918
43.51743816600356,0.4633270829945104,16,87515.356430709,0.1,0.09157466888427734,6.36091423034668,0.29670557379722595,66,432,1.40625,-2.9867721835116554,-50.35771942138672,-34.6826286315918
43.54889745800756,0.49478637499851175,16,87515.38545575,0.1,0.09157466888427734,6.36091423034668,0.29670557379722595,66,432,1.40625,-2.9867721835116554,-49.686614990234375,-35.43425750732422
43.5490021250007,0.4948910419916501,16,87515.38589525,0.1,0.09157466888427734,6.36091423034668,0.29670557379722595,66,432,1.40625,0.0,-49.686614990234375,-35.43425750732422
43.54903195799852,0.4949208749894751,16,87515.386035042,0.1,0.09157466888427734,6.360532760620117,-0.34066009521484375,66,432,1.40625,0.0,-49.686614990234375,-35.43425750732422
43.579627583007095,0.525516499998048,16,87515.416722459,0.1,0.09157466888427734,6.360532760620117,-0.34066009521484375,66,433,1.494140625,2.8516782260300255,-49.686614990234375,-35.43425750732422
43.57972504101053,0.525613958001486,16,87515.417076334,0.1,0.09157466888427734,6.360532760620117,0.010990142822265625,66,433,1.494140625,2.8516782260300255,-49.686614990234375,-35.43425750732422
43.579765916001634,0.5256548329925863,16,87515.417114459,0.1,0.09157466888427734,6.360532760620117,0.010990142822265625,66,433,1.494140625,2.8516782260300255,-50.51878356933594,-34.70947265625
43.61174458300229,0.5576334999932442,16,87515.446701917,0.1,0.09157466888427734,6.360532760620117,0.010990142822265625,66,433,1.494140625,2.8516782260300255,-50.51878356933594,-34.70947265625
43.61189237500366,0.5577812919946155,16,87515.446815042,0.1,0.09157466888427734,6.360532760620117,0.010990142822265625,66,433,1.494140625,2.8516782260300255,-50.51878356933594,-34.70947265625
43.61194716600585,0.5578360829968005,16,87515.44718075,0.1,0.09157466888427734,6.360532760620117,0.010990142822265625,66,432,1.40625,-2.885396661410994,-50.51878356933594,-34.70947265625
43.642659666002146,0.5885485829930985,16,87515.477041125,0.1,0.09157466888427734,6.360532760620117,0.010990142822265625,66,432,1.40625,-2.885396661410994,-50.35771942138672,-35.03159713745117
43.642826416005846,0.5887153329967987,16,87515.477507875,0.1,0.09157466888427734,6.360532760620117,0.010990142822265625,66,433,1.494140625,2.898193793403069,-50.35771942138672,-35.03159713745117
43.642881749998196,0.5887706669891486,16,87515.477803584,0.1,0.09890079498291016,6.360532760620117,0.010990142822265625,66,433,1.494140625,2.898193793403069,-50.35771942138672,-35.03159713745117
43.66848866600776,0.6143775829987135,16,87515.506651042,0.1,0.09890079498291016,6.360532760620117,0.010990142822265625,66,433,1.494140625,0.0,-50.35771942138672,-35.03159713745117
43.66858112500631,0.6144700419972651,16,87515.506816167,0.1,0.09890079498291016,6.360532760620117,0.27472686767578125,66,433,1.494140625,0.0,-50.35771942138672,-35.03159713745117
43.66861870800494,0.6145076249958947,16,87515.506930667,0.1,0.09890079498291016,6.360532760620117,0.27472686767578125,66,433,1.494140625,0.0,-50.35771942138672,-35.03159713745117
43.70003241600352,0.645921332994476,16,87515.536170209,0.1,0.09890079498291016,6.360532760620117,0.27472686767578125,66,433,1.494140625,0.0,-50.35771942138672,-35.03159713745117
43.73056966600416,0.6764585829951102,16,87515.566173042,0.1,0.09890079498291016,6.360532760620117,0.27472686767578125,66,433,1.494140625,0.0,-50.35771942138672,-35.03159713745117
43.73067204099789,0.6765609579888405,16,87515.566559959,0.1,0.09890079498291016,6.360532760620117,0.27472686767578125,66,433,1.494140625,0.0,-50.35771942138672,-35.03159713745117
43.73099633300444,0.6768852499953937,16,87515.566631959,0.1,0.09890079498291016,6.360532760620117,0.27472686767578125,66,433,1.494140625,0.0,-50.411399841308594,1000.0
43.731105583006865,0.6769944999978179,16,87515.566902792,0.1,0.09890079498291016,6.360532760620117,0.27472686767578125,66,433,1.494140625,0.0,-50.411399841308594,1000.0
43.761596583004575,0.7074854999955278,16,87515.597219709,0.1,0.09890079498291016,6.360532760620117,0.27472686767578125,66,433,1.494140625,0.0,-50.491939544677734,-34.977909088134766
43.761758833003114,0.7076477499940665,16,87515.597313,0.1,0.09890079498291016,6.360532760620117,0.27472686767578125,66,433,1.494140625,0.0,-50.491939544677734,-34.977909088134766
43.76181104099669,0.7076999579876428,16,87515.597706625,0.1,0.09157466888427734,6.360532760620117,-0.09889984130859375,66,433,1.494140625,0.0,-50.491939544677734,-34.977909088134766
43.792043833003845,0.7379327499947976,16,87515.626395042,0.1,0.09157466888427734,6.360532760620117,-0.09889984130859375,66,432,1.40625,-3.024024464343958,-50.491939544677734,-34.977909088134766
43.79219783299777,0.7380867499887245,16,87515.626969292,0.1,0.09157466888427734,6.360151290893555,0.010990142822265625,66,432,1.40625,-3.024024464343958,-50.491939544677734,-34.977909088134766
43.79224837500078,0.738137291991734,16,87515.627149792,0.1,0.09157466888427734,6.360151290893555,0.010990142822265625,66,432,1.40625,-3.024024464343958,-50.411399841308594,-35.085289001464844
43.84785408299649,0.7937429999874439,16,87515.686953625,0.1,0.09157466888427734,6.360151290893555,0.010990142822265625,66,432,1.40625,-3.024024464343958,-50.411399841308594,-35.085289001464844
43.854447625009925,0.8003365420008777,16,87515.687647125,0.1,0.09157466888427734,6.360151290893555,0.010990142822265625,66,432,1.40625,-3.024024464343958,-50.411399841308594,-35.085289001464844
43.854564749999554,0.8004536669905065,16,87515.68794675,0.1,0.09157466888427734,6.360151290893555,0.010990142822265625,66,432,1.40625,0.0,-50.411399841308594,-35.085289001464844
43.854609957998036,0.800498874988989,16,87515.688288084,0.1,0.09157466888427734,6.360151290893555,0.010990142822265625,66,432,1.40625,0.0,-50.43825149536133,-35.19266128540039
43.88134437499684,0.8272332919877954,16,87515.715444709,0.1,0.09157466888427734,6.360151290893555,0.0549468994140625,66,432,1.40625,0.0,-50.43825149536133,-35.19266128540039
43.881456957999035,0.8273458749899874,16,87515.715891292,0.1,0.09157466888427734,6.360151290893555,0.0549468994140625,66,432,1.40625,0.0,-50.35771942138672,-35.13897705078125
43.881499041002826,0.8273879579937784,16,87515.716153625,0.1,0.09157466888427734,6.360151290893555,0.0549468994140625,66,432,1.40625,0.0,-50.35771942138672,-35.13897705078125
43.936589083008585,0.8824779999995371,16,87515.775413292,0.1,0.09157466888427734,6.360151290893555,0.0549468994140625,66,432,1.40625,0.0,-50.43825149536133,-35.19266128540039
43.93676366600266,0.8826525829936145,16,87515.775716625,0.1,0.09157466888427734,6.360151290893555,0.0549468994140625,66,432,1.40625,0.0,-50.43825149536133,-35.19266128540039
43.94313770800363,0.8890266249945853,16,87515.776100875,0.1,0.09890079498291016,6.360151290893555,0.23077011108398438,66,432,1.40625,0.0,-50.43825149536133,-35.19266128540039
43.968604207999306,0.9144931249902584,16,87515.806889459,0.1,0.09890079498291016,6.360151290893555,0.23077011108398438,66,433,1.494140625,2.8203480594241217,-50.43825149536133,-35.19266128540039
43.96888650000619,0.9147754169971449,16,87515.807556292,0.1,0.09890079498291016,6.360151290893555,0.23077011108398438,66,433,1.494140625,2.8203480594241217,-50.38455581665039,-35.2463493347168
43.96908175000863,0.9149706669995794,16,87515.80766825,0.1,0.09890079498291016,6.360151290893555,0.23077011108398438,66,433,1.494140625,0.0,-50.38455581665039,-35.2463493347168
43.9988734159997,0.9447623329906492,16,87515.835837209,0.1,0.09890079498291016,6.360151290893555,0.23077011108398438,66,433,1.494140625,0.0,-50.38455581665039,-35.2463493347168
43.99902316600492,0.9449120829958702,16,87515.835955625,0.1,0.09890079498291016,6.359769821166992,-0.03296661376953125,66,433,1.494140625,0.0,-50.38455581665039,-35.2463493347168
43.99908804100414,0.9449769579950953,16,87515.836461584,0.1,0.09890079498291016,6.359769821166992,-0.03296661376953125,66,433,1.494140625,0.0,-50.491939544677734,-35.32688522338867
44.030384333003894,0.976273249994847,16,87515.865550625,0.1,0.09890079498291016,6.359769821166992,-0.03296661376953125,66,433,1.494140625,0.0,-50.491939544677734,-35.32688522338867
44.030503125002724,0.9763920419936767,16,87515.866360125,0.1,0.09890079498291016,6.359769821166992,-0.03296661376953125,66,433,1.494140625,0.0,-50.491939544677734,-35.32688522338867
44.03054891600914,0.9764378330000909,16,87515.866480292,0.1,0.09890079498291016,6.359769821166992,-0.03296661376953125,66,432,1.40625,-2.8673582987670065,-50.491939544677734,-35.32688522338867
44.06154962501023,1.0074385420011822,16,87515.895689042,0.1,0.09890079498291016,6.359769821166992,-0.03296661376953125,66,432,1.40625,-2.8673582987670065,-50.465087890625,-35.2463493347168
44.06171270800405,1.0076016249950044,16,87515.896550875,0.1,0.09890079498291016,6.359769821166992,-0.03296661376953125,66,433,1.494140625,2.9235398797034,-50.465087890625,-35.2463493347168
44.06177233300696,1.0076612499979092,16,87515.89673025,0.1,0.09890079498291016,6.359769821166992,-0.010990142822265625,66,433,1.494140625,2.9235398797034,-50.465087890625,-35.2463493347168
44.09236270800466,1.0382516249956097,16,87515.927098209,0.1,0.09890079498291016,6.359769821166992,-0.010990142822265625,66,432,1.40625,-2.876739574801558,-50.465087890625,-35.2463493347168
44.09246966600767,1.038358582998626,16,87515.927447084,0.1,0.09890079498291016,6.359769821166992,0.2967033386230469,66,432,1.40625,-2.876739574801558,-50.465087890625,-35.2463493347168
44.092519249999896,1.0384081669908483,16,87515.927501334,0.1,0.09890079498291016,6.359769821166992,0.2967033386230469,66,432,1.40625,-2.876739574801558,-50.00874328613281,-35.219505310058594
44.12250974999915,1.068398666990106,16,87515.956370709,0.1,0.09890079498291016,6.359769821166992,0.2967033386230469,66,432,1.40625,-2.876739574801558,-50.00874328613281,-35.219505310058594
44.12266612499661,1.0685550419875653,16,87515.957065542,0.1,0.09890079498291016,6.359769821166992,0.2967033386230469,66,432,1.40625,-2.876739574801558,-50.00874328613281,-35.219505310058594
44.12271612499899,1.0686050419899402,16,87515.957193,0.1,0.09890079498291016,6.359769821166992,0.2967033386230469,66,433,1.494140625,2.920415182135432,-50.00874328613281,-35.219505310058594
44.148268541001016,1.0941574579919688,16,87515.984779875,0.1,0.09890079498291016,6.359769821166992,0.2967033386230469,66,433,1.494140625,2.920415182135432,-50.59931564331055,-35.058441162109375
44.15558137500193,1.1014702919928823,16,87515.988407792,0.1,0.09890079498291016,6.359769821166992,0.2967033386230469,66,432,1.40625,-2.815988039818593,-50.59931564331055,-35.058441162109375
44.15579758300737,1.1016864999983227,16,87515.988478792,0.1,0.09157466888427734,6.35938835144043,0.010990142822265625,66,432,1.40625,-2.815988039818593,-50.59931564331055,-35.058441162109375
44.181028416001936,1.126917332992889,16,87516.016259167,0.1,0.09157466888427734,6.35938835144043,0.010990142822265625,66,433,1.494140625,3.1548000448828164,-50.59931564331055,-35.058441162109375
44.181099791007,1.1269887079979526,16,87516.016412584,0.1,0.09157466888427734,6.359006881713867,-0.14285659790039062,66,433,1.494140625,3.1548000448828164,-50.59931564331055,-35.058441162109375
44.18113470800745,1.127023624998401,16,87516.016529709,0.1,0.09157466888427734,6.359006881713867,-0.14285659790039062,66,433,1.494140625,3.1548000448828164,-50.30402374267578,-35.16581726074219
44.21176400000695,1.157652916997904,16,87516.046597459,0.1,0.09157466888427734,6.359006881713867,-0.14285659790039062,66,433,1.494140625,3.1548000448828164,-50.30402374267578,-35.16581726074219
44.21190733301046,1.157796250001411,16,87516.046922959,0.1,0.09157466888427734,6.359006881713867,-0.14285659790039062,66,433,1.494140625,3.1548000448828164,-50.30402374267578,-35.16581726074219
44.21197200000461,1.1578609169955598,16,87516.046980209,0.1,0.09157466888427734,6.359006881713867,-0.14285659790039062,66,433,1.494140625,0.0,-50.30402374267578,-35.16581726074219
44.24256949999835,1.188458416989306,16,87516.077010875,0.1,0.09157466888427734,6.359006881713867,-0.14285659790039062,66,433,1.494140625,0.0,-50.38455581665039,-35.16581726074219
44.24291358300252,1.1888024999934714,16,87516.077454792,0.1,0.09157466888427734,6.359006881713867,-0.14285659790039062,66,433,1.494140625,0.0,-50.38455581665039,-35.16581726074219
44.24301716600894,1.1889060829998925,16,87516.077524167,0.1,0.09157466888427734,6.359006881713867,0.09889984130859375,66,433,1.494140625,0.0,-50.38455581665039,-35.16581726074219
44.29865433300438,1.2445432499953313,16,87516.137016542,0.1,0.09157466888427734,6.359006881713867,0.09889984130859375,66,432,1.40625,-1.475926531404604,-50.38455581665039,-35.16581726074219
44.298862166004255,1.244751082995208,16,87516.137729125,0.1,0.09890079498291016,6.359006881713867,0.07692337036132812,66,432,1.40625,-1.475926531404604,-50.38455581665039,-35.16581726074219
44.30415691599774,1.2500458329886897,16,87516.138258292,0.1,0.09890079498291016,6.359006881713867,0.07692337036132812,66,432,1.40625,-1.475926531404604,-49.767147064208984,-35.70269775390625
44.304256165996776,1.2501450829877285,16,87516.138306084,0.1,0.09890079498291016,6.359006881713867,0.07692337036132812,66,432,1.40625,-1.475926531404604,-49.767147064208984,-35.70269775390625
44.32944395800587,1.2753328749968205,16,87516.166911625,0.1,0.09890079498291016,6.359006881713867,0.07692337036132812,66,432,1.40625,0.0,-49.767147064208984,-35.70269775390625
44.32956654099689,1.2754554579878459,16,87516.167338334,0.1,0.09890079498291016,6.358625411987305,-0.47252655029296875,66,432,1.40625,0.0,-49.767147064208984,-35.70269775390625
44.32961466599954,1.2755035829904955,16,87516.167605709,0.1,0.09890079498291016,6.358625411987305,-0.47252655029296875,66,432,1.40625,0.0,-50.38455581665039,-35.2463493347168
44.36133025000163,1.3072191669925814,16,87516.198945542,0.1,0.09890079498291016,6.358625411987305,-0.47252655029296875,66,432,1.40625,0.0,-50.38455581665039,-35.2463493347168
44.36146358300175,1.307352499992703,16,87516.199058792,0.1,0.09890079498291016,6.358625411987305,-0.47252655029296875,66,432,1.40625,0.0,-50.38455581665039,-35.2463493347168
44.3615173750004,1.3074062919913558,16,87516.199155667,0.1,0.09890079498291016,6.358625411987305,-0.47252655029296875,66,433,1.494140625,2.726861961672003,-50.38455581665039,-35.2463493347168
44.39320629100257,1.3390952079935232,16,87516.226257875,0.1,0.09890079498291016,6.358625411987305,-0.47252655029296875,66,433,1.494140625,2.726861961672003,-50.572471618652344,-35.273197174072266
44.39337499999965,1.3392639169906033,16,87516.226836709,0.1,0.09890079498291016,6.358625411987305,-0.47252655029296875,66,432,1.40625,-3.172631778680571,-50.572471618652344,-35.273197174072266
44.393430875003105,1.3393197919940576,16,87516.227014167,0.1,0.09157466888427734,6.359006881713867,-0.010990142822265625,66,432,1.40625,-3.172631778680571,-50.572471618652344,-35.273197174072266
44.41878249999718,1.3646714169881307,16,87516.255381167,0.1,0.09157466888427734,6.359006881713867,-0.010990142822265625,66,432,1.40625,0.0,-50.572471618652344,-35.273197174072266
44.418894125003135,1.3647830419940874,16,87516.255618334,0.1,0.09157466888427734,6.359006881713867,-0.010990142822265625,66,432,1.40625,0.0,-50.572471618652344,-35.273197174072266
44.418942083008005,1.3648309999989579,16,87516.255680209,0.1,0.09157466888427734,6.359006881713867,-0.010990142822265625,66,432,1.40625,0.0,-50.250335693359375,-35.2463493347168
44.450405416006106,1.3962943329970585,16,87516.285432042,0.1,0.09157466888427734,6.359006881713867,-0.010990142822265625,66,432,1.40625,0.0,-50.250335693359375,-35.2463493347168
44.450528583009145,1.3964175000000978,16,87516.285799417,0.1,0.09157466888427734,6.359006881713867,-0.010990142822265625,66,432,1.40625,0.0,-50.250335693359375,-35.2463493347168
44.45058337500086,1.396472291991813,16,87516.285868542,0.1,0.09157466888427734,6.359006881713867,-0.010990142822265625,66,432,1.40625,0.0,-50.250335693359375,-35.2463493347168
44.51280758299981,1.458696499990765,16,87516.346979209,0.1,0.09157466888427734,6.359006881713867,-0.010990142822265625,66,432,1.40625,0.0,-49.82083511352539,-35.2463493347168
44.5129790409992,1.458867957990151,16,87516.347466292,0.1,0.09157466888427734,6.359006881713867,-0.010990142822265625,66,433,1.494140625,1.4270468213477292,-49.82083511352539,-35.2463493347168
44.51307379100763,1.4589627079985803,16,87516.347870709,0.1,0.09157466888427734,6.359006881713867,0.120880126953125,66,433,1.494140625,1.4270468213477292,-49.82083511352539,-35.2463493347168
44.51315133299795,1.4590402499889024,16,87516.348132209,0.1,0.09157466888427734,6.359006881713867,0.120880126953125,66,433,1.494140625,0.0,-49.82083511352539,-35.2463493347168
44.53748866599926,1.4833775829902152,16,87516.375838084,0.1,0.09157466888427734,6.359006881713867,0.120880126953125,66,433,1.494140625,0.0,-50.54561996459961,-35.32688522338867
44.53779033300816,1.4836792499991134,16,87516.376514209,0.1,0.09157466888427734,6.359006881713867,0.120880126953125,66,433,1.494140625,0.0,-50.54561996459961,-35.32688522338867
44.53791262500454,1.48380154199549,16,87516.376579709,0.1,0.09157466888427734,6.359006881713867,0.16483688354492188,66,433,1.494140625,0.0,-50.54561996459961,-35.32688522338867
44.59877762499673,1.5446665419876808,16,87516.436190875,0.1,0.09157466888427734,6.359006881713867,0.16483688354492188,66,432,1.40625,-1.4730457424224084,-50.54561996459961,-35.32688522338867
44.598901541001396,1.5447904579923488,16,87516.436717334,0.1,0.09157466888427734,6.359006881713867,0.16483688354492188,66,432,1.40625,-1.4730457424224084,-50.54561996459961,-35.32688522338867
44.59895275000599,1.5448416669969447,16,87516.436818292,0.1,0.09157466888427734,6.359006881713867,0.16483688354492188,66,432,1.40625,-1.4730457424224084,-50.27717971801758,-35.32688522338867
44.59899475000566,1.5448836669966113,16,87516.437216667,0.1,0.09157466888427734,6.359006881713867,0.16483688354492188,66,432,1.40625,-1.4730457424224084,-50.27717971801758,-35.32688522338867
44.63035233299888,1.5762412499898346,16,87516.467300792,0.1,0.09157466888427734,6.359006881713867,0.16483688354492188,66,432,1.40625,0.0,-50.27717971801758,-35.32688522338867
44.63061820800067,1.5765071249916218,16,87516.467833875,0.1,0.09890079498291016,6.358625411987305,-0.09889984130859375,66,432,1.40625,0.0,-50.27717971801758,-35.32688522338867
44.6306758330029,1.5765647499938495,16,87516.467916209,0.1,0.09890079498291016,6.358625411987305,-0.09889984130859375,66,432,1.40625,0.0,-50.35771942138672,-35.38056945800781
44.65884766599629,1.6047365829872433,16,87516.496811042,0.1,0.09890079498291016,6.358625411987305,-0.09889984130859375,66,432,1.40625,0.0,-50.35771942138672,-35.38056945800781
44.659233750004205,1.6051226669951575,16,87516.497270167,0.1,0.09890079498291016,6.358625411987305,-0.09889984130859375,66,432,1.40625,0.0,-50.35771942138672,-35.38056945800781
44.65942625000025,1.605315166991204,16,87516.497476667,0.1,0.09890079498291016,6.358625411987305,-0.09889984130859375,66,432,1.40625,0.0,-50.35771942138672,-35.38056945800781
44.69036337500438,1.6362522919953335,16,87516.526983667,0.1,0.09890079498291016,6.358625411987305,-0.09889984130859375,66,432,1.40625,0.0,-50.59931564331055,-35.03159713745117
44.69047466600023,1.63636358299118,16,87516.527296584,0.1,0.09890079498291016,6.358625411987305,-0.09889984130859375,66,432,1.40625,0.0,-50.59931564331055,-35.03159713745117
44.69051612500334,1.6364050419942942,16,87516.527332542,0.1,0.09890079498291016,6.358625411987305,-0.0549468994140625,66,432,1.40625,0.0,-50.59931564331055,-35.03159713745117
44.75127895800688,1.697167874997831,16,87516.586746459,0.1,0.09890079498291016,6.358625411987305,-0.0549468994140625,66,433,1.494140625,1.4784848177057872,-50.59931564331055,-35.03159713745117
44.75149337500625,1.6973822919972008,16,87516.587119292,0.1,0.09890079498291016,6.358625411987305,-0.010990142822265625,66,433,1.494140625,1.4784848177057872,-50.59931564331055,-35.03159713745117
44.751596832997166,1.6974857499881182,16,87516.58744925,0.1,0.09890079498291016,6.358625411987305,-0.010990142822265625,66,433,1.494140625,1.4784848177057872,-50.51878356933594,-35.3000373840332
44.75167570800113,1.6975646249920828,16,87516.587573792,0.1,0.09890079498291016,6.358625411987305,-0.010990142822265625,66,433,1.494140625,1.4784848177057872,-50.51878356933594,-35.3000373840332
44.781166041007964,1.7270549579989165,16,87516.61516575,0.1,0.09890079498291016,6.358625411987305,-0.010990142822265625,66,433,1.494140625,0.0,-50.51878356933594,-35.3000373840332
44.781345875002444,1.7272347919933964,16,87516.615691917,0.1,0.09890079498291016,6.358625411987305,0.010990142822265625,66,433,1.494140625,0.0,-50.51878356933594,-35.3000373840332
44.78140641600476,1.727295332995709,16,87516.615755584,0.1,0.09890079498291016,6.358625411987305,0.010990142822265625,66,433,1.494140625,0.0,-50.27717971801758,-35.35373306274414
44.81293541600462,1.758824332995573,16,87516.646664959,0.1,0.09890079498291016,6.358625411987305,0.010990142822265625,66,433,1.494140625,0.0,-50.27717971801758,-35.35373306274414
44.81309883300855,1.7589877499995055,16,87516.647044334,0.1,0.09890079498291016,6.358625411987305,0.010990142822265625,66,433,1.494140625,0.0,-50.27717971801758,-35.35373306274414
44.81320849999611,1.7590974169870606,16,87516.647143,0.1,0.09157466888427734,6.358625411987305,0.25274658203125,66,433,1.494140625,0.0,-50.27717971801758,-35.35373306274414
44.83827824999753,1.7841671669884818,16,87516.67692275,0.1,0.09157466888427734,6.358625411987305,0.25274658203125,66,433,1.494140625,0.0,-50.27717971801758,-35.35373306274414
44.83879999999772,1.7846889169886708,16,87516.677698,0.1,0.09890079498291016,6.358625411987305,0.3626365661621094,66,433,1.494140625,0.0,-50.27717971801758,-35.35373306274414
44.83890837500803,1.7847972919989843,16,87516.677811875,0.1,0.09890079498291016,6.358625411987305,0.3626365661621094,66,433,1.494140625,0.0,-50.54561996459961,-35.058441162109375
44.86841545799689,1.8143043749878416,16,87516.705777209,0.1,0.09890079498291016,6.358625411987305,0.3626365661621094,66,433,1.494140625,0.0,-50.54561996459961,-35.058441162109375
44.868556875007926,1.8144457919988781,16,87516.706325,0.1,0.09890079498291016,6.358625411987305,0.3626365661621094,66,433,1.494140625,0.0,-50.54561996459961,-35.058441162109375
44.868656708000344,1.8145456249912968,16,87516.706737834,0.1,0.09890079498291016,6.358625411987305,0.3626365661621094,66,433,1.494140625,0.0,-50.54561996459961,-35.058441162109375
44.90018762499676,1.8460765419877134,16,87516.737205042,0.1,0.09890079498291016,6.358625411987305,0.3626365661621094,66,433,1.494140625,0.0,-50.38455581665039,-35.32688522338867
44.90032554100617,1.846214457997121,16,87516.737908709,0.1,0.09890079498291016,6.358625411987305,0.3626365661621094,66,433,1.494140625,0.0,-50.38455581665039,-35.32688522338867
44.900378958001966,1.8462678749929182,16,87516.73814475,0.1,0.09157466888427734,6.358625411987305,0.1868133544921875,66,433,1.494140625,0.0,-50.38455581665039,-35.32688522338867
44.96256929100491,1.9084582079958636,16,87516.798154125,0.1,0.09157466888427734,6.358625411987305,0.1868133544921875,66,433,1.494140625,0.0,-50.38455581665039,-35.32688522338867
44.96273204100726,1.9086209579982096,16,87516.798260042,0.1,0.09157466888427734,6.358625411987305,-0.20878982543945312,66,433,1.494140625,0.0,-50.38455581665039,-35.32688522338867
44.96279933300684,1.9086882499977946,16,87516.798315542,0.1,0.09157466888427734,6.358625411987305,-0.20878982543945312,66,433,1.494140625,0.0,-50.465087890625,-35.38056945800781
44.98691541599692,1.932804332987871,16,87516.82586725,0.1,0.09157466888427734,6.358625411987305,-0.20878982543945312,66,433,1.494140625,0.0,-50.465087890625,-35.38056945800781
44.99349512500339,1.9393840419943444,16,87516.826529584,0.1,0.09157466888427734,6.358625411987305,-0.20878982543945312,66,432,1.40625,-3.096452960294668,-50.465087890625,-35.38056945800781
44.9936363750021,1.93952529199305,16,87516.827044959,0.1,0.09890079498291016,6.358625411987305,0.16483688354492188,66,432,1.40625,-3.096452960294668,-50.465087890625,-35.38056945800781
45.04918083299708,1.9950697499880334,16,87516.887308,0.1,0.09890079498291016,6.358625411987305,0.16483688354492188,66,433,1.494140625,1.4464001474695518,-50.465087890625,-35.38056945800781
45.04932445799932,1.9952133749902714,16,87516.887617125,0.1,0.09890079498291016,6.358625411987305,-0.09889984130859375,66,433,1.494140625,1.4464001474695518,-50.465087890625,-35.38056945800781
45.04937516601058,1.9952640830015298,16,87516.887715334,0.1,0.09890079498291016,6.358625411987305,-0.09889984130859375,66,433,1.494140625,1.4464001474695518,-50.00874328613281,-35.13897705078125
45.049416082998505,1.9953049999894574,16,87516.887843834,0.1,0.09890079498291016,6.358625411987305,-0.09889984130859375,66,433,1.494140625,1.4464001474695518,-50.00874328613281,-35.13897705078125
45.08093120800913,2.0268201250000857,16,87516.915546875,0.1,0.09890079498291016,6.358625411987305,-0.09889984130859375,66,433,1.494140625,0.0,-50.00874328613281,-35.13897705078125
45.08107212500181,2.026961041992763,16,87516.916292875,0.1,0.09890079498291016,6.358625411987305,-0.010990142822265625,66,433,1.494140625,0.0,-50.00874328613281,-35.13897705078125
45.08113045799837,2.0270193749893224,16,87516.916607959,0.1,0.09890079498291016,6.358625411987305,-0.010990142822265625,66,433,1.494140625,0.0,-50.35771942138672,-35.407413482666016
45.11134295800002,2.0572318749909755,16,87516.945740709,0.1,0.09890079498291016,6.358625411987305,-0.010990142822265625,66,433,1.494140625,0.0,-50.59931564331055,-35.38056945800781
45.11151204101043,2.057400958001381,16,87516.946247542,0.1,0.09890079498291016,6.358625411987305,-0.010990142822265625,66,433,1.494140625,0.0,-50.59931564331055,-35.38056945800781
45.14257762499619,2.0884665419871453,16,87516.976162167,0.1,0.09890079498291016,6.358625411987305,-0.010990142822265625,66,433,1.494140625,0.0,-50.59931564331055,-35.38056945800781
45.14274383299926,2.088632749990211,16,87516.976532584,0.1,0.09890079498291016,6.358625411987305,-0.010990142822265625,66,432,1.40625,-2.9013389997651178,-50.59931564331055,-35.38056945800781
45.14283175001037,2.0887206670013256,16,87516.976799584,0.1,0.09890079498291016,6.358625411987305,0.010990142822265625,66,432,1.40625,-2.9013389997651178,-50.59931564331055,-35.38056945800781
45.14290529100981,2.0887942080007633,16,87516.976854417,0.1,0.09890079498291016,6.358625411987305,0.010990142822265625,66,432,1.40625,-2.9013389997651178,-50.250335693359375,-35.407413482666016
45.16920525000023,2.1150941669911845,16,87517.006263792,0.1,0.09890079498291016,6.358625411987305,0.010990142822265625,66,432,1.40625,-2.9013389997651178,-50.250335693359375,-35.407413482666016
45.16929354101012,2.1151824580010725,16,87517.006382875,0.1,0.09890079498291016,6.358625411987305,0.010990142822265625,66,432,1.40625,-2.9013389997651178,-50.250335693359375,-35.407413482666016
45.16931733299862,2.115206249989569,16,87517.00646325,0.1,0.09890079498291016,6.358625411987305,0.010990142822265625,66,432,1.40625,0.0,-50.250335693359375,-35.407413482666016
45.20089579100022,2.1467847079911735,16,87517.036068667,0.1,0.09890079498291016,6.358625411987305,0.010990142822265625,66,432,1.40625,0.0,-50.35771942138672,-35.43425750732422
45.201067458008765,2.146956374999718,16,87517.036465,0.1,0.09890079498291016,6.358625411987305,0.010990142822265625,66,432,1.40625,0.0,-50.35771942138672,-35.43425750732422
45.201151790999575,2.147040707990527,16,87517.036701667,0.1,0.09890079498291016,6.358625411987305,-0.010990142822265625,66,432,1.40625,0.0,-50.35771942138672,-35.43425750732422
45.232774999996764,2.178663916987716,16,87517.066923,0.1,0.09890079498291016,6.358625411987305,-0.010990142822265625,66,433,1.494140625,2.8861862273422507,-50.35771942138672,-35.43425750732422
45.232985916009056,2.178874833000009,16,87517.067460125,0.1,0.09157466888427734,6.358625411987305,0.09889984130859375,66,433,1.494140625,2.8861862273422507,-50.35771942138672,-35.43425750732422
45.23308345800615,2.1789723749971017,16,87517.067696334,0.1,0.09157466888427734,6.358625411987305,0.09889984130859375,66,433,1.494140625,2.8861862273422507,-50.59931564331055,-35.35373306274414
45.26326079100545,2.209149707996403,16,87517.097293625,0.1,0.09157466888427734,6.358625411987305,0.09889984130859375,66,433,1.494140625,2.8861862273422507,-50.59931564331055,-35.35373306274414
45.263401333009824,2.2092902500007767,16,87517.097718,0.1,0.09157466888427734,6.358625411987305,0.09889984130859375,66,433,1.494140625,2.8861862273422507,-50.59931564331055,-35.35373306274414
45.26347058299871,2.2093594999896595,16,87517.097932375,0.1,0.09157466888427734,6.358625411987305,0.09889984130859375,66,432,1.40625,-2.8336275267344466,-50.59931564331055,-35.35373306274414
45.28859012499743,2.2344790419883793,16,87517.125294584,0.1,0.09157466888427734,6.358625411987305,0.09889984130859375,66,432,1.40625,-2.8336275267344466,-50.572471618652344,-35.43425750732422
45.319027791003464,2.2649167079944164,16,87517.15673125,0.1,0.09157466888427734,6.358625411987305,0.09889984130859375,66,433,1.494140625,1.494997017654596,-50.572471618652344,-35.43425750732422
45.31918787500763,2.265076791998581,16,87517.157252667,0.1,0.09157466888427734,6.358625411987305,0.16483688354492188,66,433,1.494140625,1.494997017654596,-50.572471618652344,-35.43425750732422
45.3192526250059,2.2651415419968544,16,87517.157331667,0.1,0.09157466888427734,6.358625411987305,0.16483688354492188,66,433,1.494140625,0.0,-50.572471618652344,-35.43425750732422
45.31929949999903,2.265188416989986,16,87517.157698459,0.1,0.09157466888427734,6.358625411987305,0.16483688354492188,66,433,1.494140625,0.0,-50.572471618652344,-35.43425750732422
45.35056854100549,2.296457457996439,16,87517.186854167,0.1,0.09157466888427734,6.358625411987305,0.16483688354492188,66,433,1.494140625,0.0,-50.572471618652344,-35.43425750732422
45.35076841599948,2.296657332990435,16,87517.1873245,0.1,-3.1207588262918483e-31,6.358243942260742,0.010990142822265625,66,433,1.494140625,0.0,-50.572471618652344,-35.43425750732422
45.35084495799674,2.2967338749876944,16,87517.187406542,0.1,-3.1207588262918483e-31,6.358243942260742,0.010990142822265625,66,433,1.494140625,0.0,-50.411399841308594,-35.407413482666016
45.376396416002535,2.322285332993488,16,87517.214397459,0.1,-3.1207588262918483e-31,6.358243942260742,0.010990142822265625,66,433,1.494140625,0.0,-50.411399841308594,-35.407413482666016
45.40787245800311,2.3537613749940647,16,87517.245984584,0.1,-3.1207588262918483e-31,6.358243942260742,0.010990142822265625,66,433,1.494140625,0.0,-50.411399841308594,-35.407413482666016
45.40797637500509,2.353865291996044,16,87517.246174417,0.1,-3.1207588262918483e-31,6.358243942260742,0.010990142822265625,66,433,1.494140625,0.0,-50.411399841308594,-35.407413482666016
45.40800825000042,2.3538971669913735,16,87517.246284084,0.1,-3.1207588262918483e-31,6.358243942260742,0.010990142822265625,66,433,1.494140625,0.0,-49.79398727416992,-35.487953186035156
45.40803466600482,2.353923582995776,16,87517.246399792,0.1,-3.1207588262918483e-31,6.358243942260742,0.010990142822265625,66,433,1.494140625,0.0,-49.79398727416992,-35.487953186035156
45.437802000000374,2.383690916991327,16,87517.276608917,0.1,-3.1207588262918483e-31,6.358243942260742,0.010990142822265625,66,433,1.494140625,0.0,-50.54561996459961,-35.219505310058594
45.43839487500372,2.384283791994676,16,87517.2774345,0.1,-3.1207588262918483e-31,6.358243942260742,0.010990142822265625,66,433,1.494140625,0.0,-50.54561996459961,-35.219505310058594
45.43849300000875,2.3843819169997005,16,87517.277531084,0.1,0.09157466888427734,6.358243942260742,-0.14285659790039062,66,433,1.494140625,0.0,-50.54561996459961,-35.219505310058594
45.49822895800753,2.444117874998483,16,87517.335410875,0.1,0.09157466888427734,6.358243942260742,-0.14285659790039062,66,432,1.40625,-1.5160668219307962,-50.54561996459961,-35.219505310058594
45.49834504100727,2.4442339579982217,16,87517.335763042,0.1,0.09890079498291016,6.358243942260742,-0.07692337036132812,66,432,1.40625,-1.5160668219307962,-50.54561996459961,-35.219505310058594
45.49839200000861,2.44428091699956,16,87517.336097459,0.1,0.09890079498291016,6.358243942260742,-0.07692337036132812,66,432,1.40625,-1.5160668219307962,-50.169803619384766,-35.2463493347168
45.49843104100728,2.444319957998232,16,87517.336157167,0.1,0.09890079498291016,6.358243942260742,-0.07692337036132812,66,432,1.40625,-1.5160668219307962,-50.169803619384766,-35.2463493347168
45.529522915996495,2.4754118329874473,16,87517.3671315,0.1,0.09890079498291016,6.358243942260742,-0.07692337036132812,66,433,1.494140625,2.7712016462120306,-50.169803619384766,-35.2463493347168
45.52967691600497,2.475565832995926,16,87517.367547625,0.1,0.09157466888427734,6.358243942260742,0.1868133544921875,66,433,1.494140625,2.7712016462120306,-50.169803619384766,-35.2463493347168
45.529723500003456,2.4756124169944087,16,87517.367809417,0.1,0.09157466888427734,6.358243942260742,0.1868133544921875,66,433,1.494140625,2.7712016462120306,-50.35771942138672,-35.407413482666016
45.56129516600049,2.5071840829914436,16,87517.397950625,0.1,0.09157466888427734,6.358243942260742,0.1868133544921875,66,433,1.494140625,2.7712016462120306,-50.35771942138672,-35.407413482666016
45.56147966600838,2.5073685829993337,16,87517.398058167,0.1,0.09157466888427734,6.358243942260742,0.1868133544921875,66,433,1.494140625,2.7712016462120306,-50.35771942138672,-35.407413482666016
45.56155850000505,2.5074474169960013,16,87517.398129625,0.1,0.09157466888427734,6.358243942260742,0.1868133544921875,66,433,1.494140625,0.0,-50.35771942138672,-35.407413482666016
45.62059874999977,2.5664876669907244,16,87517.4559945,0.1,0.09157466888427734,6.358243942260742,0.1868133544921875,66,433,1.494140625,0.0,-49.28395462036133,-35.59532165527344
45.6207934999984,2.5666824169893516,16,87517.456623917,0.1,0.09157466888427734,6.358243942260742,0.1868133544921875,66,432,1.40625,-1.5027334967066182,-49.28395462036133,-35.59532165527344
45.62088445801055,2.566773375001503,16,87517.456786084,0.1,0.09890079498291016,6.358243942260742,0.2967033386230469,66,432,1.40625,-1.5027334967066182,-49.28395462036133,-35.59532165527344
45.65149570800713,2.597384624998085,16,87517.485114959,0.1,0.09890079498291016,6.358243942260742,0.2967033386230469,66,433,1.494140625,3.0842468198708772,-49.28395462036133,-35.59532165527344
45.65166433301056,2.5975532500015106,16,87517.485518334,0.1,0.09890079498291016,6.358243942260742,0.2967033386230469,66,433,1.494140625,3.0842468198708772,-50.11611557006836,-35.43425750732422
45.65173016600602,2.597619082996971,16,87517.485681709,0.1,0.09890079498291016,6.358243942260742,0.2967033386230469,66,433,1.494140625,0.0,-50.11611557006836,-35.43425750732422
45.68150545800745,2.627394374998403,16,87517.517042334,0.1,0.09890079498291016,6.358243942260742,0.2967033386230469,66,433,1.494140625,0.0,-50.11611557006836,-35.43425750732422
45.68162287501036,2.6275117920013145,16,87517.517265167,0.1,0.09890079498291016,6.358243942260742,0.1868133544921875,66,433,1.494140625,0.0,-50.11611557006836,-35.43425750732422
45.68167233299755,2.627561249988503,16,87517.517380834,0.1,0.09890079498291016,6.358243942260742,0.1868133544921875,66,433,1.494140625,0.0,-50.38455581665039,-35.407413482666016
45.71252829099831,2.6584172079892596,16,87517.546327459,0.1,0.09890079498291016,6.358243942260742,0.1868133544921875,66,433,1.494140625,0.0,-50.38455581665039,-35.407413482666016
45.71266279100382,2.658551707994775,16,87517.546501167,0.1,0.09890079498291016,6.358243942260742,0.1868133544921875,66,433,1.494140625,0.0,-50.38455581665039,-35.407413482666016
45.71271533300751,2.6586042499984615,16,87517.546626,0.1,0.09890079498291016,6.358243942260742,0.1868133544921875,66,432,1.40625,-2.9700805954815235,-50.38455581665039,-35.407413482666016
45.768164000008255,2.714052916999208,16,87517.606808209,0.1,0.09890079498291016,6.358243942260742,0.1868133544921875,66,432,1.40625,-2.9700805954815235,-50.51878356933594,-35.46110153198242
45.76845245799632,2.7143413749872707,16,87517.607170167,0.1,0.09890079498291016,6.358243942260742,0.1868133544921875,66,433,1.494140625,1.4518336988643765,-50.51878356933594,-35.46110153198242
45.768552958004875,2.7144418749958277,16,87517.6075675,0.1,0.09157466888427734,6.358243942260742,-0.14285659790039062,66,433,1.494140625,1.4518336988643765,-50.51878356933594,-35.46110153198242
45.7992951250053,2.7451840419962537,16,87517.636527792,0.1,0.09157466888427734,6.358243942260742,-0.14285659790039062,66,433,1.494140625,0.0,-50.51878356933594,-35.46110153198242
45.79944191600953,2.74533083300048,16,87517.63696075,0.1,0.09890079498291016,6.358243942260742,-0.09889984130859375,66,433,1.494140625,0.0,-50.51878356933594,-35.46110153198242
45.79949454100279,2.7453834579937393,16,87517.637203667,0.1,0.09890079498291016,6.358243942260742,-0.09889984130859375,66,433,1.494140625,0.0,-50.411399841308594,-35.487953186035156
45.8298079160013,2.775696832992253,16,87517.66689975,0.1,0.09890079498291016,6.358243942260742,-0.09889984130859375,66,433,1.494140625,0.0,-50.411399841308594,-35.487953186035156
45.82993662499939,2.7758255419903435,16,87517.667315209,0.1,0.09890079498291016,6.358243942260742,-0.09889984130859375,66,433,1.494140625,0.0,-50.411399841308594,-35.487953186035156
45.82998987499741,2.7758787919883616,16,87517.667542375,0.1,0.09890079498291016,6.358243942260742,-0.09889984130859375,66,433,1.494140625,0.0,-50.411399841308594,-35.487953186035156
45.85973691599793,2.8056258329888806,16,87517.696663459,0.1,0.09890079498291016,6.358243942260742,-0.09889984130859375,66,433,1.494140625,0.0,-50.51878356933594,-35.43425750732422
45.85989425001026,2.805783167001209,16,87517.696995584,0.1,0.09890079498291016,6.358243942260742,-0.09889984130859375,66,433,1.494140625,0.0,-50.51878356933594,-35.43425750732422
45.85994966600265,2.8058385829936014,16,87517.697169042,0.1,0.09890079498291016,6.358243942260742,-0.0549468994140625,66,433,1.494140625,0.0,-50.51878356933594,-35.43425750732422
45.89034637500299,2.836235291993944,16,87517.727375959,0.1,0.09890079498291016,6.358243942260742,-0.0549468994140625,66,433,1.494140625,0.0,-50.51878356933594,-35.43425750732422
45.890574707998894,2.8364636249898467,16,87517.72802,0.1,0.09890079498291016,6.358243942260742,0.14285659790039062,66,433,1.494140625,0.0,-50.51878356933594,-35.43425750732422
45.8906507500069,2.836539666997851,16,87517.728085792,0.1,0.09890079498291016,6.358243942260742,0.14285659790039062,66,433,1.494140625,0.0,-50.33087158203125,-35.487953186035156
45.922207499999786,2.8680964169907384,16,87517.75758,0.1,0.09890079498291016,6.358243942260742,0.14285659790039062,66,433,1.494140625,0.0,-50.33087158203125,-35.487953186035156
45.922365541002364,2.8682544579933165,16,87517.758025667,0.1,0.09890079498291016,6.358243942260742,0.14285659790039062,66,433,1.494140625,0.0,-50.33087158203125,-35.487953186035156
45.92243670800235,2.868325624993304,16,87517.758708334,0.1,0.09890079498291016,6.358243942260742,0.14285659790039062,66,432,1.40625,-2.803893975007448,-50.33087158203125,-35.487953186035156
45.953391791001195,2.8992807079921477,16,87517.78679675,0.1,0.09890079498291016,6.358243942260742,0.14285659790039062,66,432,1.40625,-2.803893975007448,-50.411399841308594,-35.35373306274414
45.95354312499694,2.899432041987893,16,87517.787248959,0.1,0.09890079498291016,6.358243942260742,0.14285659790039062,66,433,1.494140625,3.0797256772011954,-50.411399841308594,-35.35373306274414
45.953593750004075,2.899482666995027,16,87517.787328292,0.1,0.09157466888427734,6.358243942260742,0.03296661376953125,66,433,1.494140625,3.0797256772011954,-50.411399841308594,-35.35373306274414
45.97879958299745,2.924688499988406,16,87517.815590959,0.1,0.09157466888427734,6.358243942260742,0.03296661376953125,66,433,1.494140625,0.0,-50.411399841308594,-35.35373306274414
45.97891991600045,2.9248088329914026,16,87517.816368709,0.1,0.09157466888427734,6.358243942260742,0.120880126953125,66,433,1.494140625,0.0,-50.411399841308594,-35.35373306274414
45.978978500002995,2.9248674169939477,16,87517.816435834,0.1,0.09157466888427734,6.358243942260742,0.120880126953125,66,433,1.494140625,0.0,-50.51878356933594,-35.219505310058594
46.00945020800282,2.9553391249937704,16,87517.845774834,0.1,0.09157466888427734,6.358243942260742,0.120880126953125,66,433,1.494140625,0.0,-50.51878356933594,-35.219505310058594
46.00958174999687,2.9554706669878215,16,87517.846331792,0.1,0.09157466888427734,6.358243942260742,0.120880126953125,66,433,1.494140625,0.0,-50.51878356933594,-35.219505310058594
46.00969320800505,2.955582124995999,16,87517.846576084,0.1,0.09157466888427734,6.358243942260742,0.120880126953125,66,433,1.494140625,0.0,-50.51878356933594,-35.219505310058594
46.07023700000718,0.012005209006019868,17,87517.90699975,0.0,0.09157466888427734,6.358243942260742,0.120880126953125,66,433,1.494140625,0.0,-50.411399841308594,-35.407413482666016
46.07042529100727,0.01219350000610575,17,87517.907574375,0.0,0.09157466888427734,6.358243942260742,0.120880126953125,66,432,1.40625,-1.4409913325856585,-50.411399841308594,-35.407413482666016
46.07050708300085,0.012275291999685578,17,87517.907653542,0.0,0.09890079498291016,6.358243942260742,0.120880126953125,66,432,1.40625,-1.4409913325856585,-50.411399841308594,-35.407413482666016
46.070568958006334,0.012337167005171068,17,87517.9079955,0.0,0.09890079498291016,6.358243942260742,0.120880126953125,66,433,1.494140625,204.25857404073378,-50.411399841308594,-35.407413482666016
46.101710957998876,0.04347916699771304,17,87517.936210292,0.0,0.09890079498291016,6.358243942260742,0.120880126953125,66,433,1.494140625,204.25857404073378,-50.27717971801758,-35.649017333984375
46.101866583005176,0.043634792004013434,17,87517.936495459,0.0,0.09890079498291016,6.358243942260742,0.120880126953125,66,433,1.494140625,0.0,-50.27717971801758,-35.649017333984375
46.101915500010364,0.043683709009201266,17,87517.936551042,0.0,0.09890079498291016,6.358243942260742,0.09889984130859375,66,433,1.494140625,0.0,-50.27717971801758,-35.649017333984375
46.156613166007446,0.09838137500628363,17,87517.995279542,0.0,0.09890079498291016,6.358243942260742,0.09889984130859375,66,433,1.494140625,0.0,-50.14296340942383,-35.38056945800781
46.15692704099638,0.09869524999521673,17,87517.995669167,0.0,0.09890079498291016,6.358243942260742,0.09889984130859375,66,432,1.40625,-1.4854209395181386,-50.14296340942383,-35.38056945800781
46.15709350000543,0.09886170900426805,17,87517.996066459,0.0,0.09890079498291016,6.358243942260742,0.09889984130859375,66,432,1.40625,-1.4854209395181386,-49.47185516357422,-35.35373306274414
46.162714500009315,0.1044827090081526,17,87517.996487917,0.0,0.09890079498291016,6.358243942260742,0.09889984130859375,66,432,1.40625,0.0,-49.47185516357422,-35.35373306274414
46.18731345800916,0.12908166700799484,17,87518.026235459,0.0,0.09890079498291016,6.358243942260742,0.09889984130859375,66,432,1.40625,0.0,-50.62615966796875,-35.46110153198242
46.18751954101026,0.1292877500090981,17,87518.026414209,0.0,0.09890079498291016,6.358243942260742,0.09889984130859375,66,433,1.494140625,2.937283707586203,-50.62615966796875,-35.46110153198242
46.18758100000559,0.12934920900443103,17,87518.026666917,0.0,0.010989189147949219,6.356718063354492,-0.6043968200683594,66,433,1.494140625,2.937283707586203,-50.62615966796875,-35.46110153198242
46.21784374999697,0.1596119589958107,17,87518.054732917,0.0,0.010989189147949219,6.356718063354492,-0.6043968200683594,66,431,1.318359375,-6.206663696240188,-50.62615966796875,-35.46110153198242
46.21789841599821,0.15966662499704398,17,87518.054873375,0.0,0.010989189147949219,6.356718063354492,-0.6043968200683594,66,431,1.318359375,-6.206663696240188,-50.62615966796875,-35.46110153198242
46.21793250000337,0.1597007090022089,17,87518.054980834,0.0,0.010989189147949219,6.356718063354492,-0.6043968200683594,66,431,1.318359375,-6.206663696240188,-43.727210998535156,-23.08595085144043
46.24914149999677,0.1909097089956049,17,87518.085288792,0.0,0.010989189147949219,6.356718063354492,-0.6043968200683594,66,431,1.318359375,-6.206663696240188,-43.727210998535156,-23.08595085144043
46.24925224999606,0.19102045899489895,17,87518.085604209,0.0,0.010989189147949219,6.356718063354492,-0.6043968200683594,66,431,1.318359375,-6.206663696240188,-43.727210998535156,-23.08595085144043
46.24930375000986,0.19107195900869556,17,87518.085808375,0.0,0.010989189147949219,6.356718063354492,-0.6043968200683594,66,430,1.23046875,-2.8283728280044436,-43.727210998535156,-23.08595085144043
46.279759458004264,0.22152766700310167,17,87518.115767084,0.0,0.010989189147949219,6.356718063354492,-0.6043968200683594,66,430,1.23046875,-2.8283728280044436,-34.197547912597656,-15.650136947631836
46.279896874999395,0.22166508399823215,17,87518.116074459,0.0,0.010989189147949219,6.356718063354492,-0.6043968200683594,66,426,0.87890625,-11.618507838753462,-34.197547912597656,-15.650136947631836
46.27993754101044,0.22170575000927784,17,87518.116218084,0.0,0.0036630630493164062,6.328489303588867,-1.2417564392089844,66,426,0.87890625,-11.618507838753462,-34.197547912597656,-15.650136947631836
46.31085658300435,0.2526247920031892,17,87518.145593125,0.0,0.0036630630493164062,6.328489303588867,-1.2417564392089844,66,424,0.703125,-5.956213098837839,-34.197547912597656,-15.650136947631836
46.310991125006694,0.25275933400553185,17,87518.145992959,0.0,-0.0036630630493164062,6.245326995849609,-2.3626365661621094,66,424,0.703125,-5.956213098837839,-34.197547912597656,-15.650136947631836
46.31103141600033,0.2527996249991702,17,87518.146182042,0.0,-0.0036630630493164062,6.245326995849609,-2.3626365661621094,66,424,0.703125,-5.956213098837839,-15.91669750213623,-4.939328670501709
46.37099058300373,0.31275879200256895,17,87518.206381417,0.0,-0.0036630630493164062,6.245326995849609,-2.3626365661621094,66,424,0.703125,-5.956213098837839,-15.91669750213623,-4.939328670501709
46.371158916008426,0.3129271250072634,17,87518.206948292,0.0,-0.0036630630493164062,6.245326995849609,-2.3626365661621094,66,419,0.263671875,-7.162339957885345,-15.91669750213623,-4.939328670501709
46.37122195800475,0.3129901670035906,17,87518.207411417,0.0,-0.0036630630493164062,6.245326995849609,-2.3626365661621094,66,419,0.263671875,-7.162339957885345,-15.91669750213623,-4.939328670501709
46.37127141600649,0.3130396250053309,17,87518.207744667,0.0,-0.0036630630493164062,6.245326995849609,-2.3626365661621094,66,417,0.087890625,-218.44103970421804,-15.91669750213623,-4.939328670501709
46.40219058300136,0.3439587920001941,17,87518.236018,0.0,-0.0036630630493164062,6.245326995849609,-2.3626365661621094,66,417,0.087890625,-218.44103970421804,-11.943763732910156,-1.798565149307251
46.40232575000846,0.3440939590072958,17,87518.236445625,0.0,-0.0036630630493164062,6.245326995849609,-2.3626365661621094,66,418,0.17578125,3.0626400742043716,-11.943763732910156,-1.798565149307251
46.402418083001976,0.3441862920008134,17,87518.236816334,0.0,-0.010989189147949219,5.935949325561523,-1.2637367248535156,66,418,0.17578125,3.0626400742043716,-11.943763732910156,-1.798565149307251
46.42646458299714,0.3682327919959789,17,87518.265546917,0.0,-0.010989189147949219,5.935949325561523,-1.2637367248535156,66,417,0.087890625,-3.0207116100104523,-11.943763732910156,-1.798565149307251
46.43302658300672,0.37479479200555943,17,87518.26621425,0.0,-0.025641441345214844,5.916494369506836,0.23077011108398438,66,417,0.087890625,-3.0207116100104523,-11.943763732910156,-1.798565149307251
46.43314720800845,0.37491541700728703,17,87518.266537625,0.0,-0.025641441345214844,5.916494369506836,0.23077011108398438,66,417,0.087890625,-3.0207116100104523,-12.185359954833984,-1.8522530794143677
46.456486291004694,0.3982545000035316,17,87518.294750417,0.0,-0.025641441345214844,5.916494369506836,0.23077011108398438,66,417,0.087890625,-3.0207116100104523,-12.185359954833984,-1.8522530794143677
46.5186585830088,0.46042679200763814,17,87518.355908084,0.0,-0.025641441345214844,5.916494369506836,0.23077011108398438,66,417,0.087890625,-3.0207116100104523,-12.185359954833984,-1.8522530794143677
46.51889700000174,0.46066520900058094,17,87518.356398334,0.0,-0.025641441345214844,5.916494369506836,0.23077011108398438,66,417,0.087890625,0.0,-12.185359954833984,-1.8522530794143677
46.51904625000316,0.4608144590019947,17,87518.35673025,0.0,-0.025641441345214844,5.916494369506836,0.23077011108398438,66,417,0.087890625,0.0,-12.024295806884766,-1.9596288204193115
46.580740375007736,0.5225085840065731,17,87518.414864584,0.0,-0.025641441345214844,5.916494369506836,0.23077011108398438,66,417,0.087890625,0.0,-12.024295806884766,-1.9596288204193115
46.580910541000776,0.5226787499996135,17,87518.415058042,0.0,-0.025641441345214844,5.916494369506836,0.23077011108398438,66,417,0.087890625,0.0,-11.13843822479248,-2.040160655975342
46.61042612500023,0.5521943339990685,17,87518.445345917,0.0,-0.025641441345214844,5.916494369506836,0.23077011108398438,66,417,0.087890625,0.0,-11.13843822479248,-2.040160655975342
46.61061404099746,0.5523822499962989,17,87518.445597042,0.0,-0.025641441345214844,5.916494369506836,0.23077011108398438,66,417,0.087890625,0.0,-11.13843822479248,-2.040160655975342
46.61067799999728,0.5524462089961162,17,87518.445774167,0.0,-0.025641441345214844,5.916494369506836,0.23077011108398438,66,417,0.087890625,0.0,-12.212203025817871,-2.040160655975342
46.610728540996206,0.5524967499950435,17,87518.445912542,0.0,-0.025641441345214844,5.916494369506836,0.23077011108398438,66,417,0.087890625,0.0,-12.212203025817871,-2.040160655975342
46.64199787500547,0.58376608400431,17,87518.4755155,0.0,-0.025641441345214844,5.916494369506836,0.23077011108398438,66,417,0.087890625,0.0,-12.212203025817871,-2.040160655975342
46.642133291010396,0.5839015000092331,17,87518.475946834,0.0,-0.010989189147949219,5.919546127319336,0.14285659790039062,66,417,0.087890625,0.0,-12.212203025817871,-2.040160655975342
46.6421800829994,0.5839482919982402,17,87518.476001292,0.0,-0.010989189147949219,5.919546127319336,0.14285659790039062,66,417,0.087890625,0.0,-12.373266220092773,-2.2012240886688232
46.67692399999942,0.6186922089982545,17,87518.511621042,0.0,-0.010989189147949219,5.919546127319336,0.14285659790039062,66,417,0.087890625,0.0,-12.373266220092773,-2.2012240886688232
46.67702166600793,0.6187898750067689,17,87518.511809167,0.0,-0.0036630630493164062,5.919546127319336,0.1868133544921875,66,417,0.087890625,0.0,-12.373266220092773,-2.2012240886688232
46.67705041600857,0.6188186250074068,17,87518.511887834,0.0,-0.0036630630493164062,5.919546127319336,0.1868133544921875,66,417,0.087890625,0.0,-11.675324440002441,-2.442819595336914
46.7019984159997,0.6437666249985341,17,87518.535121375,0.0,-0.0036630630493164062,5.919546127319336,0.1868133544921875,66,417,0.087890625,0.0,-11.675324440002441,-2.442819595336914
46.73677787500492,0.6785460840037558,17,87518.567124875,0.0,-0.0036630630493164062,5.919546127319336,0.1868133544921875,66,417,0.087890625,0.0,-11.675324440002441,-2.442819595336914
46.73713054100517,0.6788987500040093,17,87518.569330959,0.0,-0.0036630630493164062,5.919546127319336,0.1868133544921875,66,417,0.087890625,0.0,-11.675324440002441,-2.442819595336914
46.73743525000464,0.6792034590034746,17,87518.576228875,0.0,-0.0036630630493164062,5.919546127319336,0.1868133544921875,66,417,0.087890625,0.0,-12.856466293334961,-1.986472725868225
46.737512082996545,0.6792802919953829,17,87518.576450584,0.0,-0.0036630630493164062,5.919546127319336,0.1868133544921875,66,417,0.087890625,0.0,-12.856466293334961,-1.986472725868225
46.76232125000388,0.7040894590027165,17,87518.596482334,0.0,-0.0036630630493164062,5.919546127319336,0.1868133544921875,66,417,0.087890625,0.0,-12.507487297058105,-2.2280681133270264
46.76247087500815,0.7042390840069856,17,87518.596834542,0.0,-0.0036630630493164062,5.919546127319336,0.1868133544921875,66,417,0.087890625,0.0,-12.507487297058105,-2.2280681133270264
46.76251800000318,0.7042862090020208,17,87518.597073417,0.0,-0.0036630630493164062,5.919164657592773,-0.09889984130859375,66,417,0.087890625,0.0,-12.507487297058105,-2.2280681133270264
46.82329045800725,0.7650586670060875,17,87518.657089292,0.0,-0.0036630630493164062,5.919164657592773,-0.09889984130859375,66,417,0.087890625,0.0,-12.507487297058105,-2.2280681133270264
46.82349370799784,0.7652619169966783,17,87518.658211417,0.0,-0.0036630630493164062,5.919164657592773,-0.09889984130859375,66,417,0.087890625,0.0,-12.561182022094727,-2.2012240886688232
46.82358466600999,0.7653528750088299,17,87518.658362167,0.0,-0.0036630630493164062,5.919164657592773,-0.09889984130859375,66,417,0.087890625,0.0,-12.561182022094727,-2.2012240886688232
46.84865095799614,0.7904191669949796,17,87518.685542959,0.0,-0.0036630630493164062,5.919164657592773,-0.09889984130859375,66,417,0.087890625,0.0,-12.373266220092773,-2.120692253112793
46.84880449999764,0.7905727089964785,17,87518.685972917,0.0,-0.0036630630493164062,5.919164657592773,-0.07692337036132812,66,417,0.087890625,0.0,-12.373266220092773,-2.120692253112793
46.848859290999826,0.7906274999986636,17,87518.686038459,0.0,-0.0036630630493164062,5.919164657592773,-0.07692337036132812,66,417,0.087890625,0.0,-12.400117874145508,-2.2012240886688232
46.87922141600575,0.8209896250045858,17,87518.717315375,0.0,-0.010989189147949219,5.919164657592773,-0.14285659790039062,66,417,0.087890625,0.0,-12.400117874145508,-2.2012240886688232
46.87938529100211,0.8211535000009462,17,87518.717411625,0.0,-0.010989189147949219,5.919164657592773,-0.14285659790039062,66,417,0.087890625,0.0,-12.13167953491211,-2.4965152740478516
46.91069133300334,0.8524595420021797,17,87518.746650959,0.0,-0.010989189147949219,5.919164657592773,-0.14285659790039062,66,417,0.087890625,0.0,-12.13167953491211,-2.4965152740478516
46.910788708002656,0.8525569170014933,17,87518.746872709,0.0,-0.010989189147949219,5.919164657592773,-0.14285659790039062,66,417,0.087890625,0.0,-12.13167953491211,-2.4965152740478516
46.94231262500398,0.8840808340028161,17,87518.776789667,0.0,-0.0036630630493164062,5.919546127319336,0.20878982543945312,66,417,0.087890625,0.0,-12.13167953491211,-2.4965152740478516
46.94240958300361,0.884177792002447,17,87518.776977334,0.0,-0.0036630630493164062,5.919546127319336,0.20878982543945312,66,417,0.087890625,0.0,-12.668558120727539,-2.2549118995666504
46.942431415998726,0.8841996249975637,17,87518.777008417,0.0,-0.0036630630493164062,5.919546127319336,0.20878982543945312,66,417,0.087890625,0.0,-12.668558120727539,-2.2549118995666504
46.96755591600959,0.9093241250084247,17,87518.806446792,0.0,-0.0036630630493164062,5.919546127319336,0.20878982543945312,66,417,0.087890625,0.0,-12.668558120727539,-2.2549118995666504
46.96769770800893,0.9094659170077648,17,87518.8065655,0.0,-0.0036630630493164062,5.919546127319336,0.20878982543945312,66,417,0.087890625,0.0,-12.507487297058105,-2.362287759780884
46.967733790996135,0.9095019999949727,17,87518.806679834,0.0,-0.0036630630493164062,5.919546127319336,0.20878982543945312,66,417,0.087890625,0.0,-12.507487297058105,-2.362287759780884
46.96776475000661,0.9095329590054462,17,87518.806854334,0.0,-0.0036630630493164062,5.919546127319336,0.16483688354492188,66,417,0.087890625,0.0,-12.507487297058105,-2.362287759780884
46.99869508300617,0.9404632920050062,17,87518.836346292,0.0,-0.0036630630493164062,5.919546127319336,0.010990142822265625,66,417,0.087890625,0.0,-12.507487297058105,-2.362287759780884
46.99874679101049,0.9405150000093272,17,87518.836525625,0.0,-0.0036630630493164062,5.919546127319336,0.010990142822265625,66,417,0.087890625,0.0,-12.53433895111084,-2.415975570678711
46.99877441600256,0.9405426250013988,17,87518.836556292,0.0,-0.0036630630493164062,5.919546127319336,0.010990142822265625,66,417,0.087890625,0.0,-12.53433895111084,-2.415975570678711
47.03020391600148,0.9719721250003204,17,87518.865104125,0.0,-0.0036630630493164062,5.919546127319336,0.010990142822265625,66,417,0.087890625,0.0,-12.373266220092773,-2.415975570678711
47.03028441600327,0.9720526250021067,17,87518.865259209,0.0,-0.0036630630493164062,5.919546127319336,0.010990142822265625,66,417,0.087890625,0.0,-12.373266220092773,-2.415975570678711
47.030323416009196,0.9720916250080336,17,87518.865296875,0.0,-0.010989189147949219,5.919164657592773,-0.16483688354492188,66,417,0.087890625,0.0,-12.373266220092773,-2.415975570678711
