Time (s),Left Encoder Raw,Right Encoder Raw,Left Encoder (deg),Right Encoder (deg),Left Load Cell 1 (V),Left Load Cell 2 (V),Right Load Cell 1 (V),Right Load Cell 2 (V),Motor CAN ID,Motor Position (rad),Motor Velocity (rad/s),Motor Torque (Nm),Motor Temperature (C),Motor Error
0.0016135000041685998,0,0,0.0,0.0,2.515897274017334,2.4256410598754883,0.03223443403840065,0.030622711405158043,2,3.777179718017578,-0.0549468994140625,-0.010989189147949219,64,0
0.14717558299889788,0,0,0.0,0.0,2.5150914192199707,2.427252769470215,0.03223443403840065,0.030622711405158043,2,3.777179718017578,-0.0549468994140625,-0.010989189147949219,64,0
0.2533292080042884,0,0,0.0,0.0,2.5150914192199707,2.428058385848999,0.03223443403840065,0.030622711405158043,2,3.777179718017578,-0.0549468994140625,-0.010989189147949219,64,0
0.3608049580361694,0,0,0.0,0.0,2.5150914192199707,2.4288644790649414,0.03223443403840065,0.030622711405158043,2,3.777179718017578,-0.0549468994140625,-0.010989189147949219,64,0
0.46888312499504536,0,0,0.0,0.0,2.5150914192199707,2.427252769470215,0.03223443403840065,0.030622711405158043,2,3.777179718017578,-0.0549468994140625,-0.010989189147949219,64,0
0.5317037079948932,0,0,0.0,0.0,2.515897274017334,2.427252769470215,0.03223443403840065,0.030622711405158043,2,3.777179718017578,-0.0549468994140625,-0.010989189147949219,64,0
0.6003562500118278,2,1142,0.17578125,100.37109375,2.515897274017334,2.4296703338623047,-1.8908485888147197e-16,-0.02038581669330597,33,5.815418050180002e-34,-2.828692261741527e+17,2.1874269028110394e-41,0,0
0.6577224160428159,0,0,0.0,0.0,2.515897274017334,2.4296703338623047,0.03223443403840065,0.030622711405158043,2,3.777179718017578,-0.0549468994140625,-0.010989189147949219,64,0
0.7632750000339001,0,0,0.0,0.0,2.515897274017334,2.4296703338623047,0.03223443403840065,0.030622711405158043,2,3.777179718017578,-0.0549468994140625,-0.010989189147949219,64,0
0.837880540988408,0,0,0.0,0.0,2.515897274017334,2.4288644790649414,0.03223443403840065,0.029816849157214165,2,3.777179718017578,-0.0549468994140625,-0.010989189147949219,64,0
0.8959581250092015,0,0,0.0,0.0,2.5167031288146973,2.428058385848999,0.03142857179045677,0.030622711405158043,2,3.777179718017578,-0.0549468994140625,-0.010989189147949219,64,0
0.9519144580117427,0,0,0.0,0.0,2.5142858028411865,2.4296703338623047,0.03223443403840065,0.030622711405158043,2,3.777179718017578,-0.0549468994140625,-0.010989189147949219,64,0
1.0097706250380725,0,0,0.0,0.0,2.5167031288146973,2.4288644790649414,0.03223443403840065,0.030622711405158043,2,3.777179718017578,-0.0549468994140625,-0.010989189147949219,64,0
1.0675143330008723,0,0,0.0,0.0,2.515897274017334,2.4288644790649414,0.03142857179045677,0.030622711405158043,2,3.777179718017578,-0.0549468994140625,-0.010989189147949219,64,0
1.1250213750172406,0,0,0.0,0.0,2.515897274017334,2.428058385848999,0.03223443403840065,0.030622711405158043,2,3.777179718017578,-0.0549468994140625,-0.010989189147949219,64,0
1.1821035000029951,0,0,0.0,0.0,2.515897274017334,2.427252769470215,0.03223443403840065,0.030622711405158043,2,3.777179718017578,-0.0549468994140625,-0.010989189147949219,64,0
1.2868192910100333,0,0,0.0,0.0,2.5142858028411865,2.430476188659668,0.03223443403840065,0.030622711405158043,2,3.777179718017578,-0.0549468994140625,-0.010989189147949219,64,0
1.367021374986507,0,0,0.0,0.0,2.515897274017334,2.4288644790649414,0.03223443403840065,0.030622711405158043,2,3.777179718017578,-0.0549468994140625,-0.010989189147949219,64,0
1.4255490830400959,0,0,0.0,0.0,2.515897274017334,2.4296703338623047,0.03304029256105423,0.029816849157214165,2,3.777179718017578,-0.0549468994140625,-0.010989189147949219,64,0
1.4847935000434518,0,0,0.0,0.0,2.5142858028411865,2.428058385848999,0.03304029256105423,0.030622711405158043,2,3.777179718017578,-0.0549468994140625,-0.010989189147949219,64,0
1.5447948329965584,0,0,0.0,0.0,2.515897274017334,2.4296703338623047,0.03223443403840065,0.030622711405158043,2,3.777179718017578,-0.0549468994140625,-0.010989189147949219,64,0
1.6226517080212943,0,0,0.0,0.0,2.515897274017334,2.4288644790649414,0.03223443403840065,0.030622711405158043,2,3.777179718017578,-0.0549468994140625,-0.010989189147949219,64,0
1.7121064580278471,0,0,0.0,0.0,2.5167031288146973,2.428058385848999,0.03142857179045677,0.03142857179045677,2,3.777179718017578,-0.0549468994140625,-0.010989189147949219,64,0
1.774284125014674,0,0,0.0,0.0,2.5150914192199707,2.428058385848999,0.03223443403840065,0.030622711405158043,2,3.777179718017578,-0.0549468994140625,-0.010989189147949219,64,0
1.8339341250248253,0,0,0.0,0.0,2.515897274017334,2.427252769470215,0.03223443403840065,0.030622711405158043,2,3.777179718017578,-0.0549468994140625,-0.010989189147949219,64,0
1.9052088750177063,0,0,0.0,0.0,2.5142858028411865,2.427252769470215,0.03304029256105423,0.030622711405158043,2,3.777179718017578,-0.0549468994140625,-0.010989189147949219,64,0
1.9767564160283655,0,0,0.0,0.0,2.515897274017334,2.4288644790649414,0.03223443403840065,0.030622711405158043,2,3.777179718017578,-0.0549468994140625,-0.010989189147949219,64,0
2.0383715830394067,0,0,0.0,0.0,2.515897274017334,2.4296703338623047,0.03223443403840065,0.03142857179045677,2,3.777179718017578,-0.0549468994140625,-0.010989189147949219,64,0
2.1018316660192795,0,0,0.0,0.0,2.5150914192199707,2.428058385848999,0.03223443403840065,0.030622711405158043,2,3.777179718017578,-0.0549468994140625,-0.010989189147949219,64,0
2.175975500023924,0,0,0.0,0.0,2.515897274017334,2.4288644790649414,0.03223443403840065,0.030622711405158043,2,3.777179718017578,-0.0549468994140625,-0.010989189147949219,64,0
2.2345328330411576,4522,16417,397.44140625,1442.900390625,2.5150914192199707,2.427252769470215,0.03223443403840065,0.030622711405158043,28,0.03223443403840065,0.030622711405158043,0.0,2,0
2.2906368750263937,0,0,0.0,0.0,2.515897274017334,2.428058385848999,0.03223443403840065,0.030622711405158043,2,3.777179718017578,-0.0549468994140625,-0.010989189147949219,64,0
2.35348262503976,0,0,0.0,0.0,2.515897274017334,2.4264469146728516,0.03223443403840065,0.029816849157214165,2,3.777179718017578,-0.0549468994140625,-0.010989189147949219,64,0
2.419186166021973,0,0,0.0,0.0,2.5142858028411865,2.428058385848999,9.917750456884863e-32,5.944986314122607e-39,40,2.891716461755234e-36,5.238982193531753e+30,5.815418050180002e-34,4,61
2.486897583003156,0,0,0.0,0.0,2.5142858028411865,2.427252769470215,0.03223443403840065,0.030622711405158043,2,3.777179718017578,-0.0549468994140625,-0.010989189147949219,64,0
2.550635166000575,0,0,0.0,0.0,2.515897274017334,2.4296703338623047,0.03142857179045677,0.030622711405158043,2,3.777179718017578,-0.0549468994140625,-0.010989189147949219,64,0
2.612215291010216,0,0,0.0,0.0,2.515897274017334,2.428058385848999,0.03142857179045677,0.030622711405158043,2,3.777179718017578,-0.0549468994140625,-0.010989189147949219,64,0
2.672937583003659,48180,64,4234.5703125,5.625,2.5150914192199707,2.4296703338623047,2.5293192820654497e-29,9.917750456884863e-32,0,-0.03393569588661194,-3.9347880820784437e+33,5.238981589068843e+30,27,64
2.7324683330371045,0,0,0.0,0.0,2.5142858028411865,2.428058385848999,0.03223443403840065,0.030622711405158043,2,3.777179718017578,-0.0549468994140625,-0.010989189147949219,64,0
2.7911397500429302,0,0,0.0,0.0,2.515897274017334,2.4288644790649414,0.03223443403840065,0.030622711405158043,2,3.777179718017578,-0.0549468994140625,-0.010989189147949219,64,0
2.8520313749904744,0,0,0.0,0.0,2.5150914192199707,2.428058385848999,0.03223443403840065,0.030622711405158043,2,3.777179718017578,-0.0549468994140625,-0.010989189147949219,64,0
2.912053083011415,0,0,0.0,0.0,2.515897274017334,2.428058385848999,0.03223443403840065,0.030622711405158043,2,3.777179718017578,-0.0549468994140625,-0.010989189147949219,64,0
2.9879177910042927,0,0,0.0,0.0,2.515897274017334,2.428058385848999,0.03223443403840065,0.030622711405158043,2,3.777179718017578,-0.0549468994140625,-0.010989189147949219,64,0
3.0487583330250345,0,0,0.0,0.0,2.5175092220306396,2.4288644790649414,0.03223443403840065,0.030622711405158043,2,3.777179718017578,-0.0549468994140625,-0.010989189147949219,64,0
3.1181887080310844,0,0,0.0,0.0,2.515897274017334,2.4296703338623047,0.03223443403840065,0.030622711405158043,2,3.777179718017578,-0.0549468994140625,-0.010989189147949219,64,0
3.223315957991872,0,0,0.0,0.0,2.5167031288146973,2.4296703338623047,0.03223443403840065,0.030622711405158043,2,3.777179718017578,-0.0549468994140625,-0.010989189147949219,64,0
3.330680833023507,0,0,0.0,0.0,2.5167031288146973,2.4288644790649414,0.03223443403840065,0.030622711405158043,2,3.777179718017578,-0.0549468994140625,-0.010989189147949219,64,0
3.388556874997448,0,0,0.0,0.0,2.515897274017334,2.4288644790649414,0.03304029256105423,0.030622711405158043,2,3.777179718017578,-0.0549468994140625,-0.010989189147949219,64,0
3.4443731660139747,0,0,0.0,0.0,2.5167031288146973,2.430476188659668,0.03223443403840065,0.030622711405158043,2,3.777179718017578,-0.0549468994140625,-0.010989189147949219,64,0
3.5055731250322424,0,0,0.0,0.0,2.515897274017334,2.4296703338623047,0.03142857179045677,0.030622711405158043,2,3.777179718017578,-0.0549468994140625,-0.010989189147949219,64,0
3.5625794579973444,0,0,0.0,0.0,2.515897274017334,2.4288644790649414,0.03142857179045677,0.029816849157214165,2,3.777179718017578,-0.0549468994140625,-0.010989189147949219,64,0
3.6189180000219494,0,0,0.0,0.0,2.5150914192199707,2.4288644790649414,0.03223443403840065,0.029816849157214165,2,3.777179718017578,-0.0549468994140625,-0.010989189147949219,64,0
3.68155195802683,0,0,0.0,0.0,2.515897274017334,2.4288644790649414,0.03223443403840065,0.029816849157214165,2,3.777179718017578,-0.0549468994140625,-0.010989189147949219,64,0
3.7857872910099104,0,0,0.0,0.0,2.5142858028411865,2.4288644790649414,0.03223443403840065,0.029816849157214165,2,3.777179718017578,-0.0549468994140625,-0.010989189147949219,64,0
3.842329375038389,0,0,0.0,0.0,2.515897274017334,2.4264469146728516,0.03223443403840065,0.030622711405158043,2,3.777179718017578,-0.0549468994140625,-0.010989189147949219,64,0
3.9009394160239026,0,0,0.0,0.0,2.515897274017334,2.427252769470215,0.03223443403840065,0.030622711405158043,2,3.777179718017578,-0.0549468994140625,-0.010989189147949219,64,0
3.96094883303158,0,0,0.0,0.0,2.5142858028411865,2.4264469146728516,0.03223443403840065,0.030622711405158043,2,3.777179718017578,-0.0549468994140625,-0.010989189147949219,64,0
4.016363041009754,0,0,0.0,0.0,2.5150914192199707,2.4296703338623047,0.03223443403840065,0.030622711405158043,2,3.777179718017578,-0.0549468994140625,-0.010989189147949219,64,0
4.123298457998317,59919,16416,5266.318359375,1442.8125,2.5142858028411865,2.4296703338623047,0.03223443403840065,0.030622711405158043,2,3.777179718017578,-0.0549468994140625,-0.010989189147949219,64,0
4.225113124994095,0,0,0.0,0.0,2.515897274017334,2.430476188659668,0.03223443403840065,0.030622711405158043,2,3.777179718017578,-0.0549468994140625,-0.010989189147949219,64,0
4.282226749986876,0,0,0.0,0.0,2.5142858028411865,2.4256410598754883,0.03223443403840065,0.030622711405158043,2,3.777179718017578,-0.0549468994140625,-0.010989189147949219,64,0
4.339363500010222,0,0,0.0,0.0,2.515897274017334,2.427252769470215,0.03223443403840065,0.030622711405158043,2,3.777179718017578,-0.0549468994140625,-0.010989189147949219,64,0
4.3950383749906905,0,0,0.0,0.0,2.5142858028411865,2.4264469146728516,0.03223443403840065,0.030622711405158043,2,3.777179718017578,-0.0549468994140625,-0.010989189147949219,64,0
4.452445333008654,0,0,0.0,0.0,2.515897274017334,2.428058385848999,0.03223443403840065,0.030622711405158043,2,3.777179718017578,-0.0549468994140625,-0.010989189147949219,64,0
4.556607500009704,0,0,0.0,0.0,2.515897274017334,2.428058385848999,0.03223443403840065,0.03142857179045677,2,3.777179718017578,-0.0549468994140625,-0.010989189147949219,64,0
4.6205038750194944,0,0,0.0,0.0,2.515897274017334,2.4288644790649414,0.03223443403840065,0.030622711405158043,2,3.777179718017578,-0.0549468994140625,-0.010989189147949219,64,0
4.6835539159947075,0,0,0.0,0.0,2.515897274017334,2.4288644790649414,0.03223443403840065,0.030622711405158043,2,3.777179718017578,-0.0549468994140625,-0.010989189147949219,64,0
4.7881968329893425,0,0,0.0,0.0,2.515897274017334,2.4288644790649414,0.03223443403840065,0.029816849157214165,2,3.777179718017578,-0.0549468994140625,-0.010989189147949219,64,0
4.898276583000552,24848,189,2183.90625,16.611328125,2.515897274017334,2.4288644790649414,8589934592.0,5.918273361497183e-39,12,9007199254740992.0,1.624605387996628e+32,32.0026741027832,247,32
5.004319958039559,0,0,0.0,0.0,2.5167031288146973,2.428058385848999,0.03223443403840065,0.030622711405158043,2,3.777179718017578,-0.0549468994140625,-0.010989189147949219,64,0
5.110785916040186,0,0,0.0,0.0,2.5167031288146973,2.4288644790649414,0.03223443403840065,0.030622711405158043,2,3.777179718017578,-0.0549468994140625,-0.010989189147949219,64,0
5.220131541020237,0,0,0.0,0.0,2.5150914192199707,2.4288644790649414,0.03223443403840065,0.030622711405158043,2,3.777179718017578,-0.0549468994140625,-0.010989189147949219,64,0
5.310171707998961,0,0,0.0,0.0,2.515897274017334,2.4288644790649414,0.03304029256105423,0.030622711405158043,2,3.777179718017578,-0.0549468994140625,-0.010989189147949219,64,0
5.37265325000044,63298,16416,5563.30078125,1442.8125,2.515897274017334,2.4296703338623047,0.03223443403840065,0.030622711405158043,2,3.777179718017578,-0.0549468994140625,-0.010989189147949219,64,0
5.475739957997575,0,0,0.0,0.0,2.515897274017334,2.4288644790649414,0.03223443403840065,0.030622711405158043,2,3.777179718017578,-0.0549468994140625,-0.010989189147949219,64,0
5.5332243330194615,0,0,0.0,0.0,2.515897274017334,2.4288644790649414,0.03304029256105423,0.03142857179045677,2,3.777179718017578,-0.0549468994140625,-0.010989189147949219,64,0
5.591174500004854,0,512,0.0,45.0,2.5142858028411865,2.428058385848999,9.814258697267971e+35,5.6001211568584124e-39,0,5.918273361497183e-39,1.7391728238101882e-38,5.881353378295898,0,0
5.6471904999925755,0,0,0.0,0.0,2.5150914192199707,2.428058385848999,1.8357817910675915e-14,2.7860593646930584e-37,64,1.6016684501804655e-36,-5.724024390884123e+35,8.407790785948902e-44,0,2
5.7042231659870595,0,0,0.0,0.0,2.5167031288146973,2.428058385848999,0.03223443403840065,0.030622711405158043,2,3.777179718017578,-0.0549468994140625,-0.010989189147949219,64,0
5.759827625006437,0,0,0.0,0.0,2.5167031288146973,2.4296703338623047,0.03223443403840065,0.029816849157214165,2,3.777179718017578,-0.0549468994140625,-0.010989189147949219,64,0
5.863583791011479,0,0,0.0,0.0,2.515897274017334,2.427252769470215,0.03223443403840065,0.030622711405158043,2,3.777179718017578,-0.0549468994140625,-0.010989189147949219,64,0
5.966412166017108,0,0,0.0,0.0,2.5167031288146973,2.4288644790649414,0.03304029256105423,0.030622711405158043,2,3.777179718017578,-0.0549468994140625,-0.010989189147949219,64,0
6.021004625014029,0,0,0.0,0.0,2.515897274017334,2.4296703338623047,3.732736810314518e-39,2.5171244054973824e-40,236,0.03223443403840065,0.030622711405158043,0.0,2,0
6.078977166034747,0,0,0.0,0.0,2.515897274017334,2.428058385848999,0.03142857179045677,0.030622711405158043,2,3.777179718017578,-0.0549468994140625,-0.010989189147949219,64,0
6.134861833008472,0,0,0.0,0.0,2.515897274017334,2.4288644790649414,0.03223443403840065,0.03142857179045677,2,3.777179718017578,-0.0549468994140625,-0.010989189147949219,64,0
6.189912041008938,0,0,0.0,0.0,2.5167031288146973,2.428058385848999,0.03142857179045677,0.030622711405158043,2,3.777179718017578,-0.0549468994140625,-0.010989189147949219,64,0
6.246361416007858,0,0,0.0,0.0,2.5167031288146973,2.4288644790649414,0.03223443403840065,0.030622711405158043,2,3.777179718017578,-0.0549468994140625,-0.010989189147949219,64,0
6.301207832992077,0,0,0.0,0.0,2.5167031288146973,2.427252769470215,0.03223443403840065,0.029816849157214165,2,3.777179718017578,-0.0549468994140625,-0.010989189147949219,64,0
6.404603541013785,0,0,0.0,0.0,2.5167031288146973,2.4288644790649414,0.03304029256105423,0.030622711405158043,2,3.777179718017578,-0.0549468994140625,-0.010989189147949219,64,0
6.461876749992371,0,0,0.0,0.0,2.5150914192199707,2.427252769470215,0.03223443403840065,0.030622711405158043,2,3.777179718017578,-0.0549468994140625,-0.010989189147949219,64,0
6.522289125015959,0,0,0.0,0.0,2.5134799480438232,2.428058385848999,0.03142857179045677,0.030622711405158043,2,3.777179718017578,-0.0549468994140625,-0.010989189147949219,64,0
6.579782249988057,0,0,0.0,0.0,2.5167031288146973,2.4288644790649414,0.03223443403840065,0.030622711405158043,2,3.777179718017578,-0.0549468994140625,-0.010989189147949219,64,0
6.646496833011042,0,0,0.0,0.0,2.515897274017334,2.4288644790649414,0.03223443403840065,0.029816849157214165,2,3.777179718017578,-0.0549468994140625,-0.010989189147949219,64,0
6.712301541003399,0,0,0.0,0.0,2.5167031288146973,2.428058385848999,0.03223443403840065,0.030622711405158043,2,3.777179718017578,-0.0549468994140625,-0.010989189147949219,64,0
6.777607750031166,0,0,0.0,0.0,2.5167031288146973,2.4288644790649414,0.03304029256105423,0.03142857179045677,2,3.777179718017578,-0.0549468994140625,-0.010989189147949219,64,0
6.842482333013322,0,0,0.0,0.0,2.5167031288146973,2.428058385848999,0.03223443403840065,0.03223443403840065,2,3.777179718017578,-0.0549468994140625,-0.010989189147949219,64,0
6.9084147909889,0,0,0.0,0.0,2.515897274017334,2.428058385848999,0.03223443403840065,0.030622711405158043,2,3.777179718017578,-0.0549468994140625,-0.010989189147949219,64,0
7.051262166001834,0,0,0.0,0.0,2.515897274017334,2.4288644790649414,0.03142857179045677,0.03142857179045677,2,3.777179718017578,-0.0549468994140625,-0.010989189147949219,64,0
7.1631766660138965,0,0,0.0,0.0,2.5150914192199707,2.427252769470215,0.03223443403840065,0.030622711405158043,16,5.881353378295898,9007199254740992.0,-3.782579181707995e+22,189,2
7.268263750011101,0,0,0.0,0.0,2.5150914192199707,2.428058385848999,0.03223443403840065,0.030622711405158043,2,3.777179718017578,-0.0549468994140625,-0.010989189147949219,64,0
7.374344666022807,0,0,0.0,0.0,2.515897274017334,2.428058385848999,0.03142857179045677,0.030622711405158043,2,3.777179718017578,-0.0549468994140625,-0.010989189147949219,64,0
7.479387625004165,0,0,0.0,0.0,2.5150914192199707,2.427252769470215,0.03223443403840065,0.030622711405158043,2,3.777179718017578,-0.0549468994140625,-0.010989189147949219,64,0
7.5873940830351785,0,0,0.0,0.0,2.515897274017334,2.4288644790649414,0.03223443403840065,0.030622711405158043,2,3.777179718017578,-0.0549468994140625,-0.010989189147949219,64,0
7.694163915992249,0,0,0.0,0.0,2.5150914192199707,2.428058385848999,0.03223443403840065,0.03142857179045677,2,3.777179718017578,-0.0549468994140625,-0.010989189147949219,64,0
7.800263624987565,0,0,0.0,0.0,2.5150914192199707,2.4288644790649414,0.03142857179045677,0.030622711405158043,2,3.777179718017578,-0.0549468994140625,-0.010989189147949219,64,0
7.9050590000115335,0,0,0.0,0.0,2.5150914192199707,2.4296703338623047,0.03223443403840065,0.029816849157214165,2,3.777179718017578,-0.0549468994140625,-0.010989189147949219,64,0
8.013037833035924,2,0,0.17578125,0.0,2.5150914192199707,2.4288644790649414,0.03223443403840065,0.03142857179045677,80,-0.0549468994140625,-0.010989189147949219,8.96831017167883e-44,90,165
8.124392124998849,0,0,0.0,0.0,2.5167031288146973,2.4296703338623047,0.03223443403840065,0.030622711405158043,2,3.777179718017578,-0.0549468994140625,-0.010989189147949219,64,0
8.229500457993709,0,0,0.0,0.0,2.515897274017334,2.4288644790649414,0.03223443403840065,0.030622711405158043,2,3.777179718017578,-0.0549468994140625,-0.010989189147949219,64,0
8.334877416025847,0,0,0.0,0.0,2.515897274017334,2.428058385848999,0.03223443403840065,0.030622711405158043,2,3.777179718017578,-0.0549468994140625,-0.010989189147949219,64,0
8.43989237502683,0,0,0.0,0.0,2.5142858028411865,2.428058385848999,0.03142857179045677,0.030622711405158043,2,3.777179718017578,-0.0549468994140625,-0.010989189147949219,64,0
8.545610458008014,0,0,0.0,0.0,2.5150914192199707,2.428058385848999,0.03223443403840065,0.029816849157214165,2,3.777179718017578,-0.0549468994140625,-0.010989189147949219,64,0
8.649646500009112,0,0,0.0,0.0,2.5150914192199707,2.428058385848999,0.03223443403840065,0.030622711405158043,2,3.777179718017578,-0.0549468994140625,-0.010989189147949219,64,0
8.748382624995429,0,0,0.0,0.0,2.5167031288146973,2.427252769470215,0.03223443403840065,0.030622711405158043,2,3.777179718017578,-0.0549468994140625,-0.010989189147949219,64,0
8.806015791022219,0,0,0.0,0.0,2.5150914192199707,2.427252769470215,0.03223443403840065,0.029816849157214165,2,3.777179718017578,-0.0549468994140625,-0.010989189147949219,64,0
8.863802875042893,59919,16416,5266.318359375,1442.8125,2.5150914192199707,2.4288644790649414,3.732736810314518e-39,2.5190581973781507e-40,28,0.03223443403840065,0.03142857179045677,0.0,2,0
8.919838958012406,0,0,0.0,0.0,2.5142858028411865,2.4288644790649414,0.03223443403840065,0.030622711405158043,2,3.777179718017578,-0.0549468994140625,-0.010989189147949219,64,0
9.024672000028659,0,0,0.0,0.0,2.515897274017334,2.4288644790649414,0.03223443403840065,0.030622711405158043,2,3.777179718017578,-0.0549468994140625,-0.010989189147949219,64,0
9.082801832992118,0,0,0.0,0.0,2.5150914192199707,2.4288644790649414,0.03223443403840065,0.030622711405158043,2,3.777179718017578,-0.0549468994140625,-0.010989189147949219,64,0
9.140966708015185,0,0,0.0,0.0,2.5167031288146973,2.427252769470215,9007199254740992.0,128.1587677001953,247,12.00670051574707,9.814258697267971e+35,5.6001211568584124e-39,0,0
9.199489791004453,0,0,0.0,0.0,2.5150914192199707,2.4288644790649414,0.03223443403840065,0.030622711405158043,2,3.777179718017578,-0.0549468994140625,-0.010989189147949219,64,0
9.256326125003397,0,0,0.0,0.0,2.515897274017334,2.428058385848999,0.03223443403840065,0.030622711405158043,2,3.777179718017578,-0.0549468994140625,-0.010989189147949219,64,0
9.312196624989156,29117,64,2559.111328125,5.625,2.515897274017334,2.4288644790649414,9.4039548065783e-38,8589934592.0,16,5.881353378295898,9007199254740992.0,33596052.0,190,2
9.368025708012283,0,0,0.0,0.0,2.5167031288146973,2.4288644790649414,0.03223443403840065,0.030622711405158043,2,3.777179718017578,-0.0549468994140625,-0.010989189147949219,64,0
9.424371333036106,0,0,0.0,0.0,2.5150914192199707,2.428058385848999,0.03142857179045677,0.03142857179045677,2,3.777179718017578,-0.0549468994140625,-0.010989189147949219,64,0
9.490250333037693,0,0,0.0,0.0,2.5142858028411865,2.428058385848999,0.03223443403840065,0.030622711405158043,2,3.777179718017578,-0.0549468994140625,-0.010989189147949219,64,0
9.553056833043229,0,0,0.0,0.0,2.515897274017334,2.4296703338623047,0.03223443403840065,0.030622711405158043,2,3.777179718017578,-0.0549468994140625,-0.010989189147949219,64,0
9.610587541013956,1142,16417,100.37109375,1442.900390625,2.515897274017334,2.427252769470215,0.03223443403840065,0.030622711405158043,2,3.777179718017578,-0.0549468994140625,-0.010989189147949219,64,0
9.672074916015845,0,0,0.0,0.0,2.5175092220306396,2.428058385848999,0.03223443403840065,0.030622711405158043,2,3.777179718017578,-0.0549468994140625,-0.010989189147949219,64,0
9.729039125028066,0,0,0.0,0.0,2.5150914192199707,2.428058385848999,0.03223443403840065,0.030622711405158043,2,3.777179718017578,-0.0549468994140625,-0.010989189147949219,64,0
9.79287895798916,0,0,0.0,0.0,2.5142858028411865,2.427252769470215,0.03223443403840065,0.030622711405158043,2,3.777179718017578,-0.0549468994140625,-0.010989189147949219,64,0
9.851622708025388,0,0,0.0,0.0,2.5150914192199707,2.4288644790649414,0.03142857179045677,0.030622711405158043,2,3.777179718017578,-0.0549468994140625,-0.010989189147949219,64,0
9.912186708010267,0,0,0.0,0.0,2.515897274017334,2.4296703338623047,0.03223443403840065,0.030622711405158043,2,3.777179718017578,-0.0549468994140625,-0.010989189147949219,64,0
9.968184208031744,0,0,0.0,0.0,2.515897274017334,2.4296703338623047,0.03223443403840065,0.030622711405158043,2,3.777179718017578,-0.0549468994140625,-0.010989189147949219,64,0
10.035244666039944,0,0,0.0,0.0,2.515897274017334,2.4264469146728516,0.03142857179045677,0.030622711405158043,2,3.777179718017578,-0.0549468994140625,-0.010989189147949219,64,0
10.09643800003687,0,0,0.0,0.0,2.5142858028411865,2.4296703338623047,0.03223443403840065,0.030622711405158043,2,3.777179718017578,-0.0549468994140625,-0.010989189147949219,64,0
10.15433137502987,0,0,0.0,0.0,2.515897274017334,2.428058385848999,0.03223443403840065,0.030622711405158043,2,3.777179718017578,-0.0549468994140625,-0.010989189147949219,64,0
10.209117458027322,0,0,0.0,0.0,2.5134799480438232,2.4264469146728516,0.03223443403840065,0.030622711405158043,2,3.777179718017578,-0.0549468994140625,-0.010989189147949219,64,0
10.275985500018578,63298,16416,5563.30078125,1442.8125,2.515897274017334,2.4296703338623047,3.732736810314518e-39,2.519983054364605e-40,2,3.777179718017578,-0.0549468994140625,-0.010989189147949219,64,0
10.381614416022785,0,0,0.0,0.0,2.5167031288146973,2.4296703338623047,0.03223443403840065,0.030622711405158043,2,3.777179718017578,-0.0549468994140625,-0.010989189147949219,64,0
10.435536458040588,0,0,0.0,0.0,2.5142858028411865,2.428058385848999,0.03223443403840065,0.030622711405158043,2,3.777179718017578,-0.0549468994140625,-0.010989189147949219,64,0
10.491694208001718,0,0,0.0,0.0,2.5150914192199707,2.428058385848999,0.03223443403840065,0.030622711405158043,2,3.777179718017578,-0.0549468994140625,-0.010989189147949219,64,0
10.549210124998353,0,0,0.0,0.0,2.5167031288146973,2.4296703338623047,0.03304029256105423,0.030622711405158043,2,3.777179718017578,-0.0549468994140625,-0.010989189147949219,64,0
10.606101915996987,0,0,0.0,0.0,2.5150914192199707,2.428058385848999,0.03223443403840065,0.030622711405158043,2,3.777179718017578,-0.0549468994140625,-0.010989189147949219,64,0
10.66390558303101,0,0,0.0,0.0,2.5150914192199707,2.428058385848999,0.03223443403840065,0.030622711405158043,2,3.777179718017578,-0.0549468994140625,-0.010989189147949219,64,0
10.72064783301903,0,0,0.0,0.0,2.5150914192199707,2.427252769470215,0.03223443403840065,0.030622711405158043,2,3.777179718017578,-0.0549468994140625,-0.010989189147949219,64,0
10.828656333032995,0,0,0.0,0.0,2.5150914192199707,2.428058385848999,0.03223443403840065,0.030622711405158043,2,3.777179718017578,-0.0549468994140625,-0.010989189147949219,64,0
10.88529012503568,0,0,0.0,0.0,2.5150914192199707,2.4288644790649414,0.03142857179045677,0.030622711405158043,2,3.777179718017578,-0.0549468994140625,-0.010989189147949219,64,0
10.958018540986814,0,0,0.0,0.0,2.5142858028411865,2.4288644790649414,0.03223443403840065,0.030622711405158043,2,3.777179718017578,-0.0549468994140625,-0.010989189147949219,64,0
11.0675772500108,0,0,0.0,0.0,2.5142858028411865,2.428058385848999,0.03223443403840065,0.030622711405158043,2,3.777179718017578,-0.0549468994140625,-0.010989189147949219,64,0
11.172166833013762,0,0,0.0,0.0,2.5150914192199707,2.430476188659668,0.03223443403840065,0.030622711405158043,2,3.777179718017578,-0.0549468994140625,-0.010989189147949219,64,0
11.274822458042763,0,0,0.0,0.0,2.5167031288146973,2.428058385848999,0.03223443403840065,0.029816849157214165,2,3.777179718017578,-0.0549468994140625,-0.010989189147949219,64,0
11.379661875020247,0,0,0.0,0.0,2.515897274017334,2.4288644790649414,0.03142857179045677,0.030622711405158043,2,3.777179718017578,-0.0549468994140625,-0.010989189147949219,64,0
11.486262916005217,0,0,0.0,0.0,2.515897274017334,2.4288644790649414,0.03223443403840065,0.029816849157214165,2,3.777179718017578,-0.0549468994140625,-0.010989189147949219,64,0
11.59408650000114,0,0,0.0,0.0,2.515897274017334,2.428058385848999,0.03223443403840065,0.030622711405158043,2,3.777179718017578,-0.0549468994140625,-0.010989189147949219,64,0
11.700035332993139,0,0,0.0,0.0,2.515897274017334,2.428058385848999,0.03223443403840065,0.030622711405158043,2,3.777179718017578,-0.0549468994140625,-0.010989189147949219,64,0
11.806548958003987,0,0,0.0,0.0,2.5167031288146973,2.428058385848999,0.03223443403840065,0.030622711405158043,2,3.777179718017578,-0.0549468994140625,-0.010989189147949219,64,0
11.91629100003047,0,0,0.0,0.0,2.515897274017334,2.428058385848999,0.03142857179045677,0.030622711405158043,2,3.777179718017578,-0.14285659790039062,-0.010989189147949219,64,0
12.023228665988427,0,0,0.0,0.0,2.515897274017334,2.4296703338623047,0.03223443403840065,0.030622711405158043,2,3.777179718017578,-0.14285659790039062,-0.010989189147949219,64,0
12.127429458021652,0,0,0.0,0.0,2.5150914192199707,2.428058385848999,0.03223443403840065,0.030622711405158043,2,3.777179718017578,-0.14285659790039062,-0.010989189147949219,64,0
12.231027666013688,0,0,0.0,0.0,2.5167031288146973,2.4296703338623047,0.03223443403840065,0.030622711405158043,2,3.777179718017578,-0.14285659790039062,-0.010989189147949219,64,0
12.334736708027776,0,0,0.0,0.0,2.5150914192199707,2.4288644790649414,0.03223443403840065,0.030622711405158043,2,3.777179718017578,-0.14285659790039062,-0.010989189147949219,64,0
12.438301958027296,0,0,0.0,0.0,2.5150914192199707,2.428058385848999,0.03223443403840065,0.030622711405158043,2,3.777179718017578,-0.14285659790039062,-0.010989189147949219,64,0
12.544103500025813,0,0,0.0,0.0,2.515897274017334,2.4296703338623047,0.03223443403840065,0.03142857179045677,2,3.777179718017578,-0.14285659790039062,-0.010989189147949219,64,0
12.64715208299458,0,0,0.0,0.0,2.5142858028411865,2.4296703338623047,0.03223443403840065,0.030622711405158043,2,3.777179718017578,-0.14285659790039062,-0.010989189147949219,64,0
12.751169583003502,0,0,0.0,0.0,2.5150914192199707,2.427252769470215,0.03223443403840065,0.029816849157214165,2,3.777179718017578,-0.14285659790039062,-0.010989189147949219,64,0
12.854370040993672,0,0,0.0,0.0,2.5150914192199707,2.427252769470215,0.03223443403840065,0.030622711405158043,2,3.777179718017578,-0.14285659790039062,-0.010989189147949219,64,0
12.957968083035666,0,0,0.0,0.0,2.5167031288146973,2.428058385848999,0.03223443403840065,0.030622711405158043,2,3.777179718017578,-0.14285659790039062,-0.010989189147949219,64,0
13.060736040992197,0,0,0.0,0.0,2.5142858028411865,2.428058385848999,0.03223443403840065,0.030622711405158043,2,3.777179718017578,-0.14285659790039062,-0.010989189147949219,64,0
13.164339833019767,0,0,0.0,0.0,2.5142858028411865,2.424835205078125,0.03223443403840065,0.030622711405158043,2,3.777179718017578,-0.14285659790039062,-0.010989189147949219,64,0
13.267669875000138,0,0,0.0,0.0,2.515897274017334,2.427252769470215,0.03223443403840065,0.030622711405158043,2,3.777179718017578,-0.14285659790039062,-0.010989189147949219,64,0
13.369490166020114,0,0,0.0,0.0,2.5150914192199707,2.4288644790649414,0.03223443403840065,0.030622711405158043,2,3.777179718017578,-0.14285659790039062,-0.010989189147949219,64,0
13.471475375001319,0,0,0.0,0.0,2.5142858028411865,2.428058385848999,0.03223443403840065,0.03142857179045677,2,3.777179718017578,-0.14285659790039062,-0.010989189147949219,64,0
13.574441957985982,0,0,0.0,0.0,2.5150914192199707,2.428058385848999,0.03223443403840065,0.030622711405158043,2,3.777179718017578,-0.14285659790039062,-0.010989189147949219,64,0
13.677370541030541,0,0,0.0,0.0,2.5142858028411865,2.4288644790649414,0.03223443403840065,0.030622711405158043,2,3.777179718017578,-0.14285659790039062,-0.010989189147949219,64,0
13.778277250006795,0,0,0.0,0.0,2.5150914192199707,2.428058385848999,0.03142857179045677,0.029816849157214165,2,3.777179718017578,-0.14285659790039062,-0.010989189147949219,64,0
13.881525333039463,0,0,0.0,0.0,2.5142858028411865,2.4296703338623047,0.03223443403840065,0.030622711405158043,2,3.777179718017578,-0.14285659790039062,-0.010989189147949219,64,0
13.987426707986742,0,0,0.0,0.0,2.5167031288146973,2.4312820434570312,0.03223443403840065,0.030622711405158043,2,3.777179718017578,-0.14285659790039062,-0.010989189147949219,64,0
14.089862250024453,0,0,0.0,0.0,2.515897274017334,2.428058385848999,0.03142857179045677,0.030622711405158043,2,3.777179718017578,-0.14285659790039062,-0.010989189147949219,64,0
14.19220133300405,0,0,0.0,0.0,2.515897274017334,2.4288644790649414,0.03223443403840065,0.030622711405158043,2,3.777179718017578,-0.14285659790039062,-0.010989189147949219,64,0
14.296179083001334,0,0,0.0,0.0,2.5150914192199707,2.4288644790649414,0.03223443403840065,0.030622711405158043,2,3.777179718017578,-0.14285659790039062,-0.010989189147949219,64,0
14.400299666041974,0,0,0.0,0.0,2.5150914192199707,2.428058385848999,0.03223443403840065,0.030622711405158043,2,3.777179718017578,-0.14285659790039062,-0.010989189147949219,64,0
14.505626250000205,0,0,0.0,0.0,2.515897274017334,2.428058385848999,0.03223443403840065,0.030622711405158043,2,3.777179718017578,-0.14285659790039062,-0.010989189147949219,64,0
14.614646500034723,3072,48180,270.0,4234.5703125,2.515897274017334,2.4288644790649414,0.03223443403840065,0.030622711405158043,2,3.777179718017578,-0.14285659790039062,-0.010989189147949219,64,0
14.72128033300396,0,0,0.0,0.0,2.5150914192199707,2.4264469146728516,0.03223443403840065,0.029816849157214165,2,3.777179718017578,-0.14285659790039062,-0.010989189147949219,64,0
14.827318500028923,0,0,0.0,0.0,2.5150914192199707,2.4264469146728516,0.03223443403840065,0.030622711405158043,2,3.777179718017578,-0.14285659790039062,-0.010989189147949219,64,0
14.931569957989268,0,0,0.0,0.0,2.515897274017334,2.428058385848999,0.03223443403840065,0.030622711405158043,2,3.777179718017578,-0.14285659790039062,-0.010989189147949219,64,0
15.039855250041,0,0,0.0,0.0,2.5150914192199707,2.4256410598754883,0.03223443403840065,0.030622711405158043,2,3.777179718017578,-0.14285659790039062,-0.010989189147949219,64,0
15.141197832999751,0,0,0.0,0.0,2.5150914192199707,2.427252769470215,0.03223443403840065,0.030622711405158043,2,3.777179718017578,-0.14285659790039062,-0.010989189147949219,64,0
15.243986874993425,0,0,0.0,0.0,2.515897274017334,2.427252769470215,0.03223443403840065,0.030622711405158043,2,3.777179718017578,-0.14285659790039062,-0.010989189147949219,64,0
15.348258958023507,0,0,0.0,0.0,2.5134799480438232,2.4264469146728516,0.03223443403840065,0.030622711405158043,2,-0.921877384185791,-3.9347880820784437e+33,nan,27,64
15.452390833001118,0,0,0.0,0.0,2.5150914192199707,2.428058385848999,0.03223443403840065,0.030622711405158043,2,3.777179718017578,-0.14285659790039062,-0.010989189147949219,64,0
15.55676291603595,0,0,0.0,0.0,2.515897274017334,2.4288644790649414,0.03223443403840065,0.029816849157214165,2,3.777179718017578,-0.14285659790039062,-0.010989189147949219,64,0
15.660202333005145,0,0,0.0,0.0,2.5150914192199707,2.428058385848999,0.03142857179045677,0.030622711405158043,2,3.777179718017578,-0.14285659790039062,-0.010989189147949219,64,0
15.763311707996763,0,0,0.0,0.0,2.5150914192199707,2.4288644790649414,0.03223443403840065,0.030622711405158043,2,3.777179718017578,-0.14285659790039062,-0.010989189147949219,64,0
15.867328166030347,0,0,0.0,0.0,2.5142858028411865,2.4288644790649414,0.03223443403840065,0.030622711405158043,2,3.777179718017578,-0.14285659790039062,-0.010989189147949219,64,0
15.970667582994793,0,0,0.0,0.0,2.515897274017334,2.4288644790649414,0.03223443403840065,0.030622711405158043,2,3.777179718017578,-0.14285659790039062,-0.010989189147949219,64,0
16.070891208015382,0,0,0.0,0.0,2.515897274017334,2.427252769470215,0.03223443403840065,0.030622711405158043,2,3.777179718017578,-0.14285659790039062,-0.010989189147949219,64,0
16.127074000018183,0,0,0.0,0.0,2.515897274017334,2.4296703338623047,0.03304029256105423,0.030622711405158043,2,3.777179718017578,-0.14285659790039062,-0.010989189147949219,64,0
16.18137854099041,0,0,0.0,0.0,2.5150914192199707,2.428058385848999,0.03223443403840065,0.030622711405158043,2,3.777179718017578,-0.14285659790039062,-0.010989189147949219,64,0
16.285091000027023,0,0,0.0,0.0,2.515897274017334,2.430476188659668,0.03223443403840065,0.030622711405158043,2,3.777179718017578,-0.14285659790039062,-0.010989189147949219,64,0
16.379154416033998,0,0,0.0,0.0,2.515897274017334,2.4288644790649414,0.03304029256105423,0.029816849157214165,2,3.777179718017578,-0.14285659790039062,-0.010989189147949219,64,0
16.437522332998924,0,0,0.0,0.0,2.5167031288146973,2.4296703338623047,0.03223443403840065,0.030622711405158043,2,3.777179718017578,-0.14285659790039062,-0.010989189147949219,64,0
16.541280291043222,0,0,0.0,0.0,2.5167031288146973,2.428058385848999,0.03223443403840065,0.030622711405158043,2,3.777179718017578,-0.14285659790039062,-0.010989189147949219,64,0
16.619608208013233,0,0,0.0,0.0,2.515897274017334,2.428058385848999,0.03223443403840065,0.030622711405158043,2,3.777179718017578,-0.14285659790039062,-0.010989189147949219,64,0
16.676014416036196,0,0,0.0,0.0,2.515897274017334,2.4296703338623047,0.03223443403840065,0.030622711405158043,2,3.777179718017578,-0.14285659790039062,-0.010989189147949219,64,0
16.732511416019406,0,0,0.0,0.0,2.5167031288146973,2.428058385848999,0.03223443403840065,0.030622711405158043,2,3.777179718017578,-0.14285659790039062,-0.010989189147949219,64,0
16.78775158303324,0,0,0.0,0.0,2.515897274017334,2.4296703338623047,0.03223443403840065,0.030622711405158043,2,3.777179718017578,-0.14285659790039062,-0.010989189147949219,64,0
16.843137375020888,0,0,0.0,0.0,2.5167031288146973,2.4296703338623047,0.03223443403840065,0.029816849157214165,2,3.777179718017578,-0.14285659790039062,-0.010989189147949219,64,0
16.899935416004155,0,0,0.0,0.0,2.5150914192199707,2.4296703338623047,0.03223443403840065,0.030622711405158043,2,3.777179718017578,-0.14285659790039062,-0.010989189147949219,64,0
17.00386133301072,10405,48128,914.501953125,4230.0,2.5142858028411865,2.4264469146728516,0.03223443403840065,0.030622711405158043,191,-4.580711538437754e-05,12.006712913513184,9.814258697267971e+35,220,250
17.108375125040766,0,0,0.0,0.0,2.5150914192199707,2.428058385848999,0.03223443403840065,0.030622711405158043,2,3.777179718017578,-0.14285659790039062,-0.010989189147949219,64,0
17.21279812499415,0,0,0.0,0.0,2.5150914192199707,2.427252769470215,0.03223443403840065,0.030622711405158043,2,3.777179718017578,-0.14285659790039062,-0.010989189147949219,64,0
17.318170041020494,0,0,0.0,0.0,2.515897274017334,2.4264469146728516,0.03142857179045677,0.030622711405158043,2,3.777179718017578,-0.14285659790039062,-0.010989189147949219,64,0
17.42228100000648,0,0,0.0,0.0,2.515897274017334,2.428058385848999,0.03223443403840065,0.030622711405158043,2,6.116954746360895e+22,5.815418050180002e-34,-2.828692261741527e+17,250,60
17.52731070801383,0,0,0.0,0.0,2.515897274017334,2.428058385848999,0.03223443403840065,0.030622711405158043,2,3.777179718017578,-0.14285659790039062,-0.010989189147949219,64,0
17.633001582988072,16960,1877,1490.625,164.970703125,2.5167031288146973,2.4296703338623047,0.03304029256105423,0.030622711405158043,61,8.407790785948902e-44,7.174648137343064e-43,1.8748601894977084e+30,64,0
17.735620041028596,0,0,0.0,0.0,2.5167031288146973,2.4296703338623047,0.03223443403840065,0.03142857179045677,2,3.777179718017578,-0.14285659790039062,-0.010989189147949219,64,0
17.838619916001335,0,0,0.0,0.0,2.5150914192199707,2.4288644790649414,0.03223443403840065,0.030622711405158043,2,3.777179718017578,-0.14285659790039062,-0.010989189147949219,64,0
17.941070958040655,0,0,0.0,0.0,2.515897274017334,2.427252769470215,0.03142857179045677,0.030622711405158043,2,3.777179718017578,-0.14285659790039062,-0.010989189147949219,64,0
18.04405841603875,0,0,0.0,0.0,2.515897274017334,2.4296703338623047,0.03223443403840065,0.030622711405158043,2,3.777179718017578,-0.14285659790039062,-0.010989189147949219,64,0
18.14659095800016,0,0,0.0,0.0,2.515897274017334,2.428058385848999,0.03223443403840065,0.030622711405158043,2,3.777179718017578,-0.14285659790039062,-0.010989189147949219,64,0
18.25244916602969,0,0,0.0,0.0,2.5167031288146973,2.428058385848999,0.03223443403840065,0.030622711405158043,2,3.777179718017578,-0.14285659790039062,-0.010989189147949219,64,0
18.360610875010025,0,0,0.0,0.0,2.5150914192199707,2.4264469146728516,0.03223443403840065,0.030622711405158043,2,3.777179718017578,-0.14285659790039062,-0.010989189147949219,64,0
18.464863166038413,0,0,0.0,0.0,2.515897274017334,2.4288644790649414,0.03223443403840065,0.030622711405158043,2,3.777179718017578,-0.14285659790039062,-0.010989189147949219,64,0
18.566654166032095,0,0,0.0,0.0,2.5142858028411865,2.4232232570648193,0.03223443403840065,0.030622711405158043,2,3.777179718017578,-0.14285659790039062,-0.010989189147949219,64,0
18.62352829100564,0,0,0.0,0.0,2.5150914192199707,2.4288644790649414,3.732736810314518e-39,2.5256022612065476e-40,2,3.777179718017578,-0.14285659790039062,-0.010989189147949219,64,0
18.68034608301241,0,0,0.0,0.0,2.515897274017334,2.428058385848999,0.03223443403840065,0.030622711405158043,2,3.777179718017578,-0.14285659790039062,-0.010989189147949219,64,0
18.735645957989618,0,0,0.0,0.0,2.5150914192199707,2.4288644790649414,0.03223443403840065,0.029816849157214165,2,3.777179718017578,-0.14285659790039062,-0.010989189147949219,64,0
18.790111874986906,0,0,0.0,0.0,2.5150914192199707,2.4288644790649414,0.03223443403840065,0.030622711405158043,0,6.342472492856045e-28,1.3038786050856288e-07,2.322231815079087e-41,0,90
18.84555387502769,0,0,0.0,0.0,2.5150914192199707,2.427252769470215,0.03304029256105423,0.030622711405158043,2,3.777179718017578,-0.14285659790039062,-0.010989189147949219,64,0
18.901262791012414,0,0,0.0,0.0,2.515897274017334,2.428058385848999,0.03223443403840065,0.030622711405158043,2,3.777179718017578,-0.14285659790039062,-0.010989189147949219,64,0
19.003640790993813,0,0,0.0,0.0,2.5150914192199707,2.428058385848999,0.03223443403840065,0.030622711405158043,2,3.777179718017578,-0.14285659790039062,-0.010989189147949219,64,0
19.060225458000787,0,0,0.0,0.0,2.515897274017334,2.428058385848999,0.03223443403840065,0.030622711405158043,2,3.777179718017578,-0.14285659790039062,-0.010989189147949219,64,0
19.11737016600091,0,0,0.0,0.0,2.5167031288146973,2.428058385848999,0.03223443403840065,0.030622711405158043,2,3.777179718017578,-0.14285659790039062,-0.010989189147949219,64,0
19.17291825002758,0,0,0.0,0.0,2.5142858028411865,2.427252769470215,0.03223443403840065,0.030622711405158043,2,3.777179718017578,-0.14285659790039062,-0.010989189147949219,64,0
19.232547958032228,0,0,0.0,0.0,2.5167031288146973,2.428058385848999,0.03223443403840065,0.030622711405158043,2,3.777179718017578,-0.14285659790039062,-0.010989189147949219,64,0
19.2871094160364,63298,16416,5563.30078125,1442.8125,2.5167031288146973,2.4288644790649414,3.732736810314518e-39,2.5260646896997747e-40,132,0.03223443403840065,0.030622711405158043,0.0,2,0
19.34073991602054,0,0,0.0,0.0,2.515897274017334,2.428058385848999,0.03223443403840065,0.030622711405158043,2,3.777179718017578,-0.14285659790039062,-0.010989189147949219,64,0
19.402593665989116,0,0,0.0,0.0,2.5150914192199707,2.4288644790649414,0.03304029256105423,0.03142857179045677,2,3.777179718017578,-0.14285659790039062,-0.010989189147949219,64,0
19.459449833026156,0,0,0.0,0.0,2.5150914192199707,2.428058385848999,0.03223443403840065,0.030622711405158043,2,3.777179718017578,-0.14285659790039062,-0.010989189147949219,64,0
19.51839874999132,0,0,0.0,0.0,2.5150914192199707,2.4288644790649414,0.03223443403840065,0.030622711405158043,2,3.777179718017578,-0.14285659790039062,-0.010989189147949219,64,0
19.574200291011948,0,0,0.0,0.0,2.5175092220306396,2.427252769470215,0.03223443403840065,0.03142857179045677,2,3.777179718017578,-0.14285659790039062,-0.010989189147949219,64,0
19.64670412504347,0,0,0.0,0.0,2.5150914192199707,2.4296703338623047,0.03223443403840065,0.030622711405158043,2,3.777179718017578,-0.14285659790039062,-0.010989189147949219,64,0
19.707458582997788,0,0,0.0,0.0,2.5134799480438232,2.4288644790649414,0.03304029256105423,0.030622711405158043,2,3.777179718017578,-0.14285659790039062,-0.010989189147949219,64,0
19.76560562499799,0,0,0.0,0.0,2.515897274017334,2.4288644790649414,0.03223443403840065,0.030622711405158043,2,3.777179718017578,-0.14285659790039062,-0.010989189147949219,64,0
19.81929554103408,0,0,0.0,0.0,2.515897274017334,2.4288644790649414,0.03223443403840065,0.030622711405158043,2,3.777179718017578,-0.14285659790039062,-0.010989189147949219,64,0
19.924846332985908,0,0,0.0,0.0,2.5167031288146973,2.428058385848999,0.03304029256105423,0.030622711405158043,2,3.777179718017578,-0.14285659790039062,-0.010989189147949219,64,0
19.98277645802591,0,0,0.0,0.0,2.515897274017334,2.4288644790649414,0.03223443403840065,0.03142857179045677,2,3.777179718017578,-0.14285659790039062,-0.010989189147949219,64,0
20.04060245800065,0,0,0.0,0.0,2.5167031288146973,2.430476188659668,0.03223443403840065,0.030622711405158043,2,3.777179718017578,-0.14285659790039062,-0.010989189147949219,64,0
20.09613800002262,0,0,0.0,0.0,2.515897274017334,2.4288644790649414,0.03223443403840065,0.030622711405158043,2,3.777179718017578,-0.14285659790039062,-0.010989189147949219,64,0
20.1537539580022,0,0,0.0,0.0,2.5150914192199707,2.428058385848999,0.03223443403840065,0.030622711405158043,2,3.777179718017578,-0.14285659790039062,-0.010989189147949219,64,0
20.20752666599583,0,0,0.0,0.0,2.515897274017334,2.4312820434570312,0.03223443403840065,0.030622711405158043,2,3.777179718017578,-0.14285659790039062,-0.010989189147949219,64,0
20.262747458007652,0,0,0.0,0.0,2.515897274017334,2.4296703338623047,0.03223443403840065,0.030622711405158043,2,3.777179718017578,-0.14285659790039062,-0.010989189147949219,64,0
20.31830575002823,0,0,0.0,0.0,2.5142858028411865,2.4296703338623047,0.03223443403840065,0.030622711405158043,2,3.777179718017578,-0.14285659790039062,-0.010989189147949219,64,0
20.372970500029624,0,0,0.0,0.0,2.5142858028411865,2.428058385848999,0.03223443403840065,0.030622711405158043,2,3.777179718017578,-0.14285659790039062,-0.010989189147949219,64,0
20.433503707987256,0,0,0.0,0.0,2.5167031288146973,2.428058385848999,0.03223443403840065,0.030622711405158043,2,3.777179718017578,-0.14285659790039062,-0.010989189147949219,64,0
20.537290875043254,0,0,0.0,0.0,2.515897274017334,2.430476188659668,0.03223443403840065,0.030622711405158043,2,3.777179718017578,-0.14285659790039062,-0.010989189147949219,64,0
20.641237000003457,0,0,0.0,0.0,2.515897274017334,2.4296703338623047,0.03223443403840065,0.030622711405158043,2,3.777179718017578,-0.14285659790039062,-0.010989189147949219,64,0
20.748113375040703,0,0,0.0,0.0,2.5150914192199707,2.427252769470215,0.03223443403840065,0.030622711405158043,2,3.777179718017578,-0.14285659790039062,-0.010989189147949219,64,0
20.852267540991306,0,0,0.0,0.0,2.515897274017334,2.4288644790649414,0.03223443403840065,0.030622711405158043,2,3.777179718017578,-0.14285659790039062,-0.010989189147949219,64,0
20.953918915998656,0,0,0.0,0.0,2.515897274017334,2.4288644790649414,0.03142857179045677,0.030622711405158043,2,3.777179718017578,-0.14285659790039062,-0.010989189147949219,64,0
21.0564294999931,0,0,0.0,0.0,2.5167031288146973,2.4288644790649414,0.03142857179045677,0.030622711405158043,2,3.777179718017578,-0.14285659790039062,-0.010989189147949219,64,0
21.160535583039746,0,0,0.0,0.0,2.515897274017334,2.428058385848999,0.03223443403840065,0.030622711405158043,2,3.777179718017578,-0.14285659790039062,-0.010989189147949219,64,0
21.264751208014786,0,0,0.0,0.0,2.515897274017334,2.428058385848999,0.03223443403840065,0.029816849157214165,2,3.777179718017578,-0.14285659790039062,-0.010989189147949219,64,0
21.367695500026457,48180,64,4234.5703125,5.625,2.515897274017334,2.4312820434570312,0.03223443403840065,0.030622711405158043,2,3.777179718017578,-0.14285659790039062,-0.010989189147949219,64,0
21.47141450003255,0,0,0.0,0.0,2.5175092220306396,2.4288644790649414,0.03223443403840065,0.030622711405158043,2,3.777179718017578,-0.14285659790039062,-0.010989189147949219,64,0
21.576078333018813,0,0,0.0,0.0,2.5150914192199707,2.4288644790649414,0.03223443403840065,0.029816849157214165,2,3.777179718017578,-0.14285659790039062,-0.010989189147949219,64,0
21.68333229102427,18688,48658,1642.5,4276.58203125,2.5150914192199707,2.4288644790649414,0.03223443403840065,0.030622711405158043,0,8.96831017167883e-44,3.732736810314518e-39,2.5276761829337483e-40,66,247
21.789832458016463,0,0,0.0,0.0,2.515897274017334,2.4296703338623047,0.03304029256105423,0.029816849157214165,2,3.777179718017578,-0.14285659790039062,-0.010989189147949219,64,0
21.898096124990843,0,0,0.0,0.0,2.515897274017334,2.427252769470215,0.03223443403840065,0.029816849157214165,2,3.777179718017578,-0.14285659790039062,-0.010989189147949219,64,0
22.00634025002364,0,0,0.0,0.0,2.5142858028411865,2.4296703338623047,0.03223443403840065,0.030622711405158043,2,3.7790870666503906,-0.23077011108398438,0.07692337036132812,64,0
22.111982458038256,0,0,0.0,0.0,2.5150914192199707,2.428058385848999,0.03223443403840065,0.030622711405158043,2,3.7798500061035156,-0.09889984130859375,0.08424949645996094,64,0
22.21751970803598,0,0,0.0,0.0,2.5150914192199707,2.4296703338623047,0.03223443403840065,0.030622711405158043,2,3.7798500061035156,-0.03296661376953125,0.08424949645996094,64,0
22.320540165994316,0,0,0.0,0.0,2.5167031288146973,2.4288644790649414,0.03223443403840065,0.03142857179045677,2,3.780231475830078,-0.010990142822265625,0.07692337036132812,64,0
22.424695583002176,0,0,0.0,0.0,2.5150914192199707,2.4264469146728516,0.03223443403840065,0.030622711405158043,2,3.781757354736328,0.20878982543945312,0.09157466888427734,64,0
22.52722329099197,0,0,0.0,0.0,2.5142858028411865,2.428058385848999,0.03223443403840065,0.030622711405158043,2,3.781757354736328,-0.14285659790039062,0.06959724426269531,64,0
22.63253329100553,0,0,0.0,0.0,2.515897274017334,2.430476188659668,0.03304029256105423,0.030622711405158043,2,3.781757354736328,-0.09889984130859375,0.08424949645996094,64,0
22.737064916000236,0,0,0.0,0.0,2.5175092220306396,2.428058385848999,0.03304029256105423,0.030622711405158043,2,3.7821388244628906,0.120880126953125,0.1208791732788086,64,0
22.841145624988712,59919,16416,5266.318359375,1442.8125,2.5150914192199707,2.4288644790649414,3.732736810314518e-39,2.528404858135197e-40,79,0.03223443403840065,0.030622711405158043,0.0,2,0
22.94832912500715,0,0,0.0,0.0,2.5142858028411865,2.428058385848999,0.03223443403840065,0.030622711405158043,2,3.782520294189453,0.120880126953125,0.09157466888427734,64,0
23.055035833036527,0,0,0.0,0.0,2.5150914192199707,2.428058385848999,0.03223443403840065,0.030622711405158043,2,3.782520294189453,0.07692337036132812,0.10622692108154297,64,0
23.158896333014127,0,0,0.0,0.0,2.5142858028411865,2.428058385848999,0.03223443403840065,0.029816849157214165,2,3.782520294189453,-0.09889984130859375,0.09890079498291016,64,0
23.261670832987875,0,0,0.0,0.0,2.5150914192199707,2.427252769470215,0.03223443403840065,0.030622711405158043,2,3.782520294189453,-0.27472686767578125,0.09890079498291016,64,0
23.36828970804345,0,0,0.0,0.0,2.5134799480438232,2.4256410598754883,0.03223443403840065,0.030622711405158043,2,3.782520294189453,0.03296661376953125,0.09157466888427734,64,0
23.473111458006315,0,0,0.0,0.0,2.515897274017334,2.4288644790649414,0.03223443403840065,0.030622711405158043,2,3.7829017639160156,0.1868133544921875,0.07692337036132812,64,0
23.580254333035555,0,0,0.0,0.0,2.5150914192199707,2.430476188659668,0.03223443403840065,0.029816849157214165,2,3.7829017639160156,0.03296661376953125,0.0622711181640625,64,0
23.686903958034236,0,0,0.0,0.0,2.515897274017334,2.4288644790649414,0.03223443403840065,0.030622711405158043,2,3.783283233642578,0.03296661376953125,0.10622692108154297,64,0
23.792342458036728,0,0,0.0,0.0,2.5142858028411865,2.4296703338623047,0.03142857179045677,0.029816849157214165,2,3.8408870697021484,0.3186798095703125,0.47985363006591797,64,0
23.89742987503996,0,0,0.0,0.0,2.5150914192199707,2.4288644790649414,0.03304029256105423,0.029816849157214165,2,3.898488998413086,0.4945068359375,0.4432229995727539,64,0
24.002306375012267,0,0,0.0,0.0,2.5142858028411865,2.4288644790649414,0.03223443403840065,0.030622711405158043,2,3.919088363647461,0.6703300476074219,0.40659332275390625,64,0
24.105870125000365,0,0,0.0,0.0,2.5150914192199707,2.4296703338623047,0.03304029256105423,0.030622711405158043,2,3.9255733489990234,0.7802200317382812,0.40659332275390625,64,0
24.211630166042596,0,0,0.0,0.0,2.5134799480438232,2.4288644790649414,0.03223443403840065,0.029816849157214165,2,4.086938858032227,0.6703300476074219,0.41391944885253906,64,0
24.318934541021008,0,0,0.0,0.0,2.5134799480438232,2.428058385848999,0.03223443403840065,0.029010988771915436,2,4.176202774047852,1.131866455078125,0.3260068893432617,64,0
24.423057791020256,0,0,0.0,0.0,2.5134799480438232,2.428058385848999,0.03223443403840065,0.030622711405158043,2,4.167047500610352,-0.8901100158691406,-0.3260068893432617,64,0
24.527060875028837,0,0,0.0,0.0,2.515897274017334,2.430476188659668,0.03304029256105423,0.030622711405158043,2,4.067102432250977,-1.8131866455078125,-0.3699636459350586,64,0
24.63141104101669,0,0,0.0,0.0,2.515897274017334,2.4312820434570312,0.03223443403840065,0.030622711405158043,2,3.9126033782958984,-1.7252731323242188,-0.2527475357055664,64,0
24.739729708002415,0,0,0.0,0.0,2.5167031288146973,2.4296703338623047,0.03223443403840065,0.030622711405158043,2,3.860342025756836,-1.6813201904296875,-0.4212455749511719,64,0
24.84393120801542,0,0,0.0,0.0,2.515897274017334,2.4288644790649414,0.03223443403840065,0.030622711405158043,2,3.5513458251953125,-1.8351631164550781,-0.3260068893432617,64,0
24.949498250032775,0,0,0.0,0.0,2.5175092220306396,2.427252769470215,0.03223443403840065,0.030622711405158043,2,3.4670400619506836,-1.6373634338378906,-0.3626375198364258,64,0
25.056380916037597,0,0,0.0,0.0,2.5175092220306396,2.430476188659668,0.03223443403840065,0.030622711405158043,2,3.194666862487793,-1.5494499206542969,-0.3260068893432617,64,0
25.165084708016366,0,0,0.0,0.0,2.5175092220306396,2.428058385848999,0.03223443403840065,0.030622711405158043,2,3.056572914123535,-1.6153831481933594,-0.3186817169189453,64,0
25.268842416000552,0,0,0.0,0.0,2.5175092220306396,2.4288644790649414,0.03142857179045677,0.030622711405158043,2,3.1744489669799805,2.0329666137695312,0.3699636459350586,64,0
25.371266875008587,0,0,0.0,0.0,2.5150914192199707,2.428058385848999,0.03223443403840065,0.030622711405158043,2,3.2236595153808594,1.3296699523925781,0.3113555908203125,64,0
25.472908750001807,0,0,0.0,0.0,2.5142858028411865,2.4288644790649414,0.03223443403840065,0.030622711405158043,2,3.455214500427246,1.5274734497070312,0.4358978271484375,64,0
25.57588229101384,0,0,0.0,0.0,2.5150914192199707,2.4288644790649414,0.03304029256105423,0.030622711405158043,2,3.5551605224609375,1.7692298889160156,0.35531139373779297,64,0
25.683089250000194,0,36864,0.0,3240.0,2.515897274017334,2.4288644790649414,5.6001211568584124e-39,9.4039548065783e-38,58,-1.6238365802922294e-19,2.983058452606201,9007199254740992.0,165,40
25.790962041006424,0,0,0.0,0.0,2.515897274017334,2.4288644790649414,0.03223443403840065,0.030622711405158043,2,3.8958187103271484,1.1098899841308594,0.3699636459350586,64,0
25.89608879102161,0,0,0.0,0.0,2.5167031288146973,2.4296703338623047,0.03223443403840065,0.029816849157214165,2,3.9263362884521484,-0.9780235290527344,-0.03296661376953125,64,0
26.00056208303431,0,0,0.0,0.0,2.515897274017334,2.428058385848999,0.03223443403840065,0.030622711405158043,2,3.6966896057128906,-1.74725341796875,-0.34065914154052734,64,0
26.10276779101696,0,0,0.0,0.0,2.5175092220306396,2.4288644790649414,0.03223443403840065,0.030622711405158043,2,3.617341995239258,-1.5054931640625,-0.3772897720336914,64,0
26.206373249995522,0,0,0.0,0.0,2.5167031288146973,2.428058385848999,0.03223443403840065,0.030622711405158043,2,3.505950927734375,-1.8131866455078125,-0.4212455749511719,64,0
26.308940791001078,0,0,0.0,0.0,2.5175092220306396,2.4296703338623047,0.03142857179045677,0.030622711405158043,2,3.2820253372192383,-1.3076934814453125,-0.3260068893432617,64,0
26.416733250021935,0,0,0.0,0.0,2.518315076828003,2.428058385848999,0.03223443403840065,0.030622711405158043,30,0.750419557094574,0.738292396068573,5.6022273084502926e-39,0,0
26.525910625001416,0,0,0.0,0.0,2.5175092220306396,2.4288644790649414,0.03223443403840065,0.030622711405158043,2,2.968451499938965,-0.6923065185546875,-0.3699636459350586,64,0
26.627202375035267,0,0,0.0,0.0,2.518315076828003,2.4288644790649414,0.03304029256105423,0.030622711405158043,2,3.0325403213500977,1.2417564392089844,0.34798526763916016,64,0
26.730695625010412,0,0,0.0,0.0,2.5167031288146973,2.4296703338623047,0.03223443403840065,0.029816849157214165,2,3.243877410888672,1.6153831481933594,0.3699636459350586,64,0
26.831365125020966,0,0,0.0,0.0,2.515897274017334,2.428058385848999,0.03223443403840065,0.030622711405158043,2,3.3758678436279297,1.3956031799316406,0.4432229995727539,64,0
26.935188625007868,0,0,0.0,0.0,2.5167031288146973,2.4288644790649414,0.03223443403840065,0.030622711405158043,2,3.557830810546875,1.4835166931152344,0.3113555908203125,64,0
27.03972400003113,4522,16417,397.44140625,1442.900390625,2.5167031288146973,2.428058385848999,3.732736810314518e-39,2.5312494940177766e-40,132,0.03223443403840065,0.029816849157214165,0.0,2,0
27.146994833019562,0,0,0.0,0.0,2.5167031288146973,2.4296703338623047,0.03223443403840065,0.030622711405158043,2,3.800830841064453,-0.5824165344238281,-0.010989189147949219,64,0
27.249885083001573,0,0,0.0,0.0,2.5175092220306396,2.4288644790649414,0.03223443403840065,0.030622711405158043,2,3.697071075439453,-1.2637367248535156,-0.33333301544189453,64,0
27.354201000009198,0,0,0.0,0.0,2.519120931625366,2.4296703338623047,0.03304029256105423,0.030622711405158043,2,3.5772876739501953,-1.8571434020996094,-0.33333301544189453,64,0
27.456111208011862,0,0,0.0,0.0,2.5175092220306396,2.428058385848999,0.03223443403840065,0.030622711405158043,2,3.3400087356567383,-1.9670333862304688,-0.3919410705566406,64,0
27.55965487501817,0,0,0.0,0.0,2.5167031288146973,2.4288644790649414,0.03223443403840065,0.030622711405158043,2,3.1698713302612305,-1.6813201904296875,-0.3040294647216797,64,0
27.66312233300414,0,0,0.0,0.0,2.519120931625366,2.4296703338623047,0.03223443403840065,0.03142857179045677,2,3.0668725967407227,-1.4395599365234375,-0.3846149444580078,64,0
27.77004166599363,11283,16417,991.669921875,1442.900390625,2.5175092220306396,2.4288644790649414,3.732736810314518e-39,2.5317399484802903e-40,132,0.03223443403840065,0.030622711405158043,0.0,2,0
27.8747352079954,0,0,0.0,0.0,2.518315076828003,2.428058385848999,0.03304029256105423,0.030622711405158043,2,2.6972227096557617,-1.2637367248535156,-0.2454214096069336,64,0
27.979524750029668,0,0,0.0,0.0,2.5199265480041504,2.4296703338623047,0.03223443403840065,0.030622711405158043,2,2.631990432739258,-1.5274734497070312,-0.34798526763916016,64,0
28.083520375017542,0,0,0.0,0.0,-8600589312.0,32770.75390625,3223402752.0,48.02675247192383,220,9.4039548065783e-38,33554432.0,-3.002580404281616,154,43
28.18860895803664,0,0,0.0,0.0,2.518315076828003,2.4296703338623047,0.03223443403840065,0.030622711405158043,2,2.6857786178588867,0.7362632751464844,0.3040294647216797,64,0
28.293837125005666,0,0,0.0,0.0,2.515897274017334,2.4264469146728516,0.03304029256105423,0.030622711405158043,2,2.746814727783203,0.3186798095703125,0.33333301544189453,64,0
28.39944266603561,0,0,0.0,0.0,2.5167031288146973,2.4288644790649414,0.03223443403840065,0.030622711405158043,2,2.755970001220703,0.5164833068847656,0.33333301544189453,64,0
28.505093833024148,0,0,0.0,0.0,2.5175092220306396,2.4288644790649414,0.03223443403840065,0.030622711405158043,2,2.850576400756836,-0.09889984130859375,0.3186817169189453,64,0
28.6103237500065,0,0,0.0,0.0,2.519120931625366,2.4296703338623047,0.03223443403840065,0.030622711405158043,2,2.8746089935302734,0.010990142822265625,0.33333301544189453,64,0
28.71466454101028,0,0,0.0,0.0,2.5167031288146973,2.4296703338623047,0.03223443403840065,0.030622711405158043,2,2.794499397277832,-1.8131866455078125,-0.45787525177001953,64,0
28.817566582991276,0,0,0.0,0.0,2.5175092220306396,2.4288644790649414,0.03223443403840065,0.030622711405158043,2,2.696841239929199,-1.5714302062988281,-0.28937721252441406,64,0
28.921190750028472,0,0,0.0,0.0,2.515897274017334,2.4288644790649414,0.03223443403840065,0.030622711405158043,2,2.458418846130371,-1.5054931640625,-0.34798526763916016,64,0
29.02926475001732,0,0,0.0,0.0,2.518315076828003,2.4256410598754883,0.03223443403840065,0.030622711405158043,2,2.2718772888183594,-1.5054931640625,-0.3699636459350586,64,0
29.138083875004668,0,0,0.0,0.0,2.5175092220306396,2.4296703338623047,0.03223443403840065,0.030622711405158043,2,2.0807580947875977,-0.9560432434082031,-0.3260068893432617,64,0
29.24232275004033,0,0,0.0,0.0,2.518315076828003,2.4264469146728516,0.03223443403840065,0.030622711405158043,2,2.086480140686035,0.3626365661621094,0.07692337036132812,64,0
29.349639583029784,4522,16417,397.44140625,1442.900390625,2.5175092220306396,2.4296703338623047,3.732736810314518e-39,2.5328189482978204e-40,232,0.03142857179045677,0.030622711405158043,0.0,2,0
29.457856791035738,0,0,0.0,0.0,2.518315076828003,2.4296703338623047,0.03223443403840065,0.030622711405158043,2,2.2718772888183594,0.47252655029296875,0.40659332275390625,64,0
29.56245295802364,0,0,0.0,0.0,2.5167031288146973,2.4264469146728516,0.03223443403840065,0.029816849157214165,2,2.299344062805176,0.626373291015625,0.3186817169189453,64,0
29.66865141602466,0,0,0.0,0.0,2.5175092220306396,2.427252769470215,0.03223443403840065,0.030622711405158043,2,2.346647262573242,0.3626365661621094,0.34065914154052734,64,0
29.77990291599417,0,0,0.0,0.0,2.5175092220306396,2.4288644790649414,0.03142857179045677,0.030622711405158043,2,2.437819480895996,0.4945068359375,0.3626375198364258,64,0
29.8860476250411,7903,16417,694.599609375,1442.900390625,2.5167031288146973,2.428058385848999,3.732736810314518e-39,2.533183285898545e-40,232,0.03304029256105423,0.030622711405158043,0.0,2,0
29.99396016600076,0,0,0.0,0.0,2.515897274017334,2.430476188659668,0.03142857179045677,0.029816849157214165,2,2.4691009521484375,-0.3846168518066406,0.16483497619628906,64,0
30.10006304102717,0,0,0.0,0.0,2.5175092220306396,2.430476188659668,0.03223443403840065,0.029816849157214165,2,2.3409242630004883,-0.6483497619628906,-0.3113555908203125,64,0
30.207837083027698,0,0,0.0,0.0,2.5167031288146973,2.428058385848999,0.03142857179045677,0.030622711405158043,2,2.292477607727051,-0.7142868041992188,-0.23076915740966797,64,0
30.31676466600038,0,0,0.0,0.0,2.519120931625366,2.428058385848999,0.03223443403840065,0.030622711405158043,2,2.252422332763672,-0.40659332275390625,-0.27472496032714844,64,0
30.423000500013586,0,21424,0.0,1882.96875,2.5175092220306396,2.4288644790649414,2.1874269028110394e-41,1.8367099231598242e-40,17,-4.939915092310843e-32,5.899616473743163e-39,-1.8908485888147197e-16,40,0
30.52850929100532,0,0,0.0,0.0,2.5167031288146973,2.4288644790649414,0.03223443403840065,0.030622711405158043,2,2.3569469451904297,1.2197799682617188,0.3113555908203125,64,0
30.634951332991477,0,0,0.0,0.0,2.5167031288146973,2.428058385848999,0.03142857179045677,0.030622711405158043,2,2.4496450424194336,1.3956031799316406,0.3846149444580078,64,0
30.743826916033868,0,0,0.0,0.0,2.5167031288146973,2.4296703338623047,0.03223443403840065,0.030622711405158043,2,2.689974784851074,1.6813201904296875,0.3772897720336914,64,0
30.85028820799198,0,0,0.0,0.0,2.515897274017334,2.4296703338623047,0.03223443403840065,0.030622711405158043,2,2.815861701965332,0.07692337036132812,0.3260068893432617,64,0
30.95474729099078,0,0,0.0,0.0,2.5175092220306396,2.4296703338623047,0.03223443403840065,0.029816849157214165,79,0.03223443403840065,0.030622711405158043,0.0,2,0
31.06094762502471,0,0,0.0,0.0,2.5175092220306396,2.4296703338623047,0.03223443403840065,0.030622711405158043,2,2.715914726257324,-0.6923065185546875,-0.33333301544189453,64,0
31.168311165994965,1142,16417,100.37109375,1442.900390625,2.515897274017334,2.428058385848999,3.732736810314518e-39,2.534052090946426e-40,132,0.03223443403840065,0.030622711405158043,0.0,2,0
31.27301466598874,0,0,0.0,0.0,2.5175092220306396,2.428058385848999,0.03223443403840065,0.030622711405158043,2,2.652589797973633,-0.09889984130859375,-0.3260068893432617,64,0
31.378012750006747,0,0,0.0,0.0,2.5175092220306396,2.4288644790649414,0.03223443403840065,0.029816849157214165,2,2.694552421569824,0.1868133544921875,0.1868133544921875,64,0
31.483642208040692,0,0,0.0,0.0,2.5175092220306396,2.430476188659668,0.03223443403840065,0.030622711405158043,2,2.7063779830932617,0.14285659790039062,0.23809528350830078,64,0
31.591514000028837,0,0,0.0,0.0,2.5175092220306396,2.4296703338623047,0.03142857179045677,0.030622711405158043,2,2.7086668014526367,0.03296661376953125,0.17216110229492188,64,0
31.698674665996805,0,0,0.0,0.0,2.5175092220306396,2.4264469146728516,0.03223443403840065,0.030622711405158043,2,2.7079038619995117,-0.4285697937011719,0.10622692108154297,64,0
31.80488716601394,0,0,0.0,0.0,2.5175092220306396,2.4296703338623047,0.03223443403840065,0.030622711405158043,2,2.707522392272949,0.03296661376953125,0.09890079498291016,64,0
31.91159183299169,0,0,0.0,0.0,2.5175092220306396,2.4296703338623047,0.03223443403840065,0.029816849157214165,142,9007199254740992.0,-9.641594076155228e-35,-9.224148292063986e+18,30,33
32.0212882499909,0,0,0.0,0.0,2.5167031288146973,2.4296703338623047,0.03223443403840065,0.030622711405158043,2,2.707522392272949,0.23077011108398438,0.06959724426269531,64,0
32.1289338330389,0,0,0.0,0.0,2.515897274017334,2.427252769470215,0.03223443403840065,0.030622711405158043,2,2.7071409225463867,0.2967033386230469,0.09157466888427734,64,0
32.23547212500125,35968,15818,3161.25,1390.25390625,2.518315076828003,2.4288644790649414,2.707522392272949,0.34066009521484375,64,3.732736810314518e-39,2.534766753163232e-40,2.5175092220306396,79,101
32.341273583006114,0,0,0.0,0.0,2.5167031288146973,2.4288644790649414,0.03304029256105423,0.030622711405158043,2,2.7071409225463867,-0.0549468994140625,0.09890079498291016,64,0
32.446824832994025,0,0,0.0,0.0,2.518315076828003,2.4288644790649414,0.03223443403840065,0.029816849157214165,2,2.7071409225463867,-0.010990142822265625,0.10622692108154297,64,0
32.55236575001618,0,0,0.0,0.0,2.5175092220306396,2.428058385848999,0.03223443403840065,0.030622711405158043,2,2.7056150436401367,-0.40659332275390625,0.01831531524658203,64,0
32.6605785000138,0,0,0.0,0.0,2.5167031288146973,2.4288644790649414,0.03223443403840065,0.030622711405158043,2,2.7040891647338867,-0.20878982543945312,-0.01831531524658203,64,0
32.763871625007596,7903,16417,694.599609375,1442.900390625,2.5167031288146973,2.4296703338623047,3.732736810314518e-39,2.5351310907639563e-40,232,0.03223443403840065,0.030622711405158043,0.0,2,0
32.867659832991194,0,0,0.0,0.0,2.515897274017334,2.4288644790649414,0.03223443403840065,0.030622711405158043,2,2.702944755554199,0.03296661376953125,-0.010989189147949219,64,0
32.97209875000408,0,0,0.0,0.0,2.5150914192199707,2.4256410598754883,0.03142857179045677,0.030622711405158043,2,2.7025632858276367,0.120880126953125,-0.01831531524658203,64,0
33.07572745799553,0,0,0.0,0.0,2.5175092220306396,2.4288644790649414,0.03223443403840065,0.030622711405158043,2,2.7025632858276367,0.23077011108398438,0.010989189147949219,64,0
33.178680624987464,0,0,0.0,0.0,2.5150914192199707,2.4288644790649414,0.03223443403840065,0.030622711405158043,2,2.702181816101074,-0.1868133544921875,-0.04029273986816406,64,0
33.28139941603877,0,0,0.0,0.0,2.515897274017334,2.4296703338623047,0.03142857179045677,0.030622711405158043,2,2.702181816101074,-0.09889984130859375,-0.025641441345214844,64,0
33.38548120803898,0,0,0.0,0.0,2.515897274017334,2.4288644790649414,0.03304029256105423,0.030622711405158043,2,2.7025632858276367,0.2967033386230469,-0.03296661376953125,64,0
33.489532625011634,0,0,0.0,0.0,2.5167031288146973,2.430476188659668,0.03223443403840065,0.029816849157214165,2,2.702181816101074,0.20878982543945312,-0.01831531524658203,64,0
33.592693708022125,7903,16417,694.599609375,1442.900390625,2.5167031288146973,2.4296703338623047,0.03223443403840065,0.030622711405158043,2,2.702181816101074,-0.1868133544921875,-0.01831531524658203,64,0
33.69638445798773,0,0,0.0,0.0,2.5175092220306396,2.430476188659668,0.03223443403840065,0.030622711405158043,2,2.7018003463745117,-0.3626365661621094,-0.03296661376953125,64,0
33.800993375014514,0,0,0.0,0.0,2.5167031288146973,2.4288644790649414,0.03223443403840065,0.030622711405158043,2,2.702181816101074,0.0549468994140625,-0.010989189147949219,64,0
33.90560216602171,0,0,0.0,0.0,2.5175092220306396,2.4288644790649414,0.03223443403840065,0.029816849157214165,2,2.7018003463745117,-0.23077011108398438,-0.01831531524658203,64,0
34.0096732910024,4522,16417,397.44140625,1442.900390625,2.5167031288146973,2.428058385848999,0.03223443403840065,0.030622711405158043,2,2.7018003463745117,-0.09889984130859375,-0.03296661376953125,64,0
34.112862707988825,0,0,0.0,0.0,2.5175092220306396,2.4288644790649414,0.03223443403840065,0.030622711405158043,2,2.7018003463745117,-0.27472686767578125,-0.010989189147949219,64,0
34.22125354100717,0,0,0.0,0.0,2.5167031288146973,2.4256410598754883,0.03223443403840065,0.03142857179045677,2,2.7018003463745117,-0.27472686767578125,-0.010989189147949219,64,0
34.3255012499867,0,0,0.0,0.0,2.519120931625366,2.4288644790649414,0.03142857179045677,0.030622711405158043,2,2.7018003463745117,-0.27472686767578125,-0.010989189147949219,64,0
34.428211291029584,0,0,0.0,0.0,2.5167031288146973,2.4264469146728516,0.03223443403840065,0.030622711405158043,2,2.7018003463745117,-0.27472686767578125,-0.010989189147949219,64,0
34.53095291601494,0,0,0.0,0.0,2.515897274017334,2.428058385848999,0.03223443403840065,0.030622711405158043,2,2.7018003463745117,-0.27472686767578125,-0.010989189147949219,64,0
34.632548750028946,0,0,0.0,0.0,2.518315076828003,2.428058385848999,0.03223443403840065,0.030622711405158043,2,2.7018003463745117,-0.27472686767578125,-0.010989189147949219,64,0
34.734526749991346,0,0,0.0,0.0,2.515897274017334,2.4296703338623047,0.03142857179045677,0.030622711405158043,2,2.7018003463745117,-0.27472686767578125,-0.010989189147949219,64,0
34.83756875002291,0,0,0.0,0.0,2.5167031288146973,2.4288644790649414,0.03223443403840065,0.030622711405158043,2,2.7018003463745117,-0.27472686767578125,-0.010989189147949219,64,0
34.93963741604239,0,0,0.0,0.0,2.5175092220306396,2.428058385848999,0.03223443403840065,0.030622711405158043,2,2.7018003463745117,-0.27472686767578125,-0.010989189147949219,64,0
35.042818833026104,0,0,0.0,0.0,2.515897274017334,2.4288644790649414,0.03223443403840065,0.030622711405158043,2,2.7018003463745117,-0.27472686767578125,-0.010989189147949219,64,0
35.14825429103803,0,0,0.0,0.0,2.5167031288146973,2.4288644790649414,0.03223443403840065,0.030622711405158043,2,2.7018003463745117,-0.27472686767578125,-0.010989189147949219,64,0
35.25495104101719,0,0,0.0,0.0,2.5175092220306396,2.430476188659668,0.03223443403840065,0.030622711405158043,2,2.7018003463745117,-0.27472686767578125,-0.010989189147949219,64,0
35.358263915986754,0,0,0.0,0.0,2.5167031288146973,2.4296703338623047,0.03223443403840065,0.030622711405158043,2,2.7018003463745117,-0.27472686767578125,-0.010989189147949219,64,0
35.46185595804127,0,0,0.0,0.0,2.5175092220306396,2.4296703338623047,0.03223443403840065,0.030622711405158043,2,2.7018003463745117,-0.27472686767578125,-0.010989189147949219,64,0
35.564670041028876,1142,16417,100.37109375,1442.900390625,2.5175092220306396,2.4288644790649414,3.732736810314518e-39,2.5369527787675786e-40,132,0.03223443403840065,0.029816849157214165,0.0,2,0
35.66753662499832,0,0,0.0,0.0,2.5175092220306396,2.4288644790649414,0.03223443403840065,0.030622711405158043,2,2.7018003463745117,-0.27472686767578125,-0.010989189147949219,64,0
35.7720623750356,0,0,0.0,0.0,2.518315076828003,2.4288644790649414,0.03223443403840065,0.030622711405158043,2,2.7018003463745117,-0.27472686767578125,-0.010989189147949219,64,0
35.87515000003623,0,0,0.0,0.0,2.5175092220306396,2.4296703338623047,0.03142857179045677,0.030622711405158043,2,2.7018003463745117,-0.27472686767578125,-0.010989189147949219,64,0
35.97834020800656,0,0,0.0,0.0,2.5175092220306396,2.4296703338623047,0.03223443403840065,0.030622711405158043,2,2.7018003463745117,-0.27472686767578125,-0.010989189147949219,64,0
36.08082887501223,0,0,0.0,0.0,2.5175092220306396,2.4288644790649414,0.03223443403840065,0.03142857179045677,2,2.7018003463745117,-0.27472686767578125,-0.010989189147949219,64,0
36.18419854104286,0,0,0.0,0.0,2.5175092220306396,2.4296703338623047,0.03223443403840065,0.030622711405158043,2,2.7018003463745117,-0.27472686767578125,-0.010989189147949219,64,0
36.288977958029136,0,0,0.0,0.0,2.518315076828003,2.427252769470215,0.03223443403840065,0.030622711405158043,2,2.7018003463745117,-0.27472686767578125,-0.010989189147949219,64,0
36.39127104100771,0,0,0.0,0.0,2.5175092220306396,2.427252769470215,0.03223443403840065,0.03142857179045677,2,2.7018003463745117,-0.27472686767578125,-0.010989189147949219,64,0
36.49582683300832,0,0,0.0,0.0,2.5175092220306396,2.4296703338623047,0.03223443403840065,0.030622711405158043,2,2.7018003463745117,-0.27472686767578125,-0.010989189147949219,64,0
36.61537250003312,0,0,0.0,0.0,2.5175092220306396,2.4296703338623047,0.03223443403840065,0.030622711405158043,2,2.7018003463745117,-0.27472686767578125,-0.010989189147949219,64,0
36.678021375031676,0,0,0.0,0.0,2.5175092220306396,2.4288644790649414,0.03223443403840065,0.030622711405158043,2,2.702181816101074,0.4945068359375,-0.010989189147949219,64,0
36.782590250018984,0,0,0.0,0.0,2.519120931625366,2.4296703338623047,0.03223443403840065,0.030622711405158043,2,2.702181816101074,0.4945068359375,-0.010989189147949219,64,0
36.84158666600706,0,0,0.0,0.0,2.5175092220306396,2.428058385848999,0.03223443403840065,0.030622711405158043,2,2.702181816101074,0.4945068359375,-0.010989189147949219,64,0
36.89727675000904,0,0,0.0,0.0,2.5175092220306396,2.428058385848999,0.03223443403840065,0.030622711405158043,2,2.702181816101074,0.4945068359375,-0.010989189147949219,64,0
36.951975625008345,0,0,0.0,0.0,2.5175092220306396,2.428058385848999,0.03304029256105423,0.030622711405158043,2,2.702181816101074,0.4945068359375,-0.010989189147949219,64,0
37.00715545803541,0,0,0.0,0.0,2.5175092220306396,2.428058385848999,0.03223443403840065,0.030622711405158043,2,2.702181816101074,0.4945068359375,-0.010989189147949219,64,0
37.06272504100343,0,0,0.0,0.0,2.518315076828003,2.4296703338623047,0.03223443403840065,0.030622711405158043,2,2.702181816101074,0.4945068359375,-0.010989189147949219,64,0
37.131301083019935,0,0,0.0,0.0,2.519120931625366,2.4288644790649414,0.03223443403840065,0.030622711405158043,2,2.702181816101074,0.4945068359375,-0.010989189147949219,64,0
37.25996320799459,0,0,0.0,0.0,2.5167031288146973,2.4296703338623047,0.03223443403840065,0.030622711405158043,2,2.702181816101074,0.4945068359375,-0.010989189147949219,64,0
37.3629647080088,0,0,0.0,0.0,2.5167031288146973,2.4256410598754883,0.03223443403840065,0.030622711405158043,2,2.702181816101074,0.4945068359375,-0.010989189147949219,64,0
37.46666737500345,0,0,0.0,0.0,2.5175092220306396,2.4288644790649414,0.03223443403840065,0.030622711405158043,2,2.702181816101074,0.4945068359375,-0.010989189147949219,64,0
37.57004479103489,0,0,0.0,0.0,2.5175092220306396,2.4288644790649414,0.03223443403840065,0.030622711405158043,2,2.702181816101074,0.4945068359375,-0.010989189147949219,64,0
37.666811000031885,0,0,0.0,0.0,2.5175092220306396,2.4288644790649414,0.03223443403840065,0.029816849157214165,2,2.702181816101074,0.4945068359375,-0.010989189147949219,64,0
37.719754500023555,0,0,0.0,0.0,2.518315076828003,2.427252769470215,0.03223443403840065,0.030622711405158043,2,2.702181816101074,0.4945068359375,-0.010989189147949219,64,0
37.7759333330323,7903,16417,694.599609375,1442.900390625,2.518315076828003,2.4296703338623047,3.732736810314518e-39,2.538326051262617e-40,232,0.03223443403840065,0.029816849157214165,0.0,2,0
37.829490083036944,0,0,0.0,0.0,2.518315076828003,2.4296703338623047,0.03223443403840065,0.030622711405158043,2,2.702181816101074,0.4945068359375,-0.010989189147949219,64,0
37.93053866602713,0,0,0.0,0.0,2.518315076828003,2.4296703338623047,0.03223443403840065,0.030622711405158043,2,2.702181816101074,0.4945068359375,-0.010989189147949219,64,0
37.98648299998604,0,0,0.0,0.0,2.5167031288146973,2.4288644790649414,0.03223443403840065,0.030622711405158043,2,2.702181816101074,0.4945068359375,-0.010989189147949219,64,0
38.040218500013,0,0,0.0,0.0,2.518315076828003,2.4296703338623047,0.03142857179045677,0.030622711405158043,2,2.702181816101074,0.4945068359375,-0.010989189147949219,64,0
38.09296308300691,0,0,0.0,0.0,2.519120931625366,2.428058385848999,0.03223443403840065,0.030622711405158043,2,2.702181816101074,0.4945068359375,-0.010989189147949219,64,0
38.149590541026555,0,0,0.0,0.0,2.518315076828003,2.430476188659668,0.03142857179045677,0.030622711405158043,2,2.702181816101074,0.4945068359375,-0.010989189147949219,64,0
38.25127358303871,0,0,0.0,0.0,2.5175092220306396,2.4288644790649414,0.03223443403840065,0.030622711405158043,2,2.702181816101074,0.4945068359375,-0.010989189147949219,64,0
38.35508941602893,0,0,0.0,0.0,2.5175092220306396,2.4288644790649414,0.03223443403840065,0.03142857179045677,2,2.702181816101074,0.4945068359375,-0.010989189147949219,64,0
38.41114295803709,0,0,0.0,0.0,2.5175092220306396,2.4288644790649414,0.03223443403840065,0.030622711405158043,2,2.702181816101074,0.4945068359375,-0.010989189147949219,64,0
38.465548583015334,0,0,0.0,0.0,2.5175092220306396,2.4288644790649414,0.03304029256105423,0.030622711405158043,2,2.702181816101074,0.4945068359375,-0.010989189147949219,64,0
38.51955025002826,0,0,0.0,0.0,2.5175092220306396,2.4296703338623047,0.03142857179045677,0.030622711405158043,0,8.96831017167883e-44,3.732736810314518e-39,2.5388165057251306e-40,223,30
38.61442879104288,0,0,0.0,0.0,2.518315076828003,2.4288644790649414,0.03223443403840065,0.030622711405158043,2,2.702181816101074,0.4945068359375,-0.010989189147949219,64,0
38.6798321660026,0,0,0.0,0.0,2.5175092220306396,2.428058385848999,0.03223443403840065,0.029010988771915436,2,2.702181816101074,3.732736810314518e-39,2.538956635571563e-40,223,30
38.734738250030205,0,0,0.0,0.0,2.5167031288146973,2.4296703338623047,0.03223443403840065,0.030622711405158043,2,2.702181816101074,0.4945068359375,-0.010989189147949219,64,0
38.79226345801726,0,0,0.0,0.0,2.518315076828003,2.4296703338623047,0.03223443403840065,0.029816849157214165,2,2.702181816101074,0.4945068359375,-0.010989189147949219,64,0
38.84778879099758,0,0,0.0,0.0,2.518315076828003,2.4296703338623047,0.03304029256105423,0.030622711405158043,2,2.702181816101074,0.4945068359375,-0.010989189147949219,64,0
38.91827991598984,0,0,0.0,0.0,2.515897274017334,2.428058385848999,0.03223443403840065,0.030622711405158043,2,2.702181816101074,0.4945068359375,-0.010989189147949219,64,0
38.97898950002855,0,0,0.0,0.0,2.518315076828003,2.430476188659668,0.03223443403840065,0.030622711405158043,2,2.702181816101074,0.4945068359375,-0.010989189147949219,64,0
39.032547291019,0,0,0.0,0.0,2.5167031288146973,2.428058385848999,0.03142857179045677,0.030622711405158043,2,2.702181816101074,0.4945068359375,-0.010989189147949219,64,0
39.09318537503714,0,0,0.0,0.0,2.515897274017334,2.428058385848999,0.03223443403840065,0.030622711405158043,2,2.702181816101074,0.4945068359375,-0.010989189147949219,64,0
39.150198416027706,4522,16417,397.44140625,1442.900390625,2.5175092220306396,2.430476188659668,3.732736810314518e-39,2.5392649212337145e-40,184,0.03223443403840065,0.030622711405158043,0.0,2,0
39.21460016601486,0,0,0.0,0.0,2.5175092220306396,2.4296703338623047,0.03223443403840065,0.030622711405158043,2,2.702181816101074,0.4945068359375,-0.010989189147949219,64,0
39.27164858300239,0,0,0.0,0.0,2.518315076828003,2.4288644790649414,0.03223443403840065,0.03142857179045677,2,2.702181816101074,0.4945068359375,-0.010989189147949219,64,0
39.37714441603748,0,0,0.0,0.0,2.518315076828003,2.4288644790649414,0.03223443403840065,0.030622711405158043,2,2.702181816101074,0.4945068359375,-0.010989189147949219,64,0
39.48129941598745,0,0,0.0,0.0,2.5175092220306396,2.4296703338623047,0.03304029256105423,0.030622711405158043,232,2.5175092220306396,2.4288644790649414,0.03223443403840065,123,220
39.58498862502165,0,0,0.0,0.0,2.518315076828003,2.428058385848999,0.03142857179045677,0.030622711405158043,2,2.702181816101074,0.4945068359375,-0.010989189147949219,64,0
39.6896442080033,23040,10405,2025.0,914.501953125,2.5167031288146973,2.4288644790649414,1.3038604151915933e-07,2.322231815079087e-41,0,5.38276203090307e-19,2.006050310347473e-22,1.7195927606278704e-38,61,123
39.79377275001025,0,0,0.0,0.0,2.518315076828003,2.4288644790649414,0.03223443403840065,0.030622711405158043,2,2.702181816101074,0.4945068359375,-0.010989189147949219,64,0
39.8980070000398,0,0,0.0,0.0,2.5167031288146973,2.4288644790649414,0.03142857179045677,0.030622711405158043,2,2.702181816101074,0.4945068359375,-0.010989189147949219,64,0
40.00125295802718,0,0,0.0,0.0,2.518315076828003,2.4296703338623047,0.03223443403840065,0.030622711405158043,2,2.702181816101074,0.4945068359375,-0.010989189147949219,64,0
40.10522054100875,0,0,0.0,0.0,2.5167031288146973,2.4296703338623047,0.03142857179045677,0.029816849157214165,2,2.702181816101074,0.4945068359375,-0.010989189147949219,64,0
40.207978999998886,0,0,0.0,0.0,2.5167031288146973,2.4288644790649414,0.03223443403840065,0.030622711405158043,2,2.702181816101074,0.4945068359375,-0.010989189147949219,64,0
40.3118772500311,0,0,0.0,0.0,2.5167031288146973,2.428058385848999,0.03223443403840065,0.030622711405158043,2,2.702181816101074,0.4945068359375,-0.010989189147949219,64,0
40.41586620802991,0,0,0.0,0.0,2.515897274017334,2.4264469146728516,0.03223443403840065,0.029816849157214165,2,2.702181816101074,0.4945068359375,-0.010989189147949219,64,0
40.51878816599492,0,0,0.0,0.0,2.5175092220306396,2.4264469146728516,0.03223443403840065,0.030622711405158043,2,2.702181816101074,0.4945068359375,-0.010989189147949219,64,0
40.62149583303835,0,0,0.0,0.0,2.5167031288146973,2.428058385848999,0.03223443403840065,0.029816849157214165,2,2.702181816101074,0.4945068359375,-0.010989189147949219,64,0
40.726570083003026,0,35840,0.0,3150.0,2.5175092220306396,2.4288644790649414,5.6001211568584124e-39,9.4039548065783e-38,2,2.702181816101074,0.4945068359375,-0.010989189147949219,64,0
40.830217458016705,0,0,0.0,0.0,2.5175092220306396,2.428058385848999,0.03304029256105423,0.030622711405158043,2,2.702181816101074,0.4945068359375,-0.010989189147949219,64,0
40.93395124998642,0,0,0.0,0.0,2.5175092220306396,2.4288644790649414,0.03223443403840065,0.030622711405158043,2,2.702181816101074,0.4945068359375,-0.010989189147949219,64,0
41.03898866602685,0,0,0.0,0.0,2.5175092220306396,2.4288644790649414,0.03223443403840065,0.03142857179045677,2,2.702181816101074,0.4945068359375,-0.010989189147949219,64,0
41.14174758299487,7903,16417,694.599609375,1442.900390625,2.5175092220306396,2.4296703338623047,3.732736810314518e-39,2.540596154774823e-40,236,0.03223443403840065,0.03142857179045677,0.0,2,0
41.245352583006024,0,0,0.0,0.0,2.5175092220306396,2.4296703338623047,0.03223443403840065,0.030622711405158043,2,2.702181816101074,0.4945068359375,-0.010989189147949219,64,0
41.34840991604142,0,0,0.0,0.0,2.519120931625366,2.4377288818359375,0.03223443403840065,0.030622711405158043,2,2.702181816101074,0.4945068359375,-0.010989189147949219,64,0
41.453333666024264,0,0,0.0,0.0,2.518315076828003,2.4296703338623047,0.03223443403840065,0.030622711405158043,2,2.702181816101074,0.4945068359375,-0.010989189147949219,64,0
41.55669645802118,0,0,0.0,0.0,2.518315076828003,2.4288644790649414,0.03223443403840065,0.030622711405158043,2,2.702181816101074,0.4945068359375,-0.010989189147949219,64,0
41.6604419160285,0,0,0.0,0.0,2.5175092220306396,2.4288644790649414,0.03223443403840065,0.030622711405158043,2,2.702181816101074,0.4945068359375,-0.010989189147949219,64,0
41.763733833038714,0,0,0.0,0.0,2.5175092220306396,2.4288644790649414,0.03223443403840065,0.030622711405158043,2,2.702181816101074,0.4945068359375,-0.010989189147949219,64,0
41.8714014160214,0,0,0.0,0.0,2.5175092220306396,2.4288644790649414,0.03223443403840065,0.030622711405158043,2,2.702181816101074,0.4945068359375,-0.010989189147949219,64,0
41.97941633302253,0,0,0.0,0.0,2.5175092220306396,2.4296703338623047,0.03223443403840065,0.030622711405158043,2,2.702181816101074,0.4945068359375,-0.010989189147949219,64,0
42.0868770829984,0,0,0.0,0.0,2.5175092220306396,2.428058385848999,0.03223443403840065,0.030622711405158043,2,2.702181816101074,0.4945068359375,-0.010989189147949219,64,0
42.19242091599153,0,0,0.0,0.0,2.5175092220306396,2.427252769470215,0.03223443403840065,0.030622711405158043,0,-936.00244140625,2.361104663588789e-20,5.238982193531753e+30,27,64
42.299273875018116,0,0,0.0,0.0,2.5175092220306396,2.4296703338623047,0.03223443403840065,0.030622711405158043,2,2.702181816101074,0.4945068359375,-0.010989189147949219,64,0
42.402169625042006,0,0,0.0,0.0,2.518315076828003,2.4288644790649414,0.03223443403840065,0.030622711405158043,2,2.702181816101074,0.4945068359375,-0.010989189147949219,64,0
42.50628729100572,0,0,0.0,0.0,2.5175092220306396,2.4288644790649414,0.03223443403840065,0.030622711405158043,2,2.702181816101074,0.4945068359375,-0.010989189147949219,64,0
42.60995604103664,0,0,0.0,0.0,2.518315076828003,2.428058385848999,0.03223443403840065,0.030622711405158043,2,2.702181816101074,0.4945068359375,-0.010989189147949219,64,0
42.71379758301191,0,0,0.0,0.0,2.5167031288146973,2.4296703338623047,0.03304029256105423,0.030622711405158043,2,2.702181816101074,0.4945068359375,-0.010989189147949219,64,0
42.81817849999061,0,0,0.0,0.0,2.5175092220306396,2.4288644790649414,0.03142857179045677,0.030622711405158043,2,2.702181816101074,0.4945068359375,-0.010989189147949219,64,0
42.92232445802074,0,0,0.0,0.0,2.5167031288146973,2.427252769470215,0.03223443403840065,0.030622711405158043,2,2.702181816101074,0.4945068359375,-0.010989189147949219,64,0
43.0259318749886,0,0,0.0,0.0,2.5175092220306396,2.4296703338623047,0.03223443403840065,0.03142857179045677,2,2.702181816101074,0.4945068359375,-0.010989189147949219,64,0
43.12913037498947,0,0,0.0,0.0,2.5175092220306396,2.4288644790649414,0.03223443403840065,0.029816849157214165,2,2.702181816101074,0.4945068359375,-0.010989189147949219,64,0
43.23320070799673,0,0,0.0,0.0,2.5175092220306396,2.4288644790649414,0.03223443403840065,0.030622711405158043,2,2.702181816101074,0.4945068359375,-0.010989189147949219,64,0
43.335804958012886,0,0,0.0,0.0,2.5175092220306396,2.428058385848999,0.03304029256105423,0.030622711405158043,2,2.702181816101074,0.4945068359375,-0.010989189147949219,64,0
43.43861137499334,0,0,0.0,0.0,2.5167031288146973,2.430476188659668,0.03223443403840065,0.030622711405158043,2,2.702181816101074,0.4945068359375,-0.010989189147949219,64,0
43.54131400003098,0,0,0.0,0.0,2.507838726043701,2.436923027038574,0.03223443403840065,0.030622711405158043,2,2.702181816101074,0.4945068359375,-0.010989189147949219,64,0
43.64484416600317,0,0,0.0,0.0,2.4917216300964355,2.4433698654174805,0.03223443403840065,0.030622711405158043,2,2.702181816101074,0.4945068359375,-0.010989189147949219,64,0
43.74751916603418,0,0,0.0,0.0,2.484468698501587,2.447399139404297,0.03223443403840065,0.030622711405158043,2,2.702181816101074,0.4945068359375,-0.010989189147949219,64,0
43.85128366603749,0,0,0.0,0.0,2.4836628437042236,2.4490110874176025,0.03142857179045677,0.030622711405158043,2,2.702181816101074,0.4945068359375,-0.010989189147949219,64,0
43.95482812501723,0,0,0.0,0.0,2.481245517730713,2.449816942214966,0.03223443403840065,0.029816849157214165,2,2.702181816101074,0.4945068359375,-0.010989189147949219,64,0
44.058582875004504,0,0,0.0,0.0,2.482051372528076,2.449816942214966,0.03223443403840065,0.030622711405158043,2,2.702181816101074,0.4945068359375,-0.010989189147949219,64,0
44.163308416027576,0,0,0.0,0.0,2.4836628437042236,2.4457874298095703,0.03223443403840065,0.030622711405158043,2,2.702181816101074,0.4945068359375,-0.010989189147949219,64,0
44.275898791034706,61234,16415,5381.89453125,1442.724609375,-0.010989189147949219,8.96831017167883e-44,3.732736810314518e-39,2.542726128440597e-40,40,0.03223443403840065,0.030622711405158043,0.0,2,0
44.38263383304002,0,0,0.0,0.0,2.5054214000701904,2.4320876598358154,0.03223443403840065,0.030622711405158043,2,2.702181816101074,0.4945068359375,-0.010989189147949219,64,0
44.49349220801378,0,0,0.0,0.0,2.518315076828003,2.4208059310913086,0.03223443403840065,0.029816849157214165,2,2.702181816101074,0.4945068359375,-0.010989189147949219,64,0
44.600576833006926,0,0,0.0,0.0,2.523956060409546,2.4175825119018555,3.732736810314518e-39,2.542908297240959e-40,219,0.03223443403840065,0.030622711405158043,0.0,2,0
44.70623237499967,0,0,0.0,0.0,2.538461446762085,2.3982417583465576,0.03223443403840065,0.030622711405158043,2,2.702181816101074,0.4945068359375,-0.010989189147949219,64,0
44.81162954104366,40387,16418,3549.638671875,1442.98828125,2.5424909591674805,2.3917946815490723,0.03142857179045677,0.030622711405158043,2,2.702181816101074,0.4945068359375,-0.010989189147949219,64,0
44.91853391600307,0,0,0.0,0.0,2.5432965755462646,2.3926007747650146,0.03223443403840065,0.030622711405158043,2,2.702181816101074,0.4945068359375,-0.010989189147949219,64,0
45.02564212499419,0,0,0.0,0.0,2.5424909591674805,2.393406629562378,0.03223443403840065,0.030622711405158043,2,2.702181816101074,0.4945068359375,-0.010989189147949219,64,0
45.129727874998935,0,0,0.0,0.0,2.537655830383301,2.393406629562378,0.03304029256105423,0.030622711405158043,2,2.702181816101074,0.4945068359375,-0.010989189147949219,64,0
45.234172166034114,0,0,0.0,0.0,2.532820463180542,2.410329580307007,0.03142857179045677,0.030622711405158043,2,2.702181816101074,0.4945068359375,-0.010989189147949219,64,0
45.339374708011746,0,0,0.0,0.0,2.523956060409546,2.419999837875366,0.03223443403840065,0.030622711405158043,2,2.702181816101074,0.4945068359375,-0.010989189147949219,64,0
45.445198541041464,0,0,0.0,0.0,2.5030035972595215,2.436117172241211,0.03304029256105423,0.030622711405158043,2,2.702181816101074,0.4945068359375,-0.010989189147949219,64,0
45.54989791603293,0,0,0.0,0.0,2.495750904083252,2.4401464462280273,0.03142857179045677,0.030622711405158043,2,2.702181816101074,0.4945068359375,-0.010989189147949219,64,0
45.65662058303133,0,0,0.0,0.0,2.4836628437042236,2.44820499420166,0.03223443403840065,0.030622711405158043,2,2.702181816101074,0.4945068359375,-0.010989189147949219,64,0
45.76154445798602,0,0,0.0,0.0,2.4828569889068604,2.45062255859375,0.03223443403840065,0.030622711405158043,2,2.702181816101074,0.4945068359375,-0.010989189147949219,64,0
45.86801012500655,0,0,0.0,0.0,2.482051372528076,2.4465932846069336,0.03142857179045677,0.030622711405158043,2,2.702181816101074,0.4945068359375,-0.010989189147949219,64,0
45.973219875013456,59169,16414,5200.400390625,1442.63671875,2.482051372528076,2.444981813430786,3.732736810314518e-39,2.5438611801967e-40,48,0.03223443403840065,0.030622711405158043,0.0,2,0
46.07964016601909,0,0,0.0,0.0,2.484468698501587,2.444981813430786,0.03223443403840065,0.030622711405158043,2,2.702181816101074,0.4945068359375,-0.010989189147949219,64,0
46.18368300003931,0,0,0.0,0.0,2.495750904083252,2.4401464462280273,0.03223443403840065,0.030622711405158043,2,2.702181816101074,0.4945068359375,-0.010989189147949219,64,0
46.2902298750123,0,0,0.0,0.0,2.501391887664795,2.4353113174438477,0.03142857179045677,0.030622711405158043,2,2.702181816101074,0.4945068359375,-0.010989189147949219,64,0
46.394894875003956,0,0,0.0,0.0,2.5030035972595215,2.436117172241211,0.03223443403840065,0.030622711405158043,2,2.702181816101074,0.4945068359375,-0.010989189147949219,64,0
46.50036450003972,0,0,0.0,0.0,2.5038094520568848,2.433699607849121,3.732736810314518e-39,2.5442255177974244e-40,240,0.03223443403840065,0.030622711405158043,0.0,2,0
46.60532954102382,0,0,0.0,0.0,2.504615306854248,2.4320876598358154,0.03223443403840065,0.029816849157214165,2,2.702181816101074,0.4945068359375,-0.010989189147949219,64,0
46.71182037499966,0,0,0.0,0.0,2.5030035972595215,2.432893753051758,0.03223443403840065,0.030622711405158043,2,2.702181816101074,0.4945068359375,-0.010989189147949219,64,0
46.81709354103077,0,0,0.0,0.0,2.5038094520568848,2.4320876598358154,0.03223443403840065,0.030622711405158043,2,2.702181816101074,0.4945068359375,-0.010989189147949219,64,0
46.92288591602119,0,0,0.0,0.0,2.5062270164489746,2.4320876598358154,0.03223443403840065,0.03142857179045677,2,2.702181816101074,0.4945068359375,-0.010989189147949219,64,0
47.02946483303094,0,0,0.0,0.0,2.5038094520568848,2.433699607849121,0.03223443403840065,0.030622711405158043,2,2.702181816101074,0.4945068359375,-0.010989189147949219,64,0
47.13512183300918,0,0,0.0,0.0,2.5038094520568848,2.432893753051758,0.03223443403840065,0.030622711405158043,2,2.702181816101074,0.4945068359375,-0.010989189147949219,64,0
47.24133133300347,0,0,0.0,0.0,2.5030035972595215,2.4320876598358154,0.03223443403840065,0.030622711405158043,2,2.702181816101074,0.4945068359375,-0.010989189147949219,64,0
47.3478754159878,0,0,0.0,0.0,2.5030035972595215,2.432893753051758,0.03223443403840065,0.030622711405158043,2,2.702181816101074,0.4945068359375,-0.010989189147949219,64,0
47.454202666005585,0,0,0.0,0.0,2.5038094520568848,2.433699607849121,0.03223443403840065,0.030622711405158043,2,2.702181816101074,0.4945068359375,-0.010989189147949219,64,0
47.55943925003521,0,0,0.0,0.0,2.5038094520568848,2.432893753051758,0.03142857179045677,0.030622711405158043,2,2.702181816101074,0.4945068359375,-0.010989189147949219,64,0
47.664566458028276,0,0,0.0,0.0,2.504615306854248,2.433699607849121,0.03304029256105423,0.030622711405158043,2,2.702181816101074,0.4945068359375,-0.010989189147949219,64,0
47.77053670800524,0,0,0.0,0.0,2.5030035972595215,2.4320876598358154,0.03223443403840065,0.030622711405158043,2,2.702181816101074,0.4945068359375,-0.010989189147949219,64,0
47.876317666028626,15978,16416,1404.31640625,1442.8125,2.504615306854248,2.4320876598358154,3.732736810314518e-39,2.5451363617992355e-40,136,0.03142857179045677,0.030622711405158043,0.0,2,0
47.98124504100997,0,0,0.0,0.0,2.504615306854248,2.4320876598358154,0.03223443403840065,0.030622711405158043,2,2.702181816101074,0.4945068359375,-0.010989189147949219,64,0
48.086514041002374,0,0,0.0,0.0,2.5054214000701904,2.433699607849121,0.03304029256105423,0.030622711405158043,2,2.702181816101074,0.4945068359375,-0.010989189147949219,64,0
48.19154354103375,0,0,0.0,0.0,2.504615306854248,2.432893753051758,0.03223443403840065,0.030622711405158043,2,2.702181816101074,0.4945068359375,-0.010989189147949219,64,0
48.296692625037394,0,0,0.0,0.0,2.5038094520568848,2.4320876598358154,0.03223443403840065,0.030622711405158043,2,2.702181816101074,0.4945068359375,-0.010989189147949219,64,0
48.40198916604277,0,0,0.0,0.0,2.504615306854248,2.432893753051758,0.03304029256105423,0.030622711405158043,2,2.702181816101074,0.4945068359375,-0.010989189147949219,64,0
48.506202874996234,0,0,0.0,0.0,2.504615306854248,2.4320876598358154,0.03223443403840065,0.030622711405158043,2,2.702181816101074,0.4945068359375,-0.010989189147949219,64,0
48.61110491602449,0,0,0.0,0.0,2.5038094520568848,2.433699607849121,0.03223443403840065,0.030622711405158043,2,2.702181816101074,0.4945068359375,-0.010989189147949219,64,0
48.716870333009865,0,0,0.0,0.0,2.5038094520568848,2.4320876598358154,0.03223443403840065,0.030622711405158043,2,2.702181816101074,0.4945068359375,-1.8912551646294018e-16,40,0
48.822723374993075,0,0,0.0,0.0,2.5038094520568848,2.432893753051758,0.03223443403840065,0.029816849157214165,2,2.702181816101074,0.4945068359375,-0.010989189147949219,64,0
48.92704933299683,0,0,0.0,0.0,2.5030035972595215,2.4312820434570312,0.03223443403840065,0.030622711405158043,2,2.702181816101074,0.4945068359375,-0.010989189147949219,64,0
49.03123287501512,0,0,0.0,0.0,2.504615306854248,2.432893753051758,0.03223443403840065,0.030622711405158043,2,2.702181816101074,0.4945068359375,-0.010989189147949219,64,0
49.136373041023035,0,0,0.0,0.0,2.5038094520568848,2.432893753051758,0.03223443403840065,1.8357919554629586e-14,2,2.702181816101074,0.4945068359375,-0.010989189147949219,64,0
49.24138220801251,0,0,0.0,0.0,2.5054214000701904,2.430476188659668,0.03223443403840065,0.030622711405158043,2,2.702181816101074,0.4945068359375,-0.010989189147949219,64,0
49.34785645804368,0,0,0.0,0.0,2.504615306854248,2.433699607849121,0.03223443403840065,0.030622711405158043,2,2.702181816101074,0.4945068359375,-0.010989189147949219,64,0
49.45204558299156,0,0,0.0,0.0,2.5054214000701904,2.4320876598358154,0.03223443403840065,0.030622711405158043,2,2.702181816101074,0.4945068359375,-0.010989189147949219,64,0
49.55769300000975,0,0,0.0,0.0,2.504615306854248,2.432893753051758,0.03223443403840065,0.030622711405158043,2,2.702181816101074,0.4945068359375,-0.010989189147949219,64,0
49.66259987500962,0,0,0.0,0.0,2.5038094520568848,2.432893753051758,0.03223443403840065,0.029816849157214165,2,2.702181816101074,0.4945068359375,-0.010989189147949219,64,0
49.76868329104036,22739,16416,1998.544921875,1442.8125,2.5030035972595215,2.433699607849121,3.732736810314518e-39,2.546411543401771e-40,2,2.702181816101074,0.4945068359375,-0.010989189147949219,64,0
49.87471204099711,0,0,0.0,0.0,2.5038094520568848,2.4312820434570312,0.03223443403840065,0.030622711405158043,2,2.702181816101074,0.4945068359375,-0.010989189147949219,64,0
49.98120562499389,0,0,0.0,0.0,2.5030035972595215,2.4320876598358154,0.03223443403840065,0.030622711405158043,2,2.702181816101074,0.4945068359375,-0.010989189147949219,64,0
50.08755154098617,0,0,0.0,0.0,2.504615306854248,2.4345054626464844,3.732736810314518e-39,2.5465937122021333e-40,83,0.03223443403840065,0.030622711405158043,0.0,2,0
50.19170533301076,0,0,0.0,0.0,2.5038094520568848,2.432893753051758,0.03223443403840065,0.030622711405158043,2,2.702181816101074,0.4945068359375,-0.010989189147949219,64,0
50.297623082995415,0,0,0.0,0.0,2.5038094520568848,2.4312820434570312,0.03223443403840065,0.030622711405158043,2,2.702181816101074,0.4945068359375,-0.010989189147949219,64,0
50.403719041030854,0,0,0.0,0.0,2.5054214000701904,2.432893753051758,0.03304029256105423,0.030622711405158043,2,2.702181816101074,0.4945068359375,-0.010989189147949219,64,0
50.51037199998973,2,0,0.17578125,0.0,2.5038094520568848,2.4312820434570312,0.030622711405158043,0.0,2,2.702181816101074,0.4945068359375,-0.010989189147949219,64,0
50.61551400000462,0,0,0.0,0.0,2.504615306854248,2.4312820434570312,0.03223443403840065,0.030622711405158043,2,2.702181816101074,0.4945068359375,-0.010989189147949219,64,0
50.720759791031014,0,0,0.0,0.0,2.5054214000701904,2.4312820434570312,0.03223443403840065,0.030622711405158043,2,2.702181816101074,0.4945068359375,-0.010989189147949219,64,0
50.8263791660429,0,0,0.0,0.0,2.504615306854248,2.4312820434570312,0.03223443403840065,0.030622711405158043,2,2.702181816101074,0.4945068359375,-0.010989189147949219,64,0
50.93114883301314,0,0,0.0,0.0,2.504615306854248,2.4312820434570312,0.03223443403840065,0.030622711405158043,2,2.702181816101074,0.4945068359375,-0.010989189147949219,64,0
51.03762470802758,0,0,0.0,0.0,2.504615306854248,2.4320876598358154,0.03223443403840065,0.030622711405158043,2,2.702181816101074,0.4945068359375,-0.010989189147949219,64,0
51.14242099999683,0,0,0.0,0.0,2.504615306854248,2.428058385848999,0.03223443403840065,0.030622711405158043,2,2.702181816101074,0.4945068359375,-0.010989189147949219,64,0
51.247308125020936,0,0,0.0,0.0,2.504615306854248,2.4312820434570312,0.03142857179045677,0.030622711405158043,2,2.702181816101074,0.4945068359375,-0.010989189147949219,64,0
51.352090166008566,0,0,0.0,0.0,2.504615306854248,2.4320876598358154,0.03223443403840065,0.029816849157214165,2,2.702181816101074,0.4945068359375,-0.010989189147949219,64,0
51.45841287501389,0,0,0.0,0.0,2.504615306854248,2.4312820434570312,3.732736810314518e-39,2.547546595157874e-40,2,2.702181816101074,0.4945068359375,-0.010989189147949219,64,0
51.563789165986236,0,0,0.0,0.0,2.5038094520568848,2.4320876598358154,0.03223443403840065,0.029816849157214165,2,2.702181816101074,0.4945068359375,-0.010989189147949219,64,0
51.6699864580296,0,0,0.0,0.0,2.5030035972595215,2.432893753051758,0.03223443403840065,0.030622711405158043,2,2.702181816101074,0.4945068359375,-0.010989189147949219,64,0
51.77528166602133,0,0,0.0,0.0,2.5038094520568848,2.430476188659668,0.03223443403840065,0.029816849157214165,2,2.702181816101074,0.4945068359375,-0.010989189147949219,64,0
51.88103383302223,0,0,0.0,0.0,2.5038094520568848,2.4296703338623047,0.03223443403840065,0.030622711405158043,2,2.702181816101074,0.4945068359375,-0.010989189147949219,64,0
51.99062266602414,0,0,0.0,0.0,2.504615306854248,2.430476188659668,0.03223443403840065,0.029816849157214165,2,2.702181816101074,0.4945068359375,-0.010989189147949219,64,0
52.10041200002888,0,0,0.0,0.0,2.5054214000701904,2.432893753051758,0.03223443403840065,0.03142857179045677,2,2.702181816101074,0.4945068359375,-0.010989189147949219,64,0
52.208770041004755,0,0,0.0,0.0,2.5062270164489746,2.432893753051758,0.03223443403840065,0.030622711405158043,2,2.702181816101074,0.4945068359375,-0.010989189147949219,64,0
52.31676374998642,0,0,0.0,0.0,2.504615306854248,2.430476188659668,0.03223443403840065,0.029816849157214165,2,2.702181816101074,0.4945068359375,-0.010989189147949219,64,0
52.42471120803384,0,0,0.0,0.0,2.5054214000701904,2.4312820434570312,0.03223443403840065,0.030622711405158043,2,2.702181816101074,0.4945068359375,-0.010989189147949219,64,0
52.541180875035934,0,0,0.0,0.0,2.504615306854248,2.4312820434570312,0.03223443403840065,0.030622711405158043,2,2.702181816101074,0.4945068359375,-0.010989189147949219,64,0
52.64784187503392,0,0,0.0,0.0,2.504615306854248,2.4312820434570312,0.03223443403840065,0.030622711405158043,2,2.702181816101074,0.4945068359375,-0.010989189147949219,64,0
52.75391408300493,0,0,0.0,0.0,2.504615306854248,2.4312820434570312,0.03223443403840065,0.030622711405158043,2,2.702181816101074,0.4945068359375,-0.010989189147949219,64,0
52.86033608298749,0,0,0.0,0.0,2.5038094520568848,2.4312820434570312,0.03142857179045677,0.030622711405158043,184,0.03223443403840065,0.029816849157214165,0.0,2,0
52.96616779098986,0,0,0.0,0.0,2.5062270164489746,2.4312820434570312,0.03223443403840065,0.029816849157214165,2,2.702181816101074,0.4945068359375,-0.010989189147949219,64,0
53.07083145802608,0,0,0.0,0.0,2.5054214000701904,2.4312820434570312,0.03223443403840065,0.030622711405158043,2,2.702181816101074,0.4945068359375,-0.010989189147949219,64,0
53.17554025002755,26118,16416,2295.52734375,1442.8125,2.5054214000701904,2.430476188659668,3.732736810314518e-39,2.548723685867907e-40,32,0.03223443403840065,0.030622711405158043,0.0,2,0
53.28115862503182,0,0,0.0,0.0,2.5054214000701904,2.430476188659668,0.03223443403840065,0.030622711405158043,2,2.702181816101074,0.4945068359375,-0.010989189147949219,64,0
53.38761841598898,0,0,0.0,0.0,2.504615306854248,2.430476188659668,0.03142857179045677,0.030622711405158043,2,2.702181816101074,0.4945068359375,-0.010989189147949219,64,0
53.49366983299842,0,0,0.0,0.0,2.5062270164489746,2.4320876598358154,0.03223443403840065,0.029816849157214165,2,2.702181816101074,3.732736810314518e-39,2.5489619066068423e-40,158,75
53.60067854099907,0,0,0.0,0.0,2.5054214000701904,2.4288644790649414,0.03223443403840065,0.030622711405158043,2,2.702181816101074,0.4945068359375,-0.010989189147949219,64,0
53.705955957993865,0,0,0.0,0.0,2.504615306854248,2.4296703338623047,0.03223443403840065,0.030622711405158043,2,2.702181816101074,0.4945068359375,-0.010989189147949219,64,0
53.81251345801866,0,0,0.0,0.0,2.5054214000701904,2.430476188659668,0.03223443403840065,0.030622711405158043,2,2.702181816101074,0.4945068359375,-0.010989189147949219,64,0
53.91970033303369,0,0,0.0,0.0,2.5054214000701904,2.430476188659668,0.03223443403840065,0.030622711405158043,2,2.702181816101074,0.4945068359375,-0.010989189147949219,64,0
54.02642145799473,0,0,0.0,0.0,2.507032871246338,2.430476188659668,0.03223443403840065,0.029816849157214165,2,2.702181816101074,0.4945068359375,-0.010989189147949219,64,0
54.13167212501867,0,0,0.0,0.0,2.504615306854248,2.4288644790649414,0.03223443403840065,0.030622711405158043,2,2.702181816101074,0.4945068359375,-0.010989189147949219,64,0
54.23802895803237,0,0,0.0,0.0,2.5054214000701904,2.430476188659668,0.03223443403840065,0.030622711405158043,236,0.03223443403840065,0.030622711405158043,0.0,2,0
54.346549583016895,0,0,0.0,0.0,2.5054214000701904,2.4320876598358154,0.03223443403840065,0.030622711405158043,2,2.702181816101074,0.4945068359375,-0.010989189147949219,64,0
54.4512606250355,0,0,0.0,0.0,2.5054214000701904,2.430476188659668,0.03223443403840065,0.030622711405158043,2,2.702181816101074,0.4945068359375,-0.010989189147949219,64,0
54.555255500017665,0,0,0.0,0.0,2.5062270164489746,2.4296703338623047,0.03223443403840065,0.030622711405158043,2,2.702181816101074,0.4945068359375,-0.010989189147949219,64,0
54.659122749988455,0,0,0.0,0.0,2.507032871246338,2.4296703338623047,0.03223443403840065,0.030622711405158043,2,2.702181816101074,0.4945068359375,-0.010989189147949219,64,0
54.768648124998435,0,0,0.0,0.0,2.507032871246338,2.4288644790649414,0.03223443403840065,0.030622711405158043,2,2.702181816101074,0.4945068359375,-0.010989189147949219,64,0
54.87283245800063,0,0,0.0,0.0,2.5118680000305176,2.427252769470215,0.03142857179045677,0.030622711405158043,2,2.702181816101074,0.4945068359375,-0.010989189147949219,64,0
54.97698850004235,0,0,0.0,0.0,2.523956060409546,2.419193983078003,0.03223443403840065,0.030622711405158043,2,2.702181816101074,0.4945068359375,-0.010989189147949219,64,0
55.08017795800697,0,0,0.0,0.0,2.529597043991089,2.4119412899017334,0.03223443403840065,0.030622711405158043,2,2.702181816101074,0.4945068359375,-0.010989189147949219,64,0
55.183680333022494,0,0,0.0,0.0,2.5336263179779053,2.404688596725464,0.03223443403840065,0.030622711405158043,2,2.702181816101074,0.4945068359375,-0.010989189147949219,64,0
55.28949716599891,0,0,0.0,0.0,2.537655830383301,1.0786202626031616e+16,-2.364111988567497e+21,1.776507187748388e-15,85,3.8336948036203013e+33,5.5977529624537035e-39,9.4039548065783e-38,0,0
55.39363508298993,0,0,0.0,0.0,2.5400731563568115,2.3958239555358887,0.03223443403840065,0.030622711405158043,2,2.702181816101074,0.4945068359375,-0.010989189147949219,64,0
55.49893475003773,0,0,0.0,0.0,2.540879011154175,2.3958239555358887,0.03223443403840065,0.030622711405158043,2,2.702181816101074,0.4945068359375,-0.010989189147949219,64,0
55.603073915990535,0,0,0.0,0.0,2.5400731563568115,2.3950181007385254,0.03223443403840065,0.030622711405158043,2,2.702181816101074,0.4945068359375,-0.010989189147949219,64,0
55.70874412503326,0,0,0.0,0.0,2.532820463180542,2.404688596725464,0.03223443403840065,0.030622711405158043,2,2.702181816101074,0.4945068359375,-0.010989189147949219,64,0
55.81447870802367,0,0,0.0,0.0,2.5207324028015137,2.421611785888672,0.03223443403840065,0.030622711405158043,2,2.702181816101074,0.4945068359375,-0.010989189147949219,64,0
55.91964600002393,0,0,0.0,0.0,2.51025652885437,2.4312820434570312,0.03142857179045677,0.030622711405158043,2,2.702181816101074,0.4945068359375,-0.010989189147949219,64,0
56.025255832995754,0,0,0.0,0.0,2.498168468475342,2.439340591430664,0.03223443403840065,0.030622711405158043,2,2.702181816101074,3.563297283296461e+16,2.410398519038807e-35,199,2
56.129446125007235,0,0,0.0,0.0,2.4860806465148926,2.447399139404297,0.03223443403840065,0.030622711405158043,2,2.702181816101074,0.4945068359375,-0.010989189147949219,64,0
56.232989832991734,0,0,0.0,0.0,2.484468698501587,2.447399139404297,0.03223443403840065,0.030622711405158043,2,2.702181816101074,0.4945068359375,-0.010989189147949219,64,0
56.336168957990594,0,0,0.0,0.0,2.486886501312256,2.447399139404297,0.03142857179045677,0.030622711405158043,2,2.702181816101074,0.4945068359375,-0.010989189147949219,64,0
56.43945662502665,0,0,0.0,0.0,2.484468698501587,2.4441757202148438,0.03223443403840065,0.030622711405158043,2,2.702181816101074,0.4945068359375,-0.010989189147949219,64,0
56.54344099998707,0,0,0.0,0.0,2.4884979724884033,2.4441757202148438,3.732736810314518e-39,2.5509937893801132e-40,2,2.702181816101074,0.4945068359375,-0.010989189147949219,64,0
56.64643837499898,0,0,0.0,0.0,2.5118680000305176,2.428058385848999,0.03223443403840065,0.030622711405158043,2,2.702181816101074,0.4945068359375,-0.010989189147949219,64,0
56.749311958032195,58603,16417,5150.654296875,1442.900390625,2.527179479598999,2.4119412899017334,3.732736810314518e-39,2.5511339192265457e-40,211,0.03142857179045677,0.030622711405158043,0.0,2,0
56.8537548329914,0,0,0.0,0.0,2.5400731563568115,2.3982417583465576,0.03223443403840065,0.03142857179045677,2,2.702181816101074,0.4945068359375,-0.010989189147949219,64,0
56.96076945803361,0,0,0.0,0.0,2.5400731563568115,2.396630048751831,0.03223443403840065,0.030622711405158043,2,2.702181816101074,0.4945068359375,-0.010989189147949219,64,0
57.064433332998306,37007,16418,3252.568359375,1442.98828125,2.541685104370117,2.396630048751831,3.732736810314518e-39,2.5513581269808377e-40,199,0.03304029256105423,0.03142857179045677,0.0,2,0
57.167564666015096,0,0,0.0,0.0,2.541685104370117,2.394212484359741,0.03304029256105423,0.029010988771915436,2,2.702181816101074,0.4945068359375,-0.010989189147949219,64,0
57.27167637500679,0,0,0.0,0.0,2.538461446762085,2.3950181007385254,0.03223443403840065,0.029816849157214165,2,2.702181816101074,0.4945068359375,-0.010989189147949219,64,0
57.37571791600203,17408,711,1530.0,62.490234375,2.5279853343963623,2.4175825119018555,0.03142857179045677,0.030622711405158043,2,2.702181816101074,0.4945068359375,-0.010989189147949219,64,0
57.47983412502799,0,0,0.0,0.0,2.5030035972595215,2.436923027038574,0.03223443403840065,0.030622711405158043,2,2.702181816101074,0.4945068359375,-0.010989189147949219,64,0
57.58362325001508,0,0,0.0,0.0,2.4909157752990723,2.441758155822754,0.03223443403840065,0.030622711405158043,2,2.702181816101074,0.4945068359375,-0.010989189147949219,64,0
57.68779779103352,0,0,0.0,0.0,2.48769211769104,2.4465932846069336,0.03223443403840065,0.029816849157214165,2,2.702181816101074,0.4945068359375,-0.010989189147949219,64,0
57.791304374986794,0,0,0.0,0.0,2.4836628437042236,2.44820499420166,0.03304029256105423,0.030622711405158043,2,2.702181816101074,0.4945068359375,-0.010989189147949219,64,0
57.89598520798609,0,0,0.0,0.0,2.4860806465148926,2.4457874298095703,0.03223443403840065,0.030622711405158043,2,2.702181816101074,0.4945068359375,-0.010989189147949219,64,0
58.000434041023254,0,0,0.0,0.0,2.486886501312256,2.447399139404297,0.03223443403840065,0.030622711405158043,2,2.702181816101074,0.4945068359375,-0.010989189147949219,64,0
58.10512837499846,0,0,0.0,0.0,2.4909157752990723,2.4441757202148438,0.03142857179045677,0.030622711405158043,2,2.702181816101074,0.4945068359375,-0.010989189147949219,64,0
58.20797104103258,39639,16416,3483.896484375,1442.8125,2.5062270164489746,2.4320876598358154,3.732736810314518e-39,2.5521288411362163e-40,32,0.03223443403840065,0.029816849157214165,0.0,2,0
58.311366125009954,0,0,0.0,0.0,2.5279853343963623,2.4183881282806396,0.03223443403840065,0.030622711405158043,2,2.702181816101074,0.4945068359375,-0.010989189147949219,64,0
58.41645087499637,0,0,0.0,0.0,2.536043882369995,2.4038827419281006,0.03223443403840065,0.030622711405158043,2,2.702181816101074,0.4945068359375,-0.010989189147949219,64,0
58.521346124995034,0,0,0.0,0.0,2.5392673015594482,2.3958239555358887,0.03304029256105423,0.030622711405158043,2,2.702181816101074,0.4945068359375,-0.010989189147949219,64,0
58.62814487499418,0,0,0.0,0.0,2.541685104370117,2.3958239555358887,0.03223443403840065,0.030622711405158043,2,2.702181816101074,0.4945068359375,-0.010989189147949219,64,0
58.73247425002046,0,0,0.0,0.0,2.5392673015594482,2.394212484359741,0.03223443403840065,0.030622711405158043,2,2.702181816101074,0.4945068359375,-0.010989189147949219,64,0
58.83605062501738,0,0,0.0,0.0,2.5223443508148193,2.419999837875366,0.03223443403840065,0.030622711405158043,2,2.702181816101074,0.4945068359375,-0.010989189147949219,64,0
58.94091333303368,0,0,0.0,0.0,2.51025652885437,2.4312820434570312,0.03223443403840065,0.029816849157214165,2,2.702181816101074,0.4945068359375,-0.010989189147949219,64,0
59.04527412500465,0,0,0.0,0.0,2.4884979724884033,2.4441757202148438,0.03223443403840065,0.030622711405158043,2,2.702181816101074,0.4945068359375,1.835771118452456e-14,0,152
59.1504612910212,0,0,0.0,0.0,2.4836628437042236,2.4457874298095703,0.03142857179045677,0.029816849157214165,2,2.702181816101074,0.4945068359375,-0.010989189147949219,64,0
59.25417216599453,0,0,0.0,0.0,2.4828569889068604,2.44820499420166,0.03223443403840065,0.029816849157214165,2,2.702181816101074,0.4945068359375,-0.010989189147949219,64,0
59.36382575001335,0,0,0.0,0.0,2.484468698501587,2.444981813430786,0.03223443403840065,0.030622711405158043,2,2.702181816101074,0.4945068359375,-0.010989189147949219,64,0
59.46950420801295,0,0,0.0,0.0,2.4917216300964355,2.438534736633301,0.03223443403840065,0.030622711405158043,2,2.702181816101074,0.4945068359375,-0.010989189147949219,64,0
59.57407508301549,63298,16416,5563.30078125,1442.8125,2.507838726043701,2.4345054626464844,0.03223443403840065,0.03142857179045677,28,0.03223443403840065,0.030622711405158043,0.0,2,0
59.68412479100516,0,0,0.0,0.0,1.1403180046811136e+16,-1.909714455905487e-06,6.939482029322754e-18,1.1452055332483724e-05,8,5.6001211568584124e-39,9.4039548065783e-38,-9.860761315262648e-32,240,44
59.78834679099964,0,0,0.0,0.0,2.536043882369995,2.399853229522705,0.03223443403840065,0.030622711405158043,2,2.702181816101074,0.4945068359375,-0.010989189147949219,64,0
59.89134895801544,0,0,0.0,0.0,2.537655830383301,2.396630048751831,0.03142857179045677,0.029816849157214165,2,2.702181816101074,0.4945068359375,-0.010989189147949219,64,0
59.99495054100407,0,0,0.0,0.0,2.5400731563568115,2.3974359035491943,0.03223443403840065,0.029816849157214165,2,2.702181816101074,0.4945068359375,-0.010989189147949219,64,0
60.0977544580237,0,0,0.0,0.0,2.537655830383301,2.3982417583465576,0.03223443403840065,0.030622711405158043,2,2.702181816101074,0.4945068359375,-0.010989189147949219,64,0
60.201302083034534,0,0,0.0,0.0,2.5320146083831787,2.407912015914917,0.03223443403840065,0.030622711405158043,2,2.702181816101074,0.4945068359375,-0.010989189147949219,64,0
60.30610537499888,0,0,0.0,0.0,2.519120931625366,2.421611785888672,0.03223443403840065,0.03142857179045677,2,2.702181816101074,0.4945068359375,-0.010989189147949219,64,0
60.41027795802802,22739,16416,1998.544921875,1442.8125,2.504615306854248,2.433699607849121,0.030622711405158043,0.029816849157214165,2,2.702181816101074,0.4945068359375,-0.010989189147949219,64,0
60.51293737499509,0,0,0.0,0.0,2.502197742462158,2.4345054626464844,0.03142857179045677,0.030622711405158043,2,2.702181816101074,0.4945068359375,-0.010989189147949219,64,0
60.62374787504086,0,0,0.0,0.0,2.4997801780700684,2.4377288818359375,0.03223443403840065,0.030622711405158043,2,2.702181816101074,0.4945068359375,-0.010989189147949219,64,0
60.72699929098599,0,0,0.0,0.0,2.495750904083252,2.4401464462280273,3.732736810314518e-39,2.5537683603394764e-40,2,2.702181816101074,0.4945068359375,-0.010989189147949219,64,0
60.83093995798845,0,0,0.0,0.0,2.4917216300964355,2.4433698654174805,0.03223443403840065,0.030622711405158043,2,2.702181816101074,0.4945068359375,-0.010989189147949219,64,0
60.9344131660182,0,0,0.0,0.0,2.4925272464752197,2.4465932846069336,3.732736810314518e-39,2.553908490185909e-40,2,2.702181816101074,0.4945068359375,-0.010989189147949219,64,0
61.0383374580415,0,0,0.0,0.0,2.4925272464752197,2.4457874298095703,0.03223443403840065,0.03142857179045677,2,2.702181816101074,0.4945068359375,-0.010989189147949219,64,0
61.14129854104249,0,0,0.0,0.0,2.5030035972595215,2.439340591430664,0.03142857179045677,0.030622711405158043,2,2.702181816101074,0.4945068359375,-0.010989189147949219,64,0
61.24607425002614,13324,16572,1171.0546875,1456.5234375,2.507032871246338,2.436117172241211,5.89359229164503e-39,5.7846273230591325e-39,0,1.4580510521299722e-41,2.4076167644629963e-35,-1.4800891523039691e-31,246,27
61.34977366600651,0,0,0.0,0.0,2.5086445808410645,2.433699607849121,0.03304029256105423,0.030622711405158043,2,2.702181816101074,0.4945068359375,-0.010989189147949219,64,0
61.45300470798975,0,0,0.0,0.0,2.5086445808410645,2.433699607849121,0.03223443403840065,0.030622711405158043,2,2.702181816101074,0.4945068359375,-0.010989189147949219,64,0
61.556683458038606,0,0,0.0,0.0,2.507838726043701,2.432893753051758,0.03223443403840065,0.030622711405158043,2,2.702181816101074,0.4945068359375,-0.010989189147949219,64,0
61.66021979099605,39639,16416,3483.896484375,1442.8125,2.507838726043701,2.433699607849121,3.732736810314518e-39,2.5544549965869955e-40,36,0.03223443403840065,0.030622711405158043,0.0,2,0
61.76427791599417,0,0,0.0,0.0,2.5086445808410645,2.4312820434570312,0.03223443403840065,0.030622711405158043,2,2.702181816101074,0.4945068359375,-0.010989189147949219,64,0
61.868587416014634,0,0,0.0,0.0,2.507838726043701,2.432893753051758,0.03142857179045677,0.029816849157214165,2,2.702181816101074,0.4945068359375,-0.010989189147949219,64,0
61.97216987499269,0,0,0.0,0.0,2.5086445808410645,2.4312820434570312,0.03223443403840065,0.029816849157214165,2,2.702181816101074,0.4945068359375,-0.010989189147949219,64,0
62.07794612500584,0,0,0.0,0.0,2.509450674057007,2.433699607849121,0.03223443403840065,0.030622711405158043,2,2.702181816101074,0.4945068359375,-0.010989189147949219,64,0
62.18545587500557,0,0,0.0,0.0,2.509450674057007,2.4345054626464844,0.03223443403840065,0.030622711405158043,2,2.702181816101074,0.4945068359375,-0.010989189147949219,64,0
62.29247770801885,0,0,0.0,0.0,2.507838726043701,2.4320876598358154,0.03223443403840065,0.03142857179045677,2,2.702181816101074,0.4945068359375,-0.010989189147949219,64,0
62.40024633303983,0,0,0.0,0.0,2.507838726043701,2.433699607849121,0.03223443403840065,0.03142857179045677,2,2.702181816101074,0.4945068359375,-0.010989189147949219,64,0
62.50596662500175,0,0,0.0,0.0,2.509450674057007,2.433699607849121,0.03223443403840065,0.029816849157214165,2,2.702181816101074,0.4945068359375,-0.010989189147949219,64,0
62.612440125027206,0,0,0.0,0.0,2.5086445808410645,2.433699607849121,0.03223443403840065,0.029010988771915436,2,2.702181816101074,0.4945068359375,-0.010989189147949219,64,0
62.716323041007854,0,0,0.0,0.0,2.5086445808410645,2.433699607849121,0.03304029256105423,0.030622711405158043,2,2.702181816101074,0.4945068359375,-0.010989189147949219,64,0
62.82130612502806,0,0,0.0,0.0,2.507838726043701,2.432893753051758,0.03223443403840065,0.030622711405158043,2,2.702181816101074,0.4945068359375,-0.010989189147949219,64,0
62.92501379101304,0,0,0.0,0.0,2.507838726043701,2.433699607849121,0.03223443403840065,0.030622711405158043,2,2.702181816101074,0.4945068359375,-0.010989189147949219,64,0
63.029442791012116,43019,16416,3780.966796875,1442.8125,2.507838726043701,2.433699607849121,3.732736810314518e-39,2.555393866558093e-40,240,0.03223443403840065,0.030622711405158043,0.0,2,0
63.1317716659978,0,0,0.0,0.0,2.5086445808410645,2.4353113174438477,0.03223443403840065,0.030622711405158043,2,2.702181816101074,0.4945068359375,-0.010989189147949219,64,0
63.235234207997564,0,0,0.0,0.0,2.5086445808410645,2.432893753051758,0.03223443403840065,0.030622711405158043,2,2.702181816101074,0.4945068359375,-0.010989189147949219,64,0
63.33877141599078,0,0,0.0,0.0,2.509450674057007,2.4320876598358154,0.03304029256105423,0.030622711405158043,2,2.702181816101074,0.4945068359375,-0.010989189147949219,64,0
63.44282966601895,0,0,0.0,0.0,2.5086445808410645,2.433699607849121,0.03223443403840065,0.030622711405158043,2,2.702181816101074,0.4945068359375,-0.010989189147949219,64,0
63.54656037501991,0,0,0.0,0.0,2.507838726043701,2.4345054626464844,0.03223443403840065,0.03142857179045677,2,2.702181816101074,0.4945068359375,-0.010989189147949219,64,0
63.65131358301733,0,0,0.0,0.0,2.507032871246338,2.4312820434570312,0.03304029256105423,0.030622711405158043,2,2.702181816101074,-1.892474892073448e-16,-250880.625,2,0
63.755671499995515,0,0,0.0,0.0,2.509450674057007,2.433699607849121,0.03223443403840065,0.030622711405158043,2,2.702181816101074,0.4945068359375,-0.010989189147949219,64,0
63.85982220800361,0,0,0.0,0.0,2.509450674057007,2.4345054626464844,0.03223443403840065,0.030622711405158043,2,2.702181816101074,0.4945068359375,-0.010989189147949219,64,0
63.964412666042335,0,0,0.0,0.0,2.509450674057007,2.4345054626464844,0.03223443403840065,0.030622711405158043,2,2.702181816101074,0.4945068359375,-0.010989189147949219,64,0
64.06858695799019,0,0,0.0,0.0,2.507838726043701,2.4345054626464844,0.03223443403840065,0.029816849157214165,2,2.702181816101074,0.4945068359375,-0.010989189147949219,64,0
64.17135850002524,0,0,0.0,0.0,2.5086445808410645,2.433699607849121,0.03223443403840065,0.030622711405158043,2,2.702181816101074,0.4945068359375,-0.010989189147949219,64,0
64.27524537499994,0,0,0.0,0.0,2.509450674057007,2.433699607849121,0.03223443403840065,0.030622711405158043,2,2.702181816101074,0.4945068359375,-0.010989189147949219,64,0
64.37911300000269,0,0,0.0,0.0,2.507838726043701,2.4345054626464844,0.03223443403840065,0.030622711405158043,2,2.702181816101074,0.4945068359375,-0.010989189147949219,64,0
64.48263250000309,0,0,0.0,0.0,2.5086445808410645,2.433699607849121,0.03223443403840065,0.030622711405158043,2,2.702181816101074,0.4945068359375,-0.010989189147949219,64,0
64.58670329098823,0,0,0.0,0.0,2.509450674057007,2.433699607849121,0.03223443403840065,0.030622711405158043,2,2.702181816101074,0.4945068359375,-0.010989189147949219,64,0
64.69034750002902,0,0,0.0,0.0,2.5110621452331543,2.4345054626464844,0.03223443403840065,0.030622711405158043,2,2.702181816101074,0.4945068359375,-0.010989189147949219,64,0
64.79358283302281,0,0,0.0,0.0,2.509450674057007,2.433699607849121,0.03223443403840065,0.030622711405158043,2,2.702181816101074,0.4945068359375,-0.010989189147949219,64,0
64.89691591600422,0,0,0.0,0.0,2.5086445808410645,2.432893753051758,0.03142857179045677,0.030622711405158043,2,2.702181816101074,0.4945068359375,-0.010989189147949219,64,0
65.00077770801727,0,0,0.0,0.0,2.509450674057007,2.4320876598358154,0.03223443403840065,0.030622711405158043,2,2.702181816101074,0.4945068359375,-0.010989189147949219,64,0
65.10482050001156,0,0,0.0,0.0,2.51025652885437,2.4345054626464844,0.03223443403840065,0.030622711405158043,2,2.702181816101074,0.4945068359375,-0.010989189147949219,64,0
65.20934854098596,23040,10405,2025.0,914.501953125,2.5086445808410645,2.433699607849121,1.3038604151915933e-07,2.322231815079087e-41,0,2.399353171995814e-19,3.86036467707975e-22,1.6016684501804655e-36,61,123
65.31413279101253,0,0,0.0,0.0,2.507838726043701,2.432893753051758,0.03223443403840065,0.029816849157214165,2,2.702181816101074,0.4945068359375,-0.010989189147949219,64,0
65.41856104100589,0,0,0.0,0.0,2.507838726043701,2.433699607849121,0.03223443403840065,0.030622711405158043,2,2.702181816101074,0.4945068359375,-0.010989189147949219,64,0
65.52270687499549,0,0,0.0,0.0,2.5086445808410645,2.4345054626464844,0.03223443403840065,0.030622711405158043,2,2.702181816101074,0.4945068359375,-0.010989189147949219,64,0
65.6282487080316,39639,16416,3483.896484375,1442.8125,2.509450674057007,2.433699607849121,3.732736810314518e-39,2.557131476653856e-40,188,0.03304029256105423,0.030622711405158043,0.0,2,0
65.7335875830031,0,0,0.0,0.0,2.51025652885437,2.433699607849121,0.03223443403840065,0.030622711405158043,2,2.702181816101074,0.4945068359375,-0.010989189147949219,64,0
65.83852529100841,0,0,0.0,0.0,2.507032871246338,2.433699607849121,0.03223443403840065,0.030622711405158043,2,2.702181816101074,0.4945068359375,-0.010989189147949219,64,0
65.94130966602825,0,0,0.0,0.0,2.509450674057007,2.4345054626464844,0.03223443403840065,0.030622711405158043,2,2.702181816101074,0.4945068359375,-0.010989189147949219,64,0
66.04413516604109,0,0,0.0,0.0,2.509450674057007,2.4345054626464844,0.03223443403840065,0.030622711405158043,2,2.702181816101074,0.4945068359375,-0.010989189147949219,64,0
66.15043587499531,0,0,0.0,0.0,2.509450674057007,2.4345054626464844,0.03304029256105423,0.029816849157214165,2,2.702181816101074,0.4945068359375,-0.010989189147949219,64,0
66.25770195800578,0,0,0.0,0.0,2.5086445808410645,2.4353113174438477,0.03142857179045677,0.030622711405158043,2,2.702181816101074,0.4945068359375,-0.010989189147949219,64,0
66.36315054103034,0,0,0.0,0.0,2.507838726043701,2.4345054626464844,0.03304029256105423,0.030622711405158043,2,2.702181816101074,0.4945068359375,-0.010989189147949219,64,0
66.44329866603948,0,0,0.0,0.0,2.509450674057007,2.4345054626464844,0.03223443403840065,0.030622711405158043,2,2.702181816101074,0.4945068359375,-0.010989189147949219,64,0
66.50725404103287,0,0,0.0,0.0,2.509450674057007,2.4345054626464844,0.03223443403840065,0.030622711405158043,2,2.702181816101074,0.4945068359375,-0.010989189147949219,64,0
66.59303445799742,0,0,0.0,0.0,2.507838726043701,2.432893753051758,0.03223443403840065,0.030622711405158043,2,2.702181816101074,0.4945068359375,-0.010989189147949219,64,0
66.65055566601222,0,0,0.0,0.0,2.507838726043701,2.432893753051758,0.03223443403840065,0.030622711405158043,2,3.732736810314518e-39,2.5578461388706616e-40,2.51025652885437,188,193
66.70889333303785,0,0,0.0,0.0,2.509450674057007,2.432893753051758,0.03142857179045677,0.030622711405158043,2,2.702181816101074,0.4945068359375,-0.010989189147949219,64,0
66.76559725002153,0,0,0.0,0.0,2.507032871246338,2.4312820434570312,0.03223443403840065,0.030622711405158043,2,2.702181816101074,0.4945068359375,-0.010989189147949219,64,0
66.82346787501592,0,0,0.0,0.0,2.5086445808410645,2.433699607849121,0.03223443403840065,0.030622711405158043,2,2.702181816101074,0.4945068359375,-0.010989189147949219,64,0
66.8795904580038,0,0,0.0,0.0,2.509450674057007,2.433699607849121,0.03142857179045677,0.030622711405158043,2,2.702181816101074,0.4945068359375,-0.010989189147949219,64,0
66.93577579100383,0,0,0.0,0.0,2.5086445808410645,2.4320876598358154,0.03223443403840065,0.030622711405158043,2,2.702181816101074,0.4945068359375,-0.010989189147949219,64,0
66.99121695803478,0,0,0.0,0.0,2.5086445808410645,2.433699607849121,0.03304029256105423,0.030622711405158043,2,2.702181816101074,0.4945068359375,-0.010989189147949219,64,0
67.05637325003045,0,0,0.0,0.0,2.5086445808410645,2.433699607849121,0.03223443403840065,0.030622711405158043,2,2.702181816101074,0.4945068359375,-0.010989189147949219,64,0
67.11226225004066,0,0,0.0,0.0,2.5086445808410645,2.4320876598358154,0.03223443403840065,0.030622711405158043,2,2.702181816101074,0.4945068359375,-0.010989189147949219,64,0
67.17004195798654,0,0,0.0,0.0,2.507838726043701,2.433699607849121,0.03223443403840065,0.03142857179045677,2,2.702181816101074,0.4945068359375,-0.010989189147949219,64,0
67.22465716599254,0,0,0.0,0.0,2.5086445808410645,2.430476188659668,0.03304029256105423,0.030622711405158043,2,2.702181816101074,0.4945068359375,-0.010989189147949219,64,0
67.27934387500864,36258,16416,3186.73828125,1442.8125,2.509450674057007,2.433699607849121,0.03142857179045677,0.030622711405158043,188,0.03223443403840065,0.030622711405158043,0.0,2,0
67.33556158299325,0,0,0.0,0.0,2.5086445808410645,2.432893753051758,0.03223443403840065,0.029816849157214165,2,2.702181816101074,0.4945068359375,-0.010989189147949219,64,0
67.39154470799258,0,0,0.0,0.0,2.5086445808410645,2.430476188659668,0.03223443403840065,0.030622711405158043,2,2.702181816101074,0.4945068359375,-0.010989189147949219,64,0
67.44600450003054,0,0,0.0,0.0,2.51025652885437,2.4353113174438477,0.03142857179045677,0.030622711405158043,32,-0.0029182496946305037,-2.8286915745467597e+17,2.1874269028110394e-41,0,0
67.50000850000652,0,0,0.0,0.0,2.509450674057007,2.4345054626464844,0.03223443403840065,0.030622711405158043,2,2.702181816101074,0.4945068359375,-0.010989189147949219,64,0
67.55371195799671,0,0,0.0,0.0,2.509450674057007,2.4345054626464844,0.03223443403840065,0.030622711405158043,2,2.702181816101074,0.4945068359375,-0.010989189147949219,64,0
67.60713441600092,0,0,0.0,0.0,2.509450674057007,2.432893753051758,0.03223443403840065,0.03142857179045677,2,2.702181816101074,0.4945068359375,-0.010989189147949219,90,165
67.66139654099243,0,0,0.0,0.0,2.5086445808410645,2.433699607849121,0.03223443403840065,0.030622711405158043,2,2.702181816101074,0.4945068359375,-0.010989189147949219,64,0
67.76363837503595,0,0,0.0,0.0,2.509450674057007,2.4345054626464844,0.03223443403840065,0.030622711405158043,2,2.702181816101074,0.4945068359375,-0.010989189147949219,64,0
67.81896408303874,0,0,0.0,0.0,2.5086445808410645,2.433699607849121,0.03223443403840065,0.030622711405158043,2,2.702181816101074,0.4945068359375,-0.010989189147949219,64,0
67.87251491600182,0,0,0.0,0.0,2.5086445808410645,2.4345054626464844,0.03223443403840065,0.030622711405158043,2,2.702181816101074,0.4945068359375,-0.010989189147949219,64,0
