Time (s),Ankle Position (deg),Ankle Velocity (deg/s),Cable 1 Tension,Cable 2 Tension,Motor Position (rad),Motor Velocity (rad/s),Motor Torque (Nm),Motor Temperature (C)
1.6507449999917299,0.0,0.0,0.0,0.0,2.3561840057373047,0.16483688354492188,-0.0036630630493164062,66
1.651070250023622,0.0,0.0,0.0,0.0,2.3561840057373047,0.120880126953125,-0.0036630630493164062,66
1.6511279590195045,0.0,0.0,0.0,0.0,2.3561840057373047,0.120880126953125,-0.0036630630493164062,66
1.6808202500105835,0.0,0.0,0.0,0.0,2.3561840057373047,0.120880126953125,-0.0036630630493164062,66
1.6808685840223916,0.0,0.0,0.0,0.0,2.3561840057373047,0.14285659790039062,-0.01831531524658203,66
1.6808900840114802,0.0,0.0,0.0,0.0,2.3561840057373047,0.14285659790039062,-0.01831531524658203,66
1.7103197500109673,0.0,0.0,0.0,0.0,2.3561840057373047,0.14285659790039062,-0.01831531524658203,66
1.710349791974295,0.0,0.0,0.0,0.0,2.3561840057373047,0.14285659790039062,-0.01831531524658203,66
1.7413601669832133,0.0,0.0,0.0,0.0,2.3561840057373047,0.14285659790039062,-0.01831531524658203,66
1.7415412919945084,0.0,0.0,0.0,0.0,2.3561840057373047,0.120880126953125,-0.010989189147949219,66
1.741571208985988,-0.0054931640625,0.0,0.0,0.0,2.3561840057373047,0.120880126953125,-0.010989189147949219,66
1.7707694999990053,-0.0054931640625,0.0,0.0,0.0,2.3561840057373047,0.120880126953125,-0.010989189147949219,66
1.7709074590238743,-0.0054931640625,0.0,0.0,0.0,2.3561840057373047,0.120880126953125,-0.010989189147949219,66
1.801617624994833,-0.0054931640625,0.0,0.0,0.0,2.3561840057373047,0.120880126953125,-0.010989189147949219,66
1.801652333990205,-0.0054931640625,0.0,0.0,0.0,2.3561840057373047,-0.09889984130859375,-0.010989189147949219,66
1.8020779590005986,-0.0054931640625,0.0,2.053333282470703,2.4917216300964355,2.3561840057373047,-0.09889984130859375,-0.010989189147949219,66
1.8292896670172922,-0.0054931640625,0.0,2.053333282470703,2.4917216300964355,2.3561840057373047,-0.09889984130859375,-0.010989189147949219,66
1.8303414169931784,-0.0054931640625,0.0,2.053333282470703,2.4917216300964355,2.3561840057373047,-0.09889984130859375,-0.010989189147949219,66
1.8303922089980915,0.0,0.0,2.053333282470703,2.4917216300964355,2.3561840057373047,-0.09889984130859375,-0.010989189147949219,66
1.859545834013261,0.0,0.0,2.0484981536865234,2.4836628437042236,2.3561840057373047,-0.09889984130859375,-0.010989189147949219,66
1.8614033340127207,0.0,0.0,2.0484981536865234,2.4836628437042236,2.3561840057373047,-0.09889984130859375,-0.010989189147949219,66
1.861446666996926,0.0,0.0,2.0484981536865234,2.4836628437042236,2.3561840057373047,0.120880126953125,-0.01831531524658203,66
1.8909717919887044,-0.0054931640625,0.0,2.0484981536865234,2.4836628437042236,2.3561840057373047,0.120880126953125,-0.01831531524658203,66
1.8919619169901125,-0.0054931640625,0.0,2.0484981536865234,2.4836628437042236,2.3561840057373047,0.16483688354492188,-0.0036630630493164062,66
1.8920081669930369,-0.0054931640625,0.0,2.046886444091797,2.4836628437042236,2.3561840057373047,0.16483688354492188,-0.0036630630493164062,66
1.920440084009897,-0.0054931640625,0.0,2.046886444091797,2.4836628437042236,2.3561840057373047,0.16483688354492188,-0.0036630630493164062,66
1.9215425840229727,-0.0054931640625,0.0,2.046886444091797,2.4836628437042236,2.3561840057373047,0.16483688354492188,-0.0036630630493164062,66
1.9216480419854634,-0.0054931640625,0.0,2.046886444091797,2.4836628437042236,2.3561840057373047,0.16483688354492188,-0.0036630630493164062,66
1.949629625014495,-0.0054931640625,0.0,2.0484981536865234,2.48769211769104,2.3561840057373047,0.16483688354492188,-0.0036630630493164062,66
1.9514352090191096,-0.0054931640625,0.0,2.0484981536865234,2.48769211769104,2.3561840057373047,0.16483688354492188,-0.0036630630493164062,66
1.9515474999789149,-0.0054931640625,0.0,2.0484981536865234,2.48769211769104,2.3561840057373047,-0.03296661376953125,-0.010989189147949219,66
1.9799539999803528,0.0,0.0,2.0484981536865234,2.48769211769104,2.3561840057373047,-0.03296661376953125,-0.010989189147949219,66
1.9830825420212932,0.0,0.0,2.0484981536865234,2.48769211769104,2.3561840057373047,0.16483688354492188,-0.01831531524658203,66
1.983477292000316,0.0,0.0,2.053333282470703,2.4852747917175293,2.3561840057373047,0.16483688354492188,-0.01831531524658203,66
2.011864333995618,0.0,0.0,2.053333282470703,2.4852747917175293,2.3561840057373047,0.16483688354492188,-0.01831531524658203,66
2.012088584015146,0.0,0.0,2.053333282470703,2.4852747917175293,2.3561840057373047,0.16483688354492188,-0.01831531524658203,66
2.0121036670170724,-0.0054931640625,0.0,2.053333282470703,2.4852747917175293,2.3561840057373047,0.16483688354492188,-0.01831531524658203,66
2.0389824170270003,-0.0054931640625,0.0,2.053333282470703,2.4852747917175293,2.3561840057373047,0.16483688354492188,-0.01831531524658203,66
2.0399567920248955,-0.0054931640625,0.0,2.053333282470703,2.4852747917175293,2.3561840057373047,0.07692337036132812,-0.010989189147949219,66
2.0400695839780383,-0.0054931640625,0.0,2.0573625564575195,2.484468698501587,2.3561840057373047,0.07692337036132812,-0.010989189147949219,66
2.069640542031266,-0.0054931640625,0.0,2.073479652404785,2.478827714920044,2.3561840057373047,0.07692337036132812,-0.010989189147949219,66
2.0710892499773763,-0.0054931640625,0.0,2.073479652404785,2.478827714920044,2.3561840057373047,0.07692337036132812,-0.010989189147949219,66
2.071110667020548,-0.0054931640625,0.0,2.073479652404785,2.478827714920044,2.3561840057373047,-0.20878982543945312,-0.010989189147949219,66
2.10109645902412,0.0,0.0,2.073479652404785,2.478827714920044,2.3561840057373047,-0.20878982543945312,-0.010989189147949219,66
2.101173709030263,0.0,0.0,2.073479652404785,2.478827714920044,2.3561840057373047,-0.20878982543945312,-0.010989189147949219,66
2.101190791989211,0.0,0.0,2.038827896118164,2.4925272464752197,2.3561840057373047,-0.20878982543945312,-0.010989189147949219,66
2.129873708996456,0.0,0.0,2.038827896118164,2.4925272464752197,2.3561840057373047,-0.20878982543945312,-0.010989189147949219,66
2.1300834590219893,0.0,0.0,2.038827896118164,2.4925272464752197,2.3561840057373047,-0.20878982543945312,-0.010989189147949219,66
2.1301305840024725,0.0,0.0,2.038827896118164,2.4925272464752197,2.3561840057373047,-0.20878982543945312,-0.010989189147949219,66
2.1594522920204327,0.0,0.0,2.05010986328125,2.484468698501587,2.3561840057373047,-0.20878982543945312,-0.010989189147949219,66
2.160417209030129,-0.0054931640625,0.0,2.05010986328125,2.484468698501587,2.3561840057373047,-0.20878982543945312,-0.010989189147949219,66
2.1604928339947946,-0.0054931640625,0.0,2.05010986328125,2.484468698501587,2.3561840057373047,-0.1868133544921875,-0.0036630630493164062,66
2.1899114589905366,-0.0054931640625,0.0,2.05010986328125,2.484468698501587,2.3561840057373047,-0.1868133544921875,-0.0036630630493164062,66
2.1904241250013,-0.0054931640625,0.0,2.05010986328125,2.484468698501587,2.3561840057373047,-0.25274658203125,-0.0036630630493164062,66
2.190439541998785,-0.0054931640625,0.0,2.0493037700653076,2.486886501312256,2.3561840057373047,-0.25274658203125,-0.0036630630493164062,66
2.219249208981637,-0.0054931640625,0.0,2.0493037700653076,2.486886501312256,2.3561840057373047,-0.25274658203125,-0.0036630630493164062,66
2.221106500015594,-0.0054931640625,0.0,2.0493037700653076,2.486886501312256,2.3561840057373047,-0.25274658203125,-0.0036630630493164062,66
2.2211262499913573,0.0,0.0,2.0493037700653076,2.486886501312256,2.3561840057373047,-0.25274658203125,-0.0036630630493164062,66
2.2540165000245906,0.0,0.0,2.04769229888916,2.486886501312256,2.3561840057373047,-0.25274658203125,-0.0036630630493164062,66
2.2541287500062026,-0.0054931640625,0.0,2.04769229888916,2.486886501312256,2.3561840057373047,-0.25274658203125,-0.0036630630493164062,66
2.25414058403112,-0.0054931640625,0.0,2.04769229888916,2.486886501312256,2.3561840057373047,-0.09889984130859375,-0.0036630630493164062,66
2.2790109590278007,-0.0054931640625,0.0,2.04769229888916,2.486886501312256,2.3561840057373047,-0.09889984130859375,-0.0036630630493164062,66
2.280309166992083,-0.0054931640625,0.0,2.04769229888916,2.486886501312256,2.3561840057373047,-0.20878982543945312,-0.010989189147949219,66
2.280342958983965,-0.0054931640625,0.0,2.0484981536865234,2.4925272464752197,2.3561840057373047,-0.20878982543945312,-0.010989189147949219,66
2.3139274169807322,-0.0054931640625,0.0,2.0484981536865234,2.4925272464752197,2.3561840057373047,-0.20878982543945312,-0.010989189147949219,66
2.3139470840105787,-0.0054931640625,0.0,2.0484981536865234,2.4925272464752197,2.3561840057373047,-0.20878982543945312,-0.010989189147949219,66
2.3139577499823645,-0.0054931640625,0.0,2.0484981536865234,2.4925272464752197,2.3561840057373047,-0.20878982543945312,-0.010989189147949219,66
2.3402191249770112,-0.0054931640625,0.0,2.0493037700653076,2.4893040657043457,2.3561840057373047,-0.20878982543945312,-0.010989189147949219,66
2.3407852919772267,-0.0054931640625,0.0,2.0493037700653076,2.4893040657043457,2.3561840057373047,-0.20878982543945312,-0.010989189147949219,66
2.3408088340074755,-0.0054931640625,0.0,2.0493037700653076,2.4893040657043457,2.3561840057373047,-0.120880126953125,-0.0036630630493164062,66
2.369424375006929,0.0,0.0,2.0493037700653076,2.4893040657043457,2.3561840057373047,-0.120880126953125,-0.0036630630493164062,66
2.3701001669978723,0.0,0.0,2.0493037700653076,2.4893040657043457,2.3561840057373047,0.120880126953125,-0.0036630630493164062,66
2.3701854170067236,0.0,0.0,2.053333282470703,2.490109920501709,2.3561840057373047,0.120880126953125,-0.0036630630493164062,66
2.4044762090197764,0.0,0.0,2.053333282470703,2.490109920501709,2.3561840057373047,0.120880126953125,-0.0036630630493164062,66
2.404599000001326,0.0,0.0,2.053333282470703,2.490109920501709,2.3561840057373047,0.120880126953125,-0.0036630630493164062,66
2.4079102919786237,-0.0054931640625,0.0,2.053333282470703,2.490109920501709,2.3561840057373047,0.120880126953125,-0.0036630630493164062,66
2.4323973749997094,-0.0054931640625,0.0,2.0493037700653076,2.4909157752990723,2.3561840057373047,0.120880126953125,-0.0036630630493164062,66
2.432520709000528,0.0,0.0,2.0493037700653076,2.4909157752990723,2.3561840057373047,0.120880126953125,-0.0036630630493164062,66
2.4328497090027668,0.0,0.0,2.0493037700653076,2.4909157752990723,2.3561840057373047,-0.07692337036132812,-0.0036630630493164062,66
2.4615195840015076,-0.0054931640625,0.0,2.0493037700653076,2.4909157752990723,2.3561840057373047,-0.07692337036132812,-0.0036630630493164062,66
2.4615951669984497,-0.0054931640625,0.0,2.0493037700653076,2.4909157752990723,2.3561840057373047,-0.010990142822265625,-0.0036630630493164062,66
2.4616050840122625,-0.0054931640625,0.0,2.055750846862793,2.4884979724884033,2.3561840057373047,-0.010990142822265625,-0.0036630630493164062,66
2.491148917004466,-0.0054931640625,0.0,2.055750846862793,2.4884979724884033,2.3561840057373047,-0.010990142822265625,-0.0036630630493164062,66
2.4917911249794997,-0.0054931640625,0.0,2.055750846862793,2.4884979724884033,2.3561840057373047,-0.010990142822265625,-0.0036630630493164062,66
2.4918450840050355,-0.0054931640625,0.0,2.055750846862793,2.4884979724884033,2.3561840057373047,-0.010990142822265625,-0.0036630630493164062,66
2.522779499995522,-0.0054931640625,0.0,2.0484981536865234,2.4917216300964355,2.3561840057373047,-0.010990142822265625,-0.0036630630493164062,66
2.522969292011112,0.0,0.0,2.0484981536865234,2.4917216300964355,2.3561840057373047,-0.010990142822265625,-0.0036630630493164062,66
2.522986874973867,0.0,0.0,2.0484981536865234,2.4917216300964355,2.3561840057373047,0.20878982543945312,-0.0036630630493164062,66
2.549262958986219,-0.0054931640625,0.0,2.0484981536865234,2.4917216300964355,2.3561840057373047,0.20878982543945312,-0.0036630630493164062,66
2.5501289169769734,-0.0054931640625,0.0,2.0484981536865234,2.4917216300964355,2.3561840057373047,0.20878982543945312,-0.0036630630493164062,66
2.550188250024803,-0.0054931640625,0.0,2.0484981536865234,2.4852747917175293,2.3561840057373047,0.20878982543945312,-0.0036630630493164062,66
2.5802487920154817,-0.0054931640625,0.0,2.0484981536865234,2.4852747917175293,2.3561840057373047,0.14285659790039062,-0.0036630630493164062,66
2.5818960840115324,-0.0054931640625,0.0,2.0460805892944336,2.495750904083252,2.3561840057373047,0.14285659790039062,-0.0036630630493164062,66
2.581934124988038,-0.0054931640625,0.0,2.0460805892944336,2.495750904083252,2.3561840057373047,0.14285659790039062,-0.0036630630493164062,66
2.6118506669881754,-0.0054931640625,0.0,2.0541391372680664,2.4852747917175293,2.3561840057373047,0.14285659790039062,-0.0036630630493164062,66
2.612044124980457,-0.0054931640625,0.0,2.0541391372680664,2.4852747917175293,2.3561840057373047,0.14285659790039062,-0.0036630630493164062,66
2.6120619589928538,-0.0054931640625,0.0,2.0541391372680664,2.4852747917175293,2.3561840057373047,-0.1868133544921875,-0.010989189147949219,66
2.639838624978438,0.0,0.0,2.0541391372680664,2.4852747917175293,2.3561840057373047,-0.1868133544921875,-0.010989189147949219,66
2.7000631249975413,0.0,0.0,2.0541391372680664,2.4852747917175293,2.3561840057373047,-0.07692337036132812,-0.0036630630493164062,66
2.703480334021151,0.0,0.0,2.0493037700653076,2.4909157752990723,2.3561840057373047,-0.07692337036132812,-0.0036630630493164062,66
2.7039005840197206,0.0,0.0,2.0493037700653076,2.4909157752990723,2.3561840057373047,-0.07692337036132812,-0.0036630630493164062,66
2.703916375001427,0.0,0.0,2.0493037700653076,2.4909157752990723,2.3561840057373047,-0.07692337036132812,-0.0036630630493164062,66
2.7308478340273723,0.0,0.0,2.0573625564575195,2.4925272464752197,2.3561840057373047,-0.07692337036132812,-0.0036630630493164062,66
2.7312033339985646,-0.0054931640625,0.0,2.0573625564575195,2.4925272464752197,2.3561840057373047,-0.07692337036132812,-0.0036630630493164062,66
2.73181291698711,-0.0054931640625,0.0,2.0573625564575195,2.4925272464752197,2.3561840057373047,0.1868133544921875,-0.0036630630493164062,66
2.7636641249991953,-0.0054931640625,0.0,2.0573625564575195,2.4925272464752197,2.3561840057373047,0.1868133544921875,-0.0036630630493164062,66
2.7638892920222133,-0.0054931640625,0.0,2.0573625564575195,2.4925272464752197,2.3561840057373047,0.20878982543945312,-0.0036630630493164062,66
2.7640242089983076,-0.0054931640625,0.0,2.078315019607544,2.4836628437042236,2.3561840057373047,0.20878982543945312,-0.0036630630493164062,66
2.7919822499970905,-0.0054931640625,0.0,2.078315019607544,2.4836628437042236,2.3561840057373047,0.20878982543945312,-0.0036630630493164062,66
2.7920042499899864,-0.0054931640625,0.0,2.078315019607544,2.4836628437042236,2.3561840057373047,0.20878982543945312,-0.0036630630493164062,66
2.7920327920001,-0.0054931640625,0.0,2.078315019607544,2.4836628437042236,2.3561840057373047,0.20878982543945312,-0.0036630630493164062,66
2.8645967500051484,-0.0054931640625,0.0,2.0541391372680664,2.490109920501709,2.3561840057373047,0.20878982543945312,-0.0036630630493164062,66
2.8646397499833256,-0.0054931640625,0.0,2.0541391372680664,2.490109920501709,2.3561840057373047,0.20878982543945312,-0.0036630630493164062,66
2.864663959015161,-0.0054931640625,0.0,2.0541391372680664,2.490109920501709,2.3561840057373047,-0.16483688354492188,-0.0036630630493164062,66
2.8646842089947313,0.0,0.0,2.0541391372680664,2.490109920501709,2.3561840057373047,-0.16483688354492188,-0.0036630630493164062,66
2.8647036670008674,0.0,0.0,2.0541391372680664,2.490109920501709,2.3561840057373047,0.03296661376953125,-0.010989189147949219,66
2.8647214170196094,0.0,0.0,2.0565567016601562,2.4893040657043457,2.3561840057373047,0.03296661376953125,-0.010989189147949219,66
2.881578749977052,0.0,0.0,2.0565567016601562,2.4893040657043457,2.3561840057373047,0.03296661376953125,-0.010989189147949219,66
2.881620791973546,0.0,0.0,2.0565567016601562,2.4893040657043457,2.3561840057373047,0.03296661376953125,-0.010989189147949219,66
2.8816432090243325,-0.0054931640625,0.0,2.0565567016601562,2.4893040657043457,2.3561840057373047,0.03296661376953125,-0.010989189147949219,66
2.909676874987781,-0.0054931640625,0.0,2.053333282470703,2.4884979724884033,2.3561840057373047,0.03296661376953125,-0.010989189147949219,66
2.913567667012103,-0.0054931640625,0.0,2.053333282470703,2.4884979724884033,2.3561840057373047,0.03296661376953125,-0.010989189147949219,66
2.9140613750205375,-0.0054931640625,0.0,2.053333282470703,2.4884979724884033,2.3561840057373047,-0.010990142822265625,-0.01831531524658203,66
2.9409373340313323,-0.0054931640625,0.0,2.053333282470703,2.4884979724884033,2.3561840057373047,-0.010990142822265625,-0.01831531524658203,66
2.940976416983176,-0.0054931640625,0.0,2.053333282470703,2.4884979724884033,2.3561840057373047,0.07692337036132812,-0.010989189147949219,66
2.943373000016436,-0.0054931640625,0.0,2.053333282470703,2.4884979724884033,2.3561840057373047,0.07692337036132812,-0.010989189147949219,66
2.9692141669802368,-0.0054931640625,0.0,2.053333282470703,2.4884979724884033,2.3561840057373047,0.07692337036132812,-0.010989189147949219,66
2.970292625017464,-0.0054931640625,0.0,2.053333282470703,2.4884979724884033,2.3561840057373047,0.07692337036132812,-0.010989189147949219,66
2.9703861250309274,-0.0054931640625,0.0,2.053333282470703,2.4884979724884033,2.3561840057373047,0.07692337036132812,-0.010989189147949219,66
2.9988681669929065,0.0,0.0,2.053333282470703,2.4884979724884033,2.3561840057373047,0.07692337036132812,-0.010989189147949219,66
3.000152042019181,0.0,0.0,2.053333282470703,2.4884979724884033,2.3561840057373047,0.0549468994140625,-0.010989189147949219,66
3.0002109999768436,0.0,0.0,2.053333282470703,2.4884979724884033,2.3561840057373047,0.0549468994140625,-0.010989189147949219,66
3.029079667001497,0.0,0.0,2.053333282470703,2.4884979724884033,2.3561840057373047,0.0549468994140625,-0.010989189147949219,66
3.0309772500186227,0.0,0.0,2.053333282470703,2.4884979724884033,2.3561840057373047,0.0549468994140625,-0.010989189147949219,66
3.0309943340253085,-0.0054931640625,0.0,2.053333282470703,2.4884979724884033,2.3561840057373047,0.0549468994140625,-0.010989189147949219,66
3.0595321669825353,-0.0054931640625,0.0,2.0573625564575195,2.48769211769104,2.3561840057373047,0.0549468994140625,-0.010989189147949219,66
3.060572083981242,-0.0054931640625,0.0,2.0573625564575195,2.48769211769104,2.3561840057373047,0.0549468994140625,-0.010989189147949219,66
3.060591834015213,-0.0054931640625,0.0,2.0573625564575195,2.48769211769104,2.3561840057373047,-0.120880126953125,-0.0036630630493164062,66
3.0919167500105686,0.0,0.0,2.0573625564575195,2.48769211769104,2.3561840057373047,-0.120880126953125,-0.0036630630493164062,66
3.0920543340034783,0.0,0.0,2.0573625564575195,2.48769211769104,2.3561840057373047,0.07692337036132812,-0.01831531524658203,66
3.121817209001165,0.0,0.0,2.0573625564575195,2.48769211769104,2.3561840057373047,0.07692337036132812,-0.01831531524658203,66
3.1219540840247646,0.0,0.0,2.0573625564575195,2.48769211769104,2.3561840057373047,0.1868133544921875,-0.0036630630493164062,66
3.1223659589886665,0.0,0.0,2.05252742767334,2.4925272464752197,2.3561840057373047,0.1868133544921875,-0.0036630630493164062,66
3.150529084028676,0.0,0.0,2.05252742767334,2.4925272464752197,2.3561840057373047,0.1868133544921875,-0.0036630630493164062,66
3.1509618340060115,0.0,0.0,2.05252742767334,2.4925272464752197,2.3561840057373047,0.1868133544921875,-0.0036630630493164062,66
3.1510765840066597,-0.0054931640625,0.0,2.05252742767334,2.4925272464752197,2.3561840057373047,0.1868133544921875,-0.0036630630493164062,66
3.1802474170108326,-0.0054931640625,0.0,2.061391830444336,2.490109920501709,2.3561840057373047,0.1868133544921875,-0.0036630630493164062,66
3.183380834001582,0.0,0.0,2.061391830444336,2.490109920501709,2.3561840057373047,0.1868133544921875,-0.0036630630493164062,66
3.1833992499741726,0.0,0.0,2.061391830444336,2.490109920501709,2.3561840057373047,-0.14285659790039062,-0.0036630630493164062,66
3.210854541976005,-0.0054931640625,0.0,2.061391830444336,2.490109920501709,2.3561840057373047,-0.14285659790039062,-0.0036630630493164062,66
3.210928499989677,-0.0054931640625,0.0,2.061391830444336,2.490109920501709,2.3561840057373047,0.0549468994140625,-0.0036630630493164062,66
3.210982625023462,-0.0054931640625,0.0,2.0484981536865234,2.4893040657043457,2.3561840057373047,0.0549468994140625,-0.0036630630493164062,66
3.239762792014517,-0.0054931640625,0.0,2.0484981536865234,2.4893040657043457,2.3561840057373047,0.0549468994140625,-0.0036630630493164062,66
3.2412607920123264,-0.0054931640625,0.0,2.0428571701049805,2.4941391944885254,2.3561840057373047,0.0549468994140625,-0.0036630630493164062,66
3.2413340419880114,0.0,0.0,2.0428571701049805,2.4941391944885254,2.3561840057373047,0.0549468994140625,-0.0036630630493164062,66
3.2710115420049988,0.0,0.0,2.0509157180786133,2.486886501312256,2.3561840057373047,0.0549468994140625,-0.0036630630493164062,66
3.271052625030279,-0.0054931640625,0.0,2.0509157180786133,2.486886501312256,2.3561840057373047,0.0549468994140625,-0.0036630630493164062,66
3.271183167002164,-0.0054931640625,0.0,2.0509157180786133,2.486886501312256,2.3561840057373047,0.23077011108398438,-0.010989189147949219,66
3.301562708977144,0.0,0.0,2.0509157180786133,2.486886501312256,2.3561840057373047,0.23077011108398438,-0.010989189147949219,66
3.3016614170046523,0.0,0.0,2.0509157180786133,2.486886501312256,2.3561840057373047,-0.14285659790039062,-0.0036630630493164062,66
3.3016779589815997,0.0,0.0,2.0573625564575195,2.4860806465148926,2.3561840057373047,-0.14285659790039062,-0.0036630630493164062,66
3.3307730840169825,0.0,0.0,2.0573625564575195,2.4860806465148926,2.3561840057373047,-0.14285659790039062,-0.0036630630493164062,66
3.3309510839753784,0.0,0.0,2.0573625564575195,2.4860806465148926,2.3561840057373047,-0.14285659790039062,-0.0036630630493164062,66
3.330965749977622,0.0,0.0,2.0573625564575195,2.4860806465148926,2.3561840057373047,-0.14285659790039062,-0.0036630630493164062,66
3.3624022920266725,0.0,0.0,2.05252742767334,2.4893040657043457,2.3561840057373047,-0.14285659790039062,-0.0036630630493164062,66
3.3624273340101354,-0.0054931640625,0.0,2.05252742767334,2.4893040657043457,2.3561840057373047,-0.14285659790039062,-0.0036630630493164062,66
3.363233499985654,-0.0054931640625,0.0,2.05252742767334,2.4893040657043457,2.3561840057373047,-0.0549468994140625,-0.0036630630493164062,66
3.388923624996096,0.0,0.0,2.05252742767334,2.4893040657043457,2.3561840057373047,-0.0549468994140625,-0.0036630630493164062,66
3.390378625015728,0.0,0.0,2.05252742767334,2.4893040657043457,2.3561840057373047,0.0549468994140625,-0.010989189147949219,66
3.390428584010806,0.0,0.0,2.046886444091797,2.48769211769104,2.3561840057373047,0.0549468994140625,-0.010989189147949219,66
3.419174542010296,0.0,0.0,2.046886444091797,2.48769211769104,2.3561840057373047,0.0549468994140625,-0.010989189147949219,66
3.420461209025234,0.0,0.0,2.046886444091797,2.48769211769104,2.3561840057373047,0.0549468994140625,-0.010989189147949219,66
3.420533541997429,-0.0054931640625,0.0,2.046886444091797,2.48769211769104,2.3561840057373047,0.0549468994140625,-0.010989189147949219,66
3.4507037500152364,-0.0054931640625,0.0,2.0517215728759766,2.486886501312256,2.3561840057373047,0.0549468994140625,-0.010989189147949219,66
3.4507182500092313,-0.0054931640625,0.0,2.0517215728759766,2.486886501312256,2.3561840057373047,0.0549468994140625,-0.010989189147949219,66
3.451961416983977,-0.0054931640625,0.0,2.0517215728759766,2.486886501312256,2.3561840057373047,0.25274658203125,-0.0036630630493164062,66
3.4796455000177957,-0.0054931640625,0.0,2.0517215728759766,2.486886501312256,2.3561840057373047,0.25274658203125,-0.0036630630493164062,66
3.4807656250195578,-0.0054931640625,0.0,2.0517215728759766,2.486886501312256,2.3561840057373047,0.03296661376953125,-0.010989189147949219,66
3.480825749982614,-0.0054931640625,0.0,2.064615249633789,2.4772162437438965,2.3561840057373047,0.03296661376953125,-0.010989189147949219,66
3.509069667023141,-0.0054931640625,0.0,2.064615249633789,2.4772162437438965,2.3561840057373047,0.03296661376953125,-0.010989189147949219,66
3.510329417011235,-0.0054931640625,0.0,2.064615249633789,2.4772162437438965,2.3561840057373047,0.03296661376953125,-0.010989189147949219,66
3.510393792006653,0.0,0.0,2.064615249633789,2.4772162437438965,2.3561840057373047,0.03296661376953125,-0.010989189147949219,66
3.542064459004905,0.0,0.0,2.0573625564575195,2.490109920501709,2.3561840057373047,0.03296661376953125,-0.010989189147949219,66
3.542100374994334,0.0,0.0,2.0573625564575195,2.490109920501709,2.3561840057373047,0.03296661376953125,-0.010989189147949219,66
3.542229624988977,0.0,0.0,2.0573625564575195,2.490109920501709,2.3561840057373047,-0.0549468994140625,-0.010989189147949219,66
3.569615625019651,-0.0054931640625,0.0,2.0573625564575195,2.490109920501709,2.3561840057373047,-0.0549468994140625,-0.010989189147949219,66
3.5709001250215806,-0.0054931640625,0.0,2.0573625564575195,2.490109920501709,2.3561840057373047,-0.16483688354492188,-0.0036630630493164062,66
3.5717837500269525,-0.0054931640625,0.0,2.053333282470703,2.4860806465148926,2.3561840057373047,-0.16483688354492188,-0.0036630630493164062,66
3.599461708974559,-0.0054931640625,0.0,2.053333282470703,2.4860806465148926,2.3561840057373047,-0.16483688354492188,-0.0036630630493164062,66
3.6004947089822963,-0.0054931640625,0.0,2.053333282470703,2.4860806465148926,2.3561840057373047,-0.16483688354492188,-0.0036630630493164062,66
3.600551709008869,-0.0054931640625,0.0,2.053333282470703,2.4860806465148926,2.3561840057373047,0.07692337036132812,-0.0036630630493164062,66
3.6289957920089364,0.0,0.0,2.053333282470703,2.4860806465148926,2.3561840057373047,0.07692337036132812,-0.0036630630493164062,66
3.630495916993823,0.0,0.0,2.053333282470703,2.4860806465148926,2.3561840057373047,0.09889984130859375,-0.0036630630493164062,66
3.6305464999750257,0.0,0.0,2.041245222091675,2.482051372528076,2.3561840057373047,0.09889984130859375,-0.0036630630493164062,66
3.6603287089965306,0.0,0.0,2.041245222091675,2.482051372528076,2.3561840057373047,0.09889984130859375,-0.0036630630493164062,66
3.661767209006939,0.0,0.0,2.041245222091675,2.482051372528076,2.3561840057373047,0.09889984130859375,-0.0036630630493164062,66
3.6617851670016535,0.0,0.0,2.041245222091675,2.482051372528076,2.3561840057373047,0.09889984130859375,-0.0036630630493164062,66
3.6897550839930773,0.0,0.0,2.046886444091797,2.4884979724884033,2.3561840057373047,0.09889984130859375,-0.0036630630493164062,66
3.6906852499814704,0.0,0.0,2.046886444091797,2.4884979724884033,2.3561840057373047,0.09889984130859375,-0.0036630630493164062,66
3.6907473339815624,0.0,0.0,2.046886444091797,2.4884979724884033,2.3561840057373047,0.3186798095703125,-0.01831531524658203,66
3.719813834002707,-0.0054931640625,0.0,2.046886444091797,2.4884979724884033,2.3561840057373047,0.3186798095703125,-0.01831531524658203,66
3.7216030840063468,-0.0054931640625,0.0,2.046886444091797,2.4884979724884033,2.3561840057373047,0.09889984130859375,-0.0036630630493164062,66
3.721679750015028,-0.0054931640625,0.0,2.05252742767334,2.490109920501709,2.3561840057373047,0.09889984130859375,-0.0036630630493164062,66
3.749817209027242,-0.0054931640625,0.0,2.05252742767334,2.490109920501709,2.3561840057373047,0.09889984130859375,-0.0036630630493164062,66
3.7512119589955546,-0.0054931640625,0.0,2.05252742767334,2.490109920501709,2.3561840057373047,0.09889984130859375,-0.0036630630493164062,66
3.7513167500146665,0.0,0.0,2.05252742767334,2.490109920501709,2.3561840057373047,0.09889984130859375,-0.0036630630493164062,66
3.7826309999800287,0.0,0.0,2.0509157180786133,2.4893040657043457,2.3561840057373047,0.09889984130859375,-0.0036630630493164062,66
3.782646499981638,-0.0054931640625,0.0,2.0509157180786133,2.4893040657043457,2.3561840057373047,0.09889984130859375,-0.0036630630493164062,66
3.7826634169905446,-0.0054931640625,0.0,2.0509157180786133,2.4893040657043457,2.3561840057373047,-0.20878982543945312,-0.010989189147949219,66
3.8111470420262776,-0.0054931640625,0.0,2.0509157180786133,2.4893040657043457,2.3561840057373047,-0.20878982543945312,-0.010989189147949219,66
3.8112476670066826,-0.0054931640625,0.0,2.0509157180786133,2.4893040657043457,2.3561840057373047,-0.010990142822265625,-0.010989189147949219,66
3.8112651249975897,-0.0054931640625,0.0,2.0493037700653076,2.486886501312256,2.3561840057373047,-0.010990142822265625,-0.010989189147949219,66
3.8395209169830196,-0.0054931640625,0.0,2.0493037700653076,2.486886501312256,2.3561840057373047,-0.010990142822265625,-0.010989189147949219,66
3.841263499984052,-0.0054931640625,0.0,2.0493037700653076,2.486886501312256,2.3561840057373047,-0.010990142822265625,-0.010989189147949219,66
3.8413122500060126,0.0,0.0,2.0493037700653076,2.486886501312256,2.3561840057373047,-0.010990142822265625,-0.010989189147949219,66
3.86978462501429,0.0,0.0,2.0565567016601562,2.48769211769104,2.3561840057373047,-0.010990142822265625,-0.010989189147949219,66
3.8711163750267588,0.0,0.0,2.0565567016601562,2.48769211769104,2.3561840057373047,-0.010990142822265625,-0.010989189147949219,66
3.871308791975025,0.0,0.0,2.0565567016601562,2.48769211769104,2.3561840057373047,-0.03296661376953125,-0.0036630630493164062,66
3.899754917016253,-0.0054931640625,0.0,2.0565567016601562,2.48769211769104,2.3561840057373047,-0.03296661376953125,-0.0036630630493164062,66
3.9019570000236854,-0.0054931640625,0.0,2.0565567016601562,2.48769211769104,2.3561840057373047,-0.16483688354492188,-0.01831531524658203,66
3.9020166670088656,-0.0054931640625,0.0,2.053333282470703,2.4909157752990723,2.3561840057373047,-0.16483688354492188,-0.01831531524658203,66
3.929581791977398,-0.0054931640625,0.0,2.053333282470703,2.4909157752990723,2.3561840057373047,-0.16483688354492188,-0.01831531524658203,66
3.930817209009547,-0.0054931640625,0.0,2.053333282470703,2.4909157752990723,2.3561840057373047,-0.16483688354492188,-0.01831531524658203,66
3.930892459000461,-0.0054931640625,0.0,2.053333282470703,2.4909157752990723,2.3561840057373047,-0.16483688354492188,-0.01831531524658203,66
3.960116709000431,-0.0054931640625,0.0,2.053333282470703,2.4860806465148926,2.3561840057373047,-0.16483688354492188,-0.01831531524658203,66
3.9617707090219483,-0.0054931640625,0.0,2.053333282470703,2.4860806465148926,2.3561840057373047,-0.16483688354492188,-0.01831531524658203,66
3.9621632089838386,-0.0054931640625,0.0,2.053333282470703,2.4860806465148926,2.3561840057373047,0.0549468994140625,-0.0036630630493164062,66
3.9921618750086054,-0.0054931640625,0.0,2.053333282470703,2.4860806465148926,2.3561840057373047,0.0549468994140625,-0.0036630630493164062,66
3.992555500008166,-0.0054931640625,0.0,2.053333282470703,2.4860806465148926,2.3561840057373047,-0.0549468994140625,-0.0036630630493164062,66
3.993157416989561,-0.0054931640625,0.0,2.04769229888916,2.4917216300964355,2.3561840057373047,-0.0549468994140625,-0.0036630630493164062,66
4.019586167007219,-0.0054931640625,0.0,2.04769229888916,2.4917216300964355,2.3561840057373047,-0.0549468994140625,-0.0036630630493164062,66
4.02138108399231,-0.0054931640625,0.0,2.04769229888916,2.4917216300964355,2.3561840057373047,-0.0549468994140625,-0.0036630630493164062,66
4.0214394590002485,-0.0054931640625,0.0,2.04769229888916,2.4917216300964355,2.3561840057373047,-0.0549468994140625,-0.0036630630493164062,66
4.051128834020346,-0.0054931640625,0.0,2.0517215728759766,2.4917216300964355,2.3561840057373047,-0.0549468994140625,-0.0036630630493164062,66
4.051212374994066,-0.0054931640625,0.0,2.0517215728759766,2.4917216300964355,2.3561840057373047,-0.0549468994140625,-0.0036630630493164062,66
4.0546870839898475,-0.0054931640625,0.0,2.0517215728759766,2.4917216300964355,2.3561840057373047,0.010990142822265625,-0.010989189147949219,66
4.08203308400698,-0.0054931640625,0.0,2.0517215728759766,2.4917216300964355,2.3561840057373047,0.010990142822265625,-0.010989189147949219,66
4.082178791984916,-0.0054931640625,0.0,2.0517215728759766,2.4917216300964355,2.3561840057373047,0.010990142822265625,-0.010989189147949219,66
4.082198542018887,-0.0054931640625,0.0,2.0509157180786133,2.4884979724884033,2.3561840057373047,0.010990142822265625,-0.010989189147949219,66
4.109728167008143,-0.0054931640625,0.0,2.0509157180786133,2.4884979724884033,2.3561840057373047,0.010990142822265625,-0.010989189147949219,66
4.110780709015671,-0.0054931640625,0.0,2.0509157180786133,2.4884979724884033,2.3561840057373047,0.010990142822265625,-0.010989189147949219,66
4.110869708994869,-0.0054931640625,0.0,2.0509157180786133,2.4884979724884033,2.3561840057373047,0.010990142822265625,-0.010989189147949219,66
4.139667583978735,-0.0054931640625,0.0,2.0549449920654297,2.4852747917175293,2.3561840057373047,0.010990142822265625,-0.010989189147949219,66
4.141577625006903,-0.0054931640625,0.0,2.0549449920654297,2.4852747917175293,2.3561840057373047,0.010990142822265625,-0.010989189147949219,66
4.14166370901512,-0.0054931640625,0.0,2.0549449920654297,2.4852747917175293,2.3561840057373047,-0.14285659790039062,-0.0036630630493164062,66
4.170983208983671,-0.0054931640625,0.0,2.0549449920654297,2.4852747917175293,2.3561840057373047,-0.14285659790039062,-0.0036630630493164062,66
4.171455083996989,-0.0054931640625,0.0,2.0549449920654297,2.4852747917175293,2.3561840057373047,-0.120880126953125,-0.01831531524658203,66
4.171469749999233,-0.0054931640625,0.0,2.0549449920654297,2.486886501312256,2.3561840057373047,-0.120880126953125,-0.01831531524658203,66
4.199798833986279,-0.0054931640625,0.0,2.0549449920654297,2.486886501312256,2.3561840057373047,-0.120880126953125,-0.01831531524658203,66
4.203056542028207,-0.0054931640625,0.0,2.0549449920654297,2.486886501312256,2.3561840057373047,-0.120880126953125,-0.01831531524658203,66
4.20318066701293,-0.0054931640625,0.0,2.0549449920654297,2.486886501312256,2.3561840057373047,-0.120880126953125,-0.01831531524658203,66
4.231548667012248,-0.0054931640625,0.0,2.067838668823242,2.481245517730713,2.3561840057373047,-0.120880126953125,-0.01831531524658203,66
4.23156895901775,-0.0054931640625,0.0,2.067838668823242,2.481245517730713,2.3561840057373047,-0.120880126953125,-0.01831531524658203,66
4.23157970898319,-0.0054931640625,0.0,2.067838668823242,2.481245517730713,2.3561840057373047,-0.07692337036132812,-0.0036630630493164062,66
4.267668291984592,-0.0054931640625,0.0,2.067838668823242,2.481245517730713,2.3561840057373047,-0.07692337036132812,-0.0036630630493164062,66
4.275347583985422,-0.0054931640625,0.0,2.067838668823242,2.481245517730713,2.3561840057373047,0.14285659790039062,-0.010989189147949219,66
4.275751666980796,-0.0054931640625,0.0,2.044468879699707,2.498974323272705,2.3561840057373047,0.14285659790039062,-0.010989189147949219,66
4.290865292015951,-0.0054931640625,0.0,2.044468879699707,2.498974323272705,2.3561840057373047,0.14285659790039062,-0.010989189147949219,66
4.292091584007721,-0.0054931640625,0.0,2.044468879699707,2.498974323272705,2.3561840057373047,0.14285659790039062,-0.010989189147949219,66
4.294677084020805,0.0,0.0,2.044468879699707,2.498974323272705,2.3561840057373047,0.14285659790039062,-0.010989189147949219,66
4.32033199997386,0.0,0.0,2.0517215728759766,2.4925272464752197,2.3561840057373047,0.14285659790039062,-0.010989189147949219,66
4.32372258399846,-0.0054931640625,0.0,2.0517215728759766,2.4925272464752197,2.3561840057373047,0.14285659790039062,-0.010989189147949219,66
4.3237443750258535,-0.0054931640625,0.0,2.0517215728759766,2.4925272464752197,2.3561840057373047,0.2967033386230469,-0.010989189147949219,66
4.35031229199376,0.0,0.0,2.0517215728759766,2.4925272464752197,2.3561840057373047,0.2967033386230469,-0.010989189147949219,66
4.350659166986588,0.0,0.0,2.0517215728759766,2.4925272464752197,2.3561840057373047,-0.010990142822265625,-0.010989189147949219,66
4.350730667007156,0.0,0.0,2.05252742767334,2.495750904083252,2.3561840057373047,-0.010990142822265625,-0.010989189147949219,66
4.410260666976683,0.0,0.0,2.05252742767334,2.495750904083252,2.3561840057373047,-0.010990142822265625,-0.010989189147949219,66
4.411844042013399,0.0,0.0,2.05252742767334,2.495750904083252,2.3561840057373047,-0.010990142822265625,-0.010989189147949219,66
4.41187983402051,-0.0054931640625,0.0,2.05252742767334,2.495750904083252,2.3561840057373047,-0.010990142822265625,-0.010989189147949219,66
4.411977458978072,-0.0054931640625,0.0,2.046886444091797,2.4925272464752197,2.3561840057373047,-0.010990142822265625,-0.010989189147949219,66
4.439779750013258,-0.0054931640625,0.0,2.046886444091797,2.4925272464752197,2.3561840057373047,-0.07692337036132812,-0.010989189147949219,66
4.441506500006653,-0.0054931640625,0.0,2.0541391372680664,2.4909157752990723,2.3561840057373047,-0.07692337036132812,-0.010989189147949219,66
4.441555417026393,0.0,0.0,2.0541391372680664,2.4909157752990723,2.3561840057373047,-0.07692337036132812,-0.010989189147949219,66
4.472976375021972,0.0,0.0,2.0541391372680664,2.48769211769104,2.3561840057373047,-0.07692337036132812,-0.010989189147949219,66
4.473379334027413,-0.0054931640625,0.0,2.0541391372680664,2.48769211769104,2.3561840057373047,-0.07692337036132812,-0.010989189147949219,66
4.473669458995573,-0.0054931640625,0.0,2.0541391372680664,2.48769211769104,2.3561840057373047,0.03296661376953125,-0.0036630630493164062,66
4.50238249998074,-0.0054931640625,0.0,2.0541391372680664,2.48769211769104,2.3561840057373047,0.03296661376953125,-0.0036630630493164062,66
4.5025976250180975,-0.0054931640625,0.0,2.0541391372680664,2.48769211769104,2.3561840057373047,0.40659332275390625,-0.0036630630493164062,66
4.503402124973945,-0.0054931640625,0.0,2.053333282470703,2.4909157752990723,2.3561840057373047,0.40659332275390625,-0.0036630630493164062,66
4.529976458987221,-0.0054931640625,0.0,2.053333282470703,2.4909157752990723,2.3561840057373047,0.40659332275390625,-0.0036630630493164062,66
4.531546083977446,-0.0054931640625,0.0,2.053333282470703,2.4909157752990723,2.3561840057373047,0.40659332275390625,-0.0036630630493164062,66
4.531622875016183,-0.0054931640625,0.0,2.053333282470703,2.4909157752990723,2.3561840057373047,0.40659332275390625,-0.0036630630493164062,66
4.559558458975516,-0.0054931640625,0.0,2.0517215728759766,2.4893040657043457,2.3561840057373047,0.40659332275390625,-0.0036630630493164062,66
4.561408958979882,-0.0054931640625,0.0,2.0517215728759766,2.4893040657043457,2.3561840057373047,0.40659332275390625,-0.0036630630493164062,66
4.5614286250201985,-0.0054931640625,0.0,2.0517215728759766,2.4893040657043457,2.3561840057373047,-0.120880126953125,-0.0036630630493164062,66
4.5923670420306735,-0.0054931640625,0.0,2.0517215728759766,2.4893040657043457,2.3561840057373047,-0.120880126953125,-0.0036630630493164062,66
4.593353042029776,-0.0054931640625,0.0,2.0517215728759766,2.4893040657043457,2.3561840057373047,-0.010990142822265625,-0.010989189147949219,66
4.593371167022269,-0.0054931640625,0.0,2.0742857456207275,2.498974323272705,2.3561840057373047,-0.010990142822265625,-0.010989189147949219,66
4.619328750006389,-0.0054931640625,0.0,2.0742857456207275,2.498974323272705,2.3561840057373047,-0.010990142822265625,-0.010989189147949219,66
4.620213333982974,-0.0054931640625,0.0,2.0742857456207275,2.498974323272705,2.3561840057373047,-0.010990142822265625,-0.010989189147949219,66
4.6202294590184465,0.0,0.0,2.0742857456207275,2.498974323272705,2.3561840057373047,-0.010990142822265625,-0.010989189147949219,66
4.6495910420198925,0.0,0.0,2.05010986328125,2.4860806465148926,2.3561840057373047,-0.010990142822265625,-0.010989189147949219,66
4.65118733397685,-0.0054931640625,0.0,2.05010986328125,2.4860806465148926,2.3561840057373047,-0.010990142822265625,-0.010989189147949219,66
4.651238041988108,-0.0054931640625,0.0,2.05010986328125,2.4860806465148926,2.3561840057373047,-0.20878982543945312,-0.010989189147949219,66
4.680578792002052,-0.0054931640625,0.0,2.05010986328125,2.4860806465148926,2.3561840057373047,-0.20878982543945312,-0.010989189147949219,66
4.681735375022981,-0.0054931640625,0.0,2.05010986328125,2.4860806465148926,2.3561840057373047,0.25274658203125,-0.0036630630493164062,66
4.681749166978989,-0.0054931640625,0.0,2.05252742767334,2.486886501312256,2.3561840057373047,0.25274658203125,-0.0036630630493164062,66
4.710639625031035,-0.0054931640625,0.0,2.05252742767334,2.486886501312256,2.3561840057373047,0.25274658203125,-0.0036630630493164062,66
4.712062958977185,-0.0054931640625,0.0,2.05252742767334,2.486886501312256,2.3561840057373047,0.25274658203125,-0.0036630630493164062,66
4.712081625009887,-0.0054931640625,0.0,2.05252742767334,2.486886501312256,2.3561840057373047,-0.1868133544921875,-0.0036630630493164062,66
4.74426729202969,0.0,0.0,2.05252742767334,2.486886501312256,2.3561840057373047,-0.1868133544921875,-0.0036630630493164062,66
4.7445001670275815,0.0,0.0,2.05252742767334,2.486886501312256,2.3561840057373047,-0.07692337036132812,-0.0036630630493164062,66
4.744513667013962,0.0,0.0,2.053333282470703,2.4893040657043457,2.3561840057373047,-0.07692337036132812,-0.0036630630493164062,66
4.769681583973579,0.0,0.0,2.053333282470703,2.4893040657043457,2.3561840057373047,-0.07692337036132812,-0.0036630630493164062,66
4.771588083996903,0.0,0.0,2.053333282470703,2.4893040657043457,2.3561840057373047,-0.07692337036132812,-0.0036630630493164062,66
4.7716611250070855,0.0,0.0,2.053333282470703,2.4893040657043457,2.3561840057373047,-0.07692337036132812,-0.0036630630493164062,66
4.799320583988447,0.0,0.0,2.0436630249023438,2.4925272464752197,2.3561840057373047,-0.07692337036132812,-0.0036630630493164062,66
4.802112000004854,0.0,0.0,2.0436630249023438,2.4925272464752197,2.3561840057373047,-0.07692337036132812,-0.0036630630493164062,66
4.8024485419737175,0.0,0.0,2.0436630249023438,2.4925272464752197,2.3561840057373047,0.07692337036132812,-0.01831531524658203,66
4.8291084169759415,-0.0054931640625,0.0,2.0436630249023438,2.4925272464752197,2.3561840057373047,0.07692337036132812,-0.01831531524658203,66
4.830101417028345,-0.0054931640625,0.0,2.0436630249023438,2.4925272464752197,2.3561840057373047,0.010990142822265625,-0.0036630630493164062,66
4.83014912501676,-0.0054931640625,0.0,2.05252742767334,2.484468698501587,2.3561840057373047,0.010990142822265625,-0.0036630630493164062,66
4.859901542018633,-0.0054931640625,0.0,2.05252742767334,2.484468698501587,2.3561840057373047,0.010990142822265625,-0.0036630630493164062,66
4.861598042014521,-0.0054931640625,0.0,2.05252742767334,2.484468698501587,2.3561840057373047,0.010990142822265625,-0.0036630630493164062,66
4.861648958991282,-0.0054931640625,0.0,2.05252742767334,2.484468698501587,2.3561840057373047,0.010990142822265625,-0.0036630630493164062,66
4.92251624999335,-0.0054931640625,0.0,2.0517215728759766,2.4893040657043457,2.3561840057373047,0.010990142822265625,-0.0036630630493164062,66
4.922771084005944,0.0,0.0,2.0517215728759766,2.4893040657043457,2.3561840057373047,0.010990142822265625,-0.0036630630493164062,66
4.922786374983843,0.0,0.0,2.0517215728759766,2.4893040657043457,2.3561840057373047,-0.23077011108398438,-0.010989189147949219,66
4.922797125007492,-0.0054931640625,0.0,2.0517215728759766,2.4893040657043457,2.3561840057373047,-0.23077011108398438,-0.010989189147949219,66
4.949952750001103,-0.0054931640625,0.0,2.0597801208496094,2.4909157752990723,2.3561840057373047,-0.23077011108398438,-0.010989189147949219,66
4.951450792024843,-0.0054931640625,0.0,2.0597801208496094,2.4909157752990723,2.3561840057373047,-0.23077011108398438,-0.010989189147949219,66
4.951507334015332,-0.0054931640625,0.0,2.0597801208496094,2.4909157752990723,2.3561840057373047,-0.03296661376953125,-0.010989189147949219,66
4.981869250012096,-0.0054931640625,0.0,2.0597801208496094,2.4909157752990723,2.3561840057373047,-0.03296661376953125,-0.010989189147949219,66
4.981984958983958,-0.0054931640625,0.0,2.0597801208496094,2.4909157752990723,2.3561840057373047,-0.03296661376953125,-0.0036630630493164062,66
4.9819996249862015,-0.0054931640625,0.0,2.0428571701049805,2.493333339691162,2.3561840057373047,-0.03296661376953125,-0.0036630630493164062,66
5.010403166990727,-0.0054931640625,0.0,2.0428571701049805,2.493333339691162,2.3561840057373047,-0.03296661376953125,-0.0036630630493164062,66
5.010423875006381,-0.0054931640625,0.0,2.0428571701049805,2.493333339691162,2.3561840057373047,-0.03296661376953125,-0.0036630630493164062,66
5.010449459019583,-0.0054931640625,0.0,2.0428571701049805,2.493333339691162,2.3561840057373047,-0.03296661376953125,-0.0036630630493164062,66
5.039462791988626,-0.0054931640625,0.0,2.0460805892944336,2.4860806465148926,2.3561840057373047,-0.03296661376953125,-0.0036630630493164062,66
5.040455500013195,-0.0054931640625,0.0,2.0460805892944336,2.4860806465148926,2.3561840057373047,-0.03296661376953125,-0.0036630630493164062,66
5.040509667014703,-0.0054931640625,0.0,2.0460805892944336,2.4860806465148926,2.3561840057373047,-0.16483688354492188,-0.0036630630493164062,66
5.069774584029801,-0.0054931640625,0.0,2.0460805892944336,2.4860806465148926,2.3561840057373047,-0.16483688354492188,-0.0036630630493164062,66
5.071571666980162,-0.0054931640625,0.0,2.0460805892944336,2.4860806465148926,2.3561840057373047,-0.20878982543945312,-0.010989189147949219,66
5.07162583398167,-0.0054931640625,0.0,2.0549449920654297,2.4860806465148926,2.3561840057373047,-0.20878982543945312,-0.010989189147949219,66
5.129110792011488,-0.0054931640625,0.0,2.0549449920654297,2.4860806465148926,2.3561840057373047,-0.20878982543945312,-0.010989189147949219,66
5.130779792030808,-0.0054931640625,0.0,2.0549449920654297,2.4860806465148926,2.3561840057373047,-0.20878982543945312,-0.010989189147949219,66
5.130821541999467,-0.0054931640625,0.0,2.0549449920654297,2.4860806465148926,2.3561840057373047,-0.20878982543945312,-0.010989189147949219,66
5.131659624981694,-0.0054931640625,0.0,2.0509157180786133,2.486886501312256,2.3561840057373047,-0.20878982543945312,-0.010989189147949219,66
5.158980458974838,-0.0054931640625,0.0,2.0509157180786133,2.486886501312256,2.3561840057373047,-0.09889984130859375,-0.0036630630493164062,66
5.160056416993029,-0.0054931640625,0.0,2.0549449920654297,2.4909157752990723,2.3561840057373047,-0.09889984130859375,-0.0036630630493164062,66
5.1601187090273015,0.0,0.0,2.0549449920654297,2.4909157752990723,2.3561840057373047,-0.09889984130859375,-0.0036630630493164062,66
5.189814959012438,0.0,0.0,2.05252742767334,2.486886501312256,2.3561840057373047,-0.09889984130859375,-0.0036630630493164062,66
5.190492334018927,-0.0054931640625,0.0,2.05252742767334,2.486886501312256,2.3561840057373047,-0.09889984130859375,-0.0036630630493164062,66
5.190573709027376,-0.0054931640625,0.0,2.05252742767334,2.486886501312256,2.3561840057373047,0.3626365661621094,-0.0036630630493164062,66
5.219544083985966,-0.0054931640625,0.0,2.05252742767334,2.486886501312256,2.3561840057373047,0.3626365661621094,-0.0036630630493164062,66
5.220740417018533,-0.0054931640625,0.0,2.05252742767334,2.486886501312256,2.3561840057373047,0.3626365661621094,-0.0036630630493164062,66
5.220832584018353,-0.0054931640625,0.0,2.0517215728759766,2.4860806465148926,2.3561840057373047,0.3626365661621094,-0.0036630630493164062,66
5.249283750017639,-0.0054931640625,0.0,2.0517215728759766,2.4860806465148926,2.3561840057373047,0.120880126953125,-0.010989189147949219,66
5.2525915000005625,-0.0054931640625,0.0,2.046886444091797,2.4917216300964355,2.3561840057373047,0.120880126953125,-0.010989189147949219,66
5.252662250015419,-0.0054931640625,0.0,2.046886444091797,2.4917216300964355,2.3561840057373047,0.120880126953125,-0.010989189147949219,66
5.280326250009239,-0.0054931640625,0.0,2.053333282470703,2.490109920501709,2.3561840057373047,0.120880126953125,-0.010989189147949219,66
5.280410917010158,-0.0054931640625,0.0,2.053333282470703,2.490109920501709,2.3561840057373047,0.120880126953125,-0.010989189147949219,66
5.281396374979522,-0.0054931640625,0.0,2.053333282470703,2.490109920501709,2.3561840057373047,0.0549468994140625,-0.010989189147949219,66
5.310502959007863,0.0,0.0,2.053333282470703,2.490109920501709,2.3561840057373047,0.0549468994140625,-0.010989189147949219,66
5.311108416994102,0.0,0.0,2.053333282470703,2.490109920501709,2.3561840057373047,0.07692337036132812,-0.0036630630493164062,66
5.312751333985943,0.0,0.0,2.0710623264312744,2.496556520462036,2.3561840057373047,0.07692337036132812,-0.0036630630493164062,66
5.340246333973482,0.0,0.0,2.0710623264312744,2.496556520462036,2.3561840057373047,0.07692337036132812,-0.0036630630493164062,66
5.340341459028423,0.0,0.0,2.0710623264312744,2.496556520462036,2.3561840057373047,0.07692337036132812,-0.0036630630493164062,66
5.340350458980538,-0.0054931640625,0.0,2.0710623264312744,2.496556520462036,2.3561840057373047,0.07692337036132812,-0.0036630630493164062,66
5.369885083986446,-0.0054931640625,0.0,2.044468879699707,2.4909157752990723,2.3561840057373047,0.07692337036132812,-0.0036630630493164062,66
5.370980291976593,0.0,0.0,2.044468879699707,2.4909157752990723,2.3561840057373047,0.07692337036132812,-0.0036630630493164062,66
5.371029625006486,0.0,0.0,2.044468879699707,2.4909157752990723,2.3561840057373047,-0.3186798095703125,-0.0036630630493164062,66
5.400737792020664,-0.0054931640625,0.0,2.044468879699707,2.4909157752990723,2.3561840057373047,-0.3186798095703125,-0.0036630630493164062,66
5.4030983339762315,-0.0054931640625,0.0,2.044468879699707,2.4909157752990723,2.3561840057373047,0.09889984130859375,-0.010989189147949219,66
5.403114749991801,-0.0054931640625,0.0,2.0549449920654297,2.486886501312256,2.3561840057373047,0.09889984130859375,-0.010989189147949219,66
5.430146709026303,-0.0054931640625,0.0,2.0549449920654297,2.486886501312256,2.3561840057373047,0.09889984130859375,-0.010989189147949219,66
5.43262204201892,-0.0054931640625,0.0,2.0549449920654297,2.486886501312256,2.3561840057373047,0.09889984130859375,-0.010989189147949219,66
5.432657291996293,0.0,0.0,2.0549449920654297,2.486886501312256,2.3561840057373047,0.09889984130859375,-0.010989189147949219,66
5.461726500012446,0.0,0.0,2.0565567016601562,2.4893040657043457,2.3561840057373047,0.09889984130859375,-0.010989189147949219,66
5.461829249979928,-0.0054931640625,0.0,2.0565567016601562,2.4893040657043457,2.3561840057373047,0.09889984130859375,-0.010989189147949219,66
5.461843208991922,-0.0054931640625,0.0,2.0565567016601562,2.4893040657043457,2.3561840057373047,-0.25274658203125,-0.010989189147949219,66
5.489404749998357,0.0,0.0,2.0565567016601562,2.4893040657043457,2.3561840057373047,-0.25274658203125,-0.010989189147949219,66
5.520086749980692,0.0,0.0,2.0565567016601562,2.4893040657043457,2.3561840057373047,-0.120880126953125,-0.010989189147949219,66
5.522223917010706,0.0,0.0,2.044468879699707,2.4884979724884033,2.3561840057373047,-0.120880126953125,-0.010989189147949219,66
5.522429708973505,0.0,0.0,2.044468879699707,2.4884979724884033,2.3561840057373047,0.010990142822265625,-0.010989189147949219,66
5.522446208982728,0.0,0.0,2.0509157180786133,2.4917216300964355,2.3561840057373047,0.010990142822265625,-0.010989189147949219,66
5.5498836250044405,0.0,0.0,2.0509157180786133,2.4917216300964355,2.3561840057373047,-0.25274658203125,-0.0036630630493164062,66
5.551871916977689,0.0,0.0,2.0517215728759766,2.486886501312256,2.3561840057373047,-0.25274658203125,-0.0036630630493164062,66
5.551890124974307,-0.0054931640625,0.0,2.0517215728759766,2.486886501312256,2.3561840057373047,-0.25274658203125,-0.0036630630493164062,66
5.581920417025685,-0.0054931640625,0.0,2.053333282470703,2.4917216300964355,2.3561840057373047,-0.25274658203125,-0.0036630630493164062,66
5.58200479199877,-0.0054931640625,0.0,2.053333282470703,2.4917216300964355,2.3561840057373047,-0.25274658203125,-0.0036630630493164062,66
5.582029709010385,-0.0054931640625,0.0,2.053333282470703,2.4917216300964355,2.3561840057373047,-0.03296661376953125,-0.0036630630493164062,66
5.640148084028624,-0.0054931640625,0.0,2.053333282470703,2.4917216300964355,2.3561840057373047,-0.03296661376953125,-0.0036630630493164062,66
5.641168500005733,-0.0054931640625,0.0,2.053333282470703,2.4917216300964355,2.3561840057373047,0.2967033386230469,-0.0036630630493164062,66
5.641307834011968,-0.0054931640625,0.0,2.05252742767334,2.4893040657043457,2.3561840057373047,0.2967033386230469,-0.0036630630493164062,66
5.6413245419971645,-0.0054931640625,0.0,2.05252742767334,2.4893040657043457,2.3561840057373047,0.2967033386230469,-0.0036630630493164062,66
5.669997624994721,-0.0054931640625,0.0,2.05252742767334,2.4893040657043457,2.3561840057373047,0.2967033386230469,-0.0036630630493164062,66
5.671888583980035,-0.0054931640625,0.0,2.05252742767334,2.4893040657043457,2.3561840057373047,0.20878982543945312,-0.01831531524658203,66
5.671932167024352,-0.0054931640625,0.0,2.046886444091797,2.4909157752990723,2.3561840057373047,0.20878982543945312,-0.01831531524658203,66
5.703010833996814,-0.0054931640625,0.0,2.046886444091797,2.4909157752990723,2.3561840057373047,0.20878982543945312,-0.01831531524658203,66
5.703026709030382,-0.0054931640625,0.0,2.046886444091797,2.4909157752990723,2.3561840057373047,0.20878982543945312,-0.01831531524658203,66
5.70303774997592,0.0,0.0,2.046886444091797,2.4909157752990723,2.3561840057373047,0.20878982543945312,-0.01831531524658203,66
5.7299344590283,0.0,0.0,2.0404393672943115,2.495750904083252,2.3561840057373047,0.20878982543945312,-0.01831531524658203,66
5.7326410000096075,-0.0054931640625,0.0,2.0404393672943115,2.495750904083252,2.3561840057373047,0.20878982543945312,-0.01831531524658203,66
5.732727667025756,-0.0054931640625,0.0,2.0404393672943115,2.495750904083252,2.3561840057373047,-0.0549468994140625,-0.0036630630493164062,66
5.759855750016868,0.0,0.0,2.0404393672943115,2.495750904083252,2.3561840057373047,-0.0549468994140625,-0.0036630630493164062,66
5.760765291983262,0.0,0.0,2.0404393672943115,2.495750904083252,2.3561840057373047,0.010990142822265625,-0.010989189147949219,66
5.760819124989212,0.0,0.0,2.0460805892944336,2.4917216300964355,2.3561840057373047,0.010990142822265625,-0.010989189147949219,66
5.789484791981522,0.0,0.0,2.0460805892944336,2.4917216300964355,2.3561840057373047,0.010990142822265625,-0.010989189147949219,66
5.791318459028844,0.0,0.0,2.0460805892944336,2.4917216300964355,2.3561840057373047,0.010990142822265625,-0.010989189147949219,66
5.791365917015355,0.0,0.0,2.0460805892944336,2.4917216300964355,2.3561840057373047,0.010990142822265625,-0.010989189147949219,66
5.82165266701486,0.0,0.0,2.0517215728759766,2.4836628437042236,2.3561840057373047,0.010990142822265625,-0.010989189147949219,66
5.821814334020019,-0.0054931640625,0.0,2.0517215728759766,2.4836628437042236,2.3561840057373047,0.010990142822265625,-0.010989189147949219,66
5.821834124973975,-0.0054931640625,0.0,2.0517215728759766,2.4836628437042236,2.3561840057373047,0.010990142822265625,-0.0036630630493164062,66
5.849062083987519,-0.0054931640625,0.0,2.0517215728759766,2.4836628437042236,2.3561840057373047,0.010990142822265625,-0.0036630630493164062,66
5.850090708991047,-0.0054931640625,0.0,2.0517215728759766,2.4836628437042236,2.3561840057373047,0.07692337036132812,-0.0036630630493164062,66
5.850177042011637,-0.0054931640625,0.0,2.05252742767334,2.486886501312256,2.3561840057373047,0.07692337036132812,-0.0036630630493164062,66
5.880185874993913,-0.0054931640625,0.0,2.05252742767334,2.486886501312256,2.3561840057373047,0.07692337036132812,-0.0036630630493164062,66
5.880257333978079,-0.0054931640625,0.0,2.05252742767334,2.486886501312256,2.3561840057373047,0.07692337036132812,-0.0036630630493164062,66
5.881133167014923,-0.0054931640625,0.0,2.05252742767334,2.486886501312256,2.3561840057373047,0.07692337036132812,-0.0036630630493164062,66
5.908882208983414,0.0,0.0,2.05252742767334,2.486886501312256,2.3561840057373047,0.07692337036132812,-0.0036630630493164062,66
5.913618375023361,0.0,0.0,2.05252742767334,2.486886501312256,2.3561840057373047,0.25274658203125,-0.0036630630493164062,66
5.9136357919778675,0.0,0.0,2.04769229888916,2.4893040657043457,2.3561840057373047,0.25274658203125,-0.0036630630493164062,66
5.939443124982063,0.0,0.0,2.04769229888916,2.4893040657043457,2.3561840057373047,0.25274658203125,-0.0036630630493164062,66
5.94065733399475,0.0,0.0,2.04769229888916,2.4893040657043457,2.3561840057373047,0.25274658203125,-0.0036630630493164062,66
5.94068033399526,0.0,0.0,2.04769229888916,2.4893040657043457,2.3561840057373047,0.25274658203125,-0.0036630630493164062,66
5.972083417000249,0.0,0.0,2.053333282470703,2.48769211769104,2.3561840057373047,0.25274658203125,-0.0036630630493164062,66
5.972237874986604,-0.0054931640625,0.0,2.053333282470703,2.48769211769104,2.3561840057373047,0.25274658203125,-0.0036630630493164062,66
5.972273375024088,-0.0054931640625,0.0,2.053333282470703,2.48769211769104,2.3561840057373047,0.0549468994140625,-0.0036630630493164062,66
5.9990035420050845,-0.0054931640625,0.0,2.053333282470703,2.48769211769104,2.3561840057373047,0.0549468994140625,-0.0036630630493164062,66
6.000309875002131,-0.0054931640625,0.0,2.053333282470703,2.48769211769104,2.3561840057373047,-0.07692337036132812,-0.0036630630493164062,66
6.000589584000409,-0.0054931640625,0.0,2.05252742767334,2.4893040657043457,2.3561840057373047,-0.07692337036132812,-0.0036630630493164062,66
6.028872209019028,-0.0054931640625,0.0,2.05252742767334,2.4893040657043457,2.3561840057373047,-0.07692337036132812,-0.0036630630493164062,66
6.032646583975293,-0.0054931640625,0.0,2.05252742767334,2.4893040657043457,2.3561840057373047,-0.07692337036132812,-0.0036630630493164062,66
6.033170791983139,-0.0054931640625,0.0,2.05252742767334,2.4893040657043457,2.3561840057373047,-0.07692337036132812,-0.0036630630493164062,66
6.060006916988641,-0.0054931640625,0.0,2.0823442935943604,2.498168468475342,2.3561840057373047,-0.07692337036132812,-0.0036630630493164062,66
6.061037042003591,-0.0054931640625,0.0,2.0823442935943604,2.498168468475342,2.3561840057373047,-0.07692337036132812,-0.0036630630493164062,66
6.061117791978177,-0.0054931640625,0.0,2.0823442935943604,2.498168468475342,2.3561840057373047,0.3186798095703125,-0.010989189147949219,66
6.091749624989461,0.0,0.0,2.0823442935943604,2.498168468475342,2.3561840057373047,0.3186798095703125,-0.010989189147949219,66
6.091857250023168,0.0,0.0,2.0823442935943604,2.498168468475342,2.3561840057373047,0.14285659790039062,-0.010989189147949219,66
6.091874459001701,0.0,0.0,2.0517215728759766,2.4884979724884033,2.3561840057373047,0.14285659790039062,-0.010989189147949219,66
6.1199249170022085,0.0,0.0,2.0517215728759766,2.4884979724884033,2.3561840057373047,0.14285659790039062,-0.010989189147949219,66
6.121270124975126,0.0,0.0,2.0517215728759766,2.4884979724884033,2.3561840057373047,0.14285659790039062,-0.010989189147949219,66
6.121285125031136,-0.0054931640625,0.0,2.0517215728759766,2.4884979724884033,2.3561840057373047,0.14285659790039062,-0.010989189147949219,66
6.150753499998245,-0.0054931640625,0.0,2.0541391372680664,2.4828569889068604,2.3561840057373047,0.14285659790039062,-0.010989189147949219,66
6.151974875014275,-0.0054931640625,0.0,2.0541391372680664,2.4828569889068604,2.3561840057373047,0.14285659790039062,-0.010989189147949219,66
6.151992500002962,-0.0054931640625,0.0,2.0541391372680664,2.4828569889068604,2.3561840057373047,-0.20878982543945312,-0.01831531524658203,66
6.181358542002272,0.0,0.0,2.0541391372680664,2.4828569889068604,2.3561840057373047,-0.20878982543945312,-0.01831531524658203,66
6.181463167013135,0.0,0.0,2.0541391372680664,2.4828569889068604,2.3561840057373047,-0.20878982543945312,-0.01831531524658203,66
6.18147695902735,0.0,0.0,2.05010986328125,2.48769211769104,2.3561840057373047,-0.20878982543945312,-0.01831531524658203,66
6.211883042007685,0.0,0.0,2.05010986328125,2.48769211769104,2.3561840057373047,-0.20878982543945312,-0.01831531524658203,66
6.211955958977342,0.0,0.0,2.05010986328125,2.48769211769104,2.3561840057373047,-0.20878982543945312,-0.01831531524658203,66
6.212010541989002,-0.0054931640625,0.0,2.05010986328125,2.48769211769104,2.3561840057373047,-0.20878982543945312,-0.01831531524658203,66
6.240144292009063,-0.0054931640625,0.0,2.044468879699707,2.4884979724884033,2.3561840057373047,-0.20878982543945312,-0.01831531524658203,66
6.241716834018007,-0.0054931640625,0.0,2.044468879699707,2.4884979724884033,2.3561840057373047,-0.20878982543945312,-0.01831531524658203,66
6.241902959009167,-0.0054931640625,0.0,2.044468879699707,2.4884979724884033,2.3561840057373047,-0.14285659790039062,-0.0036630630493164062,66
6.2702742500114255,-0.0054931640625,0.0,2.044468879699707,2.4884979724884033,2.3561840057373047,-0.14285659790039062,-0.0036630630493164062,66
6.271328000002541,-0.0054931640625,0.0,2.0396337509155273,2.4909157752990723,2.3561840057373047,-0.14285659790039062,-0.0036630630493164062,66
6.271396792028099,-0.0054931640625,0.0,2.0396337509155273,2.4909157752990723,2.3561840057373047,-0.14285659790039062,-0.0036630630493164062,66
6.2997912500286475,-0.0054931640625,0.0,2.055750846862793,2.486886501312256,2.3561840057373047,-0.14285659790039062,-0.0036630630493164062,66
6.300747666973621,-0.0054931640625,0.0,2.055750846862793,2.486886501312256,2.3561840057373047,-0.14285659790039062,-0.0036630630493164062,66
6.30080608400749,-0.0054931640625,0.0,2.055750846862793,2.486886501312256,2.3561840057373047,0.2967033386230469,-0.010989189147949219,66
6.330802624986973,-0.0054931640625,0.0,2.055750846862793,2.486886501312256,2.3561840057373047,0.2967033386230469,-0.010989189147949219,66
6.331009500019718,-0.0054931640625,0.0,2.055750846862793,2.486886501312256,2.3561840057373047,0.0549468994140625,-0.01831531524658203,66
6.331034916976932,-0.0054931640625,0.0,2.0460805892944336,2.4860806465148926,2.3561840057373047,0.0549468994140625,-0.01831531524658203,66
6.359542583988514,-0.0054931640625,0.0,2.0460805892944336,2.4860806465148926,2.3561840057373047,0.0549468994140625,-0.01831531524658203,66
6.36064675002126,-0.0054931640625,0.0,2.0460805892944336,2.4860806465148926,2.3561840057373047,0.0549468994140625,-0.01831531524658203,66
6.360661667014938,0.0,0.0,2.0460805892944336,2.4860806465148926,2.3561840057373047,0.0549468994140625,-0.01831531524658203,66
6.389457124983892,0.0,0.0,2.0710623264312744,2.481245517730713,2.3561840057373047,0.0549468994140625,-0.01831531524658203,66
6.391188084031455,-0.0054931640625,0.0,2.0710623264312744,2.481245517730713,2.3561840057373047,0.0549468994140625,-0.01831531524658203,66
6.3912538749864325,-0.0054931640625,0.0,2.0710623264312744,2.481245517730713,2.3561840057373047,0.120880126953125,-0.010989189147949219,66
6.419926209026016,-0.0054931640625,0.0,2.0710623264312744,2.481245517730713,2.3561840057373047,0.120880126953125,-0.010989189147949219,66
6.420746541989502,-0.0054931640625,0.0,2.0710623264312744,2.481245517730713,2.3561840057373047,0.120880126953125,-0.0036630630493164062,66
6.420786292001139,-0.0054931640625,0.0,2.038022041320801,2.496556520462036,2.3561840057373047,0.120880126953125,-0.0036630630493164062,66
6.450297333998606,-0.0054931640625,0.0,2.038022041320801,2.496556520462036,2.3561840057373047,0.120880126953125,-0.0036630630493164062,66
6.452131833997555,-0.0054931640625,0.0,2.038022041320801,2.496556520462036,2.3561840057373047,0.120880126953125,-0.0036630630493164062,66
6.452149584016297,-0.0054931640625,0.0,2.038022041320801,2.496556520462036,2.3561840057373047,0.120880126953125,-0.0036630630493164062,66
6.481079583987594,-0.0054931640625,0.0,2.055750846862793,2.486886501312256,2.3561840057373047,0.120880126953125,-0.0036630630493164062,66
6.481166917015798,-0.0054931640625,0.0,2.055750846862793,2.486886501312256,2.3561840057373047,0.120880126953125,-0.0036630630493164062,66
6.481176499975845,-0.0054931640625,0.0,2.055750846862793,2.486886501312256,2.3561840057373047,0.3626365661621094,-0.0036630630493164062,66
6.509658958995715,0.0,0.0,2.055750846862793,2.486886501312256,2.3561840057373047,0.3626365661621094,-0.0036630630493164062,66
6.511501249973662,0.0,0.0,2.055750846862793,2.486886501312256,2.3561840057373047,0.3626365661621094,-0.0036630630493164062,66
6.511552791984286,0.0,0.0,2.0436630249023438,2.490109920501709,2.3561840057373047,0.3626365661621094,-0.0036630630493164062,66
6.539995042025112,0.0,0.0,2.0436630249023438,2.490109920501709,2.3561840057373047,0.3626365661621094,-0.0036630630493164062,66
6.540610124997329,0.0,0.0,2.0436630249023438,2.490109920501709,2.3561840057373047,0.3626365661621094,-0.0036630630493164062,66
6.540635916986503,0.0,0.0,2.0436630249023438,2.490109920501709,2.3561840057373047,0.3626365661621094,-0.0036630630493164062,66
6.569871667015832,0.0,0.0,2.0541391372680664,2.4925272464752197,2.3561840057373047,0.3626365661621094,-0.0036630630493164062,66
6.572494334017392,-0.0054931640625,0.0,2.0541391372680664,2.4925272464752197,2.3561840057373047,0.3626365661621094,-0.0036630630493164062,66
6.572509124991484,-0.0054931640625,0.0,2.0541391372680664,2.4925272464752197,2.3561840057373047,0.3846168518066406,-0.01831531524658203,66
6.604369500011671,-0.0054931640625,0.0,2.0541391372680664,2.4925272464752197,2.3561840057373047,0.3846168518066406,-0.01831531524658203,66
6.60479266702896,-0.0054931640625,0.0,2.0541391372680664,2.4925272464752197,2.3561840057373047,0.23077011108398438,-0.0036630630493164062,66
6.604808459000196,-0.0054931640625,0.0,2.0565567016601562,2.4884979724884033,2.3561840057373047,0.23077011108398438,-0.0036630630493164062,66
6.631708749977406,-0.0054931640625,0.0,2.0565567016601562,2.4884979724884033,2.3561840057373047,0.23077011108398438,-0.0036630630493164062,66
6.6325098749948665,-0.0054931640625,0.0,2.0565567016601562,2.4884979724884033,2.3561840057373047,0.23077011108398438,-0.0036630630493164062,66
6.632532124989666,0.0,0.0,2.0565567016601562,2.4884979724884033,2.3561840057373047,0.23077011108398438,-0.0036630630493164062,66
6.661501666996628,0.0,0.0,2.058168649673462,2.490109920501709,2.3561840057373047,0.23077011108398438,-0.0036630630493164062,66
6.66164058400318,0.0,0.0,2.058168649673462,2.490109920501709,2.3561840057373047,0.23077011108398438,-0.0036630630493164062,66
6.661858499981463,0.0,0.0,2.058168649673462,2.490109920501709,2.3561840057373047,-0.14285659790039062,-0.0036630630493164062,66
6.690250292012934,-0.0054931640625,0.0,2.058168649673462,2.490109920501709,2.3561840057373047,-0.14285659790039062,-0.0036630630493164062,66
6.691667000006419,-0.0054931640625,0.0,2.058168649673462,2.490109920501709,2.3561840057373047,-0.09889984130859375,-0.0036630630493164062,66
6.691745374992024,-0.0054931640625,0.0,2.0549449920654297,2.493333339691162,2.3561840057373047,-0.09889984130859375,-0.0036630630493164062,66
6.7197494999854825,-0.0054931640625,0.0,2.0549449920654297,2.493333339691162,2.3561840057373047,-0.09889984130859375,-0.0036630630493164062,66
6.720688208995853,-0.0054931640625,0.0,2.0549449920654297,2.493333339691162,2.3561840057373047,-0.09889984130859375,-0.0036630630493164062,66
6.720748000021558,0.0,0.0,2.0549449920654297,2.493333339691162,2.3561840057373047,-0.09889984130859375,-0.0036630630493164062,66
6.752948583976831,0.0,0.0,2.053333282470703,2.4893040657043457,2.3561840057373047,-0.09889984130859375,-0.0036630630493164062,66
6.7530795839848,-0.0054931640625,0.0,2.053333282470703,2.4893040657043457,2.3561840057373047,-0.09889984130859375,-0.0036630630493164062,66
6.753119667002466,-0.0054931640625,0.0,2.053333282470703,2.4893040657043457,2.3561840057373047,-0.120880126953125,-0.010989189147949219,66
6.780613292008638,-0.0054931640625,0.0,2.053333282470703,2.4893040657043457,2.3561840057373047,-0.120880126953125,-0.010989189147949219,66
6.781201042002067,-0.0054931640625,0.0,2.053333282470703,2.4893040657043457,2.3561840057373047,-0.010990142822265625,-0.0036630630493164062,66
6.781228917010594,-0.0054931640625,0.0,2.05252742767334,2.4909157752990723,2.3561840057373047,-0.010990142822265625,-0.0036630630493164062,66
6.80977387499297,-0.0054931640625,0.0,2.05252742767334,2.4909157752990723,2.3561840057373047,-0.010990142822265625,-0.0036630630493164062,66
6.812577250006143,-0.0054931640625,0.0,2.05252742767334,2.4909157752990723,2.3561840057373047,-0.010990142822265625,-0.0036630630493164062,66
6.812661958974786,0.0,0.0,2.05252742767334,2.4909157752990723,2.3561840057373047,-0.010990142822265625,-0.0036630630493164062,66
6.84087349998299,0.0,0.0,2.0484981536865234,2.4909157752990723,2.3561840057373047,-0.010990142822265625,-0.0036630630493164062,66
6.841040875006001,-0.0054931640625,0.0,2.0484981536865234,2.4909157752990723,2.3561840057373047,-0.010990142822265625,-0.0036630630493164062,66
6.841202666983008,-0.0054931640625,0.0,2.0484981536865234,2.4909157752990723,2.3561840057373047,-0.16483688354492188,-0.01831531524658203,66
6.8738382090232335,-0.0054931640625,0.0,2.0484981536865234,2.4909157752990723,2.3561840057373047,-0.16483688354492188,-0.01831531524658203,66
6.873861959029455,-0.0054931640625,0.0,2.0484981536865234,2.4909157752990723,2.3561840057373047,0.2967033386230469,-0.0036630630493164062,66
6.874650500016287,-0.0054931640625,0.0,2.038022041320801,2.4884979724884033,2.3561840057373047,0.2967033386230469,-0.0036630630493164062,66
6.8996451669954695,-0.0054931640625,0.0,2.0509157180786133,2.4917216300964355,2.3561840057373047,0.2967033386230469,-0.0036630630493164062,66
6.900686874985695,-0.0054931640625,0.0,2.0509157180786133,2.4917216300964355,2.3561840057373047,0.2967033386230469,-0.0036630630493164062,66
6.900731417001225,-0.0054931640625,0.0,2.0509157180786133,2.4917216300964355,2.3561840057373047,0.07692337036132812,-0.010989189147949219,66
6.9315300839953125,-0.0054931640625,0.0,2.0509157180786133,2.4917216300964355,2.3561840057373047,0.07692337036132812,-0.010989189147949219,66
6.9316148340003565,-0.0054931640625,0.0,2.0509157180786133,2.4917216300964355,2.3561840057373047,-0.16483688354492188,-0.0036630630493164062,66
6.931630084000062,-0.0054931640625,0.0,2.053333282470703,2.48769211769104,2.3561840057373047,-0.16483688354492188,-0.0036630630493164062,66
6.960350334004033,-0.0054931640625,0.0,2.053333282470703,2.48769211769104,2.3561840057373047,-0.16483688354492188,-0.0036630630493164062,66
6.9617459590081125,-0.0054931640625,0.0,2.053333282470703,2.48769211769104,2.3561840057373047,-0.16483688354492188,-0.0036630630493164062,66
6.9630304999882355,0.0,0.0,2.053333282470703,2.48769211769104,2.3561840057373047,-0.16483688354492188,-0.0036630630493164062,66
6.9896708750166,0.0,0.0,2.0573625564575195,2.4836628437042236,2.3561840057373047,-0.16483688354492188,-0.0036630630493164062,66
6.991449958994053,0.0,0.0,2.0573625564575195,2.4836628437042236,2.3561840057373047,-0.16483688354492188,-0.0036630630493164062,66
6.991514583991375,0.0,0.0,2.0573625564575195,2.4836628437042236,2.3561840057373047,-0.1868133544921875,-0.0036630630493164062,66
7.019786084012594,-0.0054931640625,0.0,2.0573625564575195,2.4836628437042236,2.3561840057373047,-0.1868133544921875,-0.0036630630493164062,66
7.022070791979786,-0.0054931640625,0.0,2.0573625564575195,2.4836628437042236,2.3561840057373047,0.14285659790039062,-0.01831531524658203,66
7.022085791977588,-0.0054931640625,0.0,2.0509157180786133,2.4893040657043457,2.3561840057373047,0.14285659790039062,-0.01831531524658203,66
7.050449959002435,-0.0054931640625,0.0,2.0509157180786133,2.4893040657043457,2.3561840057373047,0.14285659790039062,-0.01831531524658203,66
7.050759374978952,-0.0054931640625,0.0,2.0509157180786133,2.4893040657043457,2.3561840057373047,0.14285659790039062,-0.01831531524658203,66
7.050785958999768,0.0,0.0,2.0509157180786133,2.4893040657043457,2.3561840057373047,0.14285659790039062,-0.01831531524658203,66
7.081850584014319,0.0,0.0,2.0541391372680664,2.4893040657043457,2.3561840057373047,0.14285659790039062,-0.01831531524658203,66
7.082699208986014,0.0,0.0,2.0541391372680664,2.4893040657043457,2.3561840057373047,0.14285659790039062,-0.01831531524658203,66
7.084576875029597,0.0,0.0,2.0541391372680664,2.4893040657043457,2.355802536010742,-0.47252655029296875,-0.0036630630493164062,66
7.112072916992474,0.0,0.0,2.0541391372680664,2.4893040657043457,2.355802536010742,-0.47252655029296875,-0.0036630630493164062,66
7.112096625030972,0.0,0.0,2.0541391372680664,2.4893040657043457,2.355802536010742,-0.47252655029296875,-0.0036630630493164062,66
7.113376041990705,0.0,0.0,2.0460805892944336,2.4852747917175293,2.355802536010742,-0.47252655029296875,-0.0036630630493164062,66
7.142747625010088,0.0,0.0,2.0460805892944336,2.4852747917175293,2.355802536010742,-0.47252655029296875,-0.0036630630493164062,66
7.143116959021427,0.0,0.0,2.0460805892944336,2.4852747917175293,2.355802536010742,-0.47252655029296875,-0.0036630630493164062,66
7.143963625014294,-0.0054931640625,0.0,2.0460805892944336,2.4852747917175293,2.355802536010742,-0.47252655029296875,-0.0036630630493164062,66
7.170699417009018,-0.0054931640625,0.0,2.05252742767334,2.486886501312256,2.355802536010742,-0.47252655029296875,-0.0036630630493164062,66
7.17168725002557,-0.0054931640625,0.0,2.05252742767334,2.486886501312256,2.355802536010742,-0.47252655029296875,-0.0036630630493164062,66
7.173317666980438,-0.0054931640625,0.0,2.05252742767334,2.486886501312256,2.3561840057373047,0.120880126953125,-0.0036630630493164062,66
7.201046000001952,-0.0054931640625,0.0,2.05252742767334,2.486886501312256,2.3561840057373047,0.120880126953125,-0.0036630630493164062,66
7.2011421250062995,-0.0054931640625,0.0,2.05252742767334,2.486886501312256,2.3561840057373047,-0.27472686767578125,-0.0036630630493164062,66
7.201206583995372,-0.0054931640625,0.0,2.0493037700653076,2.4860806465148926,2.3561840057373047,-0.27472686767578125,-0.0036630630493164062,66
7.230885999975726,-0.0054931640625,0.0,2.0493037700653076,2.4860806465148926,2.3561840057373047,-0.27472686767578125,-0.0036630630493164062,66
7.231810541998129,-0.0054931640625,0.0,2.0493037700653076,2.4860806465148926,2.3561840057373047,-0.27472686767578125,-0.0036630630493164062,66
7.231935542018618,-0.0054931640625,0.0,2.0493037700653076,2.4860806465148926,2.3561840057373047,-0.27472686767578125,-0.0036630630493164062,66
7.2601066249771975,-0.0054931640625,0.0,2.0565567016601562,2.486886501312256,2.3561840057373047,-0.27472686767578125,-0.0036630630493164062,66
7.2616625420050696,0.0,0.0,2.0565567016601562,2.486886501312256,2.3561840057373047,-0.27472686767578125,-0.0036630630493164062,66
7.262944374990184,0.0,0.0,2.0565567016601562,2.486886501312256,2.3561840057373047,-0.0549468994140625,-0.0036630630493164062,66
7.291423749993555,-0.0054931640625,0.0,2.0565567016601562,2.486886501312256,2.3561840057373047,-0.0549468994140625,-0.0036630630493164062,66
7.291534624993801,-0.0054931640625,0.0,2.0565567016601562,2.486886501312256,2.3561840057373047,0.07692337036132812,-0.0036630630493164062,66
7.29155887500383,-0.0054931640625,0.0,2.05010986328125,2.490109920501709,2.3561840057373047,0.07692337036132812,-0.0036630630493164062,66
7.319278042006772,-0.0054931640625,0.0,2.05010986328125,2.490109920501709,2.3561840057373047,0.07692337036132812,-0.0036630630493164062,66
7.320498708984815,-0.0054931640625,0.0,2.05010986328125,2.490109920501709,2.3561840057373047,0.07692337036132812,-0.0036630630493164062,66
7.3205474999849685,0.0,0.0,2.05010986328125,2.490109920501709,2.3561840057373047,0.07692337036132812,-0.0036630630493164062,66
7.349870042002294,0.0,0.0,2.04769229888916,2.490109920501709,2.3561840057373047,0.07692337036132812,-0.0036630630493164062,66
7.353898084023967,0.0,0.0,2.04769229888916,2.490109920501709,2.3561840057373047,0.07692337036132812,-0.0036630630493164062,66
7.353912458987907,0.0,0.0,2.04769229888916,2.490109920501709,2.3561840057373047,0.120880126953125,-0.010989189147949219,66
7.380562125006691,-0.0054931640625,0.0,2.04769229888916,2.490109920501709,2.3561840057373047,0.120880126953125,-0.010989189147949219,66
7.3814013749943115,-0.0054931640625,0.0,2.04769229888916,2.490109920501709,2.3561840057373047,0.23077011108398438,-0.010989189147949219,66
7.381521167000756,-0.0054931640625,0.0,2.0428571701049805,2.48769211769104,2.3561840057373047,0.23077011108398438,-0.010989189147949219,66
7.410393959027715,-0.0054931640625,0.0,2.0428571701049805,2.48769211769104,2.3561840057373047,0.23077011108398438,-0.010989189147949219,66
7.41144095902564,-0.0054931640625,0.0,2.0428571701049805,2.48769211769104,2.3561840057373047,0.23077011108398438,-0.010989189147949219,66
7.411491709004622,0.0,0.0,2.0428571701049805,2.48769211769104,2.3561840057373047,0.23077011108398438,-0.010989189147949219,66
7.439488417003304,0.0,0.0,2.0428571701049805,2.4860806465148926,2.3561840057373047,0.23077011108398438,-0.010989189147949219,66
7.440833374974318,-0.0054931640625,0.0,2.0428571701049805,2.4860806465148926,2.3561840057373047,0.23077011108398438,-0.010989189147949219,66
7.440849541977514,-0.0054931640625,0.0,2.0428571701049805,2.4860806465148926,2.3561840057373047,0.1868133544921875,-0.0036630630493164062,66
7.4721819999977015,-0.0054931640625,0.0,2.0428571701049805,2.4860806465148926,2.3561840057373047,0.1868133544921875,-0.0036630630493164062,66
7.472274374973495,-0.0054931640625,0.0,2.0428571701049805,2.4860806465148926,2.355802536010742,-0.2967033386230469,-0.010989189147949219,66
7.472576417028904,-0.0054931640625,0.0,2.0549449920654297,2.4893040657043457,2.355802536010742,-0.2967033386230469,-0.010989189147949219,66
7.500029959017411,-0.0054931640625,0.0,2.0549449920654297,2.4893040657043457,2.355802536010742,-0.2967033386230469,-0.010989189147949219,66
7.50102920900099,-0.0054931640625,0.0,2.0549449920654297,2.4893040657043457,2.355802536010742,-0.2967033386230469,-0.010989189147949219,66
7.501068209006917,0.0,0.0,2.0549449920654297,2.4893040657043457,2.355802536010742,-0.2967033386230469,-0.010989189147949219,66
7.532646292005666,0.0,0.0,2.0493037700653076,2.4909157752990723,2.355802536010742,-0.2967033386230469,-0.010989189147949219,66
7.532716083980631,-0.0054931640625,0.0,2.0493037700653076,2.4909157752990723,2.355802536010742,-0.2967033386230469,-0.010989189147949219,66
7.53278745902935,-0.0054931640625,0.0,2.0493037700653076,2.4909157752990723,2.3561840057373047,0.23077011108398438,-0.0036630630493164062,66
7.561137499986216,-0.0054931640625,0.0,2.0493037700653076,2.4909157752990723,2.3561840057373047,0.23077011108398438,-0.0036630630493164062,66
7.5611544999992475,-0.0054931640625,0.0,2.0493037700653076,2.4909157752990723,2.3561840057373047,0.23077011108398438,-0.0036630630493164062,66
7.5611640000133775,-0.0054931640625,0.0,2.0493037700653076,2.4909157752990723,2.3561840057373047,0.23077011108398438,-0.0036630630493164062,66
7.589691709028557,-0.0054931640625,0.0,2.0493037700653076,2.4909157752990723,2.3561840057373047,0.23077011108398438,-0.0036630630493164062,66
7.591345834021922,-0.0054931640625,0.0,2.0493037700653076,2.4909157752990723,2.3561840057373047,0.23077011108398438,-0.0036630630493164062,66
7.591367624991108,-0.0054931640625,0.0,2.0493037700653076,2.4909157752990723,2.3561840057373047,0.23077011108398438,-0.0036630630493164062,66
7.6195085840299726,-0.0054931640625,0.0,2.05252742767334,2.486886501312256,2.3561840057373047,0.23077011108398438,-0.0036630630493164062,66
7.620545834011864,-0.0054931640625,0.0,2.05252742767334,2.486886501312256,2.3561840057373047,0.23077011108398438,-0.0036630630493164062,66
7.620602459006477,-0.0054931640625,0.0,2.05252742767334,2.486886501312256,2.3561840057373047,0.1868133544921875,-0.0036630630493164062,66
7.6493381669861265,-0.0054931640625,0.0,2.05252742767334,2.486886501312256,2.3561840057373047,0.1868133544921875,-0.0036630630493164062,66
7.6520017919829115,-0.0054931640625,0.0,2.05252742767334,2.486886501312256,2.3561840057373047,0.03296661376953125,-0.0036630630493164062,66
7.652078624989372,-0.0054931640625,0.0,2.055750846862793,2.4884979724884033,2.3561840057373047,0.03296661376953125,-0.0036630630493164062,66
7.6814552919822745,-0.0054931640625,0.0,2.055750846862793,2.4884979724884033,2.3561840057373047,0.03296661376953125,-0.0036630630493164062,66
7.682310083997436,-0.0054931640625,0.0,2.055750846862793,2.4884979724884033,2.3561840057373047,0.03296661376953125,-0.0036630630493164062,66
7.682342208980117,-0.0054931640625,0.0,2.055750846862793,2.4884979724884033,2.3561840057373047,-0.0549468994140625,-0.0036630630493164062,66
7.711782334023155,-0.0054931640625,0.0,2.055750846862793,2.4884979724884033,2.3561840057373047,-0.0549468994140625,-0.0036630630493164062,66
7.711909334000666,-0.0054931640625,0.0,2.05010986328125,2.4917216300964355,2.3561840057373047,-0.0549468994140625,-0.0036630630493164062,66
7.711924083996564,-0.0054931640625,0.0,2.05010986328125,2.4917216300964355,2.3561840057373047,-0.0549468994140625,-0.0036630630493164062,66
7.73978783399798,-0.0054931640625,0.0,2.046886444091797,2.484468698501587,2.3561840057373047,-0.0549468994140625,-0.0036630630493164062,66
7.740754625003319,-0.0054931640625,0.0,2.046886444091797,2.484468698501587,2.3561840057373047,-0.0549468994140625,-0.0036630630493164062,66
7.7408055840060115,-0.0054931640625,0.0,2.046886444091797,2.484468698501587,2.3561840057373047,0.16483688354492188,-0.0036630630493164062,66
7.769533208978828,-0.0054931640625,0.0,2.046886444091797,2.484468698501587,2.3561840057373047,0.16483688354492188,-0.0036630630493164062,66
7.771785625023767,-0.0054931640625,0.0,2.046886444091797,2.484468698501587,2.3561840057373047,0.16483688354492188,-0.0036630630493164062,66
7.771800083981361,-0.0054931640625,0.0,2.045274496078491,2.4909157752990723,2.3561840057373047,0.16483688354492188,-0.0036630630493164062,66
7.799631249974482,-0.0054931640625,0.0,2.045274496078491,2.4909157752990723,2.3561840057373047,0.16483688354492188,-0.0036630630493164062,66
7.8007872920134105,-0.0054931640625,0.0,2.045274496078491,2.4909157752990723,2.3561840057373047,0.16483688354492188,-0.0036630630493164062,66
7.800834542023949,-0.0054931640625,0.0,2.045274496078491,2.4909157752990723,2.3561840057373047,0.16483688354492188,-0.0036630630493164062,66
7.831653749977704,-0.0054931640625,0.0,2.058168649673462,2.481245517730713,2.3561840057373047,0.16483688354492188,-0.0036630630493164062,66
7.831736334017478,-0.0054931640625,0.0,2.058168649673462,2.481245517730713,2.3561840057373047,0.16483688354492188,-0.0036630630493164062,66
7.831781667016912,-0.0054931640625,0.0,2.058168649673462,2.481245517730713,2.3561840057373047,-0.27472686767578125,-0.0036630630493164062,66
7.862231542007066,-0.0054931640625,0.0,2.058168649673462,2.481245517730713,2.3561840057373047,-0.27472686767578125,-0.0036630630493164062,66
7.86281429202063,-0.0054931640625,0.0,2.058168649673462,2.481245517730713,2.3561840057373047,-0.3626365661621094,-0.0036630630493164062,66
7.86284258402884,-0.0054931640625,0.0,2.0509157180786133,2.496556520462036,2.3561840057373047,-0.3626365661621094,-0.0036630630493164062,66
7.889504958991893,-0.0054931640625,0.0,2.0509157180786133,2.496556520462036,2.3561840057373047,-0.3626365661621094,-0.0036630630493164062,66
7.891339958994649,-0.0054931640625,0.0,2.0509157180786133,2.496556520462036,2.3561840057373047,-0.3626365661621094,-0.0036630630493164062,66
7.891354958992451,0.0,0.0,2.0509157180786133,2.496556520462036,2.3561840057373047,-0.3626365661621094,-0.0036630630493164062,66
7.920428666984662,0.0,0.0,2.04769229888916,2.490109920501709,2.3561840057373047,-0.3626365661621094,-0.0036630630493164062,66
7.920756833977066,-0.0054931640625,0.0,2.04769229888916,2.490109920501709,2.3561840057373047,-0.3626365661621094,-0.0036630630493164062,66
7.92081674997462,-0.0054931640625,0.0,2.04769229888916,2.490109920501709,2.3561840057373047,0.14285659790039062,-0.010989189147949219,66
7.950936666980851,0.0,0.0,2.04769229888916,2.490109920501709,2.3561840057373047,0.14285659790039062,-0.010989189147949219,66
7.951015750004444,0.0,0.0,2.04769229888916,2.490109920501709,2.3561840057373047,0.010990142822265625,-0.0036630630493164062,66
7.9510257500223815,0.0,0.0,2.0460805892944336,2.4884979724884033,2.3561840057373047,0.010990142822265625,-0.0036630630493164062,66
7.979628166998737,0.0,0.0,2.0460805892944336,2.4884979724884033,2.3561840057373047,0.010990142822265625,-0.0036630630493164062,66
7.981853958975989,0.0,0.0,2.0460805892944336,2.4884979724884033,2.3561840057373047,0.010990142822265625,-0.0036630630493164062,66
7.982976583996788,0.0,0.0,2.0460805892944336,2.4884979724884033,2.3561840057373047,0.010990142822265625,-0.0036630630493164062,66
8.011863792024087,0.0,0.0,2.05252742767334,2.4893040657043457,2.3561840057373047,0.010990142822265625,-0.0036630630493164062,66
8.011943458986934,-0.0054931640625,0.0,2.05252742767334,2.4893040657043457,2.3561840057373047,0.010990142822265625,-0.0036630630493164062,66
8.012020374997519,-0.0054931640625,0.0,2.05252742767334,2.4893040657043457,2.3561840057373047,0.03296661376953125,-0.010989189147949219,66
8.039034458983224,0.0,0.0,2.05252742767334,2.4893040657043457,2.3561840057373047,0.03296661376953125,-0.010989189147949219,66
8.04044191702269,0.0,0.0,2.05252742767334,2.4893040657043457,2.3561840057373047,-0.09889984130859375,-0.0036630630493164062,66
8.069047791999765,0.0,0.0,2.042051315307617,2.486886501312256,2.3561840057373047,-0.09889984130859375,-0.0036630630493164062,66
8.070106500003021,0.0,0.0,2.042051315307617,2.486886501312256,2.3561840057373047,-0.09889984130859375,-0.0036630630493164062,66
8.070160042028874,0.0,0.0,2.042051315307617,2.486886501312256,2.3561840057373047,-0.09889984130859375,-0.0036630630493164062,66
8.070266166992951,0.0,0.0,2.042051315307617,2.486886501312256,2.3561840057373047,-0.09889984130859375,-0.0036630630493164062,66
8.101918792002834,0.0,0.0,2.045274496078491,2.4860806465148926,2.3561840057373047,-0.09889984130859375,-0.0036630630493164062,66
8.102752709004562,-0.0054931640625,0.0,2.045274496078491,2.4860806465148926,2.3561840057373047,-0.09889984130859375,-0.0036630630493164062,66
8.102768792014103,-0.0054931640625,0.0,2.045274496078491,2.4860806465148926,2.3561840057373047,-0.1868133544921875,-0.010989189147949219,66
8.128934042004403,-0.0054931640625,0.0,2.045274496078491,2.4860806465148926,2.3561840057373047,-0.1868133544921875,-0.010989189147949219,66
8.13140266702976,-0.0054931640625,0.0,2.045274496078491,2.4860806465148926,2.3561840057373047,0.0549468994140625,-0.010989189147949219,66
8.131473749992438,-0.0054931640625,0.0,2.0460805892944336,2.4925272464752197,2.3561840057373047,0.0549468994140625,-0.010989189147949219,66
8.15898779197596,-0.0054931640625,0.0,2.0460805892944336,2.4925272464752197,2.3561840057373047,0.0549468994140625,-0.010989189147949219,66
8.160384292015806,-0.0054931640625,0.0,2.0460805892944336,2.4925272464752197,2.3561840057373047,0.0549468994140625,-0.010989189147949219,66
8.160439917002805,-0.0054931640625,0.0,2.0460805892944336,2.4925272464752197,2.3561840057373047,0.0549468994140625,-0.010989189147949219,66
8.189734584011603,-0.0054931640625,0.0,2.0573625564575195,2.486886501312256,2.3561840057373047,0.0549468994140625,-0.010989189147949219,66
8.191081250028219,0.0,0.0,2.0573625564575195,2.486886501312256,2.3561840057373047,0.0549468994140625,-0.010989189147949219,66
8.192502334015444,0.0,0.0,2.0573625564575195,2.486886501312256,2.3561840057373047,-0.27472686767578125,-0.010989189147949219,66
8.219450709002558,-0.0054931640625,0.0,2.0573625564575195,2.486886501312256,2.3561840057373047,-0.27472686767578125,-0.010989189147949219,66
8.223403749987483,-0.0054931640625,0.0,2.0573625564575195,2.486886501312256,2.3561840057373047,-0.25274658203125,-0.010989189147949219,66
8.223418999987189,-0.0054931640625,0.0,2.0517215728759766,2.490109920501709,2.3561840057373047,-0.25274658203125,-0.010989189147949219,66
8.249135125020985,-0.0054931640625,0.0,2.0517215728759766,2.490109920501709,2.3561840057373047,-0.25274658203125,-0.010989189147949219,66
8.250293334014714,-0.0054931640625,0.0,2.0517215728759766,2.490109920501709,2.3561840057373047,-0.25274658203125,-0.010989189147949219,66
8.25038120901445,-0.0054931640625,0.0,2.0517215728759766,2.490109920501709,2.3561840057373047,-0.25274658203125,-0.010989189147949219,66
8.283043292001821,-0.0054931640625,0.0,2.0549449920654297,2.48769211769104,2.3561840057373047,-0.25274658203125,-0.010989189147949219,66
8.283372666977812,-0.0054931640625,0.0,2.0549449920654297,2.48769211769104,2.3561840057373047,-0.25274658203125,-0.010989189147949219,66
8.283408124989364,-0.0054931640625,0.0,2.0549449920654297,2.48769211769104,2.355802536010742,-0.40659332275390625,-0.0036630630493164062,66
8.310374583990779,0.0,0.0,2.0549449920654297,2.48769211769104,2.355802536010742,-0.40659332275390625,-0.0036630630493164062,66
8.310672959021758,0.0,0.0,2.0549449920654297,2.48769211769104,2.3561840057373047,-0.120880126953125,-0.010989189147949219,66
8.311448958993424,0.0,0.0,2.05252742767334,2.48769211769104,2.3561840057373047,-0.120880126953125,-0.010989189147949219,66
8.33934574999148,0.0,0.0,2.05252742767334,2.48769211769104,2.3561840057373047,-0.120880126953125,-0.010989189147949219,66
8.340445375011768,0.0,0.0,2.05252742767334,2.48769211769104,2.3561840057373047,-0.120880126953125,-0.010989189147949219,66
8.340508875029627,0.0,0.0,2.05252742767334,2.48769211769104,2.3561840057373047,-0.120880126953125,-0.010989189147949219,66
8.369349499989767,0.0,0.0,2.0493037700653076,2.4884979724884033,2.3561840057373047,-0.120880126953125,-0.010989189147949219,66
8.370444083993789,-0.0054931640625,0.0,2.0493037700653076,2.4884979724884033,2.3561840057373047,-0.120880126953125,-0.010989189147949219,66
8.37048808397958,-0.0054931640625,0.0,2.0493037700653076,2.4884979724884033,2.3561840057373047,-0.34066009521484375,-0.010989189147949219,66
8.3994732919964,-0.0054931640625,0.0,2.0493037700653076,2.4884979724884033,2.3561840057373047,-0.34066009521484375,-0.010989189147949219,66
8.401185584021732,-0.0054931640625,0.0,2.0493037700653076,2.4884979724884033,2.3561840057373047,0.09889984130859375,-0.0036630630493164062,66
8.401290458976291,-0.0054931640625,0.0,2.0565567016601562,2.4860806465148926,2.3561840057373047,0.09889984130859375,-0.0036630630493164062,66
8.432757041999139,-0.0054931640625,0.0,2.0565567016601562,2.4860806465148926,2.3561840057373047,0.09889984130859375,-0.0036630630493164062,66
8.432773042004555,-0.0054931640625,0.0,2.0565567016601562,2.4860806465148926,2.3561840057373047,0.09889984130859375,-0.0036630630493164062,66
8.432784500007983,-0.0054931640625,0.0,2.0565567016601562,2.4860806465148926,2.3561840057373047,0.09889984130859375,-0.0036630630493164062,66
8.459371834003832,-0.0054931640625,0.0,2.0460805892944336,2.4925272464752197,2.3561840057373047,0.09889984130859375,-0.0036630630493164062,66
8.460516875027679,-0.0054931640625,0.0,2.0460805892944336,2.4925272464752197,2.3561840057373047,0.09889984130859375,-0.0036630630493164062,66
8.460572084004525,-0.0054931640625,0.0,2.0460805892944336,2.4925272464752197,2.3561840057373047,0.23077011108398438,-0.010989189147949219,66
8.488911334017757,-0.0054931640625,0.0,2.0460805892944336,2.4925272464752197,2.3561840057373047,0.23077011108398438,-0.010989189147949219,66
8.490271874994505,-0.0054931640625,0.0,2.0460805892944336,2.4925272464752197,2.3561840057373047,-0.09889984130859375,-0.010989189147949219,66
8.490286124986596,-0.0054931640625,0.0,2.05252742767334,2.490109920501709,2.3561840057373047,-0.09889984130859375,-0.010989189147949219,66
8.520248292014003,-0.0054931640625,0.0,2.05252742767334,2.490109920501709,2.3561840057373047,-0.09889984130859375,-0.010989189147949219,66
8.520432666991837,-0.0054931640625,0.0,2.05252742767334,2.490109920501709,2.3561840057373047,-0.09889984130859375,-0.010989189147949219,66
8.520501875027549,0.0,0.0,2.05252742767334,2.490109920501709,2.3561840057373047,-0.09889984130859375,-0.010989189147949219,66
8.549343542021234,0.0,0.0,2.0460805892944336,2.4893040657043457,2.3561840057373047,-0.09889984130859375,-0.010989189147949219,66
8.550410041993018,0.0,0.0,2.0460805892944336,2.4893040657043457,2.3561840057373047,-0.09889984130859375,-0.010989189147949219,66
8.550487499975134,0.0,0.0,2.0460805892944336,2.4893040657043457,2.3561840057373047,-0.09889984130859375,-0.0036630630493164062,66
8.580153417016845,-0.0054931640625,0.0,2.0460805892944336,2.4893040657043457,2.3561840057373047,-0.09889984130859375,-0.0036630630493164062,66
8.580173292022664,-0.0054931640625,0.0,2.0460805892944336,2.4893040657043457,2.3561840057373047,0.09889984130859375,-0.0036630630493164062,66
8.581425333977677,-0.0054931640625,0.0,2.0460805892944336,2.4884979724884033,2.3561840057373047,0.09889984130859375,-0.0036630630493164062,66
8.612348459020723,-0.0054931640625,0.0,2.0460805892944336,2.4884979724884033,2.3561840057373047,-0.07692337036132812,-0.010989189147949219,66
8.61263724998571,-0.0054931640625,0.0,2.0541391372680664,2.4949450492858887,2.3561840057373047,-0.07692337036132812,-0.010989189147949219,66
8.616232791973744,0.0,0.0,2.0541391372680664,2.4949450492858887,2.3561840057373047,-0.07692337036132812,-0.010989189147949219,66
8.640698625007644,0.0,0.0,2.046886444091797,2.4828569889068604,2.3561840057373047,-0.07692337036132812,-0.010989189147949219,66
8.64073341700714,-0.0054931640625,0.0,2.046886444091797,2.4828569889068604,2.3561840057373047,-0.07692337036132812,-0.010989189147949219,66
8.642149874998722,-0.0054931640625,0.0,2.046886444091797,2.4828569889068604,2.3561840057373047,0.03296661376953125,-0.010989189147949219,66
8.675447584013455,-0.0054931640625,0.0,2.046886444091797,2.4828569889068604,2.3561840057373047,0.03296661376953125,-0.010989189147949219,66
8.675533458997961,-0.0054931640625,0.0,2.046886444091797,2.4828569889068604,2.3561840057373047,-0.27472686767578125,-0.010989189147949219,66
8.675550125015434,-0.0054931640625,0.0,2.0493037700653076,2.48769211769104,2.3561840057373047,-0.27472686767578125,-0.010989189147949219,66
8.699958792014513,-0.0054931640625,0.0,2.0493037700653076,2.48769211769104,2.3561840057373047,-0.27472686767578125,-0.010989189147949219,66
8.700875416980125,-0.0054931640625,0.0,2.0493037700653076,2.48769211769104,2.3561840057373047,-0.27472686767578125,-0.010989189147949219,66
8.701012959005311,0.0,0.0,2.0493037700653076,2.48769211769104,2.3561840057373047,-0.27472686767578125,-0.010989189147949219,66
8.729619625024498,0.0,0.0,2.05010986328125,2.490109920501709,2.3561840057373047,-0.27472686767578125,-0.010989189147949219,66
8.732980167027563,-0.0054931640625,0.0,2.05010986328125,2.490109920501709,2.3561840057373047,-0.27472686767578125,-0.010989189147949219,66
8.733070874994155,-0.0054931640625,0.0,2.05010986328125,2.490109920501709,2.3561840057373047,-0.09889984130859375,-0.0036630630493164062,66
8.764525750011671,-0.0054931640625,0.0,2.05010986328125,2.490109920501709,2.3561840057373047,-0.09889984130859375,-0.0036630630493164062,66
8.764880834030919,-0.0054931640625,0.0,2.05010986328125,2.490109920501709,2.3561840057373047,-0.07692337036132812,-0.0036630630493164062,66
8.764960667002015,-0.0054931640625,0.0,2.05010986328125,2.48769211769104,2.3561840057373047,-0.07692337036132812,-0.0036630630493164062,66
8.79154429200571,-0.0054931640625,0.0,2.05010986328125,2.48769211769104,2.3561840057373047,-0.07692337036132812,-0.0036630630493164062,66
8.791596750030294,-0.0054931640625,0.0,2.05010986328125,2.48769211769104,2.3561840057373047,-0.07692337036132812,-0.0036630630493164062,66
8.792441833997145,0.0,0.0,2.05010986328125,2.48769211769104,2.3561840057373047,-0.07692337036132812,-0.0036630630493164062,66
8.819711124990135,0.0,0.0,2.055750846862793,2.4884979724884033,2.3561840057373047,-0.07692337036132812,-0.0036630630493164062,66
8.820423167024273,-0.0054931640625,0.0,2.055750846862793,2.4884979724884033,2.3561840057373047,-0.07692337036132812,-0.0036630630493164062,66
8.82058512500953,-0.0054931640625,0.0,2.055750846862793,2.4884979724884033,2.3561840057373047,0.16483688354492188,-0.0036630630493164062,66
8.858610833995044,-0.0054931640625,0.0,2.055750846862793,2.4884979724884033,2.3561840057373047,0.16483688354492188,-0.0036630630493164062,66
8.858698291995097,-0.0054931640625,0.0,2.055750846862793,2.4884979724884033,2.3561840057373047,-0.09889984130859375,-0.0036630630493164062,66
8.8587394169881,-0.0054931640625,0.0,2.04769229888916,2.4852747917175293,2.3561840057373047,-0.09889984130859375,-0.0036630630493164062,66
8.882827916997485,-0.0054931640625,0.0,2.04769229888916,2.4852747917175293,2.3561840057373047,-0.09889984130859375,-0.0036630630493164062,66
8.887229209009092,-0.0054931640625,0.0,2.04769229888916,2.4852747917175293,2.3561840057373047,-0.09889984130859375,-0.0036630630493164062,66
8.887250291998498,-0.0054931640625,0.0,2.04769229888916,2.4852747917175293,2.3561840057373047,-0.09889984130859375,-0.0036630630493164062,66
8.909500708978157,-0.0054931640625,0.0,2.0484981536865234,2.4852747917175293,2.3561840057373047,-0.09889984130859375,-0.0036630630493164062,66
8.913997291994747,0.0,0.0,2.0484981536865234,2.4852747917175293,2.3561840057373047,-0.09889984130859375,-0.0036630630493164062,66
8.91408895899076,0.0,0.0,2.0484981536865234,2.4852747917175293,2.3561840057373047,0.25274658203125,-0.010989189147949219,66
8.944910624995828,-0.0054931640625,0.0,2.0484981536865234,2.4852747917175293,2.3561840057373047,0.25274658203125,-0.010989189147949219,66
8.944972250028513,-0.0054931640625,0.0,2.0484981536865234,2.4852747917175293,2.3561840057373047,-0.20878982543945312,-0.0036630630493164062,66
8.94499500002712,-0.0054931640625,0.0,2.0460805892944336,2.490109920501709,2.3561840057373047,-0.20878982543945312,-0.0036630630493164062,66
8.969960541988257,-0.0054931640625,0.0,2.0460805892944336,2.490109920501709,2.3561840057373047,-0.20878982543945312,-0.0036630630493164062,66
8.970348791975994,-0.0054931640625,0.0,2.0460805892944336,2.490109920501709,2.3561840057373047,-0.20878982543945312,-0.0036630630493164062,66
8.970480417017825,0.0,0.0,2.0460805892944336,2.490109920501709,2.3561840057373047,-0.20878982543945312,-0.0036630630493164062,66
8.999490250018425,0.0,0.0,2.044468879699707,2.498168468475342,2.3561840057373047,-0.20878982543945312,-0.0036630630493164062,66
9.000333792006131,0.0,0.0,2.044468879699707,2.498168468475342,2.3561840057373047,-0.20878982543945312,-0.0036630630493164062,66
9.000419083982706,0.0,0.0,2.044468879699707,2.498168468475342,2.3561840057373047,-0.07692337036132812,-0.010989189147949219,66
9.028931916982401,-0.0054931640625,0.0,2.044468879699707,2.498168468475342,2.3561840057373047,-0.07692337036132812,-0.010989189147949219,66
9.030406249978114,-0.0054931640625,0.0,2.044468879699707,2.498168468475342,2.3561840057373047,-0.23077011108398438,-0.010989189147949219,66
9.030498459003866,-0.0054931640625,0.0,2.04769229888916,2.490109920501709,2.3561840057373047,-0.23077011108398438,-0.010989189147949219,66
9.059599208994769,-0.0054931640625,0.0,2.04769229888916,2.490109920501709,2.3561840057373047,-0.23077011108398438,-0.010989189147949219,66
9.062050584005192,-0.0054931640625,0.0,2.04769229888916,2.490109920501709,2.3561840057373047,-0.23077011108398438,-0.010989189147949219,66
9.06206954200752,0.0,0.0,2.04769229888916,2.490109920501709,2.3561840057373047,-0.23077011108398438,-0.010989189147949219,66
9.089366625004914,0.0,0.0,2.0484981536865234,2.48769211769104,2.3561840057373047,-0.23077011108398438,-0.010989189147949219,66
9.090374334016815,-0.0054931640625,0.0,2.0484981536865234,2.48769211769104,2.3561840057373047,-0.23077011108398438,-0.010989189147949219,66
9.09046733402647,-0.0054931640625,0.0,2.0484981536865234,2.48769211769104,2.3561840057373047,-0.23077011108398438,-0.010989189147949219,66
9.119904750026762,0.0,0.0,2.0484981536865234,2.48769211769104,2.3561840057373047,-0.23077011108398438,-0.010989189147949219,66
9.120870292012114,0.0,0.0,2.0484981536865234,2.48769211769104,2.3561840057373047,-0.34066009521484375,-0.0036630630493164062,66
9.121187124983408,0.0,0.0,2.0541391372680664,2.490109920501709,2.3561840057373047,-0.34066009521484375,-0.0036630630493164062,66
9.149016916984692,0.0,0.0,2.0541391372680664,2.490109920501709,2.3561840057373047,-0.34066009521484375,-0.0036630630493164062,66
9.150054417026695,0.0,0.0,2.0541391372680664,2.490109920501709,2.3561840057373047,-0.34066009521484375,-0.0036630630493164062,66
9.150082291977014,-0.0054931640625,0.0,2.0541391372680664,2.490109920501709,2.3561840057373047,-0.34066009521484375,-0.0036630630493164062,66
9.180395125003997,-0.0054931640625,0.0,2.0549449920654297,2.490109920501709,2.3561840057373047,-0.34066009521484375,-0.0036630630493164062,66
9.180414750007913,-0.0054931640625,0.0,2.0549449920654297,2.490109920501709,2.3561840057373047,-0.34066009521484375,-0.0036630630493164062,66
9.181667249999009,-0.0054931640625,0.0,2.0549449920654297,2.490109920501709,2.3561840057373047,0.03296661376953125,-0.010989189147949219,66
9.20971283398103,-0.0054931640625,0.0,2.0549449920654297,2.490109920501709,2.3561840057373047,0.03296661376953125,-0.010989189147949219,66
9.210708542028442,-0.0054931640625,0.0,2.045274496078491,2.4860806465148926,2.3561840057373047,0.03296661376953125,-0.010989189147949219,66
9.210728959005792,-0.0054931640625,0.0,2.045274496078491,2.4860806465148926,2.3561840057373047,0.03296661376953125,-0.010989189147949219,66
9.239281666988973,-0.0054931640625,0.0,2.05010986328125,2.4909157752990723,2.3561840057373047,0.03296661376953125,-0.010989189147949219,66
9.240332041983493,0.0,0.0,2.05010986328125,2.4909157752990723,2.3561840057373047,0.03296661376953125,-0.010989189147949219,66
9.240410000027623,0.0,0.0,2.05010986328125,2.4909157752990723,2.3561840057373047,-0.1868133544921875,-0.0036630630493164062,66
9.271127959014848,0.0,0.0,2.05010986328125,2.4909157752990723,2.3561840057373047,-0.1868133544921875,-0.0036630630493164062,66
9.271930125018116,0.0,0.0,2.05010986328125,2.4909157752990723,2.3561840057373047,-0.20878982543945312,-0.0036630630493164062,66
9.271948334004264,0.0,0.0,2.0541391372680664,2.4893040657043457,2.3561840057373047,-0.20878982543945312,-0.0036630630493164062,66
9.329215292003937,0.0,0.0,2.0541391372680664,2.4893040657043457,2.3561840057373047,-0.20878982543945312,-0.0036630630493164062,66
9.330072209006175,0.0,0.0,2.0541391372680664,2.4893040657043457,2.3561840057373047,-0.20878982543945312,-0.0036630630493164062,66
9.331558500009123,-0.0054931640625,0.0,2.0541391372680664,2.4893040657043457,2.3561840057373047,-0.20878982543945312,-0.0036630630493164062,66
9.331638666975778,-0.0054931640625,0.0,2.067033052444458,2.4893040657043457,2.3561840057373047,-0.20878982543945312,-0.0036630630493164062,66
9.361044417019002,-0.0054931640625,0.0,2.067033052444458,2.4893040657043457,2.3561840057373047,-0.16483688354492188,-0.0036630630493164062,66
9.361062916985247,-0.0054931640625,0.0,2.046886444091797,2.4909157752990723,2.3561840057373047,-0.16483688354492188,-0.0036630630493164062,66
9.361144999973476,-0.0054931640625,0.0,2.046886444091797,2.4909157752990723,2.3561840057373047,-0.16483688354492188,-0.0036630630493164062,66
9.389913833991159,-0.0054931640625,0.0,2.0549449920654297,2.484468698501587,2.3561840057373047,-0.16483688354492188,-0.0036630630493164062,66
9.391605334007181,-0.0054931640625,0.0,2.0549449920654297,2.484468698501587,2.3561840057373047,-0.16483688354492188,-0.0036630630493164062,66
9.391626792028546,-0.0054931640625,0.0,2.0549449920654297,2.484468698501587,2.3561840057373047,0.010990142822265625,-0.0036630630493164062,66
9.418822249979712,-0.0054931640625,0.0,2.0549449920654297,2.484468698501587,2.3561840057373047,0.010990142822265625,-0.0036630630493164062,66
9.420025792031083,-0.0054931640625,0.0,2.0549449920654297,2.484468698501587,2.3561840057373047,0.03296661376953125,-0.0036630630493164062,66
9.420107666985132,-0.0054931640625,0.0,2.055750846862793,2.484468698501587,2.3561840057373047,0.03296661376953125,-0.0036630630493164062,66
9.449102166981902,-0.0054931640625,0.0,2.055750846862793,2.484468698501587,2.3561840057373047,0.03296661376953125,-0.0036630630493164062,66
9.450300834025256,-0.0054931640625,0.0,2.055750846862793,2.484468698501587,2.3561840057373047,0.03296661376953125,-0.0036630630493164062,66
9.450354084023274,-0.0054931640625,0.0,2.055750846862793,2.484468698501587,2.3561840057373047,0.03296661376953125,-0.0036630630493164062,66
9.47991362499306,-0.0054931640625,0.0,2.0493037700653076,2.4909157752990723,2.3561840057373047,0.03296661376953125,-0.0036630630493164062,66
9.481708041974343,-0.0054931640625,0.0,2.0493037700653076,2.4909157752990723,2.3561840057373047,0.03296661376953125,-0.0036630630493164062,66
9.481793874991126,-0.0054931640625,0.0,2.0493037700653076,2.4909157752990723,2.3561840057373047,0.16483688354492188,-0.0036630630493164062,66
9.509138708992396,0.0,0.0,2.0493037700653076,2.4909157752990723,2.3561840057373047,0.16483688354492188,-0.0036630630493164062,66
9.51071983401198,0.0,0.0,2.0493037700653076,2.4909157752990723,2.3561840057373047,0.16483688354492188,-0.0036630630493164062,66
9.510855667002033,0.0,0.0,2.04769229888916,2.48769211769104,2.3561840057373047,0.16483688354492188,-0.0036630630493164062,66
9.541640291980002,0.0,0.0,2.04769229888916,2.48769211769104,2.3561840057373047,0.16483688354492188,-0.0036630630493164062,66
9.541735042002983,0.0,0.0,2.04769229888916,2.48769211769104,2.3561840057373047,0.16483688354492188,-0.0036630630493164062,66
9.541745083988644,-0.0054931640625,0.0,2.04769229888916,2.48769211769104,2.3561840057373047,0.16483688354492188,-0.0036630630493164062,66
9.56969079200644,-0.0054931640625,0.0,2.0565567016601562,2.486886501312256,2.3561840057373047,0.16483688354492188,-0.0036630630493164062,66
9.572156417008955,0.0,0.0,2.0565567016601562,2.486886501312256,2.3561840057373047,0.16483688354492188,-0.0036630630493164062,66
9.572699874988757,0.0,0.0,2.0565567016601562,2.486886501312256,2.3561840057373047,0.16483688354492188,-0.0036630630493164062,66
9.601932041987311,-0.0054931640625,0.0,2.0565567016601562,2.486886501312256,2.3561840057373047,0.16483688354492188,-0.0036630630493164062,66
9.602061084005982,-0.0054931640625,0.0,2.0565567016601562,2.486886501312256,2.3561840057373047,-0.09889984130859375,-0.0036630630493164062,66
9.60213041701354,-0.0054931640625,0.0,2.0565567016601562,2.4852747917175293,2.3561840057373047,-0.09889984130859375,-0.0036630630493164062,66
9.629697041993495,-0.0054931640625,0.0,2.0565567016601562,2.4852747917175293,2.3561840057373047,-0.09889984130859375,-0.0036630630493164062,66
9.630860208999366,-0.0054931640625,0.0,2.0565567016601562,2.4852747917175293,2.3561840057373047,-0.09889984130859375,-0.0036630630493164062,66
9.63091229199199,0.0,0.0,2.0565567016601562,2.4852747917175293,2.3561840057373047,-0.09889984130859375,-0.0036630630493164062,66
9.659583709028084,0.0,0.0,2.0541391372680664,2.478827714920044,2.3561840057373047,-0.09889984130859375,-0.0036630630493164062,66
9.661304374982137,-0.0054931640625,0.0,2.0541391372680664,2.478827714920044,2.3561840057373047,-0.09889984130859375,-0.0036630630493164062,66
9.661360708996654,-0.0054931640625,0.0,2.0541391372680664,2.478827714920044,2.3561840057373047,-0.27472686767578125,-0.0036630630493164062,66
9.691158000030555,-0.0054931640625,0.0,2.0541391372680664,2.478827714920044,2.3561840057373047,-0.27472686767578125,-0.0036630630493164062,66
9.691247750015464,-0.0054931640625,0.0,2.0541391372680664,2.478827714920044,2.3561840057373047,-0.09889984130859375,-0.0036630630493164062,66
9.691327625012491,-0.0054931640625,0.0,2.0509157180786133,2.4852747917175293,2.3561840057373047,-0.09889984130859375,-0.0036630630493164062,66
9.722736791998614,-0.0054931640625,0.0,2.0509157180786133,2.4852747917175293,2.3561840057373047,-0.09889984130859375,-0.0036630630493164062,66
9.722978250007145,-0.0054931640625,0.0,2.0509157180786133,2.4852747917175293,2.3561840057373047,-0.09889984130859375,-0.0036630630493164062,66
9.722996708995197,-0.0054931640625,0.0,2.0509157180786133,2.4852747917175293,2.3561840057373047,-0.09889984130859375,-0.0036630630493164062,66
9.751653417013586,-0.0054931640625,0.0,2.05252742767334,2.4860806465148926,2.3561840057373047,-0.09889984130859375,-0.0036630630493164062,66
9.751774167001713,-0.0054931640625,0.0,2.05252742767334,2.4860806465148926,2.3561840057373047,-0.09889984130859375,-0.0036630630493164062,66
9.752274000027683,-0.0054931640625,0.0,2.05252742767334,2.4860806465148926,2.3561840057373047,-0.1868133544921875,-0.010989189147949219,66
9.783193874987774,-0.0054931640625,0.0,2.05252742767334,2.4860806465148926,2.3561840057373047,-0.1868133544921875,-0.010989189147949219,66
9.783857417001855,-0.0054931640625,0.0,2.05252742767334,2.4860806465148926,2.3561840057373047,-0.1868133544921875,-0.010989189147949219,66
9.783886625024024,-0.0054931640625,0.0,2.0484981536865234,2.4884979724884033,2.3561840057373047,-0.1868133544921875,-0.010989189147949219,66
9.810337292030454,-0.0054931640625,0.0,2.0484981536865234,2.4884979724884033,2.3561840057373047,-0.1868133544921875,-0.010989189147949219,66
9.813319958979264,-0.0054931640625,0.0,2.0484981536865234,2.4884979724884033,2.3561840057373047,-0.1868133544921875,-0.010989189147949219,66
9.813340666994918,0.0,0.0,2.0484981536865234,2.4884979724884033,2.3561840057373047,-0.1868133544921875,-0.010989189147949219,66
9.841490958991926,0.0,0.0,2.0517215728759766,2.4917216300964355,2.3561840057373047,-0.1868133544921875,-0.010989189147949219,66
9.841594959027134,-0.0054931640625,0.0,2.0517215728759766,2.4917216300964355,2.3561840057373047,-0.1868133544921875,-0.010989189147949219,66
9.84160724998219,-0.0054931640625,0.0,2.0517215728759766,2.4917216300964355,2.3561840057373047,-0.25274658203125,-0.0036630630493164062,66
9.869658291980159,-0.0054931640625,0.0,2.0517215728759766,2.4917216300964355,2.3561840057373047,-0.25274658203125,-0.0036630630493164062,66
9.871581583982334,-0.0054931640625,0.0,2.0517215728759766,2.4917216300964355,2.3561840057373047,-0.25274658203125,-0.0036630630493164062,66
9.871622624981683,-0.0054931640625,0.0,2.05252742767334,2.4884979724884033,2.3561840057373047,-0.25274658203125,-0.0036630630493164062,66
9.899588250031229,-0.0054931640625,0.0,2.05252742767334,2.4884979724884033,2.3561840057373047,-0.25274658203125,-0.0036630630493164062,66
9.902468041982502,-0.0054931640625,0.0,2.05252742767334,2.4884979724884033,2.3561840057373047,-0.25274658203125,-0.0036630630493164062,66
9.902813167020213,-0.0054931640625,0.0,2.05252742767334,2.4884979724884033,2.3561840057373047,-0.25274658203125,-0.0036630630493164062,66
9.930156541988254,-0.0054931640625,0.0,2.0549449920654297,2.4836628437042236,2.3561840057373047,-0.25274658203125,-0.0036630630493164062,66
9.931034791981801,0.0,0.0,2.0549449920654297,2.4836628437042236,2.3561840057373047,-0.25274658203125,-0.0036630630493164062,66
9.931053166976199,0.0,0.0,2.0549449920654297,2.4836628437042236,2.3561840057373047,0.1868133544921875,-0.0036630630493164062,66
9.959683625027537,-0.0054931640625,0.0,2.0549449920654297,2.4836628437042236,2.3561840057373047,0.1868133544921875,-0.0036630630493164062,66
9.961531499982812,-0.0054931640625,0.0,2.0549449920654297,2.4836628437042236,2.3561840057373047,-0.1868133544921875,-0.0036630630493164062,66
9.96157545899041,-0.0054931640625,0.0,2.04769229888916,2.490109920501709,2.3561840057373047,-0.1868133544921875,-0.0036630630493164062,66
9.989940375031438,-0.0054931640625,0.0,2.04769229888916,2.490109920501709,2.3561840057373047,-0.1868133544921875,-0.0036630630493164062,66
9.990968417027034,-0.0054931640625,0.0,2.04769229888916,2.490109920501709,2.3561840057373047,-0.1868133544921875,-0.0036630630493164062,66
9.991358541999944,0.0,0.0,2.04769229888916,2.490109920501709,2.3561840057373047,-0.1868133544921875,-0.0036630630493164062,66
10.019781333976425,0.0,0.0,2.0565567016601562,2.4852747917175293,2.3561840057373047,-0.1868133544921875,-0.0036630630493164062,66
10.021020209009293,-0.0054931640625,0.0,2.0565567016601562,2.4852747917175293,2.3561840057373047,-0.1868133544921875,-0.0036630630493164062,66
10.02130008401582,-0.0054931640625,0.0,2.0565567016601562,2.4852747917175293,2.3561840057373047,-0.1868133544921875,-0.010989189147949219,66
10.049043709004764,-0.0054931640625,0.0,2.0565567016601562,2.4852747917175293,2.3561840057373047,-0.1868133544921875,-0.010989189147949219,66
10.050226084014867,-0.0054931640625,0.0,2.0565567016601562,2.4852747917175293,2.3561840057373047,0.03296661376953125,-0.0036630630493164062,66
10.050276583991945,-0.0054931640625,0.0,2.0484981536865234,2.4860806465148926,2.3561840057373047,0.03296661376953125,-0.0036630630493164062,66
10.079102833988145,-0.0054931640625,0.0,2.0484981536865234,2.4860806465148926,2.3561840057373047,0.03296661376953125,-0.0036630630493164062,66
10.081323917023838,-0.0054931640625,0.0,2.0484981536865234,2.4860806465148926,2.3561840057373047,0.03296661376953125,-0.0036630630493164062,66
10.081374000001233,0.0,0.0,2.0484981536865234,2.4860806465148926,2.3561840057373047,0.03296661376953125,-0.0036630630493164062,66
